data_hora_inicio;nro_telefone_chamado;duracao_ligacao;desc_categoria;valor_ligacao
2020-05-28 15:46:28;"";1.0;ADICIONAL;0.00
2020-05-29 09:02:56;11950140820;1.0;GRATIS-SMS;0.00
2020-05-29 16:19:41;13  981463358;0.0;Adicional por Ligacoes Realizadas;
2020-05-28 15:46:28;    ;5.0;Chamadas de Longa Distancia para Outros Estados;
2020-05-29 16:19:41;13  981463358;18.0;Para Celulares de Outras Operadoras;
2020-05-28;"";15.0;INTERNET MOVEL 2;0.00
2020-05-29;"";11.0;INTERNET MOVEL 2;0.00
2020-05-30;"";6.0;INTERNET MOVEL 2;0.00
