data_hora_inicio;nro_telefone_chamado;duracao_ligacao;desc_categoria;valor_ligacao
2020-06-15 16:42:04;13996033863;1.0;GRATIS-SMS;0.00
2020-06-01 16:48:23;51  34807000;5.0;Para Fixo de Outras Operadoras;
2020-06-01 14:51:56;51  996160301;5.0;Para Celulares Vivo;
2020-06-01 12:38:13;51  996160301;7.0;Para Celulares Vivo;
2020-06-23 20:06:52;51  992347825;115.0;Para Celulares de Outras Operadoras;
2020-06-25 12:33:40;51  21313333;9.0;Para Fixo Vivo;
2020-06-29 12:51:19;51  996160301;19.0;Para Celulares Vivo;
2020-06-28 13:27:32;51  996160301;6.0;Para Celulares Vivo;
2020-06-27 10:13:00;51  996160301;22.0;Para Celulares Vivo;
2020-06-26 14:05:43;51  996160301;49.0;Para Celulares Vivo;
2020-06-25 09:59:02;51  996160301;62.0;Para Celulares Vivo;
2020-06-24 19:10:42;51  996160301;29.0;Para Celulares Vivo;
2020-06-23 20:00:45;51  996160301;52.0;Para Celulares Vivo;
2020-06-08 08:51:21;63  32197747;5.0;Para Fixo de Outras Operadoras;
2020-06-04 15:59:32;41  34205700;13.0;Para Fixo de Outras Operadoras;
2020-06-03 14:09:23;41  34205700;5.0;Para Fixo de Outras Operadoras;
2020-06-08 08:52:14;63  992530584;113.0;Para Celulares de Outras Operadoras;
2020-06-01 14:25:52;41  988723715;15.0;Para Celulares de Outras Operadoras;
2020-06-01 14:24:08;41  984730582;14.0;Para Celulares de Outras Operadoras;
2020-06-15 17:00:32;13  996033863;140.0;Para Celulares Vivo;
2020-06-16 17:43:48;54  999342888;30.0;Para Celulares Vivo;
2020-06-24 17:45:02;54  34624054;6.0;Para Fixo de Outras Operadoras;
2020-06-29 08:36:40;54  999465923;5.0;Para Celulares Vivo;
2020-06-16 17:36:06;51  35871719;27.0;Para Fixo de Outras Operadoras;
2020-06-16 17:33:30;51  33251819;5.0;Para Fixo de Outras Operadoras;
2020-06-16 17:31:29;51  34593102;6.0;Para Fixo de Outras Operadoras;
2020-06-10 10:41:13;51  34730408;8.0;Para Fixo de Outras Operadoras;
2020-06-05 11:12:40;51  34592143;9.0;Para Fixo de Outras Operadoras;
2020-06-02 09:53:52;51  34996300;26.0;Para Fixo de Outras Operadoras;
2020-06-02 09:51:28;51  34996300;17.0;Para Fixo de Outras Operadoras;
2020-06-03 17:51:35;51  981187254;5.0;Para Celulares de Outras Operadoras;
2020-06-16 17:49:02;51  30595510;21.0;Para Fixo Vivo;
2020-06-16 17:29:27;51  34744022;11.0;Para Fixo Vivo;
2020-06-12 20:18:45;51  34592765;10.0;Para Fixo Vivo;
2020-06-08 15:22:09;51  34598829;5.0;Para Fixo Vivo;
2020-06-19 08:43:18;51  996160301;10.0;Para Celulares Vivo;
2020-06-18 09:17:14;51  996160301;6.0;Para Celulares Vivo;
2020-06-12 20:00:03;51  996160301;6.0;Para Celulares Vivo;
2020-06-12 14:34:54;51  996160301;8.0;Para Celulares Vivo;
2020-06-11 13:32:30;51  996160301;5.0;Para Celulares Vivo;
2020-06-11 09:01:51;51  996160301;5.0;Para Celulares Vivo;
2020-06-11 08:58:07;51  996160301;15.0;Para Celulares Vivo;
2020-06-10 17:39:29;51  996160301;6.0;Para Celulares Vivo;
2020-06-08 13:09:01;51  996160301;5.0;Para Celulares Vivo;
2020-06-01;"";51207.6;INTERNET MOVEL 2;0.00
2020-06-02;"";19591.3;INTERNET MOVEL 2;0.00
2020-06-03;"";15843.0;INTERNET MOVEL 2;0.00
2020-06-04;"";598.0;INTERNET MOVEL 2;0.00
2020-06-05;"";751.0;INTERNET MOVEL 2;0.00
2020-06-06;"";1917.0;INTERNET MOVEL 2;0.00
2020-06-07;"";20388.0;INTERNET MOVEL 2;0.00
2020-06-08;"";8668.3;INTERNET MOVEL 2;0.00
2020-06-09;"";3234.0;INTERNET MOVEL 2;0.00
2020-06-10;"";827.0;INTERNET MOVEL 2;0.00
2020-06-11;"";18218.4;INTERNET MOVEL 2;0.00
2020-06-12;"";1976.0;INTERNET MOVEL 2;0.00
2020-06-13;"";1460.0;INTERNET MOVEL 2;0.00
2020-06-14;"";7393.2;INTERNET MOVEL 2;0.00
2020-06-15;"";801.0;INTERNET MOVEL 2;0.00
2020-06-16;"";18738.8;INTERNET MOVEL 2;0.00
2020-06-17;"";83476.8;INTERNET MOVEL 2;0.00
2020-06-18;"";11786.2;INTERNET MOVEL 2;0.00
2020-06-19;"";66777.2;INTERNET MOVEL 2;0.00
2020-06-20;"";76784.3;INTERNET MOVEL 2;0.00
2020-06-21;"";1687.0;INTERNET MOVEL 2;0.00
2020-06-22;"";1291.0;INTERNET MOVEL 2;0.00
2020-06-23;"";24988.3;INTERNET MOVEL 2;0.00
2020-06-24;"";18364.7;INTERNET MOVEL 2;0.00
2020-06-25;"";56553.1;INTERNET MOVEL 2;0.00
2020-06-26;"";64525.0;INTERNET MOVEL 2;0.00
2020-06-27;"";132454.0;INTERNET MOVEL 2;0.00
2020-06-28;"";41944.4;INTERNET MOVEL 2;0.00
2020-06-29;"";10632.9;INTERNET MOVEL 2;0.00
2020-06-30;"";1411.0;INTERNET MOVEL 2;0.00
2020-07-01;"";9.0;INTERNET MOVEL 2;0.00
