data_hora_inicio;nro_telefone_chamado;duracao_ligacao;desc_categoria;valor_ligacao
2020-06-30 11:20:45;31999061951;1.0;GRATIS-SMS;0.00
2020-06-18 16:35:04;31997759798;1.0;GRATIS-SMS;0.00
2020-06-15 10:33:25;31999257900;1.0;GRATIS-SMS;0.00
2020-06-08 08:33:41;31998267822;1.0;GRATIS-SMS;0.00
2020-06-08 08:33:36;31998267822;1.0;GRATIS-SMS;0.00
2020-06-01 17:07:42;31  984721338;49.0;Para Celulares de Outras Operadoras;
2020-06-01 11:47:58;31  983144925;17.0;Para Celulares de Outras Operadoras;
2020-06-01 11:44:01;31  992641208;37.0;Para Celulares de Outras Operadoras;
2020-06-01 11:42:50;31  983144925;8.0;Para Celulares de Outras Operadoras;
2020-06-01 08:33:07;31  984525210;5.0;Para Celulares de Outras Operadoras;
2020-06-01 07:55:47;31  991717993;56.0;Para Celulares de Outras Operadoras;
2020-06-01 08:34:20;31  999749527;5.0;Para Celulares Vivo;
2020-06-29 15:58:38;51  993770979;141.0;Para Celulares de Outras Operadoras;
2020-06-29 15:51:48;51  993770979;59.0;Para Celulares de Outras Operadoras;
2020-06-26 17:56:22;51  991987887;56.0;Para Celulares de Outras Operadoras;
2020-06-24 08:47:32;51  993770979;154.0;Para Celulares de Outras Operadoras;
2020-06-09 17:29:24;51  993770979;213.0;Para Celulares de Outras Operadoras;
2020-06-09 11:54:16;51  993770979;952.0;Para Celulares de Outras Operadoras;
2020-06-09 11:49:03;51  993770979;9.0;Para Celulares de Outras Operadoras;
2020-06-09 11:32:52;51  993770979;7.0;Para Celulares de Outras Operadoras;
2020-06-09 09:07:53;51  993770979;181.0;Para Celulares de Outras Operadoras;
2020-06-09 09:01:44;51  993770979;59.0;Para Celulares de Outras Operadoras;
2020-06-05 11:39:03;51  993770979;275.0;Para Celulares de Outras Operadoras;
2020-06-04 18:58:35;51  993770979;401.0;Para Celulares de Outras Operadoras;
2020-06-03 10:06:59;11  976787210;30.0;Para Celulares de Outras Operadoras;
2020-06-26 14:39:39;19  34468600;5.0;Para Fixo Vivo;
2020-06-29 17:24:37;55  999140877;50.0;Para Celulares Vivo;
2020-06-29 17:21:15;55  999140877;30.0;Para Celulares Vivo;
2020-06-29 11:31:11;11  984719726;113.0;Para Celulares Vivo;
2020-06-29 11:30:15;11  984719726;7.0;Para Celulares Vivo;
2020-06-29 11:26:05;51  992592757;6.0;Para Celulares Vivo;
2020-06-28 11:01:27;51  997871070;298.0;Para Celulares Vivo;
2020-06-24 16:07:59;51  991034807;204.0;Para Celulares Vivo;
2020-06-23 09:25:37;51  992592757;19.0;Para Celulares Vivo;
2020-06-21 21:18:26;51  997871070;214.0;Para Celulares Vivo;
2020-06-21 20:59:35;51  997871070;185.0;Para Celulares Vivo;
2020-06-06 20:16:01;51  997871070;110.0;Para Celulares Vivo;
2020-06-02 15:56:19;51  992592817;91.0;Para Celulares Vivo;
2020-06-05 09:15:12;31  30036139;209.0;Para Fixo de Outras Operadoras;
2020-06-05 09:13:11;31  30036139;16.0;Para Fixo de Outras Operadoras;
2020-06-05 09:09:28;31  30036139;35.0;Para Fixo de Outras Operadoras;
2020-06-30 20:18:02;31  999061951;59.0;Para Celulares de Outras Operadoras;
2020-06-30 11:24:47;31  999061951;6.0;Para Celulares de Outras Operadoras;
2020-06-30 11:23:37;31  999061951;5.0;Para Celulares de Outras Operadoras;
2020-06-30 10:30:33;31  992641208;5.0;Para Celulares de Outras Operadoras;
2020-06-30 10:29:54;31  992641208;5.0;Para Celulares de Outras Operadoras;
2020-06-30 07:36:14;31  988806674;53.0;Para Celulares de Outras Operadoras;
2020-06-30 07:35:30;31  988806674;5.0;Para Celulares de Outras Operadoras;
2020-06-29 18:28:55;31  983144925;5.0;Para Celulares de Outras Operadoras;
2020-06-29 16:22:02;31  999061951;5.0;Para Celulares de Outras Operadoras;
2020-06-29 16:21:12;31  999061951;6.0;Para Celulares de Outras Operadoras;
2020-06-29 16:14:16;31  999061951;7.0;Para Celulares de Outras Operadoras;
2020-06-29 15:49:02;31  983144925;5.0;Para Celulares de Outras Operadoras;
2020-06-29 15:35:46;31  983144925;9.0;Para Celulares de Outras Operadoras;
2020-06-29 14:53:42;31  994384200;19.0;Para Celulares de Outras Operadoras;
2020-06-29 14:52:51;31  983144925;6.0;Para Celulares de Outras Operadoras;
2020-06-29 13:44:42;31  983144925;8.0;Para Celulares de Outras Operadoras;
2020-06-29 13:32:28;31  983104660;36.0;Para Celulares de Outras Operadoras;
2020-06-29 10:05:52;31  983144925;31.0;Para Celulares de Outras Operadoras;
2020-06-29 10:02:29;31  999061951;28.0;Para Celulares de Outras Operadoras;
2020-06-29 09:56:09;31  999061951;61.0;Para Celulares de Outras Operadoras;
2020-06-28 19:23:30;31  988806674;10.0;Para Celulares de Outras Operadoras;
2020-06-28 15:06:20;31  983144925;9.0;Para Celulares de Outras Operadoras;
2020-06-28 14:59:33;31  983144925;5.0;Para Celulares de Outras Operadoras;
2020-06-27 19:39:26;31  994384200;5.0;Para Celulares de Outras Operadoras;
2020-06-26 18:37:36;31  983104660;5.0;Para Celulares de Outras Operadoras;
2020-06-26 17:53:05;31  988806674;17.0;Para Celulares de Outras Operadoras;
2020-06-26 09:30:00;31  988806674;9.0;Para Celulares de Outras Operadoras;
2020-06-26 09:06:28;31  984525210;64.0;Para Celulares de Outras Operadoras;
2020-06-25 18:00:52;31  992641208;63.0;Para Celulares de Outras Operadoras;
2020-06-25 11:47:31;31  983144925;15.0;Para Celulares de Outras Operadoras;
2020-06-24 16:50:54;31  999061951;122.0;Para Celulares de Outras Operadoras;
2020-06-24 11:55:14;31  984525210;21.0;Para Celulares de Outras Operadoras;
2020-06-24 10:24:54;31  992641208;11.0;Para Celulares de Outras Operadoras;
2020-06-24 09:22:34;31  983144925;52.0;Para Celulares de Outras Operadoras;
2020-06-24 07:15:58;31  983104660;6.0;Para Celulares de Outras Operadoras;
2020-06-22 16:21:05;31  983144925;9.0;Para Celulares de Outras Operadoras;
2020-06-22 13:43:00;31  983144925;14.0;Para Celulares de Outras Operadoras;
2020-06-22 13:06:26;31  983144925;5.0;Para Celulares de Outras Operadoras;
2020-06-20 10:53:45;31  983144925;5.0;Para Celulares de Outras Operadoras;
2020-06-19 11:08:08;31  992253667;25.0;Para Celulares de Outras Operadoras;
2020-06-19 11:03:39;31  983144925;6.0;Para Celulares de Outras Operadoras;
2020-06-19 10:10:31;31  984525210;47.0;Para Celulares de Outras Operadoras;
2020-06-18 18:03:54;31  984721338;33.0;Para Celulares de Outras Operadoras;
2020-06-18 16:26:52;31  993079325;19.0;Para Celulares de Outras Operadoras;
2020-06-18 12:20:39;31  993079325;16.0;Para Celulares de Outras Operadoras;
2020-06-16 20:58:18;31  984525210;13.0;Para Celulares de Outras Operadoras;
2020-06-16 18:39:04;31  983144925;5.0;Para Celulares de Outras Operadoras;
2020-06-15 13:51:21;31  999257900;100.0;Para Celulares de Outras Operadoras;
2020-06-15 09:22:47;31  983144925;46.0;Para Celulares de Outras Operadoras;
2020-06-12 14:09:43;31  983144925;6.0;Para Celulares de Outras Operadoras;
2020-06-11 12:12:32;31  983144925;6.0;Para Celulares de Outras Operadoras;
2020-06-11 11:55:26;31  988806674;167.0;Para Celulares de Outras Operadoras;
2020-06-10 19:55:48;31  975695760;50.0;Para Celulares de Outras Operadoras;
2020-06-10 17:42:43;31  991717993;68.0;Para Celulares de Outras Operadoras;
2020-06-10 10:02:35;31  983144925;10.0;Para Celulares de Outras Operadoras;
2020-06-08 16:31:57;31  983144925;5.0;Para Celulares de Outras Operadoras;
2020-06-08 14:53:03;31  984525210;25.0;Para Celulares de Outras Operadoras;
2020-06-08 14:35:19;31  984525210;44.0;Para Celulares de Outras Operadoras;
2020-06-05 16:46:24;31  975695760;88.0;Para Celulares de Outras Operadoras;
2020-06-05 16:23:22;31  992641208;16.0;Para Celulares de Outras Operadoras;
2020-06-04 19:39:56;31  988806674;217.0;Para Celulares de Outras Operadoras;
2020-06-04 15:09:57;31  975695760;69.0;Para Celulares de Outras Operadoras;
2020-06-04 15:05:39;31  988806674;14.0;Para Celulares de Outras Operadoras;
2020-06-04 14:25:25;31  999061951;95.0;Para Celulares de Outras Operadoras;
2020-06-04 12:09:44;31  991717993;71.0;Para Celulares de Outras Operadoras;
2020-06-03 17:03:49;31  983144925;11.0;Para Celulares de Outras Operadoras;
2020-06-02 16:55:40;31  991717993;230.0;Para Celulares de Outras Operadoras;
2020-06-02 08:56:56;31  975695760;51.0;Para Celulares de Outras Operadoras;
2020-06-02 08:50:13;31  991717993;59.0;Para Celulares de Outras Operadoras;
2020-06-30 18:07:19;31  999749527;163.0;Para Celulares Vivo;
2020-06-30 08:48:56;31  984526706;23.0;Para Celulares Vivo;
2020-06-28 19:24:45;31  984526147;12.0;Para Celulares Vivo;
2020-06-26 18:10:25;31  984526147;11.0;Para Celulares Vivo;
2020-06-26 17:55:05;31  984526147;10.0;Para Celulares Vivo;
2020-06-26 17:48:53;31  984526706;26.0;Para Celulares Vivo;
2020-06-26 12:26:57;31  999749527;71.0;Para Celulares Vivo;
2020-06-26 12:08:18;31  984526147;181.0;Para Celulares Vivo;
2020-06-26 07:26:05;31  984526706;13.0;Para Celulares Vivo;
2020-06-23 17:34:37;31  991787502;76.0;Para Celulares Vivo;
2020-06-23 17:28:34;31  987710635;58.0;Para Celulares Vivo;
2020-06-23 11:29:15;31  999088059;18.0;Para Celulares Vivo;
2020-06-23 11:25:40;31  991093394;29.0;Para Celulares Vivo;
2020-06-23 11:19:07;31  999749527;54.0;Para Celulares Vivo;
2020-06-23 11:11:57;31  983934517;39.0;Para Celulares Vivo;
2020-06-22 19:14:17;31  983934517;126.0;Para Celulares Vivo;
2020-06-22 15:05:05;31  983934517;5.0;Para Celulares Vivo;
2020-06-20 11:36:15;31  984526147;21.0;Para Celulares Vivo;
2020-06-19 16:38:33;31  983934517;85.0;Para Celulares Vivo;
2020-06-19 15:08:28;31  999749527;23.0;Para Celulares Vivo;
2020-06-19 11:11:07;31  984526147;9.0;Para Celulares Vivo;
2020-06-19 10:23:10;31  983934517;100.0;Para Celulares Vivo;
2020-06-19 10:17:06;31  997759798;56.0;Para Celulares Vivo;
2020-06-18 18:07:31;31  987759645;16.0;Para Celulares Vivo;
2020-06-18 16:20:35;31  983934517;58.0;Para Celulares Vivo;
2020-06-18 12:06:27;31  983934517;74.0;Para Celulares Vivo;
2020-06-18 09:29:40;31  991787502;77.0;Para Celulares Vivo;
2020-06-18 09:21:22;31  987710635;81.0;Para Celulares Vivo;
2020-06-18 08:49:45;31  999538911;62.0;Para Celulares Vivo;
2020-06-16 22:11:28;31  984526147;5.0;Para Celulares Vivo;
2020-06-15 14:10:38;31  983934517;11.0;Para Celulares Vivo;
2020-06-15 08:39:24;31  999538911;43.0;Para Celulares Vivo;
2020-06-15 08:27:45;31  983934517;111.0;Para Celulares Vivo;
2020-06-12 17:22:58;31  987759645;50.0;Para Celulares Vivo;
2020-06-11 20:53:23;31  983934517;33.0;Para Celulares Vivo;
2020-06-10 21:18:36;31  988600682;12.0;Para Celulares Vivo;
2020-06-10 12:19:31;31  991093394;18.0;Para Celulares Vivo;
2020-06-10 12:06:01;31  996721712;24.0;Para Celulares Vivo;
2020-06-09 11:01:35;31  999538911;56.0;Para Celulares Vivo;
2020-06-09 10:37:32;31  983934517;5.0;Para Celulares Vivo;
2020-06-08 09:41:00;31  996721712;53.0;Para Celulares Vivo;
2020-06-08 08:36:18;31  998267822;12.0;Para Celulares Vivo;
2020-06-05 15:42:15;31  991093394;8.0;Para Celulares Vivo;
2020-06-05 12:11:38;31  996445179;74.0;Para Celulares Vivo;
2020-06-05 09:49:05;31  971299534;5.0;Para Celulares Vivo;
2020-06-04 15:42:24;31  999749527;41.0;Para Celulares Vivo;
2020-06-04 15:17:10;31  999749527;147.0;Para Celulares Vivo;
2020-06-04 15:08:19;31  971299534;12.0;Para Celulares Vivo;
2020-06-04 15:04:04;31  999749527;5.0;Para Celulares Vivo;
2020-06-03 15:32:36;31  999749527;38.0;Para Celulares Vivo;
2020-06-02 16:28:07;31  987759645;110.0;Para Celulares Vivo;
2020-05-31;"";84573.0;INTERNET MOVEL 2;0.00
2020-06-01;"";10729.5;INTERNET MOVEL 2;0.00
2020-06-02;"";14273.4;INTERNET MOVEL 2;0.00
2020-06-03;"";43988.7;INTERNET MOVEL 2;0.00
2020-06-04;"";5495.6;INTERNET MOVEL 2;0.00
2020-06-05;"";47892.3;INTERNET MOVEL 2;0.00
2020-06-06;"";55620.4;INTERNET MOVEL 2;0.00
2020-06-07;"";7040.2;INTERNET MOVEL 2;0.00
2020-06-08;"";8672.4;INTERNET MOVEL 2;0.00
2020-06-09;"";7718.7;INTERNET MOVEL 2;0.00
2020-06-10;"";4604.4;INTERNET MOVEL 2;0.00
2020-06-11;"";7395.8;INTERNET MOVEL 2;0.00
2020-06-12;"";21781.1;INTERNET MOVEL 2;0.00
2020-06-13;"";22370.0;INTERNET MOVEL 2;0.00
2020-06-14;"";22828.7;INTERNET MOVEL 2;0.00
2020-06-15;"";4949.3;INTERNET MOVEL 2;0.00
2020-06-16;"";2472.0;INTERNET MOVEL 2;0.00
2020-06-17;"";35486.0;INTERNET MOVEL 2;0.00
2020-06-18;"";24095.5;INTERNET MOVEL 2;0.00
2020-06-19;"";24125.6;INTERNET MOVEL 2;0.00
2020-06-20;"";77589.6;INTERNET MOVEL 2;0.00
2020-06-21;"";55360.4;INTERNET MOVEL 2;0.00
2020-06-22;"";3902.0;INTERNET MOVEL 2;0.00
2020-06-23;"";7212.1;INTERNET MOVEL 2;0.00
2020-06-24;"";12138.7;INTERNET MOVEL 2;0.00
2020-06-25;"";2715.0;INTERNET MOVEL 2;0.00
2020-06-26;"";4802.6;INTERNET MOVEL 2;0.00
2020-06-27;"";3833.8;INTERNET MOVEL 2;0.00
2020-06-28;"";40544.0;INTERNET MOVEL 2;0.00
2020-06-29;"";14493.9;INTERNET MOVEL 2;0.00
2020-06-30;"";178.0;INTERNET MOVEL 2;0.00
