data_hora_inicio;nro_telefone_chamado;duracao_ligacao;desc_categoria;valor_ligacao
2020-06-25 17:18:25;53  999903926;33.0;Para Celulares Vivo;
2020-06-30 14:44:31;51  997321926;18.0;Para Celulares de Outras Operadoras;
2020-06-22 15:47:15;51  997321926;10.0;Para Celulares de Outras Operadoras;
2020-06-22 15:39:03;51  997321926;39.0;Para Celulares de Outras Operadoras;
2020-06-22 14:46:48;51  991931287;11.0;Para Celulares de Outras Operadoras;
2020-06-30 11:29:18;51  999482226;5.0;Para Celulares Vivo;
2020-06-26 14:21:17;51  999778814;8.0;Para Celulares Vivo;
2020-06-24 15:48:25;51  992592887;23.0;Para Celulares Vivo;
2020-06-22 17:35:17;51  992592817;531.0;Para Celulares Vivo;
2020-06-22 16:36:27;51  992592817;5.0;Para Celulares Vivo;
2020-06-15 16:04:45;51  991014112;9.0;Para Celulares Vivo;
2020-06-01;"";340.0;INTERNET MOVEL 2;0.00
2020-06-02;"";201.0;INTERNET MOVEL 2;0.00
2020-06-03;"";233.0;INTERNET MOVEL 2;0.00
2020-06-04;"";254.0;INTERNET MOVEL 2;0.00
2020-06-05;"";331.0;INTERNET MOVEL 2;0.00
2020-06-06;"";227.0;INTERNET MOVEL 2;0.00
2020-06-07;"";406.0;INTERNET MOVEL 2;0.00
2020-06-08;"";293.0;INTERNET MOVEL 2;0.00
2020-06-09;"";431.0;INTERNET MOVEL 2;0.00
2020-06-10;"";335.0;INTERNET MOVEL 2;0.00
2020-06-11;"";424.0;INTERNET MOVEL 2;0.00
2020-06-12;"";431.0;INTERNET MOVEL 2;0.00
2020-06-13;"";565.0;INTERNET MOVEL 2;0.00
2020-06-14;"";499.0;INTERNET MOVEL 2;0.00
2020-06-15;"";356.0;INTERNET MOVEL 2;0.00
2020-06-16;"";248.0;INTERNET MOVEL 2;0.00
2020-06-17;"";579.0;INTERNET MOVEL 2;0.00
2020-06-18;"";22981.8;INTERNET MOVEL 2;0.00
2020-06-19;"";332.0;INTERNET MOVEL 2;0.00
2020-06-20;"";334.0;INTERNET MOVEL 2;0.00
2020-06-21;"";329.0;INTERNET MOVEL 2;0.00
2020-06-22;"";408.0;INTERNET MOVEL 2;0.00
2020-06-23;"";435.0;INTERNET MOVEL 2;0.00
2020-06-24;"";413.0;INTERNET MOVEL 2;0.00
2020-06-25;"";278.0;INTERNET MOVEL 2;0.00
2020-06-26;"";525.0;INTERNET MOVEL 2;0.00
2020-06-27;"";161.0;INTERNET MOVEL 2;0.00
2020-06-28;"";240.0;INTERNET MOVEL 2;0.00
2020-06-29;"";182.0;INTERNET MOVEL 2;0.00
2020-06-30;"";3.0;INTERNET MOVEL 2;0.00
