data_hora_inicio;nro_telefone_chamado;duracao_ligacao;desc_categoria;valor_ligacao
2020-06-25 16:20:46;41  31567700;9.0;Para Fixo Vivo;
2020-06-25 16:20:22;41  31567700;5.0;Para Fixo Vivo;
2020-06-25 16:18:39;41  31567700;15.0;Para Fixo Vivo;
2020-06-16 11:19:59;31  33631343;28.0;Para Fixo de Outras Operadoras;
2020-06-16 08:15:48;31  30452999;72.0;Para Fixo de Outras Operadoras;
2020-06-16 07:41:36;31  30452999;21.0;Para Fixo de Outras Operadoras;
2020-06-08 15:53:46;98  32474007;5.0;Para Fixo de Outras Operadoras;
2020-06-08 15:52:53;98  32474007;5.0;Para Fixo de Outras Operadoras;
2020-06-05 08:11:16;31  30452999;10.0;Para Fixo de Outras Operadoras;
2020-06-03 11:50:14;11  43569306;129.0;Para Fixo de Outras Operadoras;
2020-06-27 11:28:30;31  989104760;5.0;Para Celulares de Outras Operadoras;
2020-06-24 16:11:16;48  984162475;100.0;Para Celulares de Outras Operadoras;
2020-06-22 10:54:31;18  991304795;9.0;Para Celulares de Outras Operadoras;
2020-06-08 16:01:58;98  988506699;5.0;Para Celulares de Outras Operadoras;
2020-06-08 15:59:28;98  988506699;6.0;Para Celulares de Outras Operadoras;
2020-06-08 15:58:19;98  988506699;5.0;Para Celulares de Outras Operadoras;
2020-06-26 15:17:10;19  34468609;92.0;Para Fixo Vivo;
2020-06-26 12:27:38;19  34468601;21.0;Para Fixo Vivo;
2020-06-26 12:25:01;19  34468600;15.0;Para Fixo Vivo;
2020-06-26 11:34:33;11  55259777;6.0;Para Fixo Vivo;
2020-06-26 11:33:31;11  55259777;5.0;Para Fixo Vivo;
2020-06-26 11:31:21;11  55259777;16.0;Para Fixo Vivo;
2020-06-25 09:50:40;11  55259777;15.0;Para Fixo Vivo;
2020-06-25 09:49:17;11  55259777;11.0;Para Fixo Vivo;
2020-06-23 14:42:05;11  40533070;22.0;Para Fixo Vivo;
2020-06-03 09:51:14;19  34967220;8.0;Para Fixo Vivo;
2020-06-26 17:31:42;11  985555121;19.0;Para Celulares Vivo;
2020-06-25 16:30:11;41  988445185;10.0;Para Celulares Vivo;
2020-06-17 15:58:58;11  973329614;26.0;Para Celulares Vivo;
2020-06-09 15:30:13;11  985555121;10.0;Para Celulares Vivo;
2020-06-27 10:11:07;54  21019500;12.0;Para Fixo de Outras Operadoras;
2020-06-25 16:39:33;51  21217726;64.0;Para Fixo de Outras Operadoras;
2020-06-04 16:45:52;51  30251825;7.0;Para Fixo de Outras Operadoras;
2020-06-03 09:48:04;51  30251826;7.0;Para Fixo de Outras Operadoras;
2020-06-08 14:11:04;51  999245912;15.0;Para Celulares de Outras Operadoras;
2020-06-03 09:46:05;51  999245912;5.0;Para Celulares de Outras Operadoras;
2020-06-03 09:45:17;51  999245912;5.0;Para Celulares de Outras Operadoras;
2020-06-04 16:52:40;51  981158213;16.0;Para Fixo Vivo;
2020-06-16 16:39:10;51  993261033;47.0;Para Celulares Vivo;
2020-06-08 14:28:29;51  999415030;11.0;Para Celulares Vivo;
2020-06-04 15:34:07;51  996820018;35.0;Para Celulares Vivo;
2020-06-04 10:14:02;51  992401345;10.0;Para Celulares Vivo;
2020-06-02 11:32:30;51  996729208;5.0;Para Celulares Vivo;
2020-06-01;"";3385.0;INTERNET MOVEL 2;0.00
2020-06-02;"";3905.7;INTERNET MOVEL 2;0.00
2020-06-10;"";14717.1;INTERNET MOVEL 2;0.00
2020-06-15;"";4656.6;INTERNET MOVEL 2;0.00
2020-06-18;"";5425.6;INTERNET MOVEL 2;0.00
