data_hora_inicio;nro_telefone_chamado;duracao_ligacao;desc_categoria;valor_ligacao
2020-06-01 17:13:36;11996622805;1.0;GRATIS-SMS;0.00
2020-06-01 15:35:04;98992183423;1.0;GRATIS-SMS;0.00
2020-06-01 08:57:13;11996622805;1.0;GRATIS-SMS;0.00
2020-07-01 00:12:06;"";1.0;ADICIONAL;0.00
2020-06-30 19:49:13;"";1.0;ADICIONAL;0.00
2020-06-30 13:10:45;"";1.0;ADICIONAL;0.00
2020-06-30 11:57:34;"";1.0;ADICIONAL;0.00
2020-06-29 18:07:45;"";1.0;ADICIONAL;0.00
2020-06-28 16:01:55;5132310015;1.0;ADICIONAL;0.00
2020-06-26 16:57:24;"";1.0;ADICIONAL;0.00
2020-06-26 08:39:41;"";1.0;ADICIONAL;0.00
2020-06-25 20:28:38;8131406601;1.0;ADICIONAL;0.00
2020-06-25 17:27:27;"";1.0;ADICIONAL;0.00
2020-06-24 12:20:54;5130344101;1.0;ADICIONAL;0.00
2020-06-24 11:11:14;"";1.0;ADICIONAL;0.00
2020-06-23 13:47:00;"";1.0;ADICIONAL;0.00
2020-06-23 08:22:31;"";1.0;ADICIONAL;0.00
2020-06-22 20:35:58;4930279950;1.0;ADICIONAL;0.00
2020-06-22 16:36:37;"";1.0;ADICIONAL;0.00
2020-06-30 15:49:54;51995218789;1.0;GRATIS-SMS;0.00
2020-06-30 15:49:36;51995218789;1.0;GRATIS-SMS;0.00
2020-06-30 14:11:13;51980658154;1.0;GRATIS-SMS;0.00
2020-06-30 14:11:07;51980658154;1.0;GRATIS-SMS;0.00
2020-06-18 16:49:19;11996622833;1.0;GRATIS-SMS;0.00
2020-06-16 18:16:00;11996622812;1.0;GRATIS-SMS;0.00
2020-06-16 10:07:26;98991550560;1.0;GRATIS-SMS;0.00
2020-06-16 09:45:41;98991550560;1.0;GRATIS-SMS;0.00
2020-06-15 10:56:04;11996622832;1.0;GRATIS-SMS;0.00
2020-06-15 08:11:48;51982623031;1.0;GRATIS-SMS;0.00
2020-06-13 09:51:09;11996622805;1.0;GRATIS-SMS;0.00
2020-06-12 16:26:25;51992592752;1.0;GRATIS-SMS;0.00
2020-06-11 09:53:01;11996622845;1.0;GRATIS-SMS;0.00
2020-06-10 18:03:22;11996622800;1.0;GRATIS-SMS;0.00
2020-06-10 10:06:03;51999682349;1.0;GRATIS-SMS;0.00
2020-06-10 10:04:34;51999682349;1.0;GRATIS-SMS;0.00
2020-06-08 17:38:35;11996622825;1.0;GRATIS-SMS;0.00
2020-06-08 13:19:48;42988346254;1.0;GRATIS-SMS;0.00
2020-06-08 11:36:07;11996622818;1.0;GRATIS-SMS;0.00
2020-06-08 09:00:53;11996622844;1.0;GRATIS-SMS;0.00
2020-06-06 13:46:49;11996622822;1.0;GRATIS-SMS;0.00
2020-06-06 11:38:50;11996622806;1.0;GRATIS-SMS;0.00
2020-06-05 09:30:01;13981188560;1.0;GRATIS-SMS;0.00
2020-06-02 15:58:01;11996622848;1.0;GRATIS-SMS;0.00
2020-06-02 11:35:08;11996622836;1.0;GRATIS-SMS;0.00
2020-06-02 09:16:28;11996622811;1.0;GRATIS-SMS;0.00
2020-06-30 19:02:07;51  991034807;39.0;Para Celulares Vivo;
2020-06-30 12:45:55;51  996977076;21.0;Para Celulares Vivo;
2020-06-30 12:45:24;51  996977076;5.0;Para Celulares Vivo;
2020-06-29 18:31:13;51  991813564;16.0;Para Celulares Vivo;
2020-06-29 17:00:56;51  992592873;5.0;Para Celulares Vivo;
2020-06-27 10:10:50;51  994054961;6.0;Para Celulares Vivo;
2020-06-27 10:09:15;51  992592752;5.0;Para Celulares Vivo;
2020-06-27 10:08:06;51  993319514;8.0;Para Celulares Vivo;
2020-06-25 18:45:23;51  993319514;196.0;Para Celulares Vivo;
2020-06-25 18:33:05;51  992592816;99.0;Para Celulares Vivo;
2020-06-25 15:02:33;51  995878281;91.0;Para Celulares Vivo;
2020-06-24 12:01:42;51  992592752;83.0;Para Celulares Vivo;
2020-06-24 08:44:10;51  993319514;9.0;Para Celulares Vivo;
2020-06-22 16:22:10;51  992592629;11.0;Para Celulares Vivo;
2020-06-30 19:02:07;51  991034807;0.0;Adicional por Ligacoes Realizadas;
2020-06-30 12:45:55;51  996977076;0.0;Adicional por Ligacoes Realizadas;
2020-06-30 12:45:24;51  996977076;0.0;Adicional por Ligacoes Realizadas;
2020-06-29 18:31:13;51  991813564;0.0;Adicional por Ligacoes Realizadas;
2020-06-29 17:00:56;51  992592873;0.0;Adicional por Ligacoes Realizadas;
2020-06-27 10:10:50;51  994054961;0.0;Adicional por Ligacoes Realizadas;
2020-06-27 10:09:15;51  992592752;0.0;Adicional por Ligacoes Realizadas;
2020-06-27 10:08:06;51  993319514;0.0;Adicional por Ligacoes Realizadas;
2020-06-25 18:45:23;51  993319514;0.0;Adicional por Ligacoes Realizadas;
2020-06-25 18:33:05;51  992592816;0.0;Adicional por Ligacoes Realizadas;
2020-06-25 15:02:33;51  995878281;0.0;Adicional por Ligacoes Realizadas;
2020-06-24 12:01:42;51  992592752;0.0;Adicional por Ligacoes Realizadas;
2020-06-24 08:44:10;51  993319514;0.0;Adicional por Ligacoes Realizadas;
2020-06-22 20:10:21;98  32355697;0.0;Adicional por Ligacoes Realizadas;
2020-06-22 16:32:37;98  21068389;0.0;Adicional por Ligacoes Realizadas;
2020-06-22 16:22:10;51  992592629;0.0;Adicional por Ligacoes Realizadas;
2020-06-18 15:43:20;11  950760797;14.0;Para Celulares de Outras Operadoras;
2020-06-11 14:05:16;13  981188560;179.0;Para Celulares Vivo;
2020-06-05 17:19:18;13  981188560;138.0;Para Celulares Vivo;
2020-06-05 17:07:38;13  981188560;104.0;Para Celulares Vivo;
2020-06-01 21:10:05;91  991215077;148.0;Para Celulares Vivo;
2020-06-04 18:06:08;53  999713141;12.0;Para Celulares Vivo;
2020-06-04 17:26:42;53  999713141;47.0;Para Celulares Vivo;
2020-07-01 00:12:06;    ;14.0;Chamadas de Longa Distancia para Outros Estados;
2020-06-30 19:49:13;    ;5.0;Chamadas de Longa Distancia para Outros Estados;
2020-06-30 13:10:45;    ;5.0;Chamadas de Longa Distancia para Outros Estados;
2020-06-30 11:57:34;    ;7.0;Chamadas de Longa Distancia para Outros Estados;
2020-06-29 18:07:45;    ;24.0;Chamadas de Longa Distancia para Outros Estados;
2020-06-28 16:01:55;51  32310015;30.0;Chamadas de Longa Distancia para Outros Estados;
2020-06-26 16:57:24;    ;223.0;Chamadas de Longa Distancia para Outros Estados;
2020-06-26 08:39:41;    ;30.0;Chamadas de Longa Distancia para Outros Estados;
2020-06-25 20:28:38;81  31406601;7.0;Chamadas de Longa Distancia para Outros Estados;
2020-06-25 17:27:27;    ;31.0;Chamadas de Longa Distancia para Outros Estados;
2020-06-24 12:20:54;51  30344101;133.0;Chamadas de Longa Distancia para Outros Estados;
2020-06-24 11:11:14;    ;49.0;Chamadas de Longa Distancia para Outros Estados;
2020-06-23 13:47:00;    ;17.0;Chamadas de Longa Distancia para Outros Estados;
2020-06-23 08:22:31;    ;123.0;Chamadas de Longa Distancia para Outros Estados;
2020-06-22 20:35:58;49  30279950;5.0;Chamadas de Longa Distancia para Outros Estados;
2020-06-22 16:36:37;    ;13.0;Chamadas de Longa Distancia para Outros Estados;
2020-06-22 16:32:37;98  21068389;5.0;Para Fixo de Outras Operadoras;
2020-06-22 20:10:21;98  32355697;10.0;Para Fixo Vivo;
2020-06-04 17:41:38;*5  55;5.0;"";
2020-06-03 19:21:50;51  34734711;5.0;Para Fixo de Outras Operadoras;
2020-06-19 20:09:46;51  993217193;53.0;Para Celulares de Outras Operadoras;
2020-06-18 20:34:05;51  985228623;8.0;Para Celulares de Outras Operadoras;
2020-06-07 12:28:27;51  995042455;5.0;Para Celulares de Outras Operadoras;
2020-06-21 12:31:00;51  30344101;21.0;Para Fixo Vivo;
2020-06-21 11:29:26;51  30344101;44.0;Para Fixo Vivo;
2020-06-09 20:54:53;51  30343030;9.0;Para Fixo Vivo;
2020-06-21 10:10:04;51  996977076;14.0;Para Celulares Vivo;
2020-06-20 15:53:51;51  995412686;5.0;Para Celulares Vivo;
2020-06-19 14:42:59;51  992592873;8.0;Para Celulares Vivo;
2020-06-19 14:39:49;51  997303078;6.0;Para Celulares Vivo;
2020-06-19 14:36:29;51  992592956;28.0;Para Celulares Vivo;
2020-06-19 12:47:10;51  996977076;5.0;Para Celulares Vivo;
2020-06-19 12:37:54;51  996977076;5.0;Para Celulares Vivo;
2020-06-19 12:33:40;51  996977076;5.0;Para Celulares Vivo;
2020-06-19 12:11:52;51  996977076;5.0;Para Celulares Vivo;
2020-06-19 09:19:20;51  992592816;5.0;Para Celulares Vivo;
2020-06-18 14:52:26;51  992592867;76.0;Para Celulares Vivo;
2020-06-15 17:16:52;51  996977076;5.0;Para Celulares Vivo;
2020-06-13 14:31:48;51  993320327;5.0;Para Celulares Vivo;
2020-06-12 09:56:43;51  992592752;6.0;Para Celulares Vivo;
2020-06-11 14:27:31;51  996977076;7.0;Para Celulares Vivo;
2020-06-11 10:55:04;51  993319514;16.0;Para Celulares Vivo;
2020-06-10 22:23:25;51  996977076;5.0;Para Celulares Vivo;
2020-06-10 20:46:56;51  996977076;5.0;Para Celulares Vivo;
2020-06-10 18:23:39;51  992592956;90.0;Para Celulares Vivo;
2020-06-10 08:40:55;51  993320327;5.0;Para Celulares Vivo;
2020-06-08 13:30:20;51  992592817;8.0;Para Celulares Vivo;
2020-06-08 07:56:36;51  993394636;26.0;Para Celulares Vivo;
2020-06-04 17:40:40;51  996977076;8.0;Para Celulares Vivo;
2020-06-02 18:59:11;51  996977076;8.0;Para Celulares Vivo;
2020-06-02 17:12:10;51  996977076;5.0;Para Celulares Vivo;
2020-06-02 11:59:04;51  996977076;8.0;Para Celulares Vivo;
2020-06-01;"";36204.2;INTERNET MOVEL 2;0.00
2020-06-02;"";59069.1;INTERNET MOVEL 2;0.00
2020-06-03;"";15912.1;INTERNET MOVEL 2;0.00
2020-06-04;"";11471.8;INTERNET MOVEL 2;0.00
2020-06-05;"";12155.0;INTERNET MOVEL 2;0.00
2020-06-06;"";52468.6;INTERNET MOVEL 2;0.00
2020-06-07;"";26018.1;INTERNET MOVEL 2;0.00
2020-06-08;"";8227.2;INTERNET MOVEL 2;0.00
2020-06-09;"";19865.4;INTERNET MOVEL 2;0.00
2020-06-10;"";59463.1;INTERNET MOVEL 2;0.00
2020-06-11;"";19179.0;INTERNET MOVEL 2;0.00
2020-06-12;"";30230.8;INTERNET MOVEL 2;0.00
2020-06-13;"";31257.0;INTERNET MOVEL 2;0.00
2020-06-14;"";18461.2;INTERNET MOVEL 2;0.00
2020-06-15;"";9259.2;INTERNET MOVEL 2;0.00
2020-06-16;"";12655.7;INTERNET MOVEL 2;0.00
2020-06-17;"";18539.6;INTERNET MOVEL 2;0.00
2020-06-18;"";177362.9;INTERNET MOVEL 2;0.00
2020-06-19;"";52878.9;INTERNET MOVEL 2;0.00
2020-06-20;"";17445.2;INTERNET MOVEL 2;0.00
2020-06-21;"";34917.1;INTERNET MOVEL 2;0.00
2020-06-22;"";232491.1;INTERNET MOVEL 2;0.00
2020-06-23;"";249747.5;INTERNET MOVEL 2;0.00
2020-06-24;"";221569.1;INTERNET MOVEL 2;0.00
2020-06-25;"";261886.1;INTERNET MOVEL 2;0.00
2020-06-26;"";394134.2;INTERNET MOVEL 2;0.00
2020-06-27;"";282978.3;INTERNET MOVEL 2;0.00
2020-06-28;"";231456.9;INTERNET MOVEL 2;0.00
2020-06-29;"";445306.6;INTERNET MOVEL 2;0.00
2020-06-30;"";190043.3;INTERNET MOVEL 2;0.00
