data_hora_inicio;nro_telefone_chamado;duracao_ligacao;desc_categoria;valor_ligacao
2020-06-04 17:52:42;51  992592846;180.0;Para Celulares Vivo;
2020-06-01;"";24240.8;INTERNET MOVEL 2;0.00
2020-06-02;"";25720.6;INTERNET MOVEL 2;0.00
2020-06-03;"";68810.9;INTERNET MOVEL 2;0.00
2020-06-04;"";107550.3;INTERNET MOVEL 2;0.00
2020-06-05;"";25538.1;INTERNET MOVEL 2;0.00
2020-06-06;"";40002.7;INTERNET MOVEL 2;0.00
2020-06-07;"";67960.2;INTERNET MOVEL 2;0.00
2020-06-08;"";22620.3;INTERNET MOVEL 2;0.00
2020-06-09;"";95467.9;INTERNET MOVEL 2;0.00
2020-06-10;"";26375.4;INTERNET MOVEL 2;0.00
2020-06-11;"";25367.3;INTERNET MOVEL 2;0.00
2020-06-12;"";46044.4;INTERNET MOVEL 2;0.00
2020-06-13;"";17803.8;INTERNET MOVEL 2;0.00
2020-06-14;"";133211.8;INTERNET MOVEL 2;0.00
2020-06-15;"";136175.9;INTERNET MOVEL 2;0.00
2020-06-16;"";34996.5;INTERNET MOVEL 2;0.00
2020-06-17;"";48879.7;INTERNET MOVEL 2;0.00
2020-06-18;"";96753.2;INTERNET MOVEL 2;0.00
2020-06-19;"";89989.2;INTERNET MOVEL 2;0.00
2020-06-20;"";68282.1;INTERNET MOVEL 2;0.00
2020-06-21;"";46517.1;INTERNET MOVEL 2;0.00
2020-06-22;"";25443.4;INTERNET MOVEL 2;0.00
2020-06-23;"";72102.1;INTERNET MOVEL 2;0.00
2020-06-24;"";34402.0;INTERNET MOVEL 2;0.00
2020-06-25;"";27249.6;INTERNET MOVEL 2;0.00
2020-06-26;"";86804.9;INTERNET MOVEL 2;0.00
2020-06-27;"";28038.0;INTERNET MOVEL 2;0.00
2020-06-28;"";55613.8;INTERNET MOVEL 2;0.00
2020-06-29;"";23265.4;INTERNET MOVEL 2;0.00
2020-06-30;"";21026.6;INTERNET MOVEL 2;0.00
