data_hora_inicio;nro_telefone_chamado;duracao_ligacao;desc_categoria;valor_ligacao
2020-06-09;"";31966.1;INTERNET MOVEL 2;0.00
2020-06-10;"";69437.3;INTERNET MOVEL 2;0.00
2020-06-11;"";138044.7;INTERNET MOVEL 2;0.00
2020-06-12;"";45458.3;INTERNET MOVEL 2;0.00
2020-06-13;"";44148.7;INTERNET MOVEL 2;0.00
2020-06-14;"";46172.1;INTERNET MOVEL 2;0.00
2020-06-15;"";33902.4;INTERNET MOVEL 2;0.00
2020-06-16;"";73024.4;INTERNET MOVEL 2;0.00
2020-06-17;"";141281.2;INTERNET MOVEL 2;0.00
2020-06-18;"";28364.7;INTERNET MOVEL 2;0.00
2020-06-19;"";61319.1;INTERNET MOVEL 2;0.00
2020-06-20;"";28607.4;INTERNET MOVEL 2;0.00
2020-06-21;"";17931.4;INTERNET MOVEL 2;0.00
2020-06-22;"";45251.5;INTERNET MOVEL 2;0.00
2020-06-23;"";128733.1;INTERNET MOVEL 2;0.00
2020-06-24;"";51056.6;INTERNET MOVEL 2;0.00
2020-06-25;"";20181.9;INTERNET MOVEL 2;0.00
2020-06-26;"";136181.6;INTERNET MOVEL 2;0.00
2020-06-27;"";53022.7;INTERNET MOVEL 2;0.00
2020-06-28;"";66146.3;INTERNET MOVEL 2;0.00
2020-06-29;"";34095.0;INTERNET MOVEL 2;0.00
2020-06-30;"";69140.4;INTERNET MOVEL 2;0.00
