data_hora_inicio;nro_telefone_chamado;duracao_ligacao;desc_categoria;valor_ligacao
2020-06-30 10:57:46;51999650065;1.0;GRATIS-SMS;0.00
2020-06-30 09:41:44;54996748142;1.0;GRATIS-SMS;0.00
2020-06-29 16:05:29;54999588848;1.0;GRATIS-SMS;0.00
2020-06-29 15:19:55;51995915826;1.0;GRATIS-SMS;0.00
2020-06-25 15:51:28;51999681341;1.0;GRATIS-SMS;0.00
2020-06-24 16:43:06;31987499122;1.0;GRATIS-SMS;0.00
2020-06-24 13:32:06;41992353903;1.0;GRATIS-SMS;0.00
2020-06-23 19:05:40;51993319514;1.0;GRATIS-SMS;0.00
2020-06-19 10:41:41;21991598858;1.0;GRATIS-SMS;0.00
2020-06-18 16:34:43;19997449319;1.0;GRATIS-SMS;0.00
2020-06-17 10:26:42;9830130059;1.0;GRATIS-SMS;0.00
2020-06-16 08:26:42;31998265646;1.0;GRATIS-SMS;0.00
2020-06-18 10:41:20;51  984066274;25.0;Para Celulares de Outras Operadoras;
2020-06-17 19:42:51;51  984066274;5.0;Para Celulares de Outras Operadoras;
2020-06-17 19:05:21;51  997300279;47.0;Para Celulares de Outras Operadoras;
2020-06-17 10:54:03;51  985741165;22.0;Para Celulares de Outras Operadoras;
2020-06-16 14:38:31;51  981211690;5.0;Para Celulares de Outras Operadoras;
2020-06-16 12:42:04;51  984066274;233.0;Para Celulares de Outras Operadoras;
2020-06-16 12:35:37;51  984065625;48.0;Para Celulares de Outras Operadoras;
2020-06-16 12:35:03;51  984065625;5.0;Para Celulares de Outras Operadoras;
2020-06-15 20:41:52;51  984066274;36.0;Para Celulares de Outras Operadoras;
2020-06-15 17:56:49;51  999766752;38.0;Para Celulares de Outras Operadoras;
2020-06-15 10:36:27;51  984065625;17.0;Para Celulares de Outras Operadoras;
2020-06-15 10:33:12;51  984065625;9.0;Para Celulares de Outras Operadoras;
2020-06-14 17:30:16;51  984066274;172.0;Para Celulares de Outras Operadoras;
2020-06-13 11:16:15;51  991050318;35.0;Para Celulares de Outras Operadoras;
2020-06-12 20:32:09;51  984066274;196.0;Para Celulares de Outras Operadoras;
2020-06-12 17:58:15;51  993399889;29.0;Para Celulares de Outras Operadoras;
2020-06-12 09:22:40;51  984066274;84.0;Para Celulares de Outras Operadoras;
2020-06-11 17:03:57;51  997702414;34.0;Para Celulares de Outras Operadoras;
2020-06-11 12:20:33;51  991020010;429.0;Para Celulares de Outras Operadoras;
2020-06-11 12:07:27;51  984066274;21.0;Para Celulares de Outras Operadoras;
2020-06-11 11:37:23;51  984066274;267.0;Para Celulares de Outras Operadoras;
2020-06-09 10:34:50;51  997702414;921.0;Para Celulares de Outras Operadoras;
2020-06-07 12:10:08;51  991050318;174.0;Para Celulares de Outras Operadoras;
2020-06-07 10:55:15;51  993399889;84.0;Para Celulares de Outras Operadoras;
2020-06-07 10:36:07;51  993399889;7.0;Para Celulares de Outras Operadoras;
2020-06-07 10:31:46;51  984066274;5.0;Para Celulares de Outras Operadoras;
2020-06-06 12:40:36;51  993491269;23.0;Para Celulares de Outras Operadoras;
2020-06-03 11:29:10;51  991987887;120.0;Para Celulares de Outras Operadoras;
2020-06-02 19:21:02;51  984042727;8.0;Para Celulares de Outras Operadoras;
2020-06-02 19:18:02;51  993352318;14.0;Para Celulares de Outras Operadoras;
2020-06-30 19:03:45;51  992592752;23.0;Para Celulares Vivo;
2020-06-30 17:48:24;51  992592845;5.0;Para Celulares Vivo;
2020-06-30 17:40:26;51  992592752;28.0;Para Celulares Vivo;
2020-06-30 16:26:20;51  999681341;215.0;Para Celulares Vivo;
2020-06-26 17:59:59;51  989028545;17.0;Para Celulares Vivo;
2020-06-26 17:14:28;51  996268732;8.0;Para Celulares Vivo;
2020-06-26 15:07:17;51  998851856;5.0;Para Celulares Vivo;
2020-06-25 18:44:45;51  996129851;5.0;Para Celulares Vivo;
2020-06-25 11:23:44;51  992592818;36.0;Para Celulares Vivo;
2020-06-24 19:24:56;51  989028545;122.0;Para Celulares Vivo;
2020-06-24 12:23:02;51  999198866;37.0;Para Celulares Vivo;
2020-06-23 16:55:01;51  997284465;201.0;Para Celulares Vivo;
2020-06-23 11:44:09;51  993096683;38.0;Para Celulares Vivo;
2020-06-21 11:17:43;51  999938720;11.0;Para Celulares Vivo;
2020-06-21 09:48:37;51  999938720;5.0;Para Celulares Vivo;
2020-06-20 19:08:02;51  997303078;17.0;Para Celulares Vivo;
2020-06-20 16:50:18;51  999015047;5.0;Para Celulares Vivo;
2020-06-20 11:35:19;51  999015047;6.0;Para Celulares Vivo;
2020-06-20 11:03:37;51  997667077;187.0;Para Celulares Vivo;
2020-06-19 19:50:27;51  999015047;55.0;Para Celulares Vivo;
2020-06-19 17:33:41;51  999681341;169.0;Para Celulares Vivo;
2020-06-19 13:49:02;51  999713236;17.0;Para Celulares Vivo;
2020-06-19 12:53:15;51  992592816;136.0;Para Celulares Vivo;
2020-06-19 12:45:43;51  991813564;212.0;Para Celulares Vivo;
2020-06-19 12:39:36;51  999938720;14.0;Para Celulares Vivo;
2020-06-19 09:32:47;51  992592819;11.0;Para Celulares Vivo;
2020-06-19 09:32:01;51  992592819;5.0;Para Celulares Vivo;
2020-06-19 08:35:21;51  992592817;317.0;Para Celulares Vivo;
2020-06-18 18:44:43;51  992518679;72.0;Para Celulares Vivo;
2020-06-18 16:27:03;51  992580847;31.0;Para Celulares Vivo;
2020-06-18 10:34:34;51  999982848;59.0;Para Celulares Vivo;
2020-06-18 10:33:57;51  999982848;5.0;Para Celulares Vivo;
2020-06-17 13:35:40;51  992592757;6.0;Para Celulares Vivo;
2020-06-17 13:32:11;51  997303078;5.0;Para Celulares Vivo;
2020-06-16 17:18:49;51  993096683;5.0;Para Celulares Vivo;
2020-06-16 15:07:01;51  992592819;66.0;Para Celulares Vivo;
2020-06-01 14:47:21;51  991050318;22.0;Para Celulares de Outras Operadoras;
2020-06-01 11:22:40;51  989266958;110.0;Para Celulares de Outras Operadoras;
2020-06-01 16:54:10;51  992592819;5.0;Para Celulares Vivo;
2020-06-01 15:29:01;51  999995108;7.0;Para Celulares Vivo;
2020-06-18 11:13:00;31  25677200;17.0;Para Fixo de Outras Operadoras;
2020-06-17 11:30:02;11  35388307;16.0;Para Fixo de Outras Operadoras;
2020-06-10 11:17:05;11  49495132;5.0;Para Fixo de Outras Operadoras;
2020-06-02 10:58:00;94  33468611;97.0;Para Fixo de Outras Operadoras;
2020-06-02 08:28:23;94  33468611;11.0;Para Fixo de Outras Operadoras;
2020-06-30 18:23:25;49  999802557;5.0;Para Celulares de Outras Operadoras;
2020-06-30 17:54:26;49  999802557;5.0;Para Celulares de Outras Operadoras;
2020-06-26 11:39:37;98  981241718;5.0;Para Celulares de Outras Operadoras;
2020-06-19 17:15:15;31  984559829;74.0;Para Celulares de Outras Operadoras;
2020-06-19 11:06:27;11  992680072;148.0;Para Celulares de Outras Operadoras;
2020-06-18 19:06:07;31  991325145;129.0;Para Celulares de Outras Operadoras;
2020-06-16 15:04:51;11  992210433;13.0;Para Celulares de Outras Operadoras;
2020-06-16 11:46:44;11  992210433;92.0;Para Celulares de Outras Operadoras;
2020-06-16 11:28:45;31  992032638;36.0;Para Celulares de Outras Operadoras;
2020-06-05 11:09:57;31  984721338;6.0;Para Celulares de Outras Operadoras;
2020-06-03 16:33:38;11  992210433;75.0;Para Celulares de Outras Operadoras;
2020-06-18 15:22:16;11  45886610;42.0;Para Fixo Vivo;
2020-06-09 15:01:45;19  38059609;12.0;Para Fixo Vivo;
2020-06-03 17:00:01;11  55463704;55.0;Para Fixo Vivo;
2020-06-29 14:24:00;11  971484581;20.0;Para Celulares Vivo;
2020-06-26 18:07:00;11  984719721;378.0;Para Celulares Vivo;
2020-06-26 17:21:27;31  971574032;5.0;Para Celulares Vivo;
2020-06-26 16:47:07;11  999759544;144.0;Para Celulares Vivo;
2020-06-26 11:26:25;11  984719721;7.0;Para Celulares Vivo;
2020-06-22 18:01:20;11  971484581;151.0;Para Celulares Vivo;
2020-06-16 11:36:41;11  971484581;5.0;Para Celulares Vivo;
2020-06-16 11:13:49;31  998265646;86.0;Para Celulares Vivo;
2020-06-10 10:56:34;11  971484581;46.0;Para Celulares Vivo;
2020-06-10 10:55:24;11  971484581;8.0;Para Celulares Vivo;
2020-06-08 11:31:12;31  997649947;59.0;Para Celulares Vivo;
2020-06-03 10:33:17;13  981188560;322.0;Para Celulares Vivo;
2020-06-02 14:31:58;54  999714048;107.0;Para Celulares Vivo;
2020-06-01 16:58:39;54  999714048;188.0;Para Celulares Vivo;
2020-06-12 07:47:25;*5  55;28.0;"";
2020-06-02 15:02:35;*5  55;9.0;"";
2020-06-18 13:29:34;51  33143434;5.0;Para Fixo de Outras Operadoras;
2020-06-16 17:59:26;51  33313898;7.0;Para Fixo de Outras Operadoras;
2020-06-16 17:59:05;51  33211648;5.0;Para Fixo de Outras Operadoras;
2020-06-16 17:58:11;51  33313898;6.0;Para Fixo de Outras Operadoras;
2020-06-15 10:27:20;51  33119450;15.0;Para Fixo de Outras Operadoras;
2020-06-05 11:15:21;51  33319322;38.0;Para Fixo de Outras Operadoras;
2020-06-30 14:06:41;51  997300279;5.0;Para Celulares de Outras Operadoras;
2020-06-27 10:19:45;51  984066274;88.0;Para Celulares de Outras Operadoras;
2020-06-26 17:23:36;51  998062704;360.0;Para Celulares de Outras Operadoras;
2020-06-26 11:43:11;51  998062704;318.0;Para Celulares de Outras Operadoras;
2020-06-26 08:33:48;51  997702414;755.0;Para Celulares de Outras Operadoras;
2020-06-25 18:26:37;51  991274568;5.0;Para Celulares de Outras Operadoras;
2020-06-24 16:46:10;51  999766752;411.0;Para Celulares de Outras Operadoras;
2020-06-24 14:30:13;51  998062704;65.0;Para Celulares de Outras Operadoras;
2020-06-24 08:12:49;51  981483429;5.0;Para Celulares de Outras Operadoras;
2020-06-23 18:56:58;51  984066146;53.0;Para Celulares de Outras Operadoras;
2020-06-23 16:52:08;51  993399889;229.0;Para Celulares de Outras Operadoras;
2020-06-20 18:55:54;51  984066146;82.0;Para Celulares de Outras Operadoras;
2020-06-20 17:47:24;51  991050318;5.0;Para Celulares de Outras Operadoras;
2020-06-19 20:04:07;51  984066274;5.0;Para Celulares de Outras Operadoras;
2020-06-19 19:56:46;51  984066146;43.0;Para Celulares de Outras Operadoras;
2020-06-19 11:07:50;51  984886700;134.0;Para Celulares de Outras Operadoras;
2020-06-16 14:53:26;51  992592819;20.0;Para Celulares Vivo;
2020-06-16 14:44:06;51  992592819;54.0;Para Celulares Vivo;
2020-06-16 11:38:44;51  993096683;13.0;Para Celulares Vivo;
2020-06-16 10:21:17;51  998447472;97.0;Para Celulares Vivo;
2020-06-15 14:45:36;51  997303078;5.0;Para Celulares Vivo;
2020-06-15 14:43:19;51  999784956;5.0;Para Celulares Vivo;
2020-06-15 14:37:14;51  999784956;5.0;Para Celulares Vivo;
2020-06-15 08:37:46;51  999982848;80.0;Para Celulares Vivo;
2020-06-13 21:19:14;51  996794840;257.0;Para Celulares Vivo;
2020-06-11 17:03:07;51  999982848;5.0;Para Celulares Vivo;
2020-06-11 17:00:06;51  999982848;5.0;Para Celulares Vivo;
2020-06-11 12:05:22;51  999982848;14.0;Para Celulares Vivo;
2020-06-10 08:38:49;51  992518679;13.0;Para Celulares Vivo;
2020-06-09 17:06:13;51  995915826;5.0;Para Celulares Vivo;
2020-06-09 17:03:53;51  999784956;5.0;Para Celulares Vivo;
2020-06-09 13:57:47;51  999938720;33.0;Para Celulares Vivo;
2020-06-08 16:24:46;51  999784956;12.0;Para Celulares Vivo;
2020-06-08 13:54:49;51  992592873;14.0;Para Celulares Vivo;
2020-06-07 10:32:33;51  996794840;20.0;Para Celulares Vivo;
2020-06-05 16:53:20;51  981767890;6.0;Para Celulares Vivo;
2020-06-05 16:35:55;51  999681341;139.0;Para Celulares Vivo;
2020-06-05 16:15:59;51  992592819;5.0;Para Celulares Vivo;
2020-06-05 08:48:03;51  999995108;18.0;Para Celulares Vivo;
2020-06-04 08:45:51;51  999995108;8.0;Para Celulares Vivo;
2020-06-03 18:25:36;51  993319514;14.0;Para Celulares Vivo;
2020-06-03 16:41:28;51  992592819;34.0;Para Celulares Vivo;
2020-06-03 15:54:40;51  993319514;5.0;Para Celulares Vivo;
2020-06-03 12:25:51;51  999015047;133.0;Para Celulares Vivo;
2020-06-03 12:20:13;51  997245051;29.0;Para Celulares Vivo;
2020-06-03 10:13:15;51  992592819;137.0;Para Celulares Vivo;
2020-06-02 08:30:30;51  992518679;5.0;Para Celulares Vivo;
2020-05-31;"";29390.8;INTERNET MOVEL 2;0.00
2020-06-01;"";9689.3;INTERNET MOVEL 2;0.00
2020-06-02;"";426.0;INTERNET MOVEL 2;0.00
2020-06-03;"";6709.0;INTERNET MOVEL 2;0.00
2020-06-04;"";2637.0;INTERNET MOVEL 2;0.00
2020-06-05;"";465.0;INTERNET MOVEL 2;0.00
2020-06-06;"";7398.3;INTERNET MOVEL 2;0.00
2020-06-07;"";12064.7;INTERNET MOVEL 2;0.00
2020-06-08;"";12763.1;INTERNET MOVEL 2;0.00
2020-06-09;"";16954.7;INTERNET MOVEL 2;0.00
2020-06-10;"";82895.6;INTERNET MOVEL 2;0.00
2020-06-11;"";82275.4;INTERNET MOVEL 2;0.00
2020-06-12;"";77623.4;INTERNET MOVEL 2;0.00
2020-06-13;"";32089.4;INTERNET MOVEL 2;0.00
2020-06-14;"";8469.8;INTERNET MOVEL 2;0.00
2020-06-15;"";59329.3;INTERNET MOVEL 2;0.00
2020-06-16;"";70827.7;INTERNET MOVEL 2;0.00
2020-06-17;"";86244.6;INTERNET MOVEL 2;0.00
2020-06-18;"";100731.5;INTERNET MOVEL 2;0.00
2020-06-19;"";105949.3;INTERNET MOVEL 2;0.00
2020-06-20;"";201425.4;INTERNET MOVEL 2;0.00
2020-06-21;"";137346.6;INTERNET MOVEL 2;0.00
2020-06-22;"";74040.1;INTERNET MOVEL 2;0.00
2020-06-23;"";82177.8;INTERNET MOVEL 2;0.00
2020-06-24;"";69537.2;INTERNET MOVEL 2;0.00
2020-06-25;"";72212.2;INTERNET MOVEL 2;0.00
2020-06-26;"";113044.7;INTERNET MOVEL 2;0.00
2020-06-27;"";101231.1;INTERNET MOVEL 2;0.00
2020-06-28;"";67890.7;INTERNET MOVEL 2;0.00
2020-06-29;"";143948.1;INTERNET MOVEL 2;0.00
2020-06-30;"";7784.8;INTERNET MOVEL 2;0.00
