data_hora_inicio;nro_telefone_chamado;duracao_ligacao;desc_categoria;valor_ligacao
2020-06-26 22:11:10;51  34752877;43.0;Para Fixo de Outras Operadoras;
2020-06-26 19:13:47;51  34752877;40.0;Para Fixo de Outras Operadoras;
2020-06-17 19:33:47;51  34752877;49.0;Para Fixo de Outras Operadoras;
2020-06-02 20:04:09;51  34752877;10.0;Para Fixo de Outras Operadoras;
2020-06-01;"";2707.0;INTERNET MOVEL 2;0.00
2020-06-02;"";1875.0;INTERNET MOVEL 2;0.00
2020-06-03;"";2641.0;INTERNET MOVEL 2;0.00
2020-06-04;"";1536.0;INTERNET MOVEL 2;0.00
2020-06-05;"";4969.0;INTERNET MOVEL 2;0.00
2020-06-06;"";332.0;INTERNET MOVEL 2;0.00
2020-06-07;"";2952.0;INTERNET MOVEL 2;0.00
2020-06-08;"";1371.0;INTERNET MOVEL 2;0.00
2020-06-10;"";385.0;INTERNET MOVEL 2;0.00
2020-06-11;"";2460.0;INTERNET MOVEL 2;0.00
2020-06-12;"";656.0;INTERNET MOVEL 2;0.00
2020-06-13;"";349.0;INTERNET MOVEL 2;0.00
2020-06-14;"";1433.0;INTERNET MOVEL 2;0.00
2020-06-15;"";248.0;INTERNET MOVEL 2;0.00
2020-06-16;"";513.0;INTERNET MOVEL 2;0.00
2020-06-17;"";479.0;INTERNET MOVEL 2;0.00
2020-06-18;"";3787.0;INTERNET MOVEL 2;0.00
2020-06-19;"";379.0;INTERNET MOVEL 2;0.00
2020-06-20;"";183.0;INTERNET MOVEL 2;0.00
2020-06-21;"";344.0;INTERNET MOVEL 2;0.00
2020-06-22;"";208.0;INTERNET MOVEL 2;0.00
2020-06-23;"";259.0;INTERNET MOVEL 2;0.00
2020-06-24;"";422.0;INTERNET MOVEL 2;0.00
2020-06-25;"";270.0;INTERNET MOVEL 2;0.00
2020-06-26;"";312.0;INTERNET MOVEL 2;0.00
2020-06-27;"";572.0;INTERNET MOVEL 2;0.00
2020-06-28;"";120.0;INTERNET MOVEL 2;0.00
2020-06-29;"";377.0;INTERNET MOVEL 2;0.00
2020-06-30;"";670.0;INTERNET MOVEL 2;0.00
