data_hora_inicio;nro_telefone_chamado;duracao_ligacao;desc_categoria;valor_ligacao
2020-06-30 19:29:17;98  987869735;0.0;Adicional por Ligacoes Realizadas;
2020-06-30 19:26:45;98  987869735;0.0;Adicional por Ligacoes Realizadas;
2020-06-30 11:31:06;98  20167676;0.0;Adicional por Ligacoes Realizadas;
2020-06-30 10:50:23;98  987799674;0.0;Adicional por Ligacoes Realizadas;
2020-06-26 18:47:24;98  991142712;0.0;Adicional por Ligacoes Realizadas;
2020-06-26 17:50:41;98  987799674;0.0;Adicional por Ligacoes Realizadas;
2020-06-26 17:42:07;98  987799674;0.0;Adicional por Ligacoes Realizadas;
2020-06-26 16:53:56;98  987799674;0.0;Adicional por Ligacoes Realizadas;
2020-06-30 11:31:06;98  20167676;38.0;Para Fixo de Outras Operadoras;
2020-06-30 19:29:17;98  987869735;49.0;Para Celulares de Outras Operadoras;
2020-06-30 19:26:45;98  987869735;5.0;Para Celulares de Outras Operadoras;
2020-06-30 10:50:23;98  987799674;23.0;Para Celulares de Outras Operadoras;
2020-06-26 17:50:41;98  987799674;5.0;Para Celulares de Outras Operadoras;
2020-06-26 17:42:07;98  987799674;5.0;Para Celulares de Outras Operadoras;
2020-06-26 16:53:56;98  987799674;8.0;Para Celulares de Outras Operadoras;
2020-06-26 18:47:24;98  991142712;50.0;Para Celulares Vivo;
2020-06-16 10:52:55;51  992592629;5.0;Para Celulares Vivo;
2020-06-16;"";3.0;INTERNET MOVEL 2;0.00
2020-06-17;"";1.0;INTERNET MOVEL 2;0.00
2020-06-23;"";156.0;INTERNET MOVEL 2;0.00
2020-06-24;"";3795.2;INTERNET MOVEL 2;0.00
2020-06-25;"";69284.3;INTERNET MOVEL 2;0.00
2020-06-26;"";7263.4;INTERNET MOVEL 2;0.00
2020-06-27;"";70431.6;INTERNET MOVEL 2;0.00
2020-06-28;"";178.0;INTERNET MOVEL 2;0.00
2020-06-29;"";272315.4;INTERNET MOVEL 2;0.00
2020-06-30;"";410460.9;INTERNET MOVEL 2;0.00
