data_hora_inicio;nro_telefone_chamado;duracao_ligacao;desc_categoria;valor_ligacao
2020-06-12 14:31:38;"";1.0;ADICIONAL;0.00
2020-06-09 19:30:08;"";1.0;ADICIONAL;0.00
2020-06-08 16:35:19;"";1.0;ADICIONAL;0.00
2020-06-06 14:15:48;"";1.0;ADICIONAL;0.00
2020-06-03 11:30:28;"";1.0;ADICIONAL;0.00
2020-06-03 11:16:54;"";1.0;ADICIONAL;0.00
2020-06-03 10:46:54;"";1.0;ADICIONAL;0.00
2020-06-01 12:24:30;"";1.0;ADICIONAL;0.00
2020-06-01 13:19:46;66  999316264;0.0;Adicional por Ligacoes Realizadas;
2020-06-01 13:19:15;66  999316264;0.0;Adicional por Ligacoes Realizadas;
2020-06-01 11:59:56;66  999316264;0.0;Adicional por Ligacoes Realizadas;
2020-06-01 11:51:52;51  991146877;0.0;Adicional por Ligacoes Realizadas;
2020-06-01 09:08:30;51  996720432;0.0;Adicional por Ligacoes Realizadas;
2020-06-01 13:19:46;66  999316264;8.0;Para Celulares Vivo;
2020-06-01 13:19:15;66  999316264;5.0;Para Celulares Vivo;
2020-06-01 11:59:56;66  999316264;86.0;Para Celulares Vivo;
2020-06-04 06:35:19;65  992183573;8.0;Para Celulares de Outras Operadoras;
2020-06-02 11:51:31;51  991146877;64.0;Para Celulares de Outras Operadoras;
2020-06-02 05:48:34;51  991146877;54.0;Para Celulares de Outras Operadoras;
2020-06-02 05:47:00;51  991146877;12.0;Para Celulares de Outras Operadoras;
2020-06-01 11:51:52;51  991146877;10.0;Para Celulares de Outras Operadoras;
2020-06-09 09:43:36;51  995863683;52.0;Para Celulares Vivo;
2020-06-08 15:09:48;51  995863683;83.0;Para Celulares Vivo;
2020-06-03 07:08:04;51  996720432;23.0;Para Celulares Vivo;
2020-06-01 09:08:30;51  996720432;46.0;Para Celulares Vivo;
2020-06-13 20:47:01;62  32292333;0.0;Adicional por Ligacoes Realizadas;
2020-06-09 13:02:56;08  007028787;0.0;Adicional por Ligacoes Realizadas;
2020-06-09 09:43:36;51  995863683;0.0;Adicional por Ligacoes Realizadas;
2020-06-08 15:09:48;51  995863683;0.0;Adicional por Ligacoes Realizadas;
2020-06-07 12:54:38;90  643491300;0.0;Adicional por Ligacoes Realizadas;
2020-06-06 14:33:29;62  982273520;0.0;Adicional por Ligacoes Realizadas;
2020-06-04 06:35:19;65  992183573;0.0;Adicional por Ligacoes Realizadas;
2020-06-03 07:12:32;08  007028787;0.0;Adicional por Ligacoes Realizadas;
2020-06-03 07:08:04;51  996720432;0.0;Adicional por Ligacoes Realizadas;
2020-06-02 11:51:31;51  991146877;0.0;Adicional por Ligacoes Realizadas;
2020-06-02 05:48:34;51  991146877;0.0;Adicional por Ligacoes Realizadas;
2020-06-02 05:47:00;51  991146877;0.0;Adicional por Ligacoes Realizadas;
2020-06-24 10:28:23;66  999090106;7.0;Para Celulares Vivo;
2020-06-09 13:02:56;08  007028787;60.0;"";
2020-06-07 12:54:38;51  992592842;5.0;"";
2020-06-03 07:12:32;08  007028787;95.0;"";
2020-06-12 14:31:38;    ;53.0;Chamadas de Longa Distancia para Outros Estados;
2020-06-09 19:30:08;    ;123.0;Chamadas de Longa Distancia para Outros Estados;
2020-06-08 16:35:19;    ;78.0;Chamadas de Longa Distancia para Outros Estados;
2020-06-06 14:15:48;    ;21.0;Chamadas de Longa Distancia para Outros Estados;
2020-06-03 11:30:28;    ;5.0;Chamadas de Longa Distancia para Outros Estados;
2020-06-03 11:16:54;    ;26.0;Chamadas de Longa Distancia para Outros Estados;
2020-06-03 10:46:54;    ;11.0;Chamadas de Longa Distancia para Outros Estados;
2020-06-01 12:24:30;    ;6.0;Chamadas de Longa Distancia para Outros Estados;
2020-06-13 20:47:01;62  32292333;22.0;Para Fixo de Outras Operadoras;
2020-06-06 14:33:29;62  982273520;10.0;Para Celulares de Outras Operadoras;
2020-06-22 14:20:08;51  993319478;102.0;Para Celulares Vivo;
2020-06-17 15:04:37;51  993119416;17.0;Para Celulares Vivo;
2020-06-01;"";5316.0;INTERNET MOVEL 2;0.00
2020-06-02;"";8099.0;INTERNET MOVEL 2;0.00
2020-06-03;"";2876.0;INTERNET MOVEL 2;0.00
2020-06-04;"";1965.0;INTERNET MOVEL 2;0.00
2020-06-05;"";104679.8;INTERNET MOVEL 2;0.00
2020-06-06;"";93262.7;INTERNET MOVEL 2;0.00
2020-06-07;"";20526.0;INTERNET MOVEL 2;0.00
2020-06-08;"";42516.5;INTERNET MOVEL 2;0.00
2020-06-09;"";19294.5;INTERNET MOVEL 2;0.00
2020-06-10;"";48590.3;INTERNET MOVEL 2;0.00
2020-06-11;"";6619.0;INTERNET MOVEL 2;0.00
2020-06-12;"";31627.0;INTERNET MOVEL 2;0.00
2020-06-13;"";22652.7;INTERNET MOVEL 2;0.00
2020-06-14;"";10884.0;INTERNET MOVEL 2;0.00
2020-06-15;"";37065.2;INTERNET MOVEL 2;0.00
2020-06-16;"";176.0;INTERNET MOVEL 2;0.00
2020-06-17;"";1088.0;INTERNET MOVEL 2;0.00
2020-06-18;"";4749.0;INTERNET MOVEL 2;0.00
2020-06-19;"";13929.5;INTERNET MOVEL 2;0.00
2020-06-20;"";359.0;INTERNET MOVEL 2;0.00
2020-06-21;"";593.0;INTERNET MOVEL 2;0.00
2020-06-22;"";1251.0;INTERNET MOVEL 2;0.00
2020-06-23;"";46.0;INTERNET MOVEL 2;0.00
2020-06-24;"";971.0;INTERNET MOVEL 2;0.00
2020-06-25;"";4554.0;INTERNET MOVEL 2;0.00
2020-06-26;"";368.0;INTERNET MOVEL 2;0.00
2020-06-27;"";626.0;INTERNET MOVEL 2;0.00
2020-06-28;"";952.0;INTERNET MOVEL 2;0.00
2020-06-29;"";15100.0;INTERNET MOVEL 2;0.00
2020-06-30;"";21267.2;INTERNET MOVEL 2;0.00
