data_hora_inicio;nro_telefone_chamado;duracao_ligacao;desc_categoria;valor_ligacao
2020-06-01 10:52:50;51  40041011;69.0;Para Fixo de Outras Operadoras;
2020-06-30 11:23:33;*5  55;5.0;"";
2020-06-23 18:57:57;*5  55;5.0;"";
2020-06-12 13:03:57;51  30803000;25.0;Para Fixo de Outras Operadoras;
2020-06-09 18:36:05;51  981900579;5.0;Para Celulares de Outras Operadoras;
2020-06-16 17:35:29;51  30033030;307.0;Para Fixo Vivo;
2020-06-16 17:31:00;51  30033030;5.0;Para Fixo Vivo;
2020-06-29 14:18:51;51  996781756;9.0;Para Celulares Vivo;
2020-06-11 13:51:48;51  996781756;5.0;Para Celulares Vivo;
2020-06-11 12:45:20;51  996781756;10.0;Para Celulares Vivo;
2020-06-05 12:04:05;51  996781756;5.0;Para Celulares Vivo;
2020-06-01;"";1929.4;INTERNET MOVEL 2;0.00
2020-06-02;"";120347.2;INTERNET MOVEL 2;0.00
2020-06-03;"";185853.7;INTERNET MOVEL 2;0.00
2020-06-04;"";30875.3;INTERNET MOVEL 2;0.00
2020-06-05;"";151605.6;INTERNET MOVEL 2;0.00
2020-06-06;"";207051.9;INTERNET MOVEL 2;0.00
2020-06-07;"";1492.0;INTERNET MOVEL 2;0.00
2020-06-08;"";890.0;INTERNET MOVEL 2;0.00
2020-06-09;"";171573.6;INTERNET MOVEL 2;0.00
2020-06-10;"";1053.0;INTERNET MOVEL 2;0.00
2020-06-11;"";69332.7;INTERNET MOVEL 2;0.00
2020-06-12;"";55784.4;INTERNET MOVEL 2;0.00
2020-06-13;"";15831.1;INTERNET MOVEL 2;0.00
2020-06-14;"";1238.0;INTERNET MOVEL 2;0.00
2020-06-15;"";1538.0;INTERNET MOVEL 2;0.00
2020-06-16;"";5377.6;INTERNET MOVEL 2;0.00
2020-06-17;"";2211.0;INTERNET MOVEL 2;0.00
2020-06-18;"";1028.0;INTERNET MOVEL 2;0.00
2020-06-19;"";5951.0;INTERNET MOVEL 2;0.00
2020-06-20;"";611.0;INTERNET MOVEL 2;0.00
2020-06-21;"";12881.0;INTERNET MOVEL 2;0.00
2020-06-22;"";11829.1;INTERNET MOVEL 2;0.00
2020-06-23;"";42912.6;INTERNET MOVEL 2;0.00
2020-06-24;"";1560.2;INTERNET MOVEL 2;0.00
2020-06-25;"";72307.5;INTERNET MOVEL 2;0.00
2020-06-26;"";33835.4;INTERNET MOVEL 2;0.00
2020-06-27;"";124687.9;INTERNET MOVEL 2;0.00
2020-06-28;"";70854.3;INTERNET MOVEL 2;0.00
2020-06-29;"";106770.8;INTERNET MOVEL 2;0.00
2020-06-30;"";13631.2;INTERNET MOVEL 2;0.00
