data_hora_inicio;nro_telefone_chamado;duracao_ligacao;desc_categoria;valor_ligacao
2020-06-30 10:59:02;51999112519;1.0;GRATIS-SMS;0.00
2020-06-05 13:43:04;31993283719;1.0;GRATIS-SMS;0.00
2020-06-05 13:43:02;31993283719;1.0;GRATIS-SMS;0.00
2020-06-01 15:37:18;51  998034733;63.0;Para Celulares Vivo;
2020-06-10 13:38:13;19  37097200;58.0;Para Fixo de Outras Operadoras;
2020-06-09 09:59:33;31  30452933;17.0;Para Fixo de Outras Operadoras;
2020-06-03 16:45:28;31  30452959;55.0;Para Fixo de Outras Operadoras;
2020-06-02 09:43:25;47  32411795;16.0;Para Fixo de Outras Operadoras;
2020-06-10 15:03:19;11  960834500;20.0;Para Celulares de Outras Operadoras;
2020-06-09 12:34:27;11  986400342;12.0;Para Celulares de Outras Operadoras;
2020-06-04 11:08:54;41  996639314;18.0;Para Celulares de Outras Operadoras;
2020-06-08 08:23:57;11  46535207;10.0;Para Fixo Vivo;
2020-06-05 09:08:15;11  46535207;11.0;Para Fixo Vivo;
2020-06-05 08:50:52;11  46535207;8.0;Para Fixo Vivo;
2020-06-04 15:11:27;11  46533470;7.0;Para Fixo Vivo;
2020-06-01 15:32:35;11  40566644;11.0;Para Fixo Vivo;
2020-06-26 16:39:47;31  998765627;56.0;Para Celulares Vivo;
2020-06-26 16:23:12;31  998765627;25.0;Para Celulares Vivo;
2020-06-26 16:09:02;31  998765627;20.0;Para Celulares Vivo;
2020-06-10 14:45:00;31  999437724;7.0;Para Celulares Vivo;
2020-06-05 09:22:22;11  985555121;37.0;Para Celulares Vivo;
2020-06-04 13:22:36;22  999995623;17.0;Para Celulares Vivo;
2020-06-02 17:43:18;16  997685031;70.0;Para Celulares Vivo;
2020-06-11 09:51:39;*5  55;5.0;"";
2020-06-26 12:49:14;51  30041105;194.0;Para Fixo de Outras Operadoras;
2020-06-22 11:35:12;51  40042040;16.0;Para Fixo de Outras Operadoras;
2020-06-19 10:27:06;51  34414160;22.0;Para Fixo de Outras Operadoras;
2020-06-18 15:54:24;51  34414160;5.0;Para Fixo de Outras Operadoras;
2020-06-18 15:46:48;51  34414160;45.0;Para Fixo de Outras Operadoras;
2020-06-05 13:32:01;51  30041105;146.0;Para Fixo de Outras Operadoras;
2020-06-30 17:09:49;51  986511607;13.0;Para Celulares de Outras Operadoras;
2020-06-30 15:30:00;51  986511607;13.0;Para Celulares de Outras Operadoras;
2020-06-18 22:44:18;51  993945850;6.0;Para Celulares de Outras Operadoras;
2020-06-10 16:53:22;51  991080907;28.0;Para Celulares de Outras Operadoras;
2020-06-23 12:09:27;51  998664267;30.0;Para Celulares Vivo;
2020-06-16 17:27:03;51  991034807;13.0;Para Celulares Vivo;
2020-06-03 15:19:40;51  998034733;45.0;Para Celulares Vivo;
2020-06-03 14:43:03;51  999112519;60.0;Para Celulares Vivo;
2020-06-01;"";55.0;INTERNET MOVEL 2;0.00
2020-06-02;"";7983.2;INTERNET MOVEL 2;0.00
2020-06-03;"";18435.7;INTERNET MOVEL 2;0.00
2020-06-04;"";3253.4;INTERNET MOVEL 2;0.00
2020-06-05;"";190.0;INTERNET MOVEL 2;0.00
2020-06-06;"";34884.8;INTERNET MOVEL 2;0.00
2020-06-07;"";44.0;INTERNET MOVEL 2;0.00
2020-06-08;"";3373.8;INTERNET MOVEL 2;0.00
2020-06-09;"";27563.2;INTERNET MOVEL 2;0.00
2020-06-10;"";367.0;INTERNET MOVEL 2;0.00
2020-06-11;"";1553.0;INTERNET MOVEL 2;0.00
2020-06-12;"";26833.5;INTERNET MOVEL 2;0.00
2020-06-13;"";4156.5;INTERNET MOVEL 2;0.00
2020-06-14;"";48.0;INTERNET MOVEL 2;0.00
2020-06-15;"";4264.0;INTERNET MOVEL 2;0.00
2020-06-16;"";64527.6;INTERNET MOVEL 2;0.00
2020-06-17;"";91062.8;INTERNET MOVEL 2;0.00
2020-06-18;"";3314.0;INTERNET MOVEL 2;0.00
2020-06-19;"";16676.9;INTERNET MOVEL 2;0.00
2020-06-20;"";28612.2;INTERNET MOVEL 2;0.00
2020-06-21;"";1523.0;INTERNET MOVEL 2;0.00
2020-06-22;"";76562.6;INTERNET MOVEL 2;0.00
2020-06-23;"";4197.8;INTERNET MOVEL 2;0.00
2020-06-24;"";4395.4;INTERNET MOVEL 2;0.00
2020-06-25;"";5771.3;INTERNET MOVEL 2;0.00
2020-06-26;"";22.0;INTERNET MOVEL 2;0.00
2020-06-27;"";1242.0;INTERNET MOVEL 2;0.00
2020-06-28;"";1161.0;INTERNET MOVEL 2;0.00
2020-06-29;"";400.0;INTERNET MOVEL 2;0.00
2020-06-30;"";1522.0;INTERNET MOVEL 2;0.00
2020-07-01;"";7.0;INTERNET MOVEL 2;0.00
