data_hora_inicio;nro_telefone_chamado;duracao_ligacao;desc_categoria;valor_ligacao
2020-06-01 14:36:05;"";1.0;ADICIONAL;0.00
2020-06-01 10:57:39;"";1.0;ADICIONAL;0.00
2020-06-24 14:35:17;5124700261;1.0;ADICIONAL;0.00
2020-06-16 16:37:19;"";1.0;ADICIONAL;0.00
2020-06-05 10:51:38;"";1.0;ADICIONAL;0.00
2020-06-05 09:47:47;"";1.0;ADICIONAL;0.00
2020-06-05 09:25:58;"";1.0;ADICIONAL;0.00
2020-06-05 09:04:37;"";1.0;ADICIONAL;0.00
2020-06-05 08:33:28;"";1.0;ADICIONAL;0.00
2020-06-04 15:48:01;"";1.0;ADICIONAL;0.00
2020-06-04 09:01:00;"";1.0;ADICIONAL;0.00
2020-06-03 15:04:56;"";1.0;ADICIONAL;0.00
2020-06-03 09:29:03;"";1.0;ADICIONAL;0.00
2020-06-01 15:57:08;98  992183423;0.0;Adicional por Ligacoes Realizadas;
2020-06-01 15:57:08;98  992183423;22.0;Para Celulares Vivo;
2020-06-04 09:03:44;51  992592752;5.0;Para Celulares Vivo;
2020-06-04 16:10:19;98  991602203;0.0;Adicional por Ligacoes Realizadas;
2020-06-04 15:23:56;98  988219102;0.0;Adicional por Ligacoes Realizadas;
2020-06-04 09:03:44;51  992592752;0.0;Adicional por Ligacoes Realizadas;
2020-06-04 09:02:58;98  988278723;0.0;Adicional por Ligacoes Realizadas;
2020-06-24 14:35:17;51  24700261;5.0;Chamadas de Longa Distancia para Outros Estados;
2020-06-16 16:37:19;    ;5.0;Chamadas de Longa Distancia para Outros Estados;
2020-06-05 10:51:38;    ;30.0;Chamadas de Longa Distancia para Outros Estados;
2020-06-05 09:47:47;    ;126.0;Chamadas de Longa Distancia para Outros Estados;
2020-06-05 09:25:58;    ;9.0;Chamadas de Longa Distancia para Outros Estados;
2020-06-05 09:04:37;    ;30.0;Chamadas de Longa Distancia para Outros Estados;
2020-06-05 08:33:28;    ;35.0;Chamadas de Longa Distancia para Outros Estados;
2020-06-04 15:48:01;    ;74.0;Chamadas de Longa Distancia para Outros Estados;
2020-06-04 09:01:00;    ;6.0;Chamadas de Longa Distancia para Outros Estados;
2020-06-03 15:04:56;    ;9.0;Chamadas de Longa Distancia para Outros Estados;
2020-06-03 09:29:03;    ;5.0;Chamadas de Longa Distancia para Outros Estados;
2020-06-01 14:36:05;    ;14.0;Chamadas de Longa Distancia para Outros Estados;
2020-06-01 10:57:39;    ;9.0;Chamadas de Longa Distancia para Outros Estados;
2020-06-04 15:23:56;98  988219102;10.0;Para Celulares de Outras Operadoras;
2020-06-04 09:02:58;98  988278723;5.0;Para Celulares de Outras Operadoras;
2020-06-04 16:10:19;98  991602203;8.0;Para Celulares Vivo;
2020-06-06;"";53.0;INTERNET MOVEL 2;0.00
2020-06-20;"";23.0;INTERNET MOVEL 2;0.00
