data_hora_inicio;nro_telefone_chamado;duracao_ligacao;desc_categoria;valor_ligacao
2020-06-07 02:39:12;11953259214;1.0;GRATIS-SMS;0.00
2020-06-29 18:00:08;51  33644818;5.0;Para Fixo de Outras Operadoras;
2020-06-29 17:49:56;51  33644818;22.0;Para Fixo de Outras Operadoras;
2020-06-22 22:07:03;51  981433091;58.0;Para Celulares de Outras Operadoras;
2020-06-30 10:55:19;51  32270607;22.0;Para Fixo Vivo;
2020-06-15 14:54:33;51  30273565;32.0;Para Fixo Vivo;
2020-06-15 14:50:29;51  30273565;5.0;Para Fixo Vivo;
2020-06-08 10:40:27;51  995447076;9.0;Para Celulares Vivo;
2020-06-30;"";1861.0;INTERNET MOVEL 2;0.00
2020-07-01;"";182.0;INTERNET MOVEL 2;0.00
