data_hora_inicio;nro_telefone_chamado;duracao_ligacao;desc_categoria;valor_ligacao
2020-06-01;"";117.0;INTERNET MOVEL 2;0.00
2020-06-02;"";91.0;INTERNET MOVEL 2;0.00
2020-06-03;"";48.0;INTERNET MOVEL 2;0.00
2020-06-04;"";2.0;INTERNET MOVEL 2;0.00
2020-06-05;"";289.0;INTERNET MOVEL 2;0.00
2020-06-06;"";500.0;INTERNET MOVEL 2;0.00
2020-06-07;"";27.0;INTERNET MOVEL 2;0.00
2020-06-08;"";112.0;INTERNET MOVEL 2;0.00
2020-06-09;"";16.0;INTERNET MOVEL 2;0.00
2020-06-10;"";51.0;INTERNET MOVEL 2;0.00
2020-06-11;"";68.0;INTERNET MOVEL 2;0.00
2020-06-12;"";56.0;INTERNET MOVEL 2;0.00
2020-06-13;"";371.0;INTERNET MOVEL 2;0.00
2020-06-14;"";21.0;INTERNET MOVEL 2;0.00
2020-06-15;"";43.0;INTERNET MOVEL 2;0.00
2020-06-16;"";9900.6;INTERNET MOVEL 2;0.00
2020-06-17;"";644.0;INTERNET MOVEL 2;0.00
2020-06-18;"";935.0;INTERNET MOVEL 2;0.00
2020-06-19;"";210.0;INTERNET MOVEL 2;0.00
2020-06-20;"";686.0;INTERNET MOVEL 2;0.00
2020-06-21;"";101.0;INTERNET MOVEL 2;0.00
2020-06-22;"";151.0;INTERNET MOVEL 2;0.00
2020-06-23;"";161.0;INTERNET MOVEL 2;0.00
2020-06-24;"";209.0;INTERNET MOVEL 2;0.00
2020-06-25;"";243.0;INTERNET MOVEL 2;0.00
2020-06-26;"";567.0;INTERNET MOVEL 2;0.00
2020-06-27;"";1.0;INTERNET MOVEL 2;0.00
2020-06-28;"";309.0;INTERNET MOVEL 2;0.00
2020-06-29;"";89.0;INTERNET MOVEL 2;0.00
2020-06-30;"";1632.0;INTERNET MOVEL 2;0.00
2020-07-01;"";1.0;INTERNET MOVEL 2;0.00
