data_hora_inicio;nro_telefone_chamado;duracao_ligacao;desc_categoria;valor_ligacao
2020-06-30 16:00:09;"";1.0;ADICIONAL;0.00
2020-06-30 14:07:21;"";1.0;ADICIONAL;0.00
2020-06-29 18:05:16;"";1.0;ADICIONAL;0.00
2020-06-29 16:51:53;"";1.0;ADICIONAL;0.00
2020-06-29 14:19:51;"";1.0;ADICIONAL;0.00
2020-06-29 07:56:31;"";1.0;ADICIONAL;0.00
2020-06-25 16:16:57;"";1.0;ADICIONAL;0.00
2020-06-25 16:00:41;"";1.0;ADICIONAL;0.00
2020-06-25 11:48:31;"";1.0;ADICIONAL;0.00
2020-06-25 09:49:12;"";1.0;ADICIONAL;0.00
2020-06-25 07:19:44;"";1.0;ADICIONAL;0.00
2020-06-22 09:24:46;11953259211;1.0;GRATIS-SMS;0.00
2020-06-29 09:05:14;24  988439032;5.0;Para Celulares de Outras Operadoras;
2020-06-29 09:01:43;24  988439032;25.0;Para Celulares de Outras Operadoras;
2020-06-25 08:26:09;24  988439032;108.0;Para Celulares de Outras Operadoras;
2020-06-24 14:31:22;33  988900466;19.0;Para Celulares de Outras Operadoras;
2020-06-24 11:48:44;24  988439032;25.0;Para Celulares de Outras Operadoras;
2020-06-24 07:36:25;24  988439032;214.0;Para Celulares de Outras Operadoras;
2020-06-30 16:36:24;51  992592870;59.0;Para Celulares Vivo;
2020-06-30 10:56:55;51  992592870;9.0;Para Celulares Vivo;
2020-06-30 08:32:27;51  991202796;8.0;Para Celulares Vivo;
2020-06-30 07:07:31;51  992592870;8.0;Para Celulares Vivo;
2020-06-29 15:08:58;51  992592870;21.0;Para Celulares Vivo;
2020-06-29 14:54:15;51  992592870;18.0;Para Celulares Vivo;
2020-06-29 14:45:16;51  992592870;46.0;Para Celulares Vivo;
2020-06-29 14:36:58;51  992592870;30.0;Para Celulares Vivo;
2020-06-29 11:27:29;51  991059183;5.0;Para Celulares Vivo;
2020-06-29 10:25:53;51  992592870;22.0;Para Celulares Vivo;
2020-06-26 08:56:10;51  991059183;10.0;Para Celulares Vivo;
2020-06-25 08:19:03;51  992592870;5.0;Para Celulares Vivo;
2020-06-25 07:34:12;51  992592870;5.0;Para Celulares Vivo;
2020-06-25 07:01:28;51  992592870;19.0;Para Celulares Vivo;
2020-06-24 10:54:14;51  992592870;5.0;Para Celulares Vivo;
2020-06-23 10:33:24;21  972414687;31.0;Para Celulares Vivo;
2020-06-22 15:28:25;51  991317721;8.0;Para Celulares Vivo;
2020-06-30 16:36:24;51  992592870;0.0;Adicional por Ligacoes Realizadas;
2020-06-30 15:33:09;13  991441122;0.0;Adicional por Ligacoes Realizadas;
2020-06-30 10:56:55;51  992592870;0.0;Adicional por Ligacoes Realizadas;
2020-06-30 09:44:29;13  991441122;0.0;Adicional por Ligacoes Realizadas;
2020-06-30 08:32:27;51  991202796;0.0;Adicional por Ligacoes Realizadas;
2020-06-30 07:58:36;13  991441122;0.0;Adicional por Ligacoes Realizadas;
2020-06-30 07:07:31;51  992592870;0.0;Adicional por Ligacoes Realizadas;
2020-06-29 15:08:58;51  992592870;0.0;Adicional por Ligacoes Realizadas;
2020-06-29 14:56:30;13  996385613;0.0;Adicional por Ligacoes Realizadas;
2020-06-29 14:54:15;51  992592870;0.0;Adicional por Ligacoes Realizadas;
2020-06-29 14:45:16;51  992592870;0.0;Adicional por Ligacoes Realizadas;
2020-06-29 14:36:58;51  992592870;0.0;Adicional por Ligacoes Realizadas;
2020-06-29 11:27:29;51  991059183;0.0;Adicional por Ligacoes Realizadas;
2020-06-29 10:25:53;51  992592870;0.0;Adicional por Ligacoes Realizadas;
2020-06-29 09:05:14;24  988439032;0.0;Adicional por Ligacoes Realizadas;
2020-06-29 09:01:43;24  988439032;0.0;Adicional por Ligacoes Realizadas;
2020-06-26 08:56:10;51  991059183;0.0;Adicional por Ligacoes Realizadas;
2020-06-25 08:26:09;24  988439032;0.0;Adicional por Ligacoes Realizadas;
2020-06-25 08:19:03;51  992592870;0.0;Adicional por Ligacoes Realizadas;
2020-06-25 07:34:12;51  992592870;0.0;Adicional por Ligacoes Realizadas;
2020-06-25 07:01:28;51  992592870;0.0;Adicional por Ligacoes Realizadas;
2020-06-24 14:31:22;33  988900466;0.0;Adicional por Ligacoes Realizadas;
2020-06-24 11:48:44;24  988439032;0.0;Adicional por Ligacoes Realizadas;
2020-06-24 10:54:14;51  992592870;0.0;Adicional por Ligacoes Realizadas;
2020-06-24 07:36:25;24  988439032;0.0;Adicional por Ligacoes Realizadas;
2020-06-23 10:33:24;21  972414687;0.0;Adicional por Ligacoes Realizadas;
2020-06-22 15:28:25;51  991317721;0.0;Adicional por Ligacoes Realizadas;
2020-06-30 16:00:09;    ;6.0;Chamadas de Longa Distancia para Outros Estados;
2020-06-30 14:07:21;    ;5.0;Chamadas de Longa Distancia para Outros Estados;
2020-06-29 18:05:16;    ;7.0;Chamadas de Longa Distancia para Outros Estados;
2020-06-29 16:51:53;    ;5.0;Chamadas de Longa Distancia para Outros Estados;
2020-06-29 14:19:51;    ;6.0;Chamadas de Longa Distancia para Outros Estados;
2020-06-29 07:56:31;    ;83.0;Chamadas de Longa Distancia para Outros Estados;
2020-06-29 07:56:31;    ;35.0;Chamadas de Longa Distancia para Outros Estados;
2020-06-25 16:16:57;    ;16.0;Chamadas de Longa Distancia para Outros Estados;
2020-06-25 16:00:41;    ;59.0;Chamadas de Longa Distancia para Outros Estados;
2020-06-25 11:48:31;    ;5.0;Chamadas de Longa Distancia para Outros Estados;
2020-06-25 09:49:12;    ;29.0;Chamadas de Longa Distancia para Outros Estados;
2020-06-25 07:19:44;    ;10.0;Chamadas de Longa Distancia para Outros Estados;
2020-06-30 15:33:09;13  991441122;12.0;Para Celulares de Outras Operadoras;
2020-06-30 09:44:29;13  991441122;5.0;Para Celulares de Outras Operadoras;
2020-06-30 07:58:36;13  991441122;5.0;Para Celulares de Outras Operadoras;
2020-06-29 14:56:30;13  996385613;38.0;Para Celulares Vivo;
2020-06-19 09:24:25;51  992592629;9.0;Para Celulares Vivo;
2020-06-19;"";51109.0;INTERNET MOVEL 2;0.00
2020-06-22;"";78626.8;INTERNET MOVEL 2;0.00
2020-06-23;"";6545.5;INTERNET MOVEL 2;0.00
2020-06-24;"";2971.0;INTERNET MOVEL 2;0.00
2020-06-25;"";1817.0;INTERNET MOVEL 2;0.00
2020-06-26;"";8129.5;INTERNET MOVEL 2;0.00
2020-06-28;"";121423.6;INTERNET MOVEL 2;0.00
2020-06-29;"";2931.0;INTERNET MOVEL 2;0.00
2020-06-30;"";2376.0;INTERNET MOVEL 2;0.00
