data_hora_inicio;nro_telefone_chamado;duracao_ligacao;desc_categoria;valor_ligacao
2020-06-02;"";86620.1;INTERNET MOVEL 2;0.00
2020-06-03;"";117417.7;INTERNET MOVEL 2;0.00
2020-06-04;"";106282.8;INTERNET MOVEL 2;0.00
2020-06-05;"";37826.5;INTERNET MOVEL 2;0.00
2020-06-06;"";85802.2;INTERNET MOVEL 2;0.00
2020-06-08;"";32444.3;INTERNET MOVEL 2;0.00
2020-06-09;"";31313.9;INTERNET MOVEL 2;0.00
2020-06-10;"";19565.5;INTERNET MOVEL 2;0.00
2020-06-11;"";87992.3;INTERNET MOVEL 2;0.00
2020-06-12;"";35199.9;INTERNET MOVEL 2;0.00
2020-06-13;"";19685.3;INTERNET MOVEL 2;0.00
2020-06-14;"";382844.2;INTERNET MOVEL 2;0.00
2020-06-22;"";862.0;INTERNET MOVEL 2;0.00
2020-06-23;"";85896.0;INTERNET MOVEL 2;0.00
2020-06-24;"";47467.1;INTERNET MOVEL 2;0.00
2020-06-25;"";131542.0;INTERNET MOVEL 2;0.00
2020-06-26;"";81092.0;INTERNET MOVEL 2;0.00
