data_hora_inicio;nro_telefone_chamado;duracao_ligacao;desc_categoria;valor_ligacao
2020-06-01 21:21:38;"";1.0;ADICIONAL;0.00
2020-06-01 11:18:57;"";1.0;ADICIONAL;0.00
2020-06-01 08:59:45;"";1.0;ADICIONAL;0.00
2020-06-11 14:26:28;5121313333;1.0;ADICIONAL;0.00
2020-06-11 13:09:03;"";1.0;ADICIONAL;0.00
2020-06-10 18:19:33;"";1.0;ADICIONAL;0.00
2020-06-10 17:10:05;"";1.0;ADICIONAL;0.00
2020-06-10 16:17:43;"";1.0;ADICIONAL;0.00
2020-06-10 14:11:54;"";1.0;ADICIONAL;0.00
2020-06-10 13:29:13;"";1.0;ADICIONAL;0.00
2020-06-10 11:18:07;5121313333;1.0;ADICIONAL;0.00
2020-06-10 08:11:16;"";1.0;ADICIONAL;0.00
2020-06-09 21:29:59;"";1.0;ADICIONAL;0.00
2020-06-09 08:43:35;"";1.0;ADICIONAL;0.00
2020-06-08 14:09:48;"";1.0;ADICIONAL;0.00
2020-06-08 13:59:13;"";1.0;ADICIONAL;0.00
2020-06-08 07:48:00;"";1.0;ADICIONAL;0.00
2020-06-07 09:10:28;"";1.0;ADICIONAL;0.00
2020-06-06 19:40:30;"";1.0;ADICIONAL;0.00
2020-06-05 22:16:04;"";1.0;ADICIONAL;0.00
2020-06-05 18:24:56;"";1.0;ADICIONAL;0.00
2020-06-05 17:18:14;"";1.0;ADICIONAL;0.00
2020-06-05 15:19:20;"";1.0;ADICIONAL;0.00
2020-06-05 13:21:35;"";1.0;ADICIONAL;0.00
2020-06-05 10:04:53;"";1.0;ADICIONAL;0.00
2020-06-04 20:56:50;"";1.0;ADICIONAL;0.00
2020-06-04 15:34:25;6535499300;1.0;ADICIONAL;0.00
2020-06-04 14:34:48;"";1.0;ADICIONAL;0.00
2020-06-04 13:41:56;"";1.0;ADICIONAL;0.00
2020-06-04 09:56:55;"";1.0;ADICIONAL;0.00
2020-06-04 09:40:03;"";1.0;ADICIONAL;0.00
2020-06-03 14:50:48;"";1.0;ADICIONAL;0.00
2020-06-24 08:43:48;51998545903;1.0;GRATIS-SMS;0.00
2020-06-01 10:54:18;51  993119416;5.0;Para Celulares Vivo;
2020-06-11 11:31:42;65  992183573;0.0;Adicional por Ligacoes Realizadas;
2020-06-10 21:47:42;14  997292829;0.0;Adicional por Ligacoes Realizadas;
2020-06-10 21:30:30;14  997292829;0.0;Adicional por Ligacoes Realizadas;
2020-06-10 21:18:04;66  34195389;0.0;Adicional por Ligacoes Realizadas;
2020-06-10 19:58:30;51  992592835;0.0;Adicional por Ligacoes Realizadas;
2020-06-10 18:38:47;65  35499361;0.0;Adicional por Ligacoes Realizadas;
2020-06-10 15:11:26;51  991561376;0.0;Adicional por Ligacoes Realizadas;
2020-06-10 10:44:38;51  993319478;0.0;Adicional por Ligacoes Realizadas;
2020-06-10 09:49:43;51  998525944;0.0;Adicional por Ligacoes Realizadas;
2020-06-10 09:24:11;51  991153364;0.0;Adicional por Ligacoes Realizadas;
2020-06-09 19:53:19;51  991561376;0.0;Adicional por Ligacoes Realizadas;
2020-06-09 19:21:29;65  992183573;0.0;Adicional por Ligacoes Realizadas;
2020-06-09 17:04:13;65  992183573;0.0;Adicional por Ligacoes Realizadas;
2020-06-09 10:42:17;51  991153364;0.0;Adicional por Ligacoes Realizadas;
2020-06-09 10:06:52;51  991153364;0.0;Adicional por Ligacoes Realizadas;
2020-06-09 09:27:00;51  991153364;0.0;Adicional por Ligacoes Realizadas;
2020-06-08 18:12:18;65  998053314;0.0;Adicional por Ligacoes Realizadas;
2020-06-07 09:08:35;51  996791712;0.0;Adicional por Ligacoes Realizadas;
2020-06-06 21:02:23;65  36240707;0.0;Adicional por Ligacoes Realizadas;
2020-06-05 20:38:07;14  997292829;0.0;Adicional por Ligacoes Realizadas;
2020-06-05 17:06:32;65  996976493;0.0;Adicional por Ligacoes Realizadas;
2020-06-05 16:44:46;65  999480576;0.0;Adicional por Ligacoes Realizadas;
2020-06-05 16:42:37;65  998053314;0.0;Adicional por Ligacoes Realizadas;
2020-06-05 15:50:14;65  35499361;0.0;Adicional por Ligacoes Realizadas;
2020-06-05 15:31:55;51  998545903;0.0;Adicional por Ligacoes Realizadas;
2020-06-05 14:29:16;65  996976493;0.0;Adicional por Ligacoes Realizadas;
2020-06-04 20:56:12;14  997292829;0.0;Adicional por Ligacoes Realizadas;
2020-06-04 18:26:12;65  999480576;0.0;Adicional por Ligacoes Realizadas;
2020-06-04 17:20:31;51  998545903;0.0;Adicional por Ligacoes Realizadas;
2020-06-03 20:59:18;14  997292829;0.0;Adicional por Ligacoes Realizadas;
2020-06-03 20:24:22;14  997292829;0.0;Adicional por Ligacoes Realizadas;
2020-06-03 20:23:35;14  997292829;0.0;Adicional por Ligacoes Realizadas;
2020-06-03 19:34:08;63  992239925;0.0;Adicional por Ligacoes Realizadas;
2020-06-03 16:42:13;51  998545903;0.0;Adicional por Ligacoes Realizadas;
2020-06-03 15:37:48;89  999225632;0.0;Adicional por Ligacoes Realizadas;
2020-06-02 14:56:28;51  998545903;0.0;Adicional por Ligacoes Realizadas;
2020-06-02 13:44:58;51  992592887;0.0;Adicional por Ligacoes Realizadas;
2020-06-02 13:10:21;51  992592954;0.0;Adicional por Ligacoes Realizadas;
2020-06-02 11:03:26;51  998545903;0.0;Adicional por Ligacoes Realizadas;
2020-06-25 10:56:09;34  21097363;29.0;Para Fixo de Outras Operadoras;
2020-06-29 13:36:16;64  992365780;54.0;Para Celulares de Outras Operadoras;
2020-06-22 20:17:27;65  992183573;25.0;Para Celulares de Outras Operadoras;
2020-06-19 14:21:50;63  992239925;55.0;Para Celulares de Outras Operadoras;
2020-06-18 11:06:09;34  988683409;14.0;Para Celulares de Outras Operadoras;
2020-06-18 09:53:02;34  988683409;41.0;Para Celulares de Outras Operadoras;
2020-06-16 12:04:50;65  992183573;23.0;Para Celulares de Outras Operadoras;
2020-06-15 18:52:40;65  992183573;34.0;Para Celulares de Outras Operadoras;
2020-06-26 09:52:37;65  36343449;7.0;Para Fixo Vivo;
2020-06-15 10:54:19;65  36343449;41.0;Para Fixo Vivo;
2020-06-29 15:30:54;77  991355330;28.0;Para Celulares Vivo;
2020-06-26 10:11:40;45  991547888;14.0;Para Celulares Vivo;
2020-06-23 09:42:38;14  997292829;6.0;Para Celulares Vivo;
2020-06-18 17:28:26;67  996713712;44.0;Para Celulares Vivo;
2020-06-18 16:14:05;43  991498755;7.0;Para Celulares Vivo;
2020-06-18 16:04:28;43  991498755;37.0;Para Celulares Vivo;
2020-06-16 10:03:16;43  991165067;15.0;Para Celulares Vivo;
2020-06-25 15:58:34;53  991216767;166.0;Para Fixo Vivo;
2020-06-16 09:18:55;55  999399457;5.0;Para Celulares Vivo;
2020-06-11 14:26:28;51  21313333;29.0;Chamadas de Longa Distancia para Outros Estados;
2020-06-11 13:09:03;    ;6.0;Chamadas de Longa Distancia para Outros Estados;
2020-06-10 18:19:33;    ;79.0;Chamadas de Longa Distancia para Outros Estados;
2020-06-10 17:10:05;    ;9.0;Chamadas de Longa Distancia para Outros Estados;
2020-06-10 16:17:43;    ;21.0;Chamadas de Longa Distancia para Outros Estados;
2020-06-10 14:11:54;    ;18.0;Chamadas de Longa Distancia para Outros Estados;
2020-06-10 13:29:13;    ;80.0;Chamadas de Longa Distancia para Outros Estados;
2020-06-10 11:18:07;51  21313333;94.0;Chamadas de Longa Distancia para Outros Estados;
2020-06-10 08:11:16;    ;6.0;Chamadas de Longa Distancia para Outros Estados;
2020-06-09 21:29:59;    ;61.0;Chamadas de Longa Distancia para Outros Estados;
2020-06-09 08:43:35;    ;52.0;Chamadas de Longa Distancia para Outros Estados;
2020-06-08 14:09:48;    ;83.0;Chamadas de Longa Distancia para Outros Estados;
2020-06-08 13:59:13;    ;86.0;Chamadas de Longa Distancia para Outros Estados;
2020-06-08 07:48:00;    ;12.0;Chamadas de Longa Distancia para Outros Estados;
2020-06-07 09:10:28;    ;68.0;Chamadas de Longa Distancia para Outros Estados;
2020-06-06 19:40:30;    ;37.0;Chamadas de Longa Distancia para Outros Estados;
2020-06-05 22:16:04;    ;17.0;Chamadas de Longa Distancia para Outros Estados;
2020-06-05 18:24:56;    ;5.0;Chamadas de Longa Distancia para Outros Estados;
2020-06-05 17:18:14;    ;11.0;Chamadas de Longa Distancia para Outros Estados;
2020-06-05 15:19:20;    ;123.0;Chamadas de Longa Distancia para Outros Estados;
2020-06-05 13:21:35;    ;6.0;Chamadas de Longa Distancia para Outros Estados;
2020-06-05 10:04:53;    ;6.0;Chamadas de Longa Distancia para Outros Estados;
2020-06-04 20:56:50;    ;114.0;Chamadas de Longa Distancia para Outros Estados;
2020-06-04 15:34:25;65  35499300;81.0;Chamadas de Longa Distancia para Outros Estados;
2020-06-04 14:34:48;    ;15.0;Chamadas de Longa Distancia para Outros Estados;
2020-06-04 13:41:56;    ;13.0;Chamadas de Longa Distancia para Outros Estados;
2020-06-04 09:56:55;    ;44.0;Chamadas de Longa Distancia para Outros Estados;
2020-06-04 09:40:03;    ;54.0;Chamadas de Longa Distancia para Outros Estados;
2020-06-03 14:50:48;    ;129.0;Chamadas de Longa Distancia para Outros Estados;
2020-06-01 21:21:38;    ;160.0;Chamadas de Longa Distancia para Outros Estados;
2020-06-01 11:18:57;    ;41.0;Chamadas de Longa Distancia para Outros Estados;
2020-06-01 08:59:45;    ;18.0;Chamadas de Longa Distancia para Outros Estados;
2020-06-10 21:18:04;66  34195389;17.0;Para Fixo de Outras Operadoras;
2020-06-06 21:02:23;65  36240707;27.0;Para Fixo de Outras Operadoras;
2020-06-11 11:31:42;65  992183573;19.0;Para Celulares de Outras Operadoras;
2020-06-09 17:04:13;65  992183573;45.0;Para Celulares de Outras Operadoras;
2020-06-29 14:55:26;51  21311714;5.0;Para Fixo de Outras Operadoras;
2020-06-24 10:58:41;51  33279001;85.0;Para Fixo de Outras Operadoras;
2020-06-20 14:13:12;51  33279001;20.0;Para Fixo de Outras Operadoras;
2020-06-20 14:11:37;51  33279001;12.0;Para Fixo de Outras Operadoras;
2020-06-29 15:42:31;51  983221903;16.0;Para Celulares de Outras Operadoras;
2020-06-24 14:20:38;51  991153364;407.0;Para Celulares de Outras Operadoras;
2020-06-24 09:42:11;51  991394931;28.0;Para Celulares de Outras Operadoras;
2020-06-23 16:05:03;51  991931287;13.0;Para Celulares de Outras Operadoras;
2020-06-23 11:39:55;51  994218893;7.0;Para Celulares de Outras Operadoras;
2020-06-01 15:10:18;51  35335350;0.0;Adicional por Ligacoes Realizadas;
2020-06-01 14:33:48;08  007260101;0.0;Adicional por Ligacoes Realizadas;
2020-06-01 10:54:18;51  993119416;0.0;Adicional por Ligacoes Realizadas;
2020-06-01 14:33:48;08  007260101;52.0;"";
2020-06-10 18:38:47;65  35499361;27.0;Para Fixo de Outras Operadoras;
2020-06-05 15:50:14;65  35499361;58.0;Para Fixo de Outras Operadoras;
2020-06-01 15:10:18;51  35335350;14.0;Para Fixo de Outras Operadoras;
2020-06-10 09:24:11;51  991153364;37.0;Para Celulares de Outras Operadoras;
2020-06-09 19:21:29;65  992183573;92.0;Para Celulares de Outras Operadoras;
2020-06-09 10:42:17;51  991153364;5.0;Para Celulares de Outras Operadoras;
2020-06-09 10:06:52;51  991153364;29.0;Para Celulares de Outras Operadoras;
2020-06-09 09:27:00;51  991153364;227.0;Para Celulares de Outras Operadoras;
2020-06-03 19:34:08;63  992239925;137.0;Para Celulares de Outras Operadoras;
2020-06-10 21:47:42;14  997292829;17.0;Para Celulares Vivo;
2020-06-10 21:30:30;14  997292829;169.0;Para Celulares Vivo;
2020-06-10 19:58:30;51  992592835;33.0;Para Celulares Vivo;
2020-06-10 15:11:26;51  991561376;212.0;Para Celulares Vivo;
2020-06-10 10:44:38;51  993319478;89.0;Para Celulares Vivo;
2020-06-10 09:49:43;51  998525944;43.0;Para Celulares Vivo;
2020-06-09 19:53:19;51  991561376;129.0;Para Celulares Vivo;
2020-06-08 18:12:18;65  998053314;15.0;Para Celulares Vivo;
2020-06-07 09:08:35;51  996791712;19.0;Para Celulares Vivo;
2020-06-05 20:38:07;14  997292829;161.0;Para Celulares Vivo;
2020-06-05 17:06:32;65  996976493;7.0;Para Celulares Vivo;
2020-06-05 16:44:46;65  999480576;9.0;Para Celulares Vivo;
2020-06-05 16:42:37;65  998053314;17.0;Para Celulares Vivo;
2020-06-05 15:31:55;51  998545903;20.0;Para Celulares Vivo;
2020-06-05 14:29:16;65  996976493;21.0;Para Celulares Vivo;
2020-06-04 20:56:12;14  997292829;5.0;Para Celulares Vivo;
2020-06-04 18:26:12;65  999480576;79.0;Para Celulares Vivo;
2020-06-04 17:20:31;51  998545903;142.0;Para Celulares Vivo;
2020-06-03 20:59:18;14  997292829;184.0;Para Celulares Vivo;
2020-06-03 20:24:22;14  997292829;5.0;Para Celulares Vivo;
2020-06-03 20:23:35;14  997292829;5.0;Para Celulares Vivo;
2020-06-03 16:42:13;51  998545903;122.0;Para Celulares Vivo;
2020-06-03 15:37:48;89  999225632;35.0;Para Celulares Vivo;
2020-06-02 14:56:28;51  998545903;25.0;Para Celulares Vivo;
2020-06-02 13:44:58;51  992592887;37.0;Para Celulares Vivo;
2020-06-02 13:10:21;51  992592954;92.0;Para Celulares Vivo;
2020-06-02 11:03:26;51  998545903;67.0;Para Celulares Vivo;
2020-06-19 14:58:44;51  992168000;23.0;Para Celulares de Outras Operadoras;
2020-06-29 15:00:17;51  21313333;70.0;Para Fixo Vivo;
2020-06-29 14:55:50;51  21313333;42.0;Para Fixo Vivo;
2020-06-26 19:41:53;51  34285968;22.0;Para Fixo Vivo;
2020-06-23 11:42:07;51  21313333;14.0;Para Fixo Vivo;
2020-06-15 21:38:00;51  30596270;27.0;Para Fixo Vivo;
2020-06-15 20:53:41;51  30596270;20.0;Para Fixo Vivo;
2020-06-25 08:39:14;51  998545903;29.0;Para Celulares Vivo;
2020-06-24 11:58:42;51  998545903;5.0;Para Celulares Vivo;
2020-06-24 11:46:29;51  998545903;101.0;Para Celulares Vivo;
2020-06-24 11:28:39;51  998545903;35.0;Para Celulares Vivo;
2020-06-24 09:13:56;51  998545903;59.0;Para Celulares Vivo;
2020-06-23 18:46:27;51  991561376;13.0;Para Celulares Vivo;
2020-06-23 18:43:41;51  991561376;10.0;Para Celulares Vivo;
2020-06-23 17:44:28;51  991561376;22.0;Para Celulares Vivo;
2020-06-23 13:48:13;51  998545903;24.0;Para Celulares Vivo;
2020-06-23 11:18:06;51  993319478;23.0;Para Celulares Vivo;
2020-06-23 11:03:59;51  998545903;16.0;Para Celulares Vivo;
2020-06-23 10:56:48;51  998545903;28.0;Para Celulares Vivo;
2020-06-21 18:14:00;51  982501166;49.0;Para Celulares Vivo;
2020-06-19 16:32:32;51  998545903;55.0;Para Celulares Vivo;
2020-06-19 11:44:05;51  991561376;36.0;Para Celulares Vivo;
2020-06-19 11:00:39;51  992592842;5.0;Para Celulares Vivo;
2020-06-18 17:49:11;51  998545903;95.0;Para Celulares Vivo;
2020-06-18 17:47:54;51  998545903;9.0;Para Celulares Vivo;
2020-06-18 10:56:34;51  993319478;90.0;Para Celulares Vivo;
2020-06-17 16:06:20;51  998545903;158.0;Para Celulares Vivo;
2020-06-16 13:59:03;51  998545903;89.0;Para Celulares Vivo;
2020-06-16 10:05:28;51  998545903;30.0;Para Celulares Vivo;
2020-06-15 18:58:45;51  998545903;28.0;Para Celulares Vivo;
2020-06-15 10:20:12;51  998545903;58.0;Para Celulares Vivo;
2020-06-01;"";5186.7;INTERNET MOVEL 2;0.00
2020-06-02;"";3803.1;INTERNET MOVEL 2;0.00
2020-06-03;"";5117.2;INTERNET MOVEL 2;0.00
2020-06-04;"";17029.0;INTERNET MOVEL 2;0.00
2020-06-05;"";4654.3;INTERNET MOVEL 2;0.00
2020-06-06;"";30693.0;INTERNET MOVEL 2;0.00
2020-06-07;"";197247.5;INTERNET MOVEL 2;0.00
2020-06-08;"";33698.4;INTERNET MOVEL 2;0.00
2020-06-09;"";80415.3;INTERNET MOVEL 2;0.00
2020-06-10;"";19302.5;INTERNET MOVEL 2;0.00
2020-06-11;"";156825.7;INTERNET MOVEL 2;0.00
2020-06-12;"";32253.6;INTERNET MOVEL 2;0.00
2020-06-13;"";33379.2;INTERNET MOVEL 2;0.00
2020-06-14;"";477.0;INTERNET MOVEL 2;0.00
2020-06-15;"";3370.3;INTERNET MOVEL 2;0.00
2020-06-16;"";1003.0;INTERNET MOVEL 2;0.00
2020-06-17;"";329.0;INTERNET MOVEL 2;0.00
2020-06-18;"";411.0;INTERNET MOVEL 2;0.00
2020-06-19;"";81919.9;INTERNET MOVEL 2;0.00
2020-06-20;"";38026.7;INTERNET MOVEL 2;0.00
2020-06-21;"";164846.2;INTERNET MOVEL 2;0.00
2020-06-22;"";608.0;INTERNET MOVEL 2;0.00
2020-06-23;"";8185.8;INTERNET MOVEL 2;0.00
2020-06-24;"";279.0;INTERNET MOVEL 2;0.00
2020-06-25;"";763.0;INTERNET MOVEL 2;0.00
2020-06-26;"";315.0;INTERNET MOVEL 2;0.00
2020-06-27;"";213.0;INTERNET MOVEL 2;0.00
2020-06-28;"";686.0;INTERNET MOVEL 2;0.00
2020-06-29;"";137.0;INTERNET MOVEL 2;0.00
2020-06-30;"";46000.4;INTERNET MOVEL 2;0.00
