data_hora_inicio;nro_telefone_chamado;duracao_ligacao;desc_categoria;valor_ligacao
2020-06-01 11:13:48;51  992592818;18.0;Para Celulares Vivo;
2020-06-01 08:00:50;51  996732270;97.0;Para Celulares Vivo;
2020-06-29 08:22:25;51  33317617;33.0;Para Fixo de Outras Operadoras;
2020-06-27 13:53:54;51  33317617;13.0;Para Fixo de Outras Operadoras;
2020-06-26 09:01:50;51  33317617;9.0;Para Fixo de Outras Operadoras;
2020-06-25 16:55:15;51  32882400;16.0;Para Fixo de Outras Operadoras;
2020-06-25 15:45:20;51  33317617;13.0;Para Fixo de Outras Operadoras;
2020-06-25 15:23:38;51  33317617;33.0;Para Fixo de Outras Operadoras;
2020-06-25 15:18:34;51  30043003;8.0;Para Fixo de Outras Operadoras;
2020-06-25 15:15:42;51  40044003;5.0;Para Fixo de Outras Operadoras;
2020-06-22 16:29:11;51  30858032;19.0;Para Fixo de Outras Operadoras;
2020-06-22 14:11:08;51  33846584;9.0;Para Fixo de Outras Operadoras;
2020-06-22 09:59:09;51  33222494;5.0;Para Fixo de Outras Operadoras;
2020-06-22 09:57:22;51  30950395;5.0;Para Fixo de Outras Operadoras;
2020-06-19 11:19:04;51  33424143;6.0;Para Fixo de Outras Operadoras;
2020-06-16 15:13:16;51  39821406;29.0;Para Fixo de Outras Operadoras;
2020-06-10 15:33:28;51  33203200;17.0;Para Fixo de Outras Operadoras;
2020-06-10 14:26:06;51  33203200;48.0;Para Fixo de Outras Operadoras;
2020-06-05 12:10:00;51  32235788;6.0;Para Fixo de Outras Operadoras;
2020-06-05 08:18:01;51  33317617;5.0;Para Fixo de Outras Operadoras;
2020-06-03 15:04:03;51  33317617;5.0;Para Fixo de Outras Operadoras;
2020-06-02 09:39:41;51  32095163;39.0;Para Fixo de Outras Operadoras;
2020-06-02 09:22:04;51  32095163;6.0;Para Fixo de Outras Operadoras;
2020-06-28 08:26:23;51  985436649;5.0;Para Celulares de Outras Operadoras;
2020-06-26 16:01:24;51  993173269;7.0;Para Celulares de Outras Operadoras;
2020-06-25 14:36:41;51  993173269;12.0;Para Celulares de Outras Operadoras;
2020-06-25 14:28:30;51  993173269;7.0;Para Celulares de Outras Operadoras;
2020-06-25 11:01:49;51  981622429;26.0;Para Celulares de Outras Operadoras;
2020-06-23 08:22:42;51  993438384;5.0;Para Celulares de Outras Operadoras;
2020-06-16 08:21:48;51  985436649;6.0;Para Celulares de Outras Operadoras;
2020-06-15 14:08:10;51  991771271;5.0;Para Celulares de Outras Operadoras;
2020-06-09 18:21:45;51  981110769;8.0;Para Celulares de Outras Operadoras;
2020-06-09 16:00:28;51  991771271;43.0;Para Celulares de Outras Operadoras;
2020-06-26 15:44:07;51  30279797;5.0;Para Fixo Vivo;
2020-06-26 11:31:14;51  21313333;17.0;Para Fixo Vivo;
2020-06-25 14:31:20;51  21313333;16.0;Para Fixo Vivo;
2020-06-24 09:05:06;51  21313333;50.0;Para Fixo Vivo;
2020-06-22 09:38:29;51  21313333;27.0;Para Fixo Vivo;
2020-06-19 11:11:30;51  21313333;11.0;Para Fixo Vivo;
2020-06-30 16:18:41;51  991857215;5.0;Para Celulares Vivo;
2020-06-30 15:05:36;51  999332428;9.0;Para Celulares Vivo;
2020-06-30 11:33:38;51  991857215;5.0;Para Celulares Vivo;
2020-06-30 10:06:29;51  996072559;11.0;Para Celulares Vivo;
2020-06-29 17:19:43;51  991857215;5.0;Para Celulares Vivo;
2020-06-29 14:24:56;51  991857215;5.0;Para Celulares Vivo;
2020-06-29 12:18:22;51  991857215;5.0;Para Celulares Vivo;
2020-06-29 12:00:32;51  991857215;10.0;Para Celulares Vivo;
2020-06-29 08:16:02;51  996072559;5.0;Para Celulares Vivo;
2020-06-28 19:02:10;51  991857215;5.0;Para Celulares Vivo;
2020-06-28 06:24:01;51  991857215;5.0;Para Celulares Vivo;
2020-06-26 09:29:10;51  991857215;5.0;Para Celulares Vivo;
2020-06-25 17:18:58;51  996072559;6.0;Para Celulares Vivo;
2020-06-25 15:22:10;51  999815492;12.0;Para Celulares Vivo;
2020-06-25 14:46:42;51  996072559;12.0;Para Celulares Vivo;
2020-06-25 12:17:25;51  991857215;5.0;Para Celulares Vivo;
2020-06-25 11:05:18;51  992592716;7.0;Para Celulares Vivo;
2020-06-24 11:30:09;51  999012432;10.0;Para Celulares Vivo;
2020-06-24 11:22:46;51  999012432;9.0;Para Celulares Vivo;
2020-06-23 14:54:31;51  996072559;5.0;Para Celulares Vivo;
2020-06-23 14:21:25;51  996072559;6.0;Para Celulares Vivo;
2020-06-22 09:20:54;51  992592803;106.0;Para Celulares Vivo;
2020-06-22 09:11:43;51  992592803;90.0;Para Celulares Vivo;
2020-06-20 09:07:39;51  991857215;5.0;Para Celulares Vivo;
2020-06-19 11:40:48;51  991857215;5.0;Para Celulares Vivo;
2020-06-19 11:33:00;51  992592716;15.0;Para Celulares Vivo;
2020-06-17 10:20:56;51  991857215;15.0;Para Celulares Vivo;
2020-06-17 08:10:09;51  996072559;8.0;Para Celulares Vivo;
2020-06-16 18:28:54;51  991857215;5.0;Para Celulares Vivo;
2020-06-16 17:51:24;51  991857215;6.0;Para Celulares Vivo;
2020-06-16 15:25:30;51  992592716;5.0;Para Celulares Vivo;
2020-06-16 08:58:47;51  992592716;42.0;Para Celulares Vivo;
2020-06-16 08:52:31;51  992592803;16.0;Para Celulares Vivo;
2020-06-15 10:23:01;51  992592716;15.0;Para Celulares Vivo;
2020-06-15 10:22:15;51  992592716;5.0;Para Celulares Vivo;
2020-06-15 08:16:06;51  992592716;5.0;Para Celulares Vivo;
2020-06-14 08:59:39;51  991857215;5.0;Para Celulares Vivo;
2020-06-13 10:11:27;51  992592716;5.0;Para Celulares Vivo;
2020-06-13 09:17:34;51  991857215;465.0;Para Celulares Vivo;
2020-06-13 08:54:30;51  991857215;5.0;Para Celulares Vivo;
2020-06-12 17:39:39;51  991857215;5.0;Para Celulares Vivo;
2020-06-12 16:55:40;51  996072559;6.0;Para Celulares Vivo;
2020-06-12 10:13:49;51  991857215;5.0;Para Celulares Vivo;
2020-06-12 09:54:57;51  991857215;5.0;Para Celulares Vivo;
2020-06-11 09:11:25;51  991857215;5.0;Para Celulares Vivo;
2020-06-10 14:55:01;51  996072559;5.0;Para Celulares Vivo;
2020-06-10 09:36:54;51  992592716;5.0;Para Celulares Vivo;
2020-06-09 08:10:54;51  992592716;9.0;Para Celulares Vivo;
2020-06-08 11:57:35;51  996072559;8.0;Para Celulares Vivo;
2020-06-08 10:28:33;51  991857215;5.0;Para Celulares Vivo;
2020-06-07 09:20:32;51  980314647;5.0;Para Celulares Vivo;
2020-06-05 10:17:44;51  992592716;5.0;Para Celulares Vivo;
2020-06-05 09:08:25;51  991857215;5.0;Para Celulares Vivo;
2020-06-04 16:59:53;51  996072559;5.0;Para Celulares Vivo;
2020-06-04 12:18:54;51  991857215;5.0;Para Celulares Vivo;
2020-06-04 10:57:40;51  995127893;13.0;Para Celulares Vivo;
2020-06-04 09:10:53;51  991857215;5.0;Para Celulares Vivo;
2020-06-03 20:01:46;51  991857215;5.0;Para Celulares Vivo;
2020-06-02 12:19:08;51  991857215;5.0;Para Celulares Vivo;
2020-06-02 09:48:29;51  991857215;33.0;Para Celulares Vivo;
2020-06-01;"";262246.1;INTERNET MOVEL 2;0.00
2020-06-02;"";137856.8;INTERNET MOVEL 2;0.00
2020-06-03;"";103900.4;INTERNET MOVEL 2;0.00
2020-06-04;"";163530.9;INTERNET MOVEL 2;0.00
2020-06-05;"";154762.4;INTERNET MOVEL 2;0.00
2020-06-06;"";523.0;INTERNET MOVEL 2;0.00
2020-06-07;"";57383.8;INTERNET MOVEL 2;0.00
2020-06-08;"";166956.7;INTERNET MOVEL 2;0.00
2020-06-09;"";171607.8;INTERNET MOVEL 2;0.00
2020-06-10;"";99227.3;INTERNET MOVEL 2;0.00
2020-06-11;"";65420.6;INTERNET MOVEL 2;0.00
2020-06-12;"";108127.2;INTERNET MOVEL 2;0.00
2020-06-13;"";2493.0;INTERNET MOVEL 2;0.00
2020-06-14;"";27382.9;INTERNET MOVEL 2;0.00
2020-06-15;"";203339.1;INTERNET MOVEL 2;0.00
2020-06-16;"";52540.1;INTERNET MOVEL 2;0.00
2020-06-17;"";162180.1;INTERNET MOVEL 2;0.00
2020-06-18;"";80390.1;INTERNET MOVEL 2;0.00
2020-06-19;"";66498.2;INTERNET MOVEL 2;0.00
2020-06-20;"";12862.2;INTERNET MOVEL 2;0.00
2020-06-21;"";29791.4;INTERNET MOVEL 2;0.00
2020-06-22;"";102510.1;INTERNET MOVEL 2;0.00
2020-06-23;"";98465.3;INTERNET MOVEL 2;0.00
2020-06-24;"";128418.8;INTERNET MOVEL 2;0.00
2020-06-25;"";73498.6;INTERNET MOVEL 2;0.00
2020-06-26;"";59581.7;INTERNET MOVEL 2;0.00
2020-06-27;"";28831.0;INTERNET MOVEL 2;0.00
2020-06-28;"";76028.3;INTERNET MOVEL 2;0.00
2020-06-29;"";123790.2;INTERNET MOVEL 2;0.00
2020-06-30;"";188060.0;INTERNET MOVEL 2;0.00
2020-07-01;"";8260.0;INTERNET MOVEL 2;0.00
