data_hora_inicio;nro_telefone_chamado;duracao_ligacao;desc_categoria;valor_ligacao
2020-06-30 10:39:33;"";1.0;ADICIONAL;0.00
2020-06-29 20:14:09;4930270850;1.0;ADICIONAL;0.00
2020-06-29 15:52:34;"";1.0;ADICIONAL;0.00
2020-06-27 18:27:48;4930268850;1.0;ADICIONAL;0.00
2020-06-26 08:47:56;"";1.0;ADICIONAL;0.00
2020-06-26 01:39:32;5130362253;1.0;ADICIONAL;0.00
2020-06-25 15:58:23;5130598227;1.0;ADICIONAL;0.00
2020-06-24 12:07:24;"";1.0;ADICIONAL;0.00
2020-06-23 15:08:34;"";1.0;ADICIONAL;0.00
2020-06-23 12:28:51;"";1.0;ADICIONAL;0.00
2020-06-23 11:18:06;"";1.0;ADICIONAL;0.00
2020-06-23 10:02:47;"";1.0;ADICIONAL;0.00
2020-06-22 16:16:55;"";1.0;ADICIONAL;0.00
2020-06-22 14:20:08;"";1.0;ADICIONAL;0.00
2020-06-23 19:46:52;51995863683;1.0;GRATIS-SMS;0.00
2020-06-30 18:01:23;51  995863683;36.0;Para Celulares Vivo;
2020-06-29 18:47:23;14  998886414;143.0;Para Celulares Vivo;
2020-06-29 15:51:42;51  980161383;5.0;Para Celulares Vivo;
2020-06-25 17:06:03;51  980161383;49.0;Para Celulares Vivo;
2020-06-25 14:53:17;51  992592842;15.0;Para Celulares Vivo;
2020-06-25 14:27:06;51  995863683;84.0;Para Celulares Vivo;
2020-06-23 17:54:36;51  995863683;29.0;Para Celulares Vivo;
2020-06-23 11:43:27;51  995863683;144.0;Para Celulares Vivo;
2020-06-30 18:01:23;51  995863683;0.0;Adicional por Ligacoes Realizadas;
2020-06-29 18:47:23;14  998886414;0.0;Adicional por Ligacoes Realizadas;
2020-06-29 15:51:42;51  980161383;0.0;Adicional por Ligacoes Realizadas;
2020-06-26 09:49:54;34  998183854;0.0;Adicional por Ligacoes Realizadas;
2020-06-25 17:06:03;51  980161383;0.0;Adicional por Ligacoes Realizadas;
2020-06-25 14:53:17;51  992592842;0.0;Adicional por Ligacoes Realizadas;
2020-06-25 14:36:02;34  988683409;0.0;Adicional por Ligacoes Realizadas;
2020-06-25 14:27:06;51  995863683;0.0;Adicional por Ligacoes Realizadas;
2020-06-23 17:54:36;51  995863683;0.0;Adicional por Ligacoes Realizadas;
2020-06-23 11:43:27;51  995863683;0.0;Adicional por Ligacoes Realizadas;
2020-06-30 10:39:33;    ;5.0;Chamadas de Longa Distancia para Outros Estados;
2020-06-29 20:14:09;49  30270850;5.0;Chamadas de Longa Distancia para Outros Estados;
2020-06-29 15:52:34;    ;5.0;Chamadas de Longa Distancia para Outros Estados;
2020-06-27 18:27:48;49  30268850;5.0;Chamadas de Longa Distancia para Outros Estados;
2020-06-26 08:47:56;    ;7.0;Chamadas de Longa Distancia para Outros Estados;
2020-06-26 01:39:32;51  30362253;5.0;Chamadas de Longa Distancia para Outros Estados;
2020-06-25 15:58:23;51  30598227;14.0;Chamadas de Longa Distancia para Outros Estados;
2020-06-24 12:07:24;    ;42.0;Chamadas de Longa Distancia para Outros Estados;
2020-06-23 15:08:34;    ;33.0;Chamadas de Longa Distancia para Outros Estados;
2020-06-23 12:28:51;    ;35.0;Chamadas de Longa Distancia para Outros Estados;
2020-06-23 11:18:06;    ;23.0;Chamadas de Longa Distancia para Outros Estados;
2020-06-23 10:02:47;    ;5.0;Chamadas de Longa Distancia para Outros Estados;
2020-06-22 16:16:55;    ;5.0;Chamadas de Longa Distancia para Outros Estados;
2020-06-22 14:20:08;    ;102.0;Chamadas de Longa Distancia para Outros Estados;
2020-06-25 14:36:02;34  988683409;17.0;Para Celulares de Outras Operadoras;
2020-06-26 09:49:54;34  998183854;33.0;Para Celulares Vivo;
2020-06-18 14:35:37;51  980161383;5.0;Para Celulares Vivo;
2020-06-18 14:35:01;51  980161383;5.0;Para Celulares Vivo;
2020-06-06 18:11:00;51  997374978;12.0;Para Celulares Vivo;
2020-06-01;"";4815.0;INTERNET MOVEL 2;0.00
2020-06-02;"";3637.0;INTERNET MOVEL 2;0.00
2020-06-03;"";44856.7;INTERNET MOVEL 2;0.00
2020-06-04;"";267966.8;INTERNET MOVEL 2;0.00
2020-06-05;"";15933.9;INTERNET MOVEL 2;0.00
2020-06-06;"";596.0;INTERNET MOVEL 2;0.00
2020-06-07;"";122720.3;INTERNET MOVEL 2;0.00
2020-06-08;"";26493.4;INTERNET MOVEL 2;0.00
2020-06-09;"";148.0;INTERNET MOVEL 2;0.00
2020-06-10;"";742.0;INTERNET MOVEL 2;0.00
2020-06-11;"";469.0;INTERNET MOVEL 2;0.00
2020-06-12;"";333.0;INTERNET MOVEL 2;0.00
2020-06-13;"";1620.0;INTERNET MOVEL 2;0.00
2020-06-14;"";22425.4;INTERNET MOVEL 2;0.00
2020-06-15;"";18030.6;INTERNET MOVEL 2;0.00
2020-06-16;"";486.0;INTERNET MOVEL 2;0.00
2020-06-17;"";1687.0;INTERNET MOVEL 2;0.00
2020-06-18;"";94758.4;INTERNET MOVEL 2;0.00
2020-06-19;"";38901.8;INTERNET MOVEL 2;0.00
2020-06-20;"";10245.9;INTERNET MOVEL 2;0.00
2020-06-21;"";991.0;INTERNET MOVEL 2;0.00
2020-06-22;"";197226.7;INTERNET MOVEL 2;0.00
2020-06-23;"";72774.6;INTERNET MOVEL 2;0.00
2020-06-24;"";3270.0;INTERNET MOVEL 2;0.00
2020-06-25;"";26214.9;INTERNET MOVEL 2;0.00
2020-06-26;"";48163.7;INTERNET MOVEL 2;0.00
2020-06-27;"";3096.5;INTERNET MOVEL 2;0.00
2020-06-28;"";31009.8;INTERNET MOVEL 2;0.00
2020-06-29;"";93390.2;INTERNET MOVEL 2;0.00
2020-06-30;"";97483.7;INTERNET MOVEL 2;0.00
