data_hora_inicio;nro_telefone_chamado;duracao_ligacao;desc_categoria;valor_ligacao
2020-06-01 19:27:04;51  992592817;7.0;Para Celulares Vivo;
2020-06-01 18:15:14;51  992592817;5.0;Para Celulares Vivo;
2020-06-01 18:13:57;51  992592817;11.0;Para Celulares Vivo;
2020-06-01 09:44:18;51  992592826;76.0;Para Celulares Vivo;
2020-06-20 16:16:54;51  996403589;264.0;Para Celulares de Outras Operadoras;
2020-06-11 22:36:53;51  996403589;26.0;Para Celulares de Outras Operadoras;
2020-06-10 22:29:01;51  996403589;320.0;Para Celulares de Outras Operadoras;
2020-06-03 21:42:01;51  996403589;435.0;Para Celulares de Outras Operadoras;
2020-06-05 09:48:49;51  30652375;33.0;Para Fixo Vivo;
2020-06-03 12:13:02;51  985859422;5.0;Para Fixo Vivo;
2020-06-30 16:58:48;51  992592817;5.0;Para Celulares Vivo;
2020-06-29 17:01:51;51  999601808;5.0;Para Celulares Vivo;
2020-06-29 17:00:54;51  999601808;6.0;Para Celulares Vivo;
2020-06-29 16:56:07;51  999601808;5.0;Para Celulares Vivo;
2020-06-29 12:12:19;51  999601808;5.0;Para Celulares Vivo;
2020-06-29 09:46:37;51  992592826;5.0;Para Celulares Vivo;
2020-06-28 18:09:37;51  999601808;5.0;Para Celulares Vivo;
2020-06-27 11:02:12;51  992592817;5.0;Para Celulares Vivo;
2020-06-20 10:32:23;51  999601808;9.0;Para Celulares Vivo;
2020-06-18 19:40:49;51  992592817;5.0;Para Celulares Vivo;
2020-06-18 18:41:59;51  992592817;8.0;Para Celulares Vivo;
2020-06-15 18:20:15;51  999601808;5.0;Para Celulares Vivo;
2020-06-12 18:51:02;51  992592817;6.0;Para Celulares Vivo;
2020-06-12 18:47:10;51  992592817;23.0;Para Celulares Vivo;
2020-06-11 09:27:30;51  999601808;5.0;Para Celulares Vivo;
2020-06-06 13:28:12;51  999224434;5.0;Para Celulares Vivo;
2020-06-06 13:17:23;51  999224434;9.0;Para Celulares Vivo;
2020-06-04 12:38:29;51  992592817;5.0;Para Celulares Vivo;
2020-06-03 12:11:05;51  999601808;11.0;Para Celulares Vivo;
2020-05-31;"";5943.4;INTERNET MOVEL 2;0.00
2020-06-01;"";134309.4;INTERNET MOVEL 2;0.00
2020-06-02;"";33875.6;INTERNET MOVEL 2;0.00
2020-06-03;"";237119.9;INTERNET MOVEL 2;0.00
2020-06-04;"";186951.3;INTERNET MOVEL 2;0.00
2020-06-05;"";65540.3;INTERNET MOVEL 2;0.00
2020-06-06;"";93027.9;INTERNET MOVEL 2;0.00
2020-06-07;"";159302.3;INTERNET MOVEL 2;0.00
2020-06-08;"";100635.7;INTERNET MOVEL 2;0.00
2020-06-09;"";150355.3;INTERNET MOVEL 2;0.00
2020-06-10;"";41575.0;INTERNET MOVEL 2;0.00
2020-06-11;"";215555.5;INTERNET MOVEL 2;0.00
2020-06-12;"";24959.6;INTERNET MOVEL 2;0.00
2020-06-13;"";73664.5;INTERNET MOVEL 2;0.00
2020-06-14;"";57372.9;INTERNET MOVEL 2;0.00
2020-06-15;"";33099.6;INTERNET MOVEL 2;0.00
2020-06-16;"";25535.9;INTERNET MOVEL 2;0.00
2020-06-17;"";66524.0;INTERNET MOVEL 2;0.00
2020-06-18;"";115933.5;INTERNET MOVEL 2;0.00
2020-06-19;"";22598.3;INTERNET MOVEL 2;0.00
2020-06-20;"";2687.9;INTERNET MOVEL 2;0.00
2020-06-21;"";123896.3;INTERNET MOVEL 2;0.00
2020-06-22;"";75701.6;INTERNET MOVEL 2;0.00
2020-06-23;"";96427.2;INTERNET MOVEL 2;0.00
2020-06-24;"";141169.7;INTERNET MOVEL 2;0.00
2020-06-25;"";70871.9;INTERNET MOVEL 2;0.00
2020-06-26;"";56656.3;INTERNET MOVEL 2;0.00
2020-06-27;"";61214.0;INTERNET MOVEL 2;0.00
2020-06-28;"";13864.9;INTERNET MOVEL 2;0.00
2020-06-29;"";9593.2;INTERNET MOVEL 2;0.00
2020-06-30;"";6953.4;INTERNET MOVEL 2;0.00
