data_hora_inicio;nro_telefone_chamado;duracao_ligacao;desc_categoria;valor_ligacao
2020-06-01 17:16:27;51  30413760;9.0;Para Fixo de Outras Operadoras;
2020-06-01 17:06:29;51  34901420;39.0;Para Fixo de Outras Operadoras;
2020-06-01 17:02:42;51  34697874;20.0;Para Fixo de Outras Operadoras;
2020-06-01 16:21:44;51  34648500;47.0;Para Fixo de Outras Operadoras;
2020-06-01 15:46:22;51  34317117;53.0;Para Fixo de Outras Operadoras;
2020-06-01 08:05:16;51  34703568;20.0;Para Fixo de Outras Operadoras;
2020-06-01 15:06:57;51  994591670;5.0;Para Celulares de Outras Operadoras;
2020-06-01 11:18:39;51  984226569;31.0;Para Celulares de Outras Operadoras;
2020-06-01 16:37:37;51  981666572;32.0;Para Fixo Vivo;
2020-06-01 16:19:18;51  30439000;11.0;Para Fixo Vivo;
2020-06-01 16:18:23;51  30439000;6.0;Para Fixo Vivo;
2020-06-01 16:17:16;51  30439000;9.0;Para Fixo Vivo;
2020-06-22 14:33:06;13  988744479;74.0;Para Celulares de Outras Operadoras;
2020-06-15 13:59:40;11  48947300;16.0;Para Fixo Vivo;
2020-06-15 13:58:24;11  48947300;9.0;Para Fixo Vivo;
2020-06-15 13:56:41;11  48947300;14.0;Para Fixo Vivo;
2020-06-15 13:40:40;11  48947300;14.0;Para Fixo Vivo;
2020-06-15 13:39:21;11  48947300;10.0;Para Fixo Vivo;
2020-06-15 13:38:17;11  48947300;7.0;Para Fixo Vivo;
2020-06-22 14:30:05;11  970913310;101.0;Para Celulares Vivo;
2020-06-15 13:34:43;11  970913310;5.0;Para Celulares Vivo;
2020-06-14 00:08:37;13  5;5.0;"";
2020-06-25 14:52:10;51  30187248;5.0;Para Fixo de Outras Operadoras;
2020-06-24 14:22:19;51  30033030;67.0;Para Fixo de Outras Operadoras;
2020-06-22 19:45:06;51  30033030;26.0;Para Fixo de Outras Operadoras;
2020-06-19 17:04:28;51  32396637;8.0;Para Fixo de Outras Operadoras;
2020-06-19 17:03:22;51  32252378;5.0;Para Fixo de Outras Operadoras;
2020-06-19 11:15:55;51  30033030;40.0;Para Fixo de Outras Operadoras;
2020-06-16 16:31:55;51  34977285;13.0;Para Fixo de Outras Operadoras;
2020-06-08 16:06:04;51  34902679;15.0;Para Fixo de Outras Operadoras;
2020-06-05 09:28:39;51  33744958;16.0;Para Fixo de Outras Operadoras;
2020-06-02 19:01:00;51  30478888;18.0;Para Fixo de Outras Operadoras;
2020-06-02 15:04:01;51  34977285;5.0;Para Fixo de Outras Operadoras;
2020-06-26 18:28:55;51  994388133;17.0;Para Celulares de Outras Operadoras;
2020-06-24 13:30:36;51  994591670;5.0;Para Celulares de Outras Operadoras;
2020-06-24 13:12:25;51  994591670;5.0;Para Celulares de Outras Operadoras;
2020-06-24 10:40:30;51  994591670;25.0;Para Celulares de Outras Operadoras;
2020-06-12 13:42:32;51  984226569;5.0;Para Celulares de Outras Operadoras;
2020-06-12 12:33:41;51  984226569;6.0;Para Celulares de Outras Operadoras;
2020-06-11 17:31:54;51  984226569;10.0;Para Celulares de Outras Operadoras;
2020-06-26 18:23:13;51  34702164;5.0;Para Fixo Vivo;
2020-06-25 14:47:37;51  34387711;5.0;Para Fixo Vivo;
2020-06-19 19:32:36;51  981666572;10.0;Para Fixo Vivo;
2020-06-19 19:08:21;51  981666572;6.0;Para Fixo Vivo;
2020-06-19 17:27:10;51  981666572;12.0;Para Fixo Vivo;
2020-06-19 16:28:33;51  981666572;10.0;Para Fixo Vivo;
2020-06-18 19:45:46;51  30033030;156.0;Para Fixo Vivo;
2020-06-18 19:35:16;51  30033030;94.0;Para Fixo Vivo;
2020-06-18 15:07:27;51  981666572;8.0;Para Fixo Vivo;
2020-06-18 11:49:39;51  34906323;13.0;Para Fixo Vivo;
2020-06-18 08:28:39;51  981666572;7.0;Para Fixo Vivo;
2020-06-16 16:46:10;51  34844620;7.0;Para Fixo Vivo;
2020-06-15 15:29:35;51  30033030;92.0;Para Fixo Vivo;
2020-06-12 13:37:12;51  981666572;12.0;Para Fixo Vivo;
2020-06-11 17:30:15;51  981666572;9.0;Para Fixo Vivo;
2020-06-10 11:53:20;51  981666572;83.0;Para Fixo Vivo;
2020-06-08 18:07:20;51  981666572;20.0;Para Fixo Vivo;
2020-06-05 13:15:26;51  981666572;107.0;Para Fixo Vivo;
2020-06-03 18:21:11;51  981666572;26.0;Para Fixo Vivo;
2020-06-03 16:51:01;51  981666572;88.0;Para Fixo Vivo;
2020-06-30 20:19:06;51  996046828;22.0;Para Celulares Vivo;
2020-06-30 16:45:43;51  999568686;5.0;Para Celulares Vivo;
2020-06-30 15:53:30;51  999533536;41.0;Para Celulares Vivo;
2020-06-30 14:06:06;51  996781699;18.0;Para Celulares Vivo;
2020-06-29 15:57:29;51  981679714;16.0;Para Celulares Vivo;
2020-06-29 15:45:51;51  981679714;26.0;Para Celulares Vivo;
2020-06-27 16:43:23;51  995838788;6.0;Para Celulares Vivo;
2020-06-27 13:23:24;51  996046828;35.0;Para Celulares Vivo;
2020-06-25 17:16:55;51  996781699;94.0;Para Celulares Vivo;
2020-06-22 11:57:14;51  995838788;5.0;Para Celulares Vivo;
2020-06-22 08:57:55;51  995838788;24.0;Para Celulares Vivo;
2020-06-19 17:33:20;51  999296479;5.0;Para Celulares Vivo;
2020-06-19 17:06:22;51  999296479;14.0;Para Celulares Vivo;
2020-06-16 21:02:19;51  996046828;8.0;Para Celulares Vivo;
2020-06-16 15:09:01;51  997417232;7.0;Para Celulares Vivo;
2020-06-16 06:46:28;51  996046828;104.0;Para Celulares Vivo;
2020-06-15 15:51:46;51  992377124;5.0;Para Celulares Vivo;
2020-06-09 17:00:16;51  995838788;8.0;Para Celulares Vivo;
2020-06-09 11:55:45;51  996046828;52.0;Para Celulares Vivo;
2020-06-08 18:13:15;51  993320336;33.0;Para Celulares Vivo;
2020-06-08 11:46:36;51  993320336;5.0;Para Celulares Vivo;
2020-06-08 11:44:46;51  995838788;10.0;Para Celulares Vivo;
2020-06-06 11:48:38;51  984426579;16.0;Para Celulares Vivo;
2020-06-05 09:30:38;51  981679714;103.0;Para Celulares Vivo;
2020-06-03 09:27:28;51  993320336;5.0;Para Celulares Vivo;
2020-06-02 08:26:12;51  995838788;19.0;Para Celulares Vivo;
2020-06-01;"";153256.4;INTERNET MOVEL 2;0.00
2020-06-02;"";51100.8;INTERNET MOVEL 2;0.00
2020-06-03;"";217871.6;INTERNET MOVEL 2;0.00
2020-06-04;"";244316.1;INTERNET MOVEL 2;0.00
2020-06-05;"";19016.7;INTERNET MOVEL 2;0.00
2020-06-06;"";3518.5;INTERNET MOVEL 2;0.00
2020-06-07;"";12681.3;INTERNET MOVEL 2;0.00
2020-06-08;"";44450.8;INTERNET MOVEL 2;0.00
2020-06-09;"";49646.5;INTERNET MOVEL 2;0.00
2020-06-10;"";7754.2;INTERNET MOVEL 2;0.00
2020-06-11;"";42672.9;INTERNET MOVEL 2;0.00
2020-06-12;"";39508.1;INTERNET MOVEL 2;0.00
2020-06-13;"";592.0;INTERNET MOVEL 2;0.00
2020-06-14;"";48112.3;INTERNET MOVEL 2;0.00
2020-06-15;"";1276.0;INTERNET MOVEL 2;0.00
2020-06-16;"";5649.4;INTERNET MOVEL 2;0.00
2020-06-17;"";82341.5;INTERNET MOVEL 2;0.00
2020-06-18;"";65956.6;INTERNET MOVEL 2;0.00
2020-06-19;"";50990.9;INTERNET MOVEL 2;0.00
2020-06-20;"";47.0;INTERNET MOVEL 2;0.00
2020-06-21;"";22562.5;INTERNET MOVEL 2;0.00
2020-06-22;"";2494.0;INTERNET MOVEL 2;0.00
2020-06-23;"";776.0;INTERNET MOVEL 2;0.00
2020-06-24;"";1017.0;INTERNET MOVEL 2;0.00
2020-06-25;"";13997.4;INTERNET MOVEL 2;0.00
2020-06-26;"";9569.4;INTERNET MOVEL 2;0.00
2020-06-27;"";89748.4;INTERNET MOVEL 2;0.00
2020-06-28;"";3053.7;INTERNET MOVEL 2;0.00
2020-06-29;"";3761.0;INTERNET MOVEL 2;0.00
2020-06-30;"";32501.2;INTERNET MOVEL 2;0.00
