data_hora_inicio;nro_telefone_chamado;duracao_ligacao;desc_categoria;valor_ligacao
2020-06-27 20:03:35;*5  55;8.0;"";
2020-06-25 16:00:03;*5  55;6.0;"";
2020-06-24 15:57:00;*5  55;5.0;"";
2020-06-24 15:55:57;*5  55;9.0;"";
2020-06-10 16:00:57;*5  55;11.0;"";
2020-06-06 09:58:29;*5  55;6.0;"";
2020-06-27 08:43:25;51  40043700;20.0;Para Fixo de Outras Operadoras;
2020-06-17 13:11:11;51  34837546;5.0;Para Fixo de Outras Operadoras;
2020-06-09 09:54:36;51  34427559;53.0;Para Fixo de Outras Operadoras;
2020-06-30 17:13:21;51  982353601;44.0;Para Celulares de Outras Operadoras;
2020-06-30 16:26:41;51  991456390;159.0;Para Celulares de Outras Operadoras;
2020-06-27 09:46:51;51  991456390;22.0;Para Celulares de Outras Operadoras;
2020-06-26 13:34:22;51  991456390;5.0;Para Celulares de Outras Operadoras;
2020-06-24 21:25:12;51  991456390;5.0;Para Celulares de Outras Operadoras;
2020-06-24 20:06:01;51  991456390;5.0;Para Celulares de Outras Operadoras;
2020-06-24 18:50:18;51  991456390;10.0;Para Celulares de Outras Operadoras;
2020-06-24 18:48:56;51  991456390;7.0;Para Celulares de Outras Operadoras;
2020-06-24 18:07:35;51  984547713;8.0;Para Celulares de Outras Operadoras;
2020-06-24 12:01:40;51  984547713;193.0;Para Celulares de Outras Operadoras;
2020-06-24 08:24:10;51  991987887;55.0;Para Celulares de Outras Operadoras;
2020-06-19 12:38:06;51  984547713;12.0;Para Celulares de Outras Operadoras;
2020-06-19 12:18:18;51  993173269;37.0;Para Celulares de Outras Operadoras;
2020-06-18 10:42:38;51  984547713;160.0;Para Celulares de Outras Operadoras;
2020-06-18 09:22:32;51  991771271;33.0;Para Celulares de Outras Operadoras;
2020-06-15 16:23:10;51  984547713;99.0;Para Celulares de Outras Operadoras;
2020-06-15 09:08:31;51  984547713;114.0;Para Celulares de Outras Operadoras;
2020-06-09 10:47:45;51  993933156;168.0;Para Celulares de Outras Operadoras;
2020-06-08 09:44:46;51  982353601;34.0;Para Celulares de Outras Operadoras;
2020-06-04 17:16:13;51  991456390;25.0;Para Celulares de Outras Operadoras;
2020-06-03 18:10:55;51  991456390;5.0;Para Celulares de Outras Operadoras;
2020-06-30 17:08:30;51  32270607;14.0;Para Fixo Vivo;
2020-06-27 19:58:19;51  34921922;27.0;Para Fixo Vivo;
2020-06-15 10:45:02;51  32270607;31.0;Para Fixo Vivo;
2020-06-10 10:35:31;51  30789231;5.0;Para Fixo Vivo;
2020-06-04 15:48:28;51  34833171;19.0;Para Fixo Vivo;
2020-06-30 22:36:04;51  998880358;41.0;Para Celulares Vivo;
2020-06-27 11:04:32;51  997054772;80.0;Para Celulares Vivo;
2020-06-24 18:40:05;51  997054572;20.0;Para Celulares Vivo;
2020-06-24 08:22:16;51  997303078;6.0;Para Celulares Vivo;
2020-06-19 12:23:38;51  992592148;54.0;Para Celulares Vivo;
2020-06-18 09:35:41;51  991034807;29.0;Para Celulares Vivo;
2020-06-18 09:04:03;51  992592819;14.0;Para Celulares Vivo;
2020-06-05 09:06:56;51  998622906;34.0;Para Celulares Vivo;
2020-06-04 12:39:50;51  997054572;5.0;Para Celulares Vivo;
2020-06-01;"";798.0;INTERNET MOVEL 2;0.00
2020-06-02;"";1736.0;INTERNET MOVEL 2;0.00
2020-06-03;"";520.0;INTERNET MOVEL 2;0.00
2020-06-04;"";33314.3;INTERNET MOVEL 2;0.00
2020-06-05;"";725.0;INTERNET MOVEL 2;0.00
2020-06-06;"";3679.0;INTERNET MOVEL 2;0.00
2020-06-07;"";929.0;INTERNET MOVEL 2;0.00
2020-06-08;"";589.0;INTERNET MOVEL 2;0.00
2020-06-09;"";4056.3;INTERNET MOVEL 2;0.00
2020-06-10;"";690.0;INTERNET MOVEL 2;0.00
2020-06-11;"";783.0;INTERNET MOVEL 2;0.00
2020-06-12;"";862.0;INTERNET MOVEL 2;0.00
2020-06-13;"";982.0;INTERNET MOVEL 2;0.00
2020-06-14;"";3632.0;INTERNET MOVEL 2;0.00
2020-06-15;"";632.0;INTERNET MOVEL 2;0.00
2020-06-16;"";28831.6;INTERNET MOVEL 2;0.00
2020-06-17;"";20019.2;INTERNET MOVEL 2;0.00
2020-06-18;"";1015.0;INTERNET MOVEL 2;0.00
2020-06-19;"";2131.2;INTERNET MOVEL 2;0.00
2020-06-20;"";3847.0;INTERNET MOVEL 2;0.00
2020-06-21;"";846.0;INTERNET MOVEL 2;0.00
2020-06-22;"";902.0;INTERNET MOVEL 2;0.00
2020-06-23;"";912.0;INTERNET MOVEL 2;0.00
2020-06-24;"";16552.9;INTERNET MOVEL 2;0.00
2020-06-25;"";728.0;INTERNET MOVEL 2;0.00
2020-06-26;"";10119.8;INTERNET MOVEL 2;0.00
2020-06-27;"";1494.0;INTERNET MOVEL 2;0.00
2020-06-28;"";687.0;INTERNET MOVEL 2;0.00
2020-06-29;"";624.0;INTERNET MOVEL 2;0.00
2020-06-30;"";143584.9;INTERNET MOVEL 2;0.00
2020-07-01;"";61.0;INTERNET MOVEL 2;0.00
