data_hora_inicio;nro_telefone_chamado;duracao_ligacao;desc_categoria;valor_ligacao
2020-06-06 15:42:24;51  985161937;6.0;Para Fixo Vivo;
2020-06-03 09:58:35;51  985161937;96.0;Para Fixo Vivo;
2020-06-24 20:09:28;51  984274504;180.0;Para Celulares Vivo;
2020-06-22 18:40:31;51  992592817;102.0;Para Celulares Vivo;
2020-06-16 14:50:56;51  992592817;5.0;Para Celulares Vivo;
2020-06-03 09:54:47;51  989028545;5.0;Para Celulares Vivo;
2020-06-01;"";1124.0;INTERNET MOVEL 2;0.00
2020-06-02;"";2593.0;INTERNET MOVEL 2;0.00
2020-06-03;"";2104.9;INTERNET MOVEL 2;0.00
2020-06-04;"";5230.0;INTERNET MOVEL 2;0.00
2020-06-05;"";565.0;INTERNET MOVEL 2;0.00
2020-06-06;"";1166.0;INTERNET MOVEL 2;0.00
2020-06-07;"";989.0;INTERNET MOVEL 2;0.00
2020-06-08;"";437.0;INTERNET MOVEL 2;0.00
2020-06-09;"";15364.0;INTERNET MOVEL 2;0.00
2020-06-10;"";9035.0;INTERNET MOVEL 2;0.00
2020-06-11;"";4784.3;INTERNET MOVEL 2;0.00
2020-06-12;"";10642.0;INTERNET MOVEL 2;0.00
2020-06-13;"";5579.0;INTERNET MOVEL 2;0.00
2020-06-14;"";620.0;INTERNET MOVEL 2;0.00
2020-06-15;"";294.0;INTERNET MOVEL 2;0.00
2020-06-16;"";659.0;INTERNET MOVEL 2;0.00
2020-06-17;"";2516.7;INTERNET MOVEL 2;0.00
2020-06-18;"";1111.0;INTERNET MOVEL 2;0.00
2020-06-19;"";813.0;INTERNET MOVEL 2;0.00
2020-06-20;"";18713.0;INTERNET MOVEL 2;0.00
2020-06-21;"";5507.0;INTERNET MOVEL 2;0.00
2020-06-22;"";834.0;INTERNET MOVEL 2;0.00
2020-06-23;"";747.0;INTERNET MOVEL 2;0.00
2020-06-24;"";7109.0;INTERNET MOVEL 2;0.00
2020-06-25;"";3855.0;INTERNET MOVEL 2;0.00
2020-06-26;"";289.0;INTERNET MOVEL 2;0.00
2020-06-27;"";36017.0;INTERNET MOVEL 2;0.00
2020-06-28;"";2816.0;INTERNET MOVEL 2;0.00
2020-06-29;"";18583.0;INTERNET MOVEL 2;0.00
2020-06-30;"";31084.0;INTERNET MOVEL 2;0.00
2020-07-01;"";7.0;INTERNET MOVEL 2;0.00
