data_hora_inicio;nro_telefone_chamado;duracao_ligacao;desc_categoria;valor_ligacao
2020-06-19 09:43:19;51  32242103;5.0;Para Fixo de Outras Operadoras;
2020-06-19 15:59:46;11  991293450;97.0;Para Celulares de Outras Operadoras;
2020-06-12 10:54:43;51  30724367;156.0;Para Fixo Vivo;
2020-06-11 20:09:38;51  30724367;27.0;Para Fixo Vivo;
2020-06-10 13:02:47;51  30724367;81.0;Para Fixo Vivo;
2020-06-10 09:21:49;51  30724367;14.0;Para Fixo Vivo;
2020-06-10 08:59:16;51  30724367;7.0;Para Fixo Vivo;
2020-06-10 08:45:33;51  30724367;11.0;Para Fixo Vivo;
2020-06-09 19:54:22;51  30724367;6.0;Para Fixo Vivo;
2020-06-18 22:23:15;51  998427333;6.0;Para Celulares Vivo;
2020-06-17 22:59:41;51  998427333;5.0;Para Celulares Vivo;
2020-06-17 22:22:22;51  998427333;5.0;Para Celulares Vivo;
2020-06-17 13:04:59;51  995761438;66.0;Para Celulares Vivo;
2020-06-17 11:03:22;51  992592817;484.0;Para Celulares Vivo;
2020-06-15 17:11:59;51  998427333;9.0;Para Celulares Vivo;
2020-06-15 14:27:07;51  998427333;10.0;Para Celulares Vivo;
2020-06-15 14:25:45;51  998427333;6.0;Para Celulares Vivo;
2020-06-14 21:00:33;51  998427333;5.0;Para Celulares Vivo;
2020-06-12 17:37:22;51  998427333;7.0;Para Celulares Vivo;
2020-06-12 16:01:44;51  984274504;23.0;Para Celulares Vivo;
2020-06-11 18:11:58;51  996756187;5.0;Para Celulares Vivo;
2020-06-10 09:00:19;51  984274504;85.0;Para Celulares Vivo;
2020-06-24 15:33:04;11  991293450;24.0;Para Celulares de Outras Operadoras;
2020-06-24 09:51:33;11  991293450;5.0;Para Celulares de Outras Operadoras;
2020-06-23 14:37:32;11  991293450;51.0;Para Celulares de Outras Operadoras;
2020-06-11 11:46:28;53  991560505;5.0;Para Celulares de Outras Operadoras;
2020-06-10 09:13:29;53  984323338;24.0;Para Celulares Vivo;
2020-06-30 12:09:49;51  32156400;145.0;Para Fixo de Outras Operadoras;
2020-06-24 09:17:44;51  985279177;14.0;Para Celulares de Outras Operadoras;
2020-06-26 14:03:22;51  992592803;26.0;Para Celulares Vivo;
2020-06-24 17:34:51;51  992592154;29.0;Para Celulares Vivo;
2020-06-24 13:13:27;51  998427333;7.0;Para Celulares Vivo;
2020-06-24 09:36:40;51  992592817;49.0;Para Celulares Vivo;
2020-06-24 09:28:28;51  989028545;12.0;Para Celulares Vivo;
2020-06-24 09:22:21;51  989028545;13.0;Para Celulares Vivo;
2020-06-20 11:51:23;51  998427333;5.0;Para Celulares Vivo;
2020-06-20 11:33:00;51  998427333;6.0;Para Celulares Vivo;
2020-06-09 08:18:52;51  992592154;110.0;Para Celulares Vivo;
2020-06-03 15:10:13;51  997993115;16.0;Para Celulares Vivo;
2020-06-01;"";40419.4;INTERNET MOVEL 2;0.00
2020-06-02;"";6900.8;INTERNET MOVEL 2;0.00
2020-06-03;"";1260.0;INTERNET MOVEL 2;0.00
2020-06-04;"";2645.5;INTERNET MOVEL 2;0.00
2020-06-05;"";48531.1;INTERNET MOVEL 2;0.00
2020-06-06;"";166523.5;INTERNET MOVEL 2;0.00
2020-06-07;"";36584.1;INTERNET MOVEL 2;0.00
2020-06-08;"";22961.4;INTERNET MOVEL 2;0.00
2020-06-09;"";67578.3;INTERNET MOVEL 2;0.00
2020-06-10;"";54011.7;INTERNET MOVEL 2;0.00
2020-06-11;"";124194.9;INTERNET MOVEL 2;0.00
2020-06-12;"";172546.6;INTERNET MOVEL 2;0.00
2020-06-13;"";89433.5;INTERNET MOVEL 2;0.00
2020-06-14;"";113489.4;INTERNET MOVEL 2;0.00
2020-06-15;"";112505.7;INTERNET MOVEL 2;0.00
2020-06-16;"";121685.8;INTERNET MOVEL 2;0.00
2020-06-17;"";185795.8;INTERNET MOVEL 2;0.00
2020-06-18;"";174012.4;INTERNET MOVEL 2;0.00
2020-06-19;"";193657.0;INTERNET MOVEL 2;0.00
2020-06-20;"";103501.6;INTERNET MOVEL 2;0.00
2020-06-21;"";6986.4;INTERNET MOVEL 2;0.00
2020-06-22;"";32739.8;INTERNET MOVEL 2;0.00
2020-06-23;"";73733.4;INTERNET MOVEL 2;0.00
2020-06-24;"";126486.1;INTERNET MOVEL 2;0.00
2020-06-25;"";51622.4;INTERNET MOVEL 2;0.00
2020-06-26;"";29888.2;INTERNET MOVEL 2;0.00
2020-06-27;"";17028.1;INTERNET MOVEL 2;0.00
2020-06-28;"";74161.2;INTERNET MOVEL 2;0.00
2020-06-29;"";207533.8;INTERNET MOVEL 2;0.00
2020-06-30;"";13545.4;INTERNET MOVEL 2;0.00
