data_hora_inicio;nro_telefone_chamado;duracao_ligacao;desc_categoria;valor_ligacao
2020-06-18 11:27:00;51999862525;1.0;GRATIS-SMS;0.00
2020-06-17 10:20:32;51991034807;1.0;GRATIS-SMS;0.00
2020-06-10 11:51:30;51999862525;1.0;GRATIS-SMS;0.00
2020-06-09 11:01:33;51985758648;1.0;GRATIS-SMS;0.00
2020-06-05 11:43:39;51999862525;1.0;GRATIS-SMS;0.00
2020-06-01 17:49:18;51  991899959;101.0;Para Celulares de Outras Operadoras;
2020-06-01 16:21:13;51  991034807;77.0;Para Celulares Vivo;
2020-06-01 14:50:22;51  992592889;52.0;Para Celulares Vivo;
2020-06-01 14:47:15;51  992580847;83.0;Para Celulares Vivo;
2020-06-01 14:11:29;51  992592834;10.0;Para Celulares Vivo;
2020-06-01 11:41:11;51  992580847;56.0;Para Celulares Vivo;
2020-06-21 11:39:13;11  941957628;15.0;Para Celulares de Outras Operadoras;
2020-06-19 18:34:40;11  996429491;106.0;Para Celulares de Outras Operadoras;
2020-06-11 16:17:38;11  941957628;32.0;Para Celulares de Outras Operadoras;
2020-06-03 15:37:06;61  991191468;5.0;Para Celulares de Outras Operadoras;
2020-06-17 15:03:34;11  984719721;5.0;Para Celulares Vivo;
2020-06-04 16:56:36;11  984719726;45.0;Para Celulares Vivo;
2020-06-04 16:51:43;31  997649947;45.0;Para Celulares Vivo;
2020-06-10 12:41:19;54  999714048;17.0;Para Celulares Vivo;
2020-06-04 10:47:03;54  999714048;170.0;Para Celulares Vivo;
2020-06-01 16:34:41;54  999714048;15.0;Para Celulares Vivo;
2020-06-10 10:39:02;51  33660109;19.0;Para Fixo de Outras Operadoras;
2020-06-10 10:32:11;51  33660109;8.0;Para Fixo de Outras Operadoras;
2020-06-30 17:33:40;51  991899959;5.0;Para Celulares de Outras Operadoras;
2020-06-30 13:33:53;51  993634341;8.0;Para Celulares de Outras Operadoras;
2020-06-29 13:49:51;51  985758648;7.0;Para Celulares de Outras Operadoras;
2020-06-29 13:43:24;51  985758648;6.0;Para Celulares de Outras Operadoras;
2020-06-27 14:14:05;51  981166895;29.0;Para Celulares de Outras Operadoras;
2020-06-26 09:36:11;51  985758648;5.0;Para Celulares de Outras Operadoras;
2020-06-24 07:29:33;51  992182234;5.0;Para Celulares de Outras Operadoras;
2020-06-23 19:22:01;51  993156497;5.0;Para Celulares de Outras Operadoras;
2020-06-23 16:02:37;51  993173269;14.0;Para Celulares de Outras Operadoras;
2020-06-23 12:08:58;51  985758648;5.0;Para Celulares de Outras Operadoras;
2020-06-23 11:40:05;51  985758648;10.0;Para Celulares de Outras Operadoras;
2020-06-22 17:45:48;51  985758648;63.0;Para Celulares de Outras Operadoras;
2020-06-18 18:20:13;51  985758648;13.0;Para Celulares de Outras Operadoras;
2020-06-17 18:01:38;51  982688177;20.0;Para Celulares de Outras Operadoras;
2020-06-17 14:43:53;51  993173269;67.0;Para Celulares de Outras Operadoras;
2020-06-17 10:41:29;51  985758648;12.0;Para Celulares de Outras Operadoras;
2020-06-16 16:33:58;51  985758648;27.0;Para Celulares de Outras Operadoras;
2020-06-16 15:21:22;51  993173269;5.0;Para Celulares de Outras Operadoras;
2020-06-16 15:02:19;51  993173269;16.0;Para Celulares de Outras Operadoras;
2020-06-16 15:00:26;51  985758648;14.0;Para Celulares de Outras Operadoras;
2020-06-16 11:29:47;51  993634341;10.0;Para Celulares de Outras Operadoras;
2020-06-15 17:09:53;51  985758648;21.0;Para Celulares de Outras Operadoras;
2020-06-15 16:05:29;51  985758648;53.0;Para Celulares de Outras Operadoras;
2020-06-15 10:31:44;51  985758648;15.0;Para Celulares de Outras Operadoras;
2020-06-15 10:20:04;51  985758648;5.0;Para Celulares de Outras Operadoras;
2020-06-15 08:50:22;51  985758648;13.0;Para Celulares de Outras Operadoras;
2020-06-13 14:26:00;51  993156497;5.0;Para Celulares de Outras Operadoras;
2020-06-09 15:14:43;51  993634341;17.0;Para Celulares de Outras Operadoras;
2020-06-09 13:57:42;51  985758648;128.0;Para Celulares de Outras Operadoras;
2020-06-05 18:51:12;51  993156497;5.0;Para Celulares de Outras Operadoras;
2020-06-05 14:21:37;51  985758648;5.0;Para Celulares de Outras Operadoras;
2020-06-03 15:25:24;51  985758648;13.0;Para Celulares de Outras Operadoras;
2020-06-03 14:27:39;51  991899959;37.0;Para Celulares de Outras Operadoras;
2020-06-02 20:52:29;51  993156497;7.0;Para Celulares de Outras Operadoras;
2020-06-02 16:42:32;51  985758648;14.0;Para Celulares de Outras Operadoras;
2020-06-02 16:01:45;51  985758648;11.0;Para Celulares de Outras Operadoras;
2020-06-30 20:56:31;51  996335987;17.0;Para Celulares Vivo;
2020-06-30 20:54:42;51  999011587;15.0;Para Celulares Vivo;
2020-06-30 20:51:38;51  996335987;19.0;Para Celulares Vivo;
2020-06-30 20:35:02;51  999733711;23.0;Para Celulares Vivo;
2020-06-30 12:20:41;51  992592148;21.0;Para Celulares Vivo;
2020-06-28 17:57:48;51  999011587;24.0;Para Celulares Vivo;
2020-06-26 14:34:33;51  992592816;64.0;Para Celulares Vivo;
2020-06-25 17:49:13;51  999862525;102.0;Para Celulares Vivo;
2020-06-25 16:49:59;51  991014112;91.0;Para Celulares Vivo;
2020-06-25 16:29:08;51  992592817;151.0;Para Celulares Vivo;
2020-06-25 14:45:17;51  992592148;9.0;Para Celulares Vivo;
2020-06-25 14:07:40;51  992592816;21.0;Para Celulares Vivo;
2020-06-25 13:08:25;51  991400926;7.0;Para Celulares Vivo;
2020-06-25 08:35:53;51  992580847;7.0;Para Celulares Vivo;
2020-06-25 08:30:51;51  992580847;5.0;Para Celulares Vivo;
2020-06-24 11:17:33;51  992592816;265.0;Para Celulares Vivo;
2020-06-24 08:17:39;51  991200777;72.0;Para Celulares Vivo;
2020-06-23 15:08:32;51  999671930;5.0;Para Celulares Vivo;
2020-06-23 11:42:06;51  992580847;6.0;Para Celulares Vivo;
2020-06-22 14:07:06;51  992580847;40.0;Para Celulares Vivo;
2020-06-22 09:12:07;51  999862525;87.0;Para Celulares Vivo;
2020-06-22 08:38:42;51  992580847;20.0;Para Celulares Vivo;
2020-06-21 19:08:41;51  999011587;57.0;Para Celulares Vivo;
2020-06-21 15:37:09;51  999591531;195.0;Para Celulares Vivo;
2020-06-19 09:35:04;51  980495967;19.0;Para Celulares Vivo;
2020-06-18 11:47:57;51  999862525;18.0;Para Celulares Vivo;
2020-06-17 15:39:56;51  998447472;50.0;Para Celulares Vivo;
2020-06-17 10:40:04;51  991034807;11.0;Para Celulares Vivo;
2020-06-16 16:55:25;51  992592888;8.0;Para Celulares Vivo;
2020-06-16 09:33:52;51  992592816;264.0;Para Celulares Vivo;
2020-06-15 15:10:37;51  999862525;7.0;Para Celulares Vivo;
2020-06-15 15:04:18;51  999862525;9.0;Para Celulares Vivo;
2020-06-15 14:43:13;51  999862525;18.0;Para Celulares Vivo;
2020-06-15 14:33:45;51  992592843;28.0;Para Celulares Vivo;
2020-06-15 14:30:24;51  999862525;29.0;Para Celulares Vivo;
2020-06-15 11:53:31;51  992592148;5.0;Para Celulares Vivo;
2020-06-14 16:36:02;51  996335987;5.0;Para Celulares Vivo;
2020-06-12 19:09:26;51  996335987;66.0;Para Celulares Vivo;
2020-06-11 17:33:13;51  999011587;47.0;Para Celulares Vivo;
2020-06-11 16:14:45;51  992592834;21.0;Para Celulares Vivo;
2020-06-10 09:53:34;51  999681341;28.0;Para Celulares Vivo;
2020-06-10 09:04:32;51  991014112;18.0;Para Celulares Vivo;
2020-06-09 16:34:39;51  992592816;7.0;Para Celulares Vivo;
2020-06-09 13:55:36;51  997293283;12.0;Para Celulares Vivo;
2020-06-09 09:36:05;51  992580847;26.0;Para Celulares Vivo;
2020-06-08 17:13:14;51  992592816;250.0;Para Celulares Vivo;
2020-06-08 12:07:54;51  992580847;43.0;Para Celulares Vivo;
2020-06-08 11:47:24;51  999862525;13.0;Para Celulares Vivo;
2020-06-08 10:03:29;51  997293283;23.0;Para Celulares Vivo;
2020-06-06 11:02:14;51  992592834;6.0;Para Celulares Vivo;
2020-06-05 16:20:02;51  992592817;5.0;Para Celulares Vivo;
2020-06-05 14:37:21;51  998447472;6.0;Para Celulares Vivo;
2020-06-05 14:22:50;51  992592817;8.0;Para Celulares Vivo;
2020-06-05 14:20:02;51  991014112;12.0;Para Celulares Vivo;
2020-06-05 14:18:15;51  992592816;11.0;Para Celulares Vivo;
2020-06-05 10:01:00;51  992580847;5.0;Para Celulares Vivo;
2020-06-05 08:59:55;51  992580847;23.0;Para Celulares Vivo;
2020-06-04 17:03:22;51  998447472;5.0;Para Celulares Vivo;
2020-06-04 16:45:07;51  992592817;60.0;Para Celulares Vivo;
2020-06-04 16:38:13;51  991034807;61.0;Para Celulares Vivo;
2020-06-04 15:59:27;51  999862525;107.0;Para Celulares Vivo;
2020-06-04 11:06:45;51  991014112;27.0;Para Celulares Vivo;
2020-06-04 09:47:39;51  992592817;12.0;Para Celulares Vivo;
2020-06-04 08:56:03;51  992580847;14.0;Para Celulares Vivo;
2020-06-03 14:11:55;51  992592843;53.0;Para Celulares Vivo;
2020-06-03 12:39:05;51  999862525;73.0;Para Celulares Vivo;
2020-06-02 14:47:11;51  991034807;61.0;Para Celulares Vivo;
2020-05-31;"";5276.4;INTERNET MOVEL 2;0.00
2020-06-01;"";1207.0;INTERNET MOVEL 2;0.00
2020-06-02;"";1716.0;INTERNET MOVEL 2;0.00
2020-06-03;"";1473.0;INTERNET MOVEL 2;0.00
2020-06-04;"";31273.4;INTERNET MOVEL 2;0.00
2020-06-05;"";1098.0;INTERNET MOVEL 2;0.00
2020-06-06;"";91282.3;INTERNET MOVEL 2;0.00
2020-06-07;"";34006.3;INTERNET MOVEL 2;0.00
2020-06-08;"";32416.2;INTERNET MOVEL 2;0.00
2020-06-09;"";7247.1;INTERNET MOVEL 2;0.00
2020-06-10;"";4956.6;INTERNET MOVEL 2;0.00
2020-06-11;"";43417.7;INTERNET MOVEL 2;0.00
2020-06-12;"";90287.9;INTERNET MOVEL 2;0.00
2020-06-13;"";30044.0;INTERNET MOVEL 2;0.00
2020-06-14;"";29419.9;INTERNET MOVEL 2;0.00
2020-06-15;"";3001.0;INTERNET MOVEL 2;0.00
2020-06-16;"";4477.6;INTERNET MOVEL 2;0.00
2020-06-17;"";48426.4;INTERNET MOVEL 2;0.00
2020-06-18;"";1962.0;INTERNET MOVEL 2;0.00
2020-06-19;"";57932.9;INTERNET MOVEL 2;0.00
2020-06-20;"";9975.4;INTERNET MOVEL 2;0.00
2020-06-21;"";137756.5;INTERNET MOVEL 2;0.00
2020-06-22;"";76548.6;INTERNET MOVEL 2;0.00
2020-06-23;"";56144.7;INTERNET MOVEL 2;0.00
2020-06-24;"";74113.6;INTERNET MOVEL 2;0.00
2020-06-25;"";3313.4;INTERNET MOVEL 2;0.00
2020-06-26;"";1749.0;INTERNET MOVEL 2;0.00
2020-06-27;"";100108.3;INTERNET MOVEL 2;0.00
2020-06-28;"";13797.4;INTERNET MOVEL 2;0.00
2020-06-29;"";74070.4;INTERNET MOVEL 2;0.00
2020-06-30;"";84216.2;INTERNET MOVEL 2;0.00
