data_hora_inicio;nro_telefone_chamado;duracao_ligacao;desc_categoria;valor_ligacao
2020-06-01;"";170372.5;INTERNET MOVEL 2;0.00
2020-06-02;"";169221.0;INTERNET MOVEL 2;0.00
2020-06-03;"";88280.2;INTERNET MOVEL 2;0.00
2020-06-04;"";79521.3;INTERNET MOVEL 2;0.00
2020-06-05;"";176394.8;INTERNET MOVEL 2;0.00
2020-06-06;"";55051.4;INTERNET MOVEL 2;0.00
2020-06-07;"";33782.1;INTERNET MOVEL 2;0.00
2020-06-08;"";42700.6;INTERNET MOVEL 2;0.00
2020-06-09;"";74502.1;INTERNET MOVEL 2;0.00
2020-06-10;"";34249.8;INTERNET MOVEL 2;0.00
2020-06-11;"";45424.6;INTERNET MOVEL 2;0.00
2020-06-12;"";19472.2;INTERNET MOVEL 2;0.00
2020-06-13;"";92528.6;INTERNET MOVEL 2;0.00
2020-06-14;"";35051.3;INTERNET MOVEL 2;0.00
2020-06-15;"";34322.2;INTERNET MOVEL 2;0.00
2020-06-16;"";68208.5;INTERNET MOVEL 2;0.00
2020-06-17;"";27057.0;INTERNET MOVEL 2;0.00
2020-06-18;"";58190.7;INTERNET MOVEL 2;0.00
2020-06-19;"";80086.9;INTERNET MOVEL 2;0.00
2020-06-20;"";80353.2;INTERNET MOVEL 2;0.00
2020-06-21;"";31779.8;INTERNET MOVEL 2;0.00
2020-06-22;"";102347.8;INTERNET MOVEL 2;0.00
2020-06-23;"";125899.1;INTERNET MOVEL 2;0.00
2020-06-24;"";47659.0;INTERNET MOVEL 2;0.00
2020-06-25;"";29016.5;INTERNET MOVEL 2;0.00
2020-06-26;"";108525.7;INTERNET MOVEL 2;0.00
2020-06-27;"";40693.9;INTERNET MOVEL 2;0.00
2020-06-28;"";60292.3;INTERNET MOVEL 2;0.00
2020-06-29;"";18887.6;INTERNET MOVEL 2;0.00
2020-06-30;"";103659.3;INTERNET MOVEL 2;0.00
