data_hora_inicio;nro_telefone_chamado;duracao_ligacao;desc_categoria;valor_ligacao
2020-06-01;"";4.0;INTERNET MOVEL 2;0.00
2020-06-03;"";1.0;INTERNET MOVEL 2;0.00
2020-06-04;"";18.0;INTERNET MOVEL 2;0.00
2020-06-07;"";1.0;INTERNET MOVEL 2;0.00
2020-06-08;"";3.0;INTERNET MOVEL 2;0.00
2020-06-09;"";1.0;INTERNET MOVEL 2;0.00
2020-06-10;"";26.0;INTERNET MOVEL 2;0.00
2020-06-11;"";49.0;INTERNET MOVEL 2;0.00
2020-06-13;"";75.0;INTERNET MOVEL 2;0.00
2020-06-14;"";1.0;INTERNET MOVEL 2;0.00
2020-06-17;"";12.0;INTERNET MOVEL 2;0.00
2020-06-19;"";6.0;INTERNET MOVEL 2;0.00
2020-06-20;"";1.0;INTERNET MOVEL 2;0.00
2020-06-21;"";1.0;INTERNET MOVEL 2;0.00
2020-06-22;"";12.0;INTERNET MOVEL 2;0.00
2020-06-23;"";67.0;INTERNET MOVEL 2;0.00
2020-06-24;"";4.0;INTERNET MOVEL 2;0.00
2020-06-25;"";13.0;INTERNET MOVEL 2;0.00
2020-06-26;"";31.0;INTERNET MOVEL 2;0.00
2020-06-27;"";110.0;INTERNET MOVEL 2;0.00
2020-06-29;"";15.0;INTERNET MOVEL 2;0.00
2020-06-30;"";9.0;INTERNET MOVEL 2;0.00
