data_hora_inicio;nro_telefone_chamado;duracao_ligacao;desc_categoria;valor_ligacao
2020-06-04 16:43:37;51999482226;1.0;GRATIS-SMS;0.00
2020-06-05 11:52:31;11  992156172;90.0;Para Celulares de Outras Operadoras;
2020-06-20 19:15:58;51  34732233;18.0;Para Fixo de Outras Operadoras;
2020-06-30 19:04:12;51  981211690;66.0;Para Celulares de Outras Operadoras;
2020-06-30 19:00:44;51  981211690;32.0;Para Celulares de Outras Operadoras;
2020-06-30 11:04:46;51  991237419;5.0;Para Celulares de Outras Operadoras;
2020-06-27 09:25:35;51  981211690;58.0;Para Celulares de Outras Operadoras;
2020-06-25 18:00:19;51  981211690;25.0;Para Celulares de Outras Operadoras;
2020-06-25 12:12:44;51  981918910;5.0;Para Celulares de Outras Operadoras;
2020-06-07 13:31:52;51  985758648;12.0;Para Celulares de Outras Operadoras;
2020-06-03 14:13:33;51  981211690;5.0;Para Celulares de Outras Operadoras;
2020-06-25 14:00:20;51  40617178;5.0;Para Fixo Vivo;
2020-06-27 17:11:19;51  992592888;11.0;Para Celulares Vivo;
2020-06-27 15:41:14;51  992592888;11.0;Para Celulares Vivo;
2020-06-16 15:14:34;51  992592888;5.0;Para Celulares Vivo;
2020-06-05 09:06:52;51  992592803;5.0;Para Celulares Vivo;
2020-06-01;"";76.0;INTERNET MOVEL 2;0.00
2020-06-02;"";19243.6;INTERNET MOVEL 2;0.00
2020-06-03;"";309323.2;INTERNET MOVEL 2;0.00
2020-06-04;"";40.0;INTERNET MOVEL 2;0.00
2020-06-05;"";52664.1;INTERNET MOVEL 2;0.00
2020-06-06;"";39040.4;INTERNET MOVEL 2;0.00
2020-06-07;"";801.0;INTERNET MOVEL 2;0.00
2020-06-08;"";18816.6;INTERNET MOVEL 2;0.00
2020-06-09;"";2519.1;INTERNET MOVEL 2;0.00
2020-06-10;"";65.0;INTERNET MOVEL 2;0.00
2020-06-11;"";50761.6;INTERNET MOVEL 2;0.00
2020-06-12;"";13499.8;INTERNET MOVEL 2;0.00
2020-06-13;"";60.0;INTERNET MOVEL 2;0.00
2020-06-14;"";737.0;INTERNET MOVEL 2;0.00
2020-06-15;"";170.0;INTERNET MOVEL 2;0.00
2020-06-16;"";17708.2;INTERNET MOVEL 2;0.00
2020-06-17;"";50284.4;INTERNET MOVEL 2;0.00
2020-06-18;"";94083.5;INTERNET MOVEL 2;0.00
2020-06-19;"";17345.2;INTERNET MOVEL 2;0.00
2020-06-20;"";44.0;INTERNET MOVEL 2;0.00
2020-06-21;"";7677.8;INTERNET MOVEL 2;0.00
2020-06-22;"";157.0;INTERNET MOVEL 2;0.00
2020-06-23;"";32040.4;INTERNET MOVEL 2;0.00
2020-06-24;"";31574.9;INTERNET MOVEL 2;0.00
2020-06-25;"";131.0;INTERNET MOVEL 2;0.00
2020-06-26;"";82.0;INTERNET MOVEL 2;0.00
2020-06-27;"";12997.0;INTERNET MOVEL 2;0.00
2020-06-28;"";337.0;INTERNET MOVEL 2;0.00
2020-06-29;"";72294.7;INTERNET MOVEL 2;0.00
2020-06-30;"";307.0;INTERNET MOVEL 2;0.00
2020-07-01;"";7.0;INTERNET MOVEL 2;0.00
