data_hora_inicio;nro_telefone_chamado;duracao_ligacao;desc_categoria;valor_ligacao
2020-06-01 16:51:05;51  992433321;111.0;Para Celulares de Outras Operadoras;
2020-06-13 10:43:33;51  992592869;10.0;Para Celulares Vivo;
2020-06-13 10:42:37;51  992592869;6.0;Para Celulares Vivo;
2020-06-01 11:59:03;54  33212608;26.0;Para Fixo de Outras Operadoras;
2020-06-19 18:25:38;54  999992950;5.0;Para Celulares Vivo;
2020-06-14 20:20:15;54  999992950;6.0;Para Celulares Vivo;
2020-06-10 13:53:22;54  999992950;35.0;Para Celulares Vivo;
2020-06-10 12:25:21;54  999992950;61.0;Para Celulares Vivo;
2020-06-01 15:30:34;54  999992950;35.0;Para Celulares Vivo;
2020-06-01 13:25:32;54  999992950;31.0;Para Celulares Vivo;
2020-06-01 12:02:09;54  999992950;18.0;Para Celulares Vivo;
2020-06-12 13:05:42;54  35198966;16.0;Para Fixo de Outras Operadoras;
2020-06-14 09:53:57;54  999992950;5.0;Para Celulares Vivo;
2020-06-11 14:54:24;54  999992950;5.0;Para Celulares Vivo;
2020-06-11 14:38:43;54  999992950;5.0;Para Celulares Vivo;
2020-06-30 14:32:34;51  33826027;6.0;Para Fixo de Outras Operadoras;
2020-06-30 14:31:34;51  33826020;5.0;Para Fixo de Outras Operadoras;
2020-06-30 14:28:32;51  33826007;25.0;Para Fixo de Outras Operadoras;
2020-06-30 14:15:55;51  33826007;42.0;Para Fixo de Outras Operadoras;
2020-06-30 14:12:27;51  33826000;11.0;Para Fixo de Outras Operadoras;
2020-06-30 13:56:13;51  33826000;5.0;Para Fixo de Outras Operadoras;
2020-06-29 13:43:28;51  35911122;30.0;Para Fixo de Outras Operadoras;
2020-06-29 10:40:39;51  35911122;5.0;Para Fixo de Outras Operadoras;
2020-06-29 10:38:56;51  35911122;15.0;Para Fixo de Outras Operadoras;
2020-06-29 10:37:16;51  35911122;10.0;Para Fixo de Outras Operadoras;
2020-06-10 15:51:26;51  35911122;58.0;Para Fixo de Outras Operadoras;
2020-06-25 16:57:40;51  992433321;264.0;Para Celulares de Outras Operadoras;
2020-06-25 16:46:25;51  992433321;112.0;Para Celulares de Outras Operadoras;
2020-06-22 10:49:03;51  992433321;81.0;Para Celulares de Outras Operadoras;
2020-06-16 14:52:29;51  981691397;71.0;Para Celulares de Outras Operadoras;
2020-06-15 09:56:11;51  991190033;29.0;Para Celulares de Outras Operadoras;
2020-06-04 15:06:41;51  992433321;213.0;Para Celulares de Outras Operadoras;
2020-06-17 09:00:10;51  33124955;38.0;Para Fixo Vivo;
2020-06-15 10:33:40;51  33124955;9.0;Para Fixo Vivo;
2020-06-02 17:28:28;51  33124955;38.0;Para Fixo Vivo;
2020-06-29 10:01:57;51  997541700;258.0;Para Celulares Vivo;
2020-06-20 11:59:05;51  992592869;5.0;Para Celulares Vivo;
2020-06-09 19:07:09;51  999666016;15.0;Para Celulares Vivo;
2020-06-06 11:44:29;51  992592869;18.0;Para Celulares Vivo;
2020-06-04 12:02:03;51  999666016;180.0;Para Celulares Vivo;
2020-05-31;"";32151.4;INTERNET MOVEL 2;0.00
2020-06-01;"";2329.1;INTERNET MOVEL 2;0.00
2020-06-02;"";2827.2;INTERNET MOVEL 2;0.00
2020-06-03;"";1563.9;INTERNET MOVEL 2;0.00
2020-06-04;"";2806.9;INTERNET MOVEL 2;0.00
2020-06-05;"";1874.0;INTERNET MOVEL 2;0.00
2020-06-06;"";1754.0;INTERNET MOVEL 2;0.00
2020-06-07;"";2350.2;INTERNET MOVEL 2;0.00
2020-06-08;"";1683.4;INTERNET MOVEL 2;0.00
2020-06-09;"";5085.0;INTERNET MOVEL 2;0.00
2020-06-10;"";5355.6;INTERNET MOVEL 2;0.00
2020-06-11;"";104695.5;INTERNET MOVEL 2;0.00
2020-06-12;"";198440.6;INTERNET MOVEL 2;0.00
2020-06-13;"";93969.8;INTERNET MOVEL 2;0.00
2020-06-14;"";220012.8;INTERNET MOVEL 2;0.00
2020-06-15;"";3679.7;INTERNET MOVEL 2;0.00
2020-06-16;"";5517.0;INTERNET MOVEL 2;0.00
2020-06-17;"";4242.8;INTERNET MOVEL 2;0.00
2020-06-18;"";5520.8;INTERNET MOVEL 2;0.00
2020-06-19;"";4642.8;INTERNET MOVEL 2;0.00
2020-06-20;"";3408.5;INTERNET MOVEL 2;0.00
2020-06-21;"";3886.6;INTERNET MOVEL 2;0.00
2020-06-22;"";15163.3;INTERNET MOVEL 2;0.00
2020-06-23;"";45523.4;INTERNET MOVEL 2;0.00
2020-06-24;"";5288.7;INTERNET MOVEL 2;0.00
2020-06-25;"";4880.0;INTERNET MOVEL 2;0.00
2020-06-26;"";3985.3;INTERNET MOVEL 2;0.00
2020-06-27;"";4222.9;INTERNET MOVEL 2;0.00
2020-06-28;"";1252.4;INTERNET MOVEL 2;0.00
2020-06-29;"";9070.5;INTERNET MOVEL 2;0.00
2020-06-30;"";17283.4;INTERNET MOVEL 2;0.00
