data_hora_inicio;nro_telefone_chamado;duracao_ligacao;desc_categoria;valor_ligacao
2020-06-24 15:43:42;"";1.0;ADICIONAL;0.00
2020-06-24 13:54:56;"";1.0;ADICIONAL;0.00
2020-06-23 15:01:49;"";1.0;ADICIONAL;0.00
2020-06-23 12:20:13;"";1.0;ADICIONAL;0.00
2020-06-19 09:37:22;"";1.0;ADICIONAL;0.00
2020-06-19 09:32:28;"";1.0;ADICIONAL;0.00
2020-06-19 09:29:38;"";1.0;ADICIONAL;0.00
2020-06-18 08:19:15;"";1.0;ADICIONAL;0.00
2020-06-17 15:03:33;5121313333;1.0;ADICIONAL;0.00
2020-06-16 16:04:37;"";1.0;ADICIONAL;0.00
2020-06-16 09:20:39;5121313333;1.0;ADICIONAL;0.00
2020-06-16 07:33:20;1321018103;1.0;ADICIONAL;0.00
2020-06-10 13:24:21;5121313333;1.0;ADICIONAL;0.00
2020-06-09 14:23:51;"";1.0;ADICIONAL;0.00
2020-06-09 14:20:22;"";1.0;ADICIONAL;0.00
2020-06-04 10:16:59;5134550711;1.0;ADICIONAL;0.00
2020-06-03 16:28:35;5121313333;1.0;ADICIONAL;0.00
2020-06-02 11:07:31;"";1.0;ADICIONAL;0.00
2020-06-29 19:46:51;51  999926557;239.0;Para Celulares de Outras Operadoras;
2020-06-19 09:31:46;51  989040077;5.0;Para Celulares de Outras Operadoras;
2020-06-30 10:58:57;51  995590187;52.0;Para Celulares Vivo;
2020-06-30 09:02:44;11  991295081;55.0;Para Celulares Vivo;
2020-06-24 15:07:18;51  992592870;5.0;Para Celulares Vivo;
2020-06-24 13:42:14;11  991295081;92.0;Para Celulares Vivo;
2020-06-16 09:45:05;51  992592148;5.0;Para Celulares Vivo;
2020-06-16 09:43:33;51  992592148;11.0;Para Celulares Vivo;
2020-06-30 10:58:57;51  995590187;0.0;Adicional por Ligacoes Realizadas;
2020-06-30 10:34:55;47  33114288;0.0;Adicional por Ligacoes Realizadas;
2020-06-30 09:02:44;11  991295081;0.0;Adicional por Ligacoes Realizadas;
2020-06-29 19:46:51;51  999926557;0.0;Adicional por Ligacoes Realizadas;
2020-06-29 16:12:41;47  30469206;0.0;Adicional por Ligacoes Realizadas;
2020-06-29 16:11:43;47  30469206;0.0;Adicional por Ligacoes Realizadas;
2020-06-24 15:22:13;47  32766498;0.0;Adicional por Ligacoes Realizadas;
2020-06-24 15:07:18;51  992592870;0.0;Adicional por Ligacoes Realizadas;
2020-06-24 13:42:14;11  991295081;0.0;Adicional por Ligacoes Realizadas;
2020-06-22 08:36:47;08  009700900;0.0;Adicional por Ligacoes Realizadas;
2020-06-21 22:00:04;08  009700900;0.0;Adicional por Ligacoes Realizadas;
2020-06-19 09:31:46;51  989040077;0.0;Adicional por Ligacoes Realizadas;
2020-06-16 09:45:05;51  992592148;0.0;Adicional por Ligacoes Realizadas;
2020-06-16 09:43:33;51  992592148;0.0;Adicional por Ligacoes Realizadas;
2020-06-22 08:36:47;08  009700900;120.0;"";
2020-06-21 22:00:04;08  009700900;153.0;"";
2020-06-24 15:43:42;    ;89.0;Chamadas de Longa Distancia para Outros Estados;
2020-06-24 13:54:56;    ;93.0;Chamadas de Longa Distancia para Outros Estados;
2020-06-23 15:01:49;    ;44.0;Chamadas de Longa Distancia para Outros Estados;
2020-06-23 12:20:13;    ;24.0;Chamadas de Longa Distancia para Outros Estados;
2020-06-19 09:37:22;    ;190.0;Chamadas de Longa Distancia para Outros Estados;
2020-06-19 09:32:28;    ;47.0;Chamadas de Longa Distancia para Outros Estados;
2020-06-19 09:29:38;    ;10.0;Chamadas de Longa Distancia para Outros Estados;
2020-06-18 08:19:15;    ;65.0;Chamadas de Longa Distancia para Outros Estados;
2020-06-17 15:03:33;51  21313333;14.0;Chamadas de Longa Distancia para Outros Estados;
2020-06-16 16:04:37;    ;273.0;Chamadas de Longa Distancia para Outros Estados;
2020-06-16 09:20:39;51  21313333;22.0;Chamadas de Longa Distancia para Outros Estados;
2020-06-16 07:33:20;13  21018103;267.0;Chamadas de Longa Distancia para Outros Estados;
2020-06-16 07:33:20;13  21018103;24.0;Chamadas de Longa Distancia para Outros Estados;
2020-06-10 13:24:21;51  21313333;14.0;Chamadas de Longa Distancia para Outros Estados;
2020-06-09 14:23:51;    ;31.0;Chamadas de Longa Distancia para Outros Estados;
2020-06-09 14:20:22;    ;6.0;Chamadas de Longa Distancia para Outros Estados;
2020-06-04 10:16:59;51  34550711;12.0;Chamadas de Longa Distancia para Outros Estados;
2020-06-03 16:28:35;51  21313333;49.0;Chamadas de Longa Distancia para Outros Estados;
2020-06-02 11:07:31;    ;42.0;Chamadas de Longa Distancia para Outros Estados;
2020-06-30 10:34:55;47  33114288;22.0;Para Fixo de Outras Operadoras;
2020-06-24 15:22:13;47  32766498;5.0;Para Fixo de Outras Operadoras;
2020-06-29 16:12:41;47  30469206;6.0;Para Fixo Vivo;
2020-06-29 16:11:43;47  30469206;5.0;Para Fixo Vivo;
2020-05-31;"";85.0;INTERNET MOVEL 2;0.00
2020-06-01;"";2563.0;INTERNET MOVEL 2;0.00
2020-06-02;"";638.0;INTERNET MOVEL 2;0.00
2020-06-03;"";657.0;INTERNET MOVEL 2;0.00
2020-06-04;"";3883.4;INTERNET MOVEL 2;0.00
2020-06-05;"";1029.0;INTERNET MOVEL 2;0.00
2020-06-06;"";11183.0;INTERNET MOVEL 2;0.00
2020-06-07;"";10225.5;INTERNET MOVEL 2;0.00
2020-06-08;"";6644.7;INTERNET MOVEL 2;0.00
2020-06-09;"";11918.6;INTERNET MOVEL 2;0.00
2020-06-10;"";52017.3;INTERNET MOVEL 2;0.00
2020-06-11;"";12228.6;INTERNET MOVEL 2;0.00
2020-06-12;"";44931.1;INTERNET MOVEL 2;0.00
2020-06-13;"";5218.3;INTERNET MOVEL 2;0.00
2020-06-14;"";1360.0;INTERNET MOVEL 2;0.00
2020-06-15;"";2536.1;INTERNET MOVEL 2;0.00
2020-06-16;"";4017.8;INTERNET MOVEL 2;0.00
2020-06-17;"";11884.9;INTERNET MOVEL 2;0.00
2020-06-18;"";73106.4;INTERNET MOVEL 2;0.00
2020-06-19;"";188234.9;INTERNET MOVEL 2;0.00
2020-06-20;"";12988.4;INTERNET MOVEL 2;0.00
2020-06-21;"";15521.4;INTERNET MOVEL 2;0.00
2020-06-22;"";824.0;INTERNET MOVEL 2;0.00
2020-06-23;"";1819.0;INTERNET MOVEL 2;0.00
2020-06-24;"";3674.0;INTERNET MOVEL 2;0.00
2020-06-25;"";586.0;INTERNET MOVEL 2;0.00
2020-06-26;"";12401.5;INTERNET MOVEL 2;0.00
2020-06-27;"";75024.1;INTERNET MOVEL 2;0.00
2020-06-28;"";320536.4;INTERNET MOVEL 2;0.00
2020-06-29;"";262471.2;INTERNET MOVEL 2;0.00
2020-06-30;"";229342.6;INTERNET MOVEL 2;0.00
