data_hora_inicio;nro_telefone_chamado;duracao_ligacao;desc_categoria;valor_ligacao
2020-06-25 15:13:25;11984822805;1.0;ADICIONAL;0.00
2020-06-25 13:46:08;11984822805;1.0;ADICIONAL;0.00
2020-06-22 14:28:14;11984822805;1.0;ADICIONAL;0.00
2020-06-11 17:18:38;"";1.0;ADICIONAL;0.00
2020-06-30 22:35:38;41  992293934;0.0;Adicional por Ligacoes Realizadas;
2020-06-25 15:13:25;11  984822805;23.0;Chamadas de Longa Distancia para Outros Estados;
2020-06-25 13:46:08;11  984822805;10.0;Chamadas de Longa Distancia para Outros Estados;
2020-06-22 14:28:14;11  984822805;70.0;Chamadas de Longa Distancia para Outros Estados;
2020-06-11 17:18:38;    ;357.0;Chamadas de Longa Distancia para Outros Estados;
2020-06-30 22:35:38;41  992293934;5.0;Para Celulares Vivo;
2020-06-01;"";30398.0;INTERNET MOVEL 2;0.00
2020-06-02;"";4674.3;INTERNET MOVEL 2;0.00
2020-06-03;"";208.0;INTERNET MOVEL 2;0.00
2020-06-04;"";259.0;INTERNET MOVEL 2;0.00
2020-06-05;"";1054.0;INTERNET MOVEL 2;0.00
2020-06-06;"";18332.0;INTERNET MOVEL 2;0.00
2020-06-07;"";488.0;INTERNET MOVEL 2;0.00
2020-06-08;"";28217.2;INTERNET MOVEL 2;0.00
2020-06-09;"";1434.0;INTERNET MOVEL 2;0.00
2020-06-10;"";49867.9;INTERNET MOVEL 2;0.00
2020-06-11;"";57995.0;INTERNET MOVEL 2;0.00
2020-06-12;"";5493.0;INTERNET MOVEL 2;0.00
2020-06-13;"";31079.0;INTERNET MOVEL 2;0.00
2020-06-14;"";842.0;INTERNET MOVEL 2;0.00
2020-06-15;"";359.0;INTERNET MOVEL 2;0.00
2020-06-16;"";4072.2;INTERNET MOVEL 2;0.00
2020-06-17;"";18028.2;INTERNET MOVEL 2;0.00
2020-06-18;"";939.0;INTERNET MOVEL 2;0.00
2020-06-19;"";8288.1;INTERNET MOVEL 2;0.00
2020-06-20;"";339.0;INTERNET MOVEL 2;0.00
2020-06-21;"";197.0;INTERNET MOVEL 2;0.00
2020-06-22;"";38752.0;INTERNET MOVEL 2;0.00
2020-06-23;"";379.0;INTERNET MOVEL 2;0.00
2020-06-24;"";453.0;INTERNET MOVEL 2;0.00
2020-06-25;"";30068.3;INTERNET MOVEL 2;0.00
2020-06-26;"";5679.5;INTERNET MOVEL 2;0.00
2020-06-27;"";409.0;INTERNET MOVEL 2;0.00
2020-06-28;"";3237.5;INTERNET MOVEL 2;0.00
2020-06-29;"";579.0;INTERNET MOVEL 2;0.00
2020-06-30;"";920.0;INTERNET MOVEL 2;0.00
