data_hora_inicio;nro_telefone_chamado;duracao_ligacao;desc_categoria;valor_ligacao
2020-06-15 14:31:37;"";1.0;ADICIONAL;0.00
2020-06-12 16:52:52;"";1.0;ADICIONAL;0.00
2020-06-12 14:42:59;"";1.0;ADICIONAL;0.00
2020-06-12 11:33:46;"";1.0;ADICIONAL;0.00
2020-06-11 10:59:16;"";1.0;ADICIONAL;0.00
2020-06-11 10:29:18;"";1.0;ADICIONAL;0.00
2020-06-10 09:41:57;"";1.0;ADICIONAL;0.00
2020-06-10 08:58:47;"";1.0;ADICIONAL;0.00
2020-06-10 08:54:52;"";1.0;ADICIONAL;0.00
2020-06-10 08:12:51;"";1.0;ADICIONAL;0.00
2020-06-10 07:58:08;"";1.0;ADICIONAL;0.00
2020-06-09 10:27:21;"";1.0;ADICIONAL;0.00
2020-06-09 08:29:15;"";1.0;ADICIONAL;0.00
2020-06-08 18:07:40;"";1.0;ADICIONAL;0.00
2020-06-08 08:16:15;"";1.0;ADICIONAL;0.00
2020-06-05 15:59:41;"";1.0;ADICIONAL;0.00
2020-06-05 15:03:52;"";1.0;ADICIONAL;0.00
2020-06-05 14:16:14;"";1.0;ADICIONAL;0.00
2020-06-05 12:39:48;"";1.0;ADICIONAL;0.00
2020-06-05 10:08:57;"";1.0;ADICIONAL;0.00
2020-06-05 09:57:09;"";1.0;ADICIONAL;0.00
2020-06-02 14:57:41;"";1.0;ADICIONAL;0.00
2020-06-02 13:48:34;"";1.0;ADICIONAL;0.00
2020-06-02 08:45:14;"";1.0;ADICIONAL;0.00
2020-06-02 07:53:46;5121313333;1.0;ADICIONAL;0.00
2020-06-01 15:38:34;98  20165026;0.0;Adicional por Ligacoes Realizadas;
2020-06-01 15:09:22;98  988664891;0.0;Adicional por Ligacoes Realizadas;
2020-06-01 15:08:43;98  988664891;0.0;Adicional por Ligacoes Realizadas;
2020-06-01 15:05:06;98  30114191;0.0;Adicional por Ligacoes Realizadas;
2020-06-01 10:12:20;51  996922316;0.0;Adicional por Ligacoes Realizadas;
2020-06-01 07:12:36;98  33123152;0.0;Adicional por Ligacoes Realizadas;
2020-06-01 07:11:08;98  33123152;0.0;Adicional por Ligacoes Realizadas;
2020-06-01 15:38:34;98  20165026;21.0;Para Fixo de Outras Operadoras;
2020-06-01 07:12:36;98  33123152;18.0;Para Fixo de Outras Operadoras;
2020-06-01 07:11:08;98  33123152;12.0;Para Fixo de Outras Operadoras;
2020-06-01 15:09:22;98  988664891;30.0;Para Celulares de Outras Operadoras;
2020-06-01 15:08:43;98  988664891;5.0;Para Celulares de Outras Operadoras;
2020-06-01 15:05:06;98  30114191;9.0;Para Fixo Vivo;
2020-06-22 09:20:26;51  993555430;36.0;Para Celulares de Outras Operadoras;
2020-06-18 13:50:05;51  999447583;41.0;Para Celulares de Outras Operadoras;
2020-06-09 09:33:05;13  981257580;5.0;Para Celulares de Outras Operadoras;
2020-06-05 14:09:28;13  981257580;15.0;Para Celulares de Outras Operadoras;
2020-06-30 16:05:27;51  996820018;5.0;Para Celulares Vivo;
2020-06-30 11:08:55;51  998115641;9.0;Para Celulares Vivo;
2020-06-26 15:59:30;51  992592629;10.0;Para Celulares Vivo;
2020-06-26 15:21:52;51  996820018;5.0;Para Celulares Vivo;
2020-06-26 14:10:36;51  996820018;5.0;Para Celulares Vivo;
2020-06-26 10:13:27;51  998115641;7.0;Para Celulares Vivo;
2020-06-26 07:07:42;51  995838788;5.0;Para Celulares Vivo;
2020-06-25 14:37:43;51  996820018;5.0;Para Celulares Vivo;
2020-06-25 14:30:35;51  998115641;14.0;Para Celulares Vivo;
2020-06-25 11:47:41;51  998115641;5.0;Para Celulares Vivo;
2020-06-25 11:03:41;51  998115641;16.0;Para Celulares Vivo;
2020-06-25 09:28:44;51  996922316;5.0;Para Celulares Vivo;
2020-06-25 08:18:00;51  996922316;21.0;Para Celulares Vivo;
2020-06-25 07:43:30;51  998115641;9.0;Para Celulares Vivo;
2020-06-24 17:16:55;51  991225756;5.0;Para Celulares Vivo;
2020-06-24 15:14:07;51  996820018;58.0;Para Celulares Vivo;
2020-06-24 15:10:02;51  998115641;37.0;Para Celulares Vivo;
2020-06-23 13:37:28;51  992592629;23.0;Para Celulares Vivo;
2020-06-23 11:57:43;51  996820018;5.0;Para Celulares Vivo;
2020-06-23 09:03:46;51  998115641;8.0;Para Celulares Vivo;
2020-06-23 07:04:02;51  998115641;13.0;Para Celulares Vivo;
2020-06-22 17:12:29;51  996820018;5.0;Para Celulares Vivo;
2020-06-22 16:26:34;51  996922316;9.0;Para Celulares Vivo;
2020-06-20 09:52:51;51  991225756;5.0;Para Celulares Vivo;
2020-06-19 17:07:41;51  996820018;6.0;Para Celulares Vivo;
2020-06-19 14:21:25;51  996820018;9.0;Para Celulares Vivo;
2020-06-19 14:15:09;51  998115641;5.0;Para Celulares Vivo;
2020-06-19 10:46:50;51  996820018;5.0;Para Celulares Vivo;
2020-06-19 10:23:06;51  996820018;18.0;Para Celulares Vivo;
2020-06-18 17:52:17;51  996820018;8.0;Para Celulares Vivo;
2020-06-17 18:21:33;51  996820018;8.0;Para Celulares Vivo;
2020-06-17 13:11:10;51  981861609;15.0;Para Celulares Vivo;
2020-06-17 12:03:02;99  992077400;9.0;Para Celulares Vivo;
2020-06-17 10:48:02;99  992077400;37.0;Para Celulares Vivo;
2020-06-17 10:45:24;51  998115641;5.0;Para Celulares Vivo;
2020-06-17 09:10:46;51  998115641;15.0;Para Celulares Vivo;
2020-06-17 07:33:20;51  992592959;5.0;Para Celulares Vivo;
2020-06-16 11:37:32;51  981861609;5.0;Para Celulares Vivo;
2020-06-12 15:15:55;51  996820018;7.0;Para Celulares Vivo;
2020-06-12 11:13:15;51  981861609;5.0;Para Celulares Vivo;
2020-06-11 13:34:43;51  996820018;15.0;Para Celulares Vivo;
2020-06-11 08:27:24;51  996820018;5.0;Para Celulares Vivo;
2020-06-09 17:49:28;51  996820018;5.0;Para Celulares Vivo;
2020-06-09 16:36:14;51  991225756;34.0;Para Celulares Vivo;
2020-06-09 16:20:05;51  996820018;9.0;Para Celulares Vivo;
2020-06-09 14:22:00;51  992592959;16.0;Para Celulares Vivo;
2020-06-09 14:08:46;51  991225756;7.0;Para Celulares Vivo;
2020-06-09 13:56:36;51  992592959;5.0;Para Celulares Vivo;
2020-06-09 09:31:49;51  995838788;6.0;Para Celulares Vivo;
2020-06-09 09:30:19;51  981861609;9.0;Para Celulares Vivo;
2020-06-09 09:28:46;51  991225756;12.0;Para Celulares Vivo;
2020-06-09 09:25:18;51  991225756;20.0;Para Celulares Vivo;
2020-06-09 09:24:11;51  996820018;5.0;Para Celulares Vivo;
2020-06-09 09:18:06;51  996820018;13.0;Para Celulares Vivo;
2020-06-09 08:58:18;51  981861609;10.0;Para Celulares Vivo;
2020-06-08 17:57:08;51  996820018;5.0;Para Celulares Vivo;
2020-06-05 14:11:37;51  996820018;6.0;Para Celulares Vivo;
2020-06-03 15:12:13;51  998115641;5.0;Para Celulares Vivo;
2020-06-03 11:59:37;51  996922316;6.0;Para Celulares Vivo;
2020-06-02 15:09:39;51  996820018;10.0;Para Celulares Vivo;
2020-06-02 10:44:33;51  991225756;16.0;Para Celulares Vivo;
2020-06-02 08:11:35;51  998115641;13.0;Para Celulares Vivo;
2020-06-02 08:06:42;51  998115641;28.0;Para Celulares Vivo;
2020-06-01 10:12:20;51  996922316;12.0;Para Celulares Vivo;
2020-06-30 16:05:27;51  996820018;0.0;Adicional por Ligacoes Realizadas;
2020-06-30 11:08:55;51  998115641;0.0;Adicional por Ligacoes Realizadas;
2020-06-26 15:59:30;51  992592629;0.0;Adicional por Ligacoes Realizadas;
2020-06-26 15:33:55;98  988585386;0.0;Adicional por Ligacoes Realizadas;
2020-06-26 15:31:57;98  988585386;0.0;Adicional por Ligacoes Realizadas;
2020-06-26 15:21:52;51  996820018;0.0;Adicional por Ligacoes Realizadas;
2020-06-26 14:10:36;51  996820018;0.0;Adicional por Ligacoes Realizadas;
2020-06-26 11:37:16;98  33044457;0.0;Adicional por Ligacoes Realizadas;
2020-06-26 11:34:22;98  33044457;0.0;Adicional por Ligacoes Realizadas;
2020-06-26 11:21:17;98  988087513;0.0;Adicional por Ligacoes Realizadas;
2020-06-26 10:45:10;98  32426216;0.0;Adicional por Ligacoes Realizadas;
2020-06-26 10:13:27;51  998115641;0.0;Adicional por Ligacoes Realizadas;
2020-06-26 08:56:38;98  32426216;0.0;Adicional por Ligacoes Realizadas;
2020-06-26 07:07:42;51  995838788;0.0;Adicional por Ligacoes Realizadas;
2020-06-25 14:37:43;51  996820018;0.0;Adicional por Ligacoes Realizadas;
2020-06-25 14:30:35;51  998115641;0.0;Adicional por Ligacoes Realizadas;
2020-06-25 11:47:41;51  998115641;0.0;Adicional por Ligacoes Realizadas;
2020-06-25 11:03:41;51  998115641;0.0;Adicional por Ligacoes Realizadas;
2020-06-25 09:28:44;51  996922316;0.0;Adicional por Ligacoes Realizadas;
2020-06-25 08:18:00;51  996922316;0.0;Adicional por Ligacoes Realizadas;
2020-06-25 07:43:30;51  998115641;0.0;Adicional por Ligacoes Realizadas;
2020-06-24 18:33:47;98  984198591;0.0;Adicional por Ligacoes Realizadas;
2020-06-24 17:16:55;51  991225756;0.0;Adicional por Ligacoes Realizadas;
2020-06-24 15:14:07;51  996820018;0.0;Adicional por Ligacoes Realizadas;
2020-06-24 15:10:02;51  998115641;0.0;Adicional por Ligacoes Realizadas;
2020-06-23 13:37:28;51  992592629;0.0;Adicional por Ligacoes Realizadas;
2020-06-23 11:57:43;51  996820018;0.0;Adicional por Ligacoes Realizadas;
2020-06-23 09:03:46;51  998115641;0.0;Adicional por Ligacoes Realizadas;
2020-06-23 07:04:02;51  998115641;0.0;Adicional por Ligacoes Realizadas;
2020-06-22 17:12:29;51  996820018;0.0;Adicional por Ligacoes Realizadas;
2020-06-22 16:26:34;51  996922316;0.0;Adicional por Ligacoes Realizadas;
2020-06-22 09:20:26;51  993555430;0.0;Adicional por Ligacoes Realizadas;
2020-06-20 09:52:51;51  991225756;0.0;Adicional por Ligacoes Realizadas;
2020-06-19 17:07:41;51  996820018;0.0;Adicional por Ligacoes Realizadas;
2020-06-19 14:27:25;98  33111580;0.0;Adicional por Ligacoes Realizadas;
2020-06-19 14:21:25;51  996820018;0.0;Adicional por Ligacoes Realizadas;
2020-06-19 14:15:09;51  998115641;0.0;Adicional por Ligacoes Realizadas;
2020-06-19 13:49:45;98  32420242;0.0;Adicional por Ligacoes Realizadas;
2020-06-19 13:39:21;98  33111580;0.0;Adicional por Ligacoes Realizadas;
2020-06-19 10:46:50;51  996820018;0.0;Adicional por Ligacoes Realizadas;
2020-06-19 10:23:06;51  996820018;0.0;Adicional por Ligacoes Realizadas;
2020-06-18 17:52:17;51  996820018;0.0;Adicional por Ligacoes Realizadas;
2020-06-18 13:50:05;51  999447583;0.0;Adicional por Ligacoes Realizadas;
2020-06-17 18:21:33;51  996820018;0.0;Adicional por Ligacoes Realizadas;
2020-06-17 15:21:05;98  33111580;0.0;Adicional por Ligacoes Realizadas;
2020-06-17 13:11:10;51  981861609;0.0;Adicional por Ligacoes Realizadas;
2020-06-17 12:03:02;99  992077400;0.0;Adicional por Ligacoes Realizadas;
2020-06-17 10:48:02;99  992077400;0.0;Adicional por Ligacoes Realizadas;
2020-06-17 10:45:24;51  998115641;0.0;Adicional por Ligacoes Realizadas;
2020-06-17 09:10:46;51  998115641;0.0;Adicional por Ligacoes Realizadas;
2020-06-17 08:05:05;98  981146260;0.0;Adicional por Ligacoes Realizadas;
2020-06-17 07:33:20;51  992592959;0.0;Adicional por Ligacoes Realizadas;
2020-06-16 15:59:41;98  981146260;0.0;Adicional por Ligacoes Realizadas;
2020-06-16 11:37:32;51  981861609;0.0;Adicional por Ligacoes Realizadas;
2020-06-15 14:26:23;98  983421732;0.0;Adicional por Ligacoes Realizadas;
2020-06-15 10:56:55;98  40095555;0.0;Adicional por Ligacoes Realizadas;
2020-06-15 10:52:35;98  988288122;0.0;Adicional por Ligacoes Realizadas;
2020-06-15 10:47:45;98  32431443;0.0;Adicional por Ligacoes Realizadas;
2020-06-15 10:47:12;98  32422229;0.0;Adicional por Ligacoes Realizadas;
2020-06-12 15:15:55;51  996820018;0.0;Adicional por Ligacoes Realizadas;
2020-06-12 11:13:15;51  981861609;0.0;Adicional por Ligacoes Realizadas;
2020-06-11 13:34:43;51  996820018;0.0;Adicional por Ligacoes Realizadas;
2020-06-11 13:02:08;98  982820101;0.0;Adicional por Ligacoes Realizadas;
2020-06-11 08:27:24;51  996820018;0.0;Adicional por Ligacoes Realizadas;
2020-06-10 14:57:59;98  32426216;0.0;Adicional por Ligacoes Realizadas;
2020-06-09 17:49:28;51  996820018;0.0;Adicional por Ligacoes Realizadas;
2020-06-09 16:46:56;98  32354111;0.0;Adicional por Ligacoes Realizadas;
2020-06-09 16:36:14;51  991225756;0.0;Adicional por Ligacoes Realizadas;
2020-06-09 16:20:05;51  996820018;0.0;Adicional por Ligacoes Realizadas;
2020-06-09 14:22:00;51  992592959;0.0;Adicional por Ligacoes Realizadas;
2020-06-09 14:08:46;51  991225756;0.0;Adicional por Ligacoes Realizadas;
2020-06-09 13:56:36;51  992592959;0.0;Adicional por Ligacoes Realizadas;
2020-06-09 10:58:53;98  32454739;0.0;Adicional por Ligacoes Realizadas;
2020-06-09 10:56:15;98  32431443;0.0;Adicional por Ligacoes Realizadas;
2020-06-09 10:13:12;98  981146260;0.0;Adicional por Ligacoes Realizadas;
2020-06-09 09:33:05;13  981257580;0.0;Adicional por Ligacoes Realizadas;
2020-06-09 09:31:49;51  995838788;0.0;Adicional por Ligacoes Realizadas;
2020-06-09 09:30:19;51  981861609;0.0;Adicional por Ligacoes Realizadas;
2020-06-09 09:28:46;51  991225756;0.0;Adicional por Ligacoes Realizadas;
2020-06-09 09:25:18;51  991225756;0.0;Adicional por Ligacoes Realizadas;
2020-06-09 09:24:11;51  996820018;0.0;Adicional por Ligacoes Realizadas;
2020-06-09 09:18:06;51  996820018;0.0;Adicional por Ligacoes Realizadas;
2020-06-09 08:58:18;51  981861609;0.0;Adicional por Ligacoes Realizadas;
2020-06-08 17:57:08;51  996820018;0.0;Adicional por Ligacoes Realizadas;
2020-06-08 16:23:19;98  32228775;0.0;Adicional por Ligacoes Realizadas;
2020-06-05 14:11:37;51  996820018;0.0;Adicional por Ligacoes Realizadas;
2020-06-05 14:09:28;13  981257580;0.0;Adicional por Ligacoes Realizadas;
2020-06-03 15:12:13;51  998115641;0.0;Adicional por Ligacoes Realizadas;
2020-06-03 11:59:37;51  996922316;0.0;Adicional por Ligacoes Realizadas;
2020-06-02 15:09:39;51  996820018;0.0;Adicional por Ligacoes Realizadas;
2020-06-02 10:44:33;51  991225756;0.0;Adicional por Ligacoes Realizadas;
2020-06-02 08:11:35;51  998115641;0.0;Adicional por Ligacoes Realizadas;
2020-06-02 08:06:42;51  998115641;0.0;Adicional por Ligacoes Realizadas;
2020-06-30 13:48:14;    ;13.0;Chamadas de Longa Distancia para Outros Estados;
2020-06-30 12:36:05;    ;5.0;Chamadas de Longa Distancia para Outros Estados;
2020-06-30 09:43:37;    ;10.0;Chamadas de Longa Distancia para Outros Estados;
2020-06-30 08:55:04;    ;9.0;Chamadas de Longa Distancia para Outros Estados;
2020-06-26 14:06:22;    ;12.0;Chamadas de Longa Distancia para Outros Estados;
2020-06-26 13:25:00;    ;10.0;Chamadas de Longa Distancia para Outros Estados;
2020-06-26 11:48:48;    ;5.0;Chamadas de Longa Distancia para Outros Estados;
2020-06-26 10:40:02;    ;5.0;Chamadas de Longa Distancia para Outros Estados;
2020-06-26 10:34:41;    ;47.0;Chamadas de Longa Distancia para Outros Estados;
2020-06-25 16:39:03;    ;47.0;Chamadas de Longa Distancia para Outros Estados;
2020-06-25 14:40:07;    ;5.0;Chamadas de Longa Distancia para Outros Estados;
2020-06-25 14:38:55;    ;8.0;Chamadas de Longa Distancia para Outros Estados;
2020-06-25 12:28:41;    ;13.0;Chamadas de Longa Distancia para Outros Estados;
2020-06-25 11:32:30;    ;46.0;Chamadas de Longa Distancia para Outros Estados;
2020-06-25 10:46:58;    ;16.0;Chamadas de Longa Distancia para Outros Estados;
2020-06-25 08:44:01;    ;6.0;Chamadas de Longa Distancia para Outros Estados;
2020-06-25 08:22:21;    ;10.0;Chamadas de Longa Distancia para Outros Estados;
2020-06-24 11:04:42;    ;15.0;Chamadas de Longa Distancia para Outros Estados;
2020-06-24 09:58:40;98  32281853;9.0;Chamadas de Longa Distancia para Outros Estados;
2020-06-24 09:34:39;98  32281853;22.0;Chamadas de Longa Distancia para Outros Estados;
2020-06-24 07:22:06;    ;9.0;Chamadas de Longa Distancia para Outros Estados;
2020-06-23 18:02:27;    ;35.0;Chamadas de Longa Distancia para Outros Estados;
2020-06-23 12:12:22;    ;99.0;Chamadas de Longa Distancia para Outros Estados;
2020-06-23 10:35:18;    ;7.0;Chamadas de Longa Distancia para Outros Estados;
2020-06-22 17:05:13;    ;5.0;Chamadas de Longa Distancia para Outros Estados;
2020-06-22 16:50:50;    ;5.0;Chamadas de Longa Distancia para Outros Estados;
2020-06-22 16:21:58;    ;19.0;Chamadas de Longa Distancia para Outros Estados;
2020-06-22 15:40:54;    ;6.0;Chamadas de Longa Distancia para Outros Estados;
2020-06-22 09:44:44;    ;38.0;Chamadas de Longa Distancia para Outros Estados;
2020-06-22 09:15:13;    ;38.0;Chamadas de Longa Distancia para Outros Estados;
2020-06-19 14:06:56;    ;5.0;Chamadas de Longa Distancia para Outros Estados;
2020-06-19 13:04:20;    ;12.0;Chamadas de Longa Distancia para Outros Estados;
2020-06-19 10:48:58;    ;5.0;Chamadas de Longa Distancia para Outros Estados;
2020-06-19 10:33:36;    ;5.0;Chamadas de Longa Distancia para Outros Estados;
2020-06-19 10:01:47;    ;6.0;Chamadas de Longa Distancia para Outros Estados;
2020-06-19 09:46:40;    ;5.0;Chamadas de Longa Distancia para Outros Estados;
2020-06-19 08:15:31;    ;19.0;Chamadas de Longa Distancia para Outros Estados;
2020-06-18 11:22:54;    ;5.0;Chamadas de Longa Distancia para Outros Estados;
2020-06-18 08:06:14;    ;11.0;Chamadas de Longa Distancia para Outros Estados;
2020-06-17 15:33:23;    ;5.0;Chamadas de Longa Distancia para Outros Estados;
2020-06-17 10:12:11;    ;5.0;Chamadas de Longa Distancia para Outros Estados;
2020-06-17 10:00:08;    ;14.0;Chamadas de Longa Distancia para Outros Estados;
2020-06-17 09:32:18;    ;78.0;Chamadas de Longa Distancia para Outros Estados;
2020-06-17 09:16:05;    ;53.0;Chamadas de Longa Distancia para Outros Estados;
2020-06-16 11:22:50;    ;8.0;Chamadas de Longa Distancia para Outros Estados;
2020-06-15 14:40:28;    ;12.0;Chamadas de Longa Distancia para Outros Estados;
2020-06-15 14:31:37;    ;14.0;Chamadas de Longa Distancia para Outros Estados;
2020-06-12 16:52:52;    ;16.0;Chamadas de Longa Distancia para Outros Estados;
2020-06-12 14:42:59;    ;27.0;Chamadas de Longa Distancia para Outros Estados;
2020-06-12 11:33:46;    ;5.0;Chamadas de Longa Distancia para Outros Estados;
2020-06-11 10:59:16;    ;29.0;Chamadas de Longa Distancia para Outros Estados;
2020-06-11 10:29:18;    ;16.0;Chamadas de Longa Distancia para Outros Estados;
2020-06-10 09:41:57;    ;19.0;Chamadas de Longa Distancia para Outros Estados;
2020-06-10 08:58:47;    ;5.0;Chamadas de Longa Distancia para Outros Estados;
2020-06-10 08:54:52;    ;8.0;Chamadas de Longa Distancia para Outros Estados;
2020-06-10 08:12:51;    ;14.0;Chamadas de Longa Distancia para Outros Estados;
2020-06-10 07:58:08;    ;5.0;Chamadas de Longa Distancia para Outros Estados;
2020-06-09 10:27:21;    ;8.0;Chamadas de Longa Distancia para Outros Estados;
2020-06-09 08:29:15;    ;11.0;Chamadas de Longa Distancia para Outros Estados;
2020-06-08 18:07:40;    ;13.0;Chamadas de Longa Distancia para Outros Estados;
2020-06-08 08:16:15;    ;8.0;Chamadas de Longa Distancia para Outros Estados;
2020-06-05 15:59:41;    ;5.0;Chamadas de Longa Distancia para Outros Estados;
2020-06-05 15:03:52;    ;5.0;Chamadas de Longa Distancia para Outros Estados;
2020-06-05 14:16:14;    ;9.0;Chamadas de Longa Distancia para Outros Estados;
2020-06-05 12:39:48;    ;5.0;Chamadas de Longa Distancia para Outros Estados;
2020-06-05 10:08:57;    ;27.0;Chamadas de Longa Distancia para Outros Estados;
2020-06-05 09:57:09;    ;5.0;Chamadas de Longa Distancia para Outros Estados;
2020-06-02 14:57:41;    ;19.0;Chamadas de Longa Distancia para Outros Estados;
2020-06-02 13:48:34;    ;15.0;Chamadas de Longa Distancia para Outros Estados;
2020-06-02 08:45:14;    ;17.0;Chamadas de Longa Distancia para Outros Estados;
2020-06-02 07:53:46;51  21313333;7.0;Chamadas de Longa Distancia para Outros Estados;
2020-06-01 14:19:55;    ;67.0;Chamadas de Longa Distancia para Outros Estados;
2020-06-01 13:47:38;    ;5.0;Chamadas de Longa Distancia para Outros Estados;
2020-06-01 13:43:28;    ;24.0;Chamadas de Longa Distancia para Outros Estados;
2020-06-01 13:40:47;    ;5.0;Chamadas de Longa Distancia para Outros Estados;
2020-06-01 13:38:44;    ;6.0;Chamadas de Longa Distancia para Outros Estados;
2020-06-01 13:37:50;    ;5.0;Chamadas de Longa Distancia para Outros Estados;
2020-06-01 10:24:25;    ;5.0;Chamadas de Longa Distancia para Outros Estados;
2020-06-26 11:37:16;98  33044457;30.0;Para Fixo de Outras Operadoras;
2020-06-26 11:34:22;98  33044457;5.0;Para Fixo de Outras Operadoras;
2020-06-26 10:45:10;98  32426216;14.0;Para Fixo de Outras Operadoras;
2020-06-26 08:56:38;98  32426216;9.0;Para Fixo de Outras Operadoras;
2020-06-19 14:27:25;98  33111580;39.0;Para Fixo de Outras Operadoras;
2020-06-19 13:49:45;98  32420242;12.0;Para Fixo de Outras Operadoras;
2020-06-01 14:19:55;"";1.0;ADICIONAL;0.00
2020-06-01 13:47:38;"";1.0;ADICIONAL;0.00
2020-06-01 13:43:28;"";1.0;ADICIONAL;0.00
2020-06-01 13:40:47;"";1.0;ADICIONAL;0.00
2020-06-01 13:38:44;"";1.0;ADICIONAL;0.00
2020-06-01 13:37:50;"";1.0;ADICIONAL;0.00
2020-06-01 10:24:25;"";1.0;ADICIONAL;0.00
2020-06-30 13:48:14;"";1.0;ADICIONAL;0.00
2020-06-30 12:36:05;"";1.0;ADICIONAL;0.00
2020-06-30 09:43:37;"";1.0;ADICIONAL;0.00
2020-06-30 08:55:04;"";1.0;ADICIONAL;0.00
2020-06-26 14:06:22;"";1.0;ADICIONAL;0.00
2020-06-26 13:25:00;"";1.0;ADICIONAL;0.00
2020-06-26 11:48:48;"";1.0;ADICIONAL;0.00
2020-06-26 10:40:02;"";1.0;ADICIONAL;0.00
2020-06-26 10:34:41;"";1.0;ADICIONAL;0.00
2020-06-25 16:39:03;"";1.0;ADICIONAL;0.00
2020-06-25 14:40:07;"";1.0;ADICIONAL;0.00
2020-06-25 14:38:55;"";1.0;ADICIONAL;0.00
2020-06-25 12:28:41;"";1.0;ADICIONAL;0.00
2020-06-25 11:32:30;"";1.0;ADICIONAL;0.00
2020-06-25 10:46:58;"";1.0;ADICIONAL;0.00
2020-06-25 08:44:01;"";1.0;ADICIONAL;0.00
2020-06-25 08:22:21;"";1.0;ADICIONAL;0.00
2020-06-24 11:04:42;"";1.0;ADICIONAL;0.00
2020-06-24 09:58:40;9832281853;1.0;ADICIONAL;0.00
2020-06-24 09:34:39;9832281853;1.0;ADICIONAL;0.00
2020-06-24 07:22:06;"";1.0;ADICIONAL;0.00
2020-06-23 18:02:27;"";1.0;ADICIONAL;0.00
2020-06-23 12:12:22;"";1.0;ADICIONAL;0.00
2020-06-23 10:35:18;"";1.0;ADICIONAL;0.00
2020-06-22 17:05:13;"";1.0;ADICIONAL;0.00
2020-06-22 16:50:50;"";1.0;ADICIONAL;0.00
2020-06-22 16:21:58;"";1.0;ADICIONAL;0.00
2020-06-22 15:40:54;"";1.0;ADICIONAL;0.00
2020-06-22 09:44:44;"";1.0;ADICIONAL;0.00
2020-06-22 09:15:13;"";1.0;ADICIONAL;0.00
2020-06-19 14:06:56;"";1.0;ADICIONAL;0.00
2020-06-19 13:04:20;"";1.0;ADICIONAL;0.00
2020-06-19 10:48:58;"";1.0;ADICIONAL;0.00
2020-06-19 10:33:36;"";1.0;ADICIONAL;0.00
2020-06-19 10:01:47;"";1.0;ADICIONAL;0.00
2020-06-19 09:46:40;"";1.0;ADICIONAL;0.00
2020-06-19 08:15:31;"";1.0;ADICIONAL;0.00
2020-06-18 11:22:54;"";1.0;ADICIONAL;0.00
2020-06-18 08:06:14;"";1.0;ADICIONAL;0.00
2020-06-17 15:33:23;"";1.0;ADICIONAL;0.00
2020-06-17 10:12:11;"";1.0;ADICIONAL;0.00
2020-06-17 10:00:08;"";1.0;ADICIONAL;0.00
2020-06-17 09:32:18;"";1.0;ADICIONAL;0.00
2020-06-17 09:16:05;"";1.0;ADICIONAL;0.00
2020-06-16 11:22:50;"";1.0;ADICIONAL;0.00
2020-06-15 14:40:28;"";1.0;ADICIONAL;0.00
2020-06-19 13:39:21;98  33111580;33.0;Para Fixo de Outras Operadoras;
2020-06-17 15:21:05;98  33111580;98.0;Para Fixo de Outras Operadoras;
2020-06-15 10:56:55;98  40095555;10.0;Para Fixo de Outras Operadoras;
2020-06-15 10:47:45;98  32431443;6.0;Para Fixo de Outras Operadoras;
2020-06-15 10:47:12;98  32422229;5.0;Para Fixo de Outras Operadoras;
2020-06-10 14:57:59;98  32426216;20.0;Para Fixo de Outras Operadoras;
2020-06-09 16:46:56;98  32354111;11.0;Para Fixo de Outras Operadoras;
2020-06-09 10:58:53;98  32454739;5.0;Para Fixo de Outras Operadoras;
2020-06-09 10:56:15;98  32431443;11.0;Para Fixo de Outras Operadoras;
2020-06-08 16:23:19;98  32228775;15.0;Para Fixo de Outras Operadoras;
2020-06-26 15:33:55;98  988585386;20.0;Para Celulares de Outras Operadoras;
2020-06-26 15:31:57;98  988585386;16.0;Para Celulares de Outras Operadoras;
2020-06-24 18:33:47;98  984198591;10.0;Para Celulares de Outras Operadoras;
2020-06-17 08:05:05;98  981146260;15.0;Para Celulares de Outras Operadoras;
2020-06-16 15:59:41;98  981146260;10.0;Para Celulares de Outras Operadoras;
2020-06-15 14:26:23;98  983421732;48.0;Para Celulares de Outras Operadoras;
2020-06-15 10:52:35;98  988288122;5.0;Para Celulares de Outras Operadoras;
2020-06-09 10:13:12;98  981146260;22.0;Para Celulares de Outras Operadoras;
2020-06-26 11:21:17;98  988087513;16.0;Para Fixo Vivo;
2020-06-11 13:02:08;98  982820101;13.0;Para Fixo Vivo;
