data_hora_inicio;nro_telefone_chamado;duracao_ligacao;desc_categoria;valor_ligacao
2020-06-08 19:50:03;31  25654655;6.0;Para Fixo Vivo;
2020-06-29 16:32:18;66  35453631;5.0;Para Fixo de Outras Operadoras;
2020-06-17 15:00:49;13  32011015;8.0;Para Fixo de Outras Operadoras;
2020-06-17 14:43:47;13  32011015;34.0;Para Fixo de Outras Operadoras;
2020-06-03 17:33:40;91  37534270;5.0;Para Fixo de Outras Operadoras;
2020-06-19 11:48:54;13  997517856;14.0;Para Celulares de Outras Operadoras;
2020-06-19 10:12:19;13  997517856;5.0;Para Celulares de Outras Operadoras;
2020-06-18 09:31:47;13  991239031;9.0;Para Celulares de Outras Operadoras;
2020-06-16 11:32:06;13  997517856;41.0;Para Celulares de Outras Operadoras;
2020-06-15 11:14:14;11  992680072;30.0;Para Celulares de Outras Operadoras;
2020-06-09 16:45:22;31  994972495;20.0;Para Celulares de Outras Operadoras;
2020-06-02 14:03:52;11  988089439;40.0;Para Celulares de Outras Operadoras;
2020-06-30 15:28:12;66  999037760;126.0;Para Celulares Vivo;
2020-06-16 15:44:10;66  999037760;29.0;Para Celulares Vivo;
2020-06-15 14:16:39;66  999840171;16.0;Para Celulares Vivo;
2020-06-15 13:48:16;66  999840171;15.0;Para Celulares Vivo;
2020-06-10 12:42:22;34  999838865;5.0;Para Celulares Vivo;
2020-06-08 10:12:24;66  999037760;46.0;Para Celulares Vivo;
2020-06-04 13:58:31;11  999035607;131.0;Para Celulares Vivo;
2020-06-03 17:34:35;91  992626949;42.0;Para Celulares Vivo;
2020-06-02 11:47:39;66  999840171;17.0;Para Celulares Vivo;
2020-06-20 07:00:37;*5  55;11.0;"";
2020-06-25 16:34:02;51  984527921;70.0;Para Celulares de Outras Operadoras;
2020-06-22 15:57:42;51  985529212;63.0;Para Celulares de Outras Operadoras;
2020-06-20 11:22:11;51  999523098;5.0;Para Celulares de Outras Operadoras;
2020-06-09 18:39:32;51  981273868;43.0;Para Celulares de Outras Operadoras;
2020-06-09 16:34:58;51  999523098;19.0;Para Celulares de Outras Operadoras;
2020-06-06 17:35:54;51  989043094;39.0;Para Celulares de Outras Operadoras;
2020-06-06 16:57:59;51  999523098;90.0;Para Celulares de Outras Operadoras;
2020-06-05 10:20:20;51  993208416;17.0;Para Celulares de Outras Operadoras;
2020-06-18 10:45:59;51  983122626;41.0;Para Fixo Vivo;
2020-06-15 19:47:24;51  33674606;12.0;Para Fixo Vivo;
2020-06-23 20:55:48;51  999979915;69.0;Para Celulares Vivo;
2020-06-04 08:28:42;51  980547986;24.0;Para Celulares Vivo;
2020-06-04 08:27:21;51  980547986;5.0;Para Celulares Vivo;
2020-05-31;"";569.0;INTERNET MOVEL 2;0.00
2020-06-01;"";2787.7;INTERNET MOVEL 2;0.00
2020-06-02;"";6539.0;INTERNET MOVEL 2;0.00
2020-06-03;"";4177.6;INTERNET MOVEL 2;0.00
2020-06-04;"";7053.1;INTERNET MOVEL 2;0.00
2020-06-05;"";7034.6;INTERNET MOVEL 2;0.00
2020-06-06;"";16995.7;INTERNET MOVEL 2;0.00
2020-06-07;"";998.0;INTERNET MOVEL 2;0.00
2020-06-08;"";5885.0;INTERNET MOVEL 2;0.00
2020-06-09;"";8083.4;INTERNET MOVEL 2;0.00
2020-06-10;"";2298.6;INTERNET MOVEL 2;0.00
2020-06-11;"";1146.0;INTERNET MOVEL 2;0.00
2020-06-12;"";2240.2;INTERNET MOVEL 2;0.00
2020-06-13;"";3035.0;INTERNET MOVEL 2;0.00
2020-06-14;"";655.0;INTERNET MOVEL 2;0.00
2020-06-15;"";1379.0;INTERNET MOVEL 2;0.00
2020-06-16;"";2072.0;INTERNET MOVEL 2;0.00
2020-06-17;"";1456.9;INTERNET MOVEL 2;0.00
2020-06-18;"";3164.6;INTERNET MOVEL 2;0.00
2020-06-19;"";103354.4;INTERNET MOVEL 2;0.00
2020-06-20;"";4002.3;INTERNET MOVEL 2;0.00
2020-06-21;"";853.0;INTERNET MOVEL 2;0.00
2020-06-22;"";1274.0;INTERNET MOVEL 2;0.00
2020-06-23;"";3487.9;INTERNET MOVEL 2;0.00
2020-06-24;"";12602.2;INTERNET MOVEL 2;0.00
2020-06-25;"";2065.0;INTERNET MOVEL 2;0.00
2020-06-26;"";5566.2;INTERNET MOVEL 2;0.00
2020-06-27;"";2626.3;INTERNET MOVEL 2;0.00
2020-06-28;"";12224.2;INTERNET MOVEL 2;0.00
2020-06-29;"";4888.2;INTERNET MOVEL 2;0.00
2020-06-30;"";3986.1;INTERNET MOVEL 2;0.00
