data_hora_inicio;nro_telefone_chamado;duracao_ligacao;desc_categoria;valor_ligacao
2020-06-30 13:15:29;51  997842173;17.0;Para Celulares Vivo;
2020-06-29 17:08:56;51  997842173;35.0;Para Celulares Vivo;
2020-06-27 15:31:54;51  992592729;6.0;Para Celulares Vivo;
2020-06-22 19:03:43;51  992592729;58.0;Para Celulares Vivo;
2020-06-22 15:58:31;51  997842173;11.0;Para Celulares Vivo;
2020-06-22 15:52:14;51  996421125;57.0;Para Celulares Vivo;
2020-06-22 15:46:01;51  997842173;51.0;Para Celulares Vivo;
2020-06-18 08:58:30;51  998991526;79.0;Para Celulares Vivo;
2020-06-15 11:17:30;51  996421125;5.0;Para Celulares Vivo;
2020-06-12 09:18:45;51  992592729;5.0;Para Celulares Vivo;
2020-06-08 15:38:57;51  998991526;59.0;Para Celulares Vivo;
2020-06-08 15:05:13;51  997842173;22.0;Para Celulares Vivo;
2020-06-05 18:24:22;51  997842173;19.0;Para Celulares Vivo;
2020-06-03 19:09:25;51  997842173;23.0;Para Celulares Vivo;
2020-06-03 10:45:45;51  997484451;10.0;Para Celulares Vivo;
