data_hora_inicio;nro_telefone_chamado;duracao_ligacao;desc_categoria;valor_ligacao
2020-06-01 08:22:19;51  32697000;14.0;Para Fixo de Outras Operadoras;
2020-06-01 08:27:04;51  33335767;31.0;Para Fixo Vivo;
2020-06-01 13:30:50;51  984848464;5.0;Para Celulares Vivo;
2020-06-22 17:18:53;48  21060006;173.0;Para Fixo de Outras Operadoras;
2020-06-22 15:25:09;48  21060006;1086.0;Para Fixo de Outras Operadoras;
2020-06-22 15:22:55;48  21060006;20.0;Para Fixo de Outras Operadoras;
2020-06-22 15:22:07;48  21060006;6.0;Para Fixo de Outras Operadoras;
2020-06-22 15:08:06;48  21060006;19.0;Para Fixo de Outras Operadoras;
2020-06-22 15:05:34;48  21060006;20.0;Para Fixo de Outras Operadoras;
2020-06-22 15:03:16;48  21060006;20.0;Para Fixo de Outras Operadoras;
2020-06-22 13:08:07;48  21060006;144.0;Para Fixo de Outras Operadoras;
2020-06-22 13:04:50;48  21060006;30.0;Para Fixo de Outras Operadoras;
2020-06-22 11:45:10;48  21060006;668.0;Para Fixo de Outras Operadoras;
2020-06-22 11:43:43;48  21060006;5.0;Para Fixo de Outras Operadoras;
2020-06-11 13:23:51;48  21060006;5.0;Para Fixo de Outras Operadoras;
2020-06-09 11:39:23;48  21060006;43.0;Para Fixo de Outras Operadoras;
2020-06-09 11:36:49;48  21060006;10.0;Para Fixo de Outras Operadoras;
2020-06-20 19:23:38;*5  55;5.0;"";
2020-06-29 13:14:42;51  33317617;5.0;Para Fixo de Outras Operadoras;
2020-06-28 12:00:17;51  33317617;19.0;Para Fixo de Outras Operadoras;
2020-06-20 10:22:42;51  32697000;52.0;Para Fixo de Outras Operadoras;
2020-06-18 13:59:16;51  33369599;22.0;Para Fixo de Outras Operadoras;
2020-06-18 09:13:17;51  33369599;5.0;Para Fixo de Outras Operadoras;
2020-06-15 11:49:13;51  32697000;26.0;Para Fixo de Outras Operadoras;
2020-06-10 15:35:42;51  33363533;10.0;Para Fixo de Outras Operadoras;
2020-06-10 11:03:22;51  33371606;12.0;Para Fixo de Outras Operadoras;
2020-06-10 08:39:59;51  33371606;12.0;Para Fixo de Outras Operadoras;
2020-06-08 14:36:58;51  33082000;5.0;Para Fixo de Outras Operadoras;
2020-06-05 16:16:47;51  33371606;17.0;Para Fixo de Outras Operadoras;
2020-06-05 16:16:10;51  33371606;5.0;Para Fixo de Outras Operadoras;
2020-06-05 08:54:45;51  33366046;7.0;Para Fixo de Outras Operadoras;
2020-06-03 14:00:41;51  33369599;22.0;Para Fixo de Outras Operadoras;
2020-06-03 11:35:30;51  33366046;24.0;Para Fixo de Outras Operadoras;
2020-06-03 11:32:31;51  33205141;5.0;Para Fixo de Outras Operadoras;
2020-06-03 11:29:19;51  33369599;5.0;Para Fixo de Outras Operadoras;
2020-06-03 11:06:19;51  33371606;24.0;Para Fixo de Outras Operadoras;
2020-06-15 09:40:13;51  996500766;5.0;Para Celulares de Outras Operadoras;
2020-06-23 08:40:50;51  31359090;17.0;Para Fixo Vivo;
2020-06-22 13:48:55;51  33337516;7.0;Para Fixo Vivo;
2020-06-16 15:10:35;51  31359090;182.0;Para Fixo Vivo;
2020-06-09 11:38:11;51  40639221;7.0;Para Fixo Vivo;
2020-06-02 17:09:23;51  33335767;8.0;Para Fixo Vivo;
2020-06-29 12:41:29;51  992592818;15.0;Para Celulares Vivo;
2020-06-27 10:21:16;51  992592843;5.0;Para Celulares Vivo;
2020-06-22 18:13:15;51  992592716;9.0;Para Celulares Vivo;
2020-06-06 17:44:01;51  992592843;5.0;Para Celulares Vivo;
2020-06-06 15:06:38;51  992592843;11.0;Para Celulares Vivo;
2020-06-01;"";243950.1;INTERNET MOVEL 2;0.00
2020-06-02;"";192720.6;INTERNET MOVEL 2;0.00
2020-06-03;"";153958.9;INTERNET MOVEL 2;0.00
2020-06-04;"";59126.9;INTERNET MOVEL 2;0.00
2020-06-05;"";95660.3;INTERNET MOVEL 2;0.00
2020-06-06;"";67669.0;INTERNET MOVEL 2;0.00
2020-06-07;"";91852.2;INTERNET MOVEL 2;0.00
2020-06-08;"";54448.8;INTERNET MOVEL 2;0.00
2020-06-09;"";163061.4;INTERNET MOVEL 2;0.00
2020-06-10;"";121501.7;INTERNET MOVEL 2;0.00
2020-06-11;"";54723.5;INTERNET MOVEL 2;0.00
2020-06-12;"";36130.2;INTERNET MOVEL 2;0.00
2020-06-13;"";132439.8;INTERNET MOVEL 2;0.00
2020-06-14;"";94861.9;INTERNET MOVEL 2;0.00
2020-06-15;"";22222.6;INTERNET MOVEL 2;0.00
2020-06-16;"";85465.9;INTERNET MOVEL 2;0.00
2020-06-17;"";69066.5;INTERNET MOVEL 2;0.00
2020-06-18;"";109831.4;INTERNET MOVEL 2;0.00
2020-06-19;"";76791.2;INTERNET MOVEL 2;0.00
2020-06-20;"";11716.6;INTERNET MOVEL 2;0.00
2020-06-21;"";128630.2;INTERNET MOVEL 2;0.00
2020-06-22;"";110245.9;INTERNET MOVEL 2;0.00
2020-06-23;"";68351.2;INTERNET MOVEL 2;0.00
2020-06-24;"";33267.8;INTERNET MOVEL 2;0.00
2020-06-25;"";46887.0;INTERNET MOVEL 2;0.00
2020-06-26;"";91347.7;INTERNET MOVEL 2;0.00
2020-06-27;"";38255.8;INTERNET MOVEL 2;0.00
2020-06-28;"";31022.0;INTERNET MOVEL 2;0.00
2020-06-29;"";82356.8;INTERNET MOVEL 2;0.00
2020-06-30;"";2590.0;INTERNET MOVEL 2;0.00
