data_hora_inicio;nro_telefone_chamado;duracao_ligacao;desc_categoria;valor_ligacao
2020-06-01 11:34:13;51  37421969;15.0;Para Fixo de Outras Operadoras;
2020-06-01 10:24:21;51  37422294;37.0;Para Fixo de Outras Operadoras;
2020-06-01 10:19:47;51  37422070;5.0;Para Fixo de Outras Operadoras;
2020-06-01 10:18:50;51  37421363;6.0;Para Fixo de Outras Operadoras;
2020-06-01 19:52:38;51  997842173;18.0;Para Celulares Vivo;
2020-06-01 13:45:21;51  995107039;47.0;Para Celulares Vivo;
2020-06-01 10:53:06;51  997979388;104.0;Para Celulares Vivo;
2020-06-01 10:44:57;51  986043796;80.0;Para Celulares Vivo;
2020-06-30 19:16:49;51  996145392;14.0;De Celulares Vivo;
2020-06-19 17:27:56;51  995878817;5.0;De Celulares Vivo;
2020-06-11 10:53:40;51  995878817;9.0;De Celulares Vivo;
2020-06-17 19:40:41;*5  55;5.0;"";
2020-06-30 21:05:23;51  37421054;33.0;Para Fixo de Outras Operadoras;
2020-06-30 13:55:09;51  37422037;9.0;Para Fixo de Outras Operadoras;
2020-06-30 11:05:12;51  37422677;16.0;Para Fixo de Outras Operadoras;
2020-06-29 14:31:18;51  37421184;32.0;Para Fixo de Outras Operadoras;
2020-06-27 09:24:26;51  37421255;7.0;Para Fixo de Outras Operadoras;
2020-06-27 09:23:13;51  37421668;6.0;Para Fixo de Outras Operadoras;
2020-06-26 16:12:44;51  37422456;17.0;Para Fixo de Outras Operadoras;
2020-06-26 11:19:39;51  37422456;83.0;Para Fixo de Outras Operadoras;
2020-06-25 17:35:01;51  37421151;67.0;Para Fixo de Outras Operadoras;
2020-06-25 16:51:23;51  33407908;9.0;Para Fixo de Outras Operadoras;
2020-06-25 16:47:59;51  33407908;8.0;Para Fixo de Outras Operadoras;
2020-06-25 16:46:34;51  33407908;7.0;Para Fixo de Outras Operadoras;
2020-06-25 16:15:03;51  37421151;10.0;Para Fixo de Outras Operadoras;
2020-06-25 16:01:47;51  37421346;19.0;Para Fixo de Outras Operadoras;
2020-06-24 10:38:46;51  37421255;27.0;Para Fixo de Outras Operadoras;
2020-06-23 18:14:14;51  37422677;5.0;Para Fixo de Outras Operadoras;
2020-06-23 17:35:40;51  37421212;80.0;Para Fixo de Outras Operadoras;
2020-06-22 21:22:13;51  30034770;130.0;Para Fixo de Outras Operadoras;
2020-06-22 16:03:29;51  37421255;13.0;Para Fixo de Outras Operadoras;
2020-06-22 15:15:17;51  37421255;79.0;Para Fixo de Outras Operadoras;
2020-06-22 10:18:19;51  37421255;12.0;Para Fixo de Outras Operadoras;
2020-06-22 09:57:03;51  37421255;18.0;Para Fixo de Outras Operadoras;
2020-06-22 08:37:34;51  40044938;43.0;Para Fixo de Outras Operadoras;
2020-06-20 18:09:17;51  37422444;7.0;Para Fixo de Outras Operadoras;
2020-06-20 18:02:01;51  37422677;19.0;Para Fixo de Outras Operadoras;
2020-06-20 16:43:33;51  37422677;27.0;Para Fixo de Outras Operadoras;
2020-06-19 18:23:56;51  37423484;6.0;Para Fixo de Outras Operadoras;
2020-06-19 17:42:36;51  37421648;9.0;Para Fixo de Outras Operadoras;
2020-06-19 11:42:42;51  37422605;7.0;Para Fixo de Outras Operadoras;
2020-06-19 11:40:56;51  37421668;13.0;Para Fixo de Outras Operadoras;
2020-06-19 09:49:46;51  37421380;24.0;Para Fixo de Outras Operadoras;
2020-06-19 08:17:47;51  37422677;27.0;Para Fixo de Outras Operadoras;
2020-06-18 15:30:45;51  37422677;66.0;Para Fixo de Outras Operadoras;
2020-06-18 14:49:33;51  37421969;10.0;Para Fixo de Outras Operadoras;
2020-06-18 11:55:22;51  37421969;8.0;Para Fixo de Outras Operadoras;
2020-06-17 15:28:38;51  37421668;13.0;Para Fixo de Outras Operadoras;
2020-06-17 10:23:41;51  37421110;11.0;Para Fixo de Outras Operadoras;
2020-06-17 10:09:06;51  37422605;46.0;Para Fixo de Outras Operadoras;
2020-06-17 09:51:51;51  37422605;35.0;Para Fixo de Outras Operadoras;
2020-06-17 09:20:02;51  37428200;46.0;Para Fixo de Outras Operadoras;
2020-06-17 09:19:02;51  37422605;5.0;Para Fixo de Outras Operadoras;
2020-06-16 19:20:51;51  37422677;9.0;Para Fixo de Outras Operadoras;
2020-06-16 08:43:43;51  37471991;7.0;Para Fixo de Outras Operadoras;
2020-06-16 08:42:12;51  37423131;11.0;Para Fixo de Outras Operadoras;
2020-06-15 16:08:45;51  37422641;15.0;Para Fixo de Outras Operadoras;
2020-06-13 11:29:06;51  37422677;10.0;Para Fixo de Outras Operadoras;
2020-06-12 20:54:11;51  37421212;25.0;Para Fixo de Outras Operadoras;
2020-06-12 16:02:04;51  37421668;8.0;Para Fixo de Outras Operadoras;
2020-06-10 18:28:46;51  37422677;6.0;Para Fixo de Outras Operadoras;
2020-06-09 14:15:51;51  37421380;37.0;Para Fixo de Outras Operadoras;
2020-06-09 13:35:20;51  37421668;8.0;Para Fixo de Outras Operadoras;
2020-06-09 13:34:52;51  37421668;5.0;Para Fixo de Outras Operadoras;
2020-06-09 13:30:18;51  37421668;44.0;Para Fixo de Outras Operadoras;
2020-06-08 18:57:09;51  37423484;193.0;Para Fixo de Outras Operadoras;
2020-06-08 15:52:07;51  37422677;26.0;Para Fixo de Outras Operadoras;
2020-06-08 15:44:30;51  37421212;38.0;Para Fixo de Outras Operadoras;
2020-06-08 15:35:41;51  37422444;42.0;Para Fixo de Outras Operadoras;
2020-06-08 15:34:39;51  37422444;5.0;Para Fixo de Outras Operadoras;
2020-06-08 15:20:56;51  37422677;16.0;Para Fixo de Outras Operadoras;
2020-06-08 15:19:21;51  37422928;8.0;Para Fixo de Outras Operadoras;
2020-06-08 15:17:23;51  37422444;17.0;Para Fixo de Outras Operadoras;
2020-06-08 14:05:20;51  37422419;7.0;Para Fixo de Outras Operadoras;
2020-06-08 11:46:13;51  37428200;15.0;Para Fixo de Outras Operadoras;
2020-06-08 11:42:56;51  37428200;5.0;Para Fixo de Outras Operadoras;
2020-06-08 10:32:31;51  37421098;29.0;Para Fixo de Outras Operadoras;
2020-06-08 10:21:58;51  37421339;42.0;Para Fixo de Outras Operadoras;
2020-06-08 10:11:45;51  37428200;20.0;Para Fixo de Outras Operadoras;
2020-06-08 10:05:11;51  37421380;23.0;Para Fixo de Outras Operadoras;
2020-06-08 10:01:05;51  37422677;12.0;Para Fixo de Outras Operadoras;
2020-06-06 17:17:06;51  37421212;30.0;Para Fixo de Outras Operadoras;
2020-06-30 09:52:18;51  982887171;42.0;Para Celulares de Outras Operadoras;
2020-06-29 10:25:32;51  981499211;478.0;Para Celulares de Outras Operadoras;
2020-06-28 17:01:13;51  992291056;5.0;Para Celulares de Outras Operadoras;
2020-06-17 20:03:12;51  981952822;5.0;Para Celulares de Outras Operadoras;
2020-06-17 10:25:39;51  997945023;54.0;Para Celulares de Outras Operadoras;
2020-06-15 10:22:57;51  986819685;14.0;Para Celulares de Outras Operadoras;
2020-06-25 10:48:39;51  32335200;14.0;Para Fixo Vivo;
2020-06-22 13:11:06;51  32335200;35.0;Para Fixo Vivo;
2020-06-16 11:31:16;51  32335200;28.0;Para Fixo Vivo;
2020-06-12 11:46:55;51  32335200;66.0;Para Fixo Vivo;
2020-06-30 21:26:08;51  992592729;6.0;Para Celulares Vivo;
2020-06-30 21:14:08;51  992592729;5.0;Para Celulares Vivo;
2020-06-30 18:58:21;51  997842173;14.0;Para Celulares Vivo;
2020-06-30 15:48:28;51  995107039;11.0;Para Celulares Vivo;
2020-06-30 13:35:30;51  997842173;81.0;Para Celulares Vivo;
2020-06-30 09:39:16;51  997842173;42.0;Para Celulares Vivo;
2020-06-29 16:28:51;51  997311401;14.0;Para Celulares Vivo;
2020-06-29 15:18:49;51  997602178;11.0;Para Celulares Vivo;
2020-06-29 15:13:06;51  999101159;41.0;Para Celulares Vivo;
2020-06-29 14:25:44;51  999033748;54.0;Para Celulares Vivo;
2020-06-29 11:53:37;51  996480122;21.0;Para Celulares Vivo;
2020-06-29 11:24:38;51  997842173;11.0;Para Celulares Vivo;
2020-06-29 11:22:46;51  995423449;13.0;Para Celulares Vivo;
2020-06-29 10:13:48;51  998306250;23.0;Para Celulares Vivo;
2020-06-29 10:09:44;51  996480122;32.0;Para Celulares Vivo;
2020-06-29 10:05:16;51  999018148;27.0;Para Celulares Vivo;
2020-06-28 17:12:52;51  997311401;10.0;Para Celulares Vivo;
2020-06-28 15:40:50;51  997979388;15.0;Para Celulares Vivo;
2020-06-28 13:09:51;51  996768663;52.0;Para Celulares Vivo;
2020-06-27 17:13:11;51  996679135;125.0;Para Celulares Vivo;
2020-06-27 12:11:43;51  999625626;29.0;Para Celulares Vivo;
2020-06-26 16:34:31;51  995210231;10.0;Para Celulares Vivo;
2020-06-26 15:47:34;51  995107039;13.0;Para Celulares Vivo;
2020-06-26 10:26:48;51  999144225;38.0;Para Celulares Vivo;
2020-06-25 17:18:39;51  997979388;132.0;Para Celulares Vivo;
2020-06-25 17:09:43;51  998974056;23.0;Para Celulares Vivo;
2020-06-25 15:55:20;51  999033748;61.0;Para Celulares Vivo;
2020-06-24 15:58:16;51  999957194;46.0;Para Celulares Vivo;
2020-06-24 13:55:13;51  999957194;112.0;Para Celulares Vivo;
2020-06-24 11:40:13;51  997979388;25.0;Para Celulares Vivo;
2020-06-23 21:02:37;51  998094681;427.0;Para Celulares Vivo;
2020-06-23 17:56:47;51  981785745;67.0;Para Celulares Vivo;
2020-06-23 17:48:27;51  996480122;43.0;Para Celulares Vivo;
2020-06-22 20:56:28;51  997979388;55.0;Para Celulares Vivo;
2020-06-22 16:51:39;51  997979388;36.0;Para Celulares Vivo;
2020-06-22 13:40:17;51  992592729;6.0;Para Celulares Vivo;
2020-06-22 12:53:35;51  997979388;35.0;Para Celulares Vivo;
2020-06-21 18:10:23;51  981785745;86.0;Para Celulares Vivo;
2020-06-20 12:23:56;51  998872072;22.0;Para Celulares Vivo;
2020-06-19 21:41:45;51  999704328;5.0;Para Celulares Vivo;
2020-06-19 21:06:04;51  998751353;6.0;Para Celulares Vivo;
2020-06-19 19:33:39;51  999704328;7.0;Para Celulares Vivo;
2020-06-19 18:52:12;51  998872072;25.0;Para Celulares Vivo;
2020-06-19 17:44:22;51  998751353;13.0;Para Celulares Vivo;
2020-06-19 15:18:19;51  999704328;10.0;Para Celulares Vivo;
2020-06-18 17:09:29;51  997311401;11.0;Para Celulares Vivo;
2020-06-18 13:12:39;51  998202501;26.0;Para Celulares Vivo;
2020-06-18 12:28:40;51  997979388;24.0;Para Celulares Vivo;
2020-06-17 20:39:08;51  997842173;371.0;Para Celulares Vivo;
2020-06-17 15:31:49;51  999957194;7.0;Para Celulares Vivo;
2020-06-17 11:33:06;51  997842173;14.0;Para Celulares Vivo;
2020-06-17 09:59:17;51  997979388;19.0;Para Celulares Vivo;
2020-06-17 09:45:52;51  997979388;55.0;Para Celulares Vivo;
2020-06-16 08:45:52;51  997271883;22.0;Para Celulares Vivo;
2020-06-15 19:26:49;51  997842173;113.0;Para Celulares Vivo;
2020-06-15 16:10:46;51  999157844;114.0;Para Celulares Vivo;
2020-06-14 16:30:54;51  997979388;98.0;Para Celulares Vivo;
2020-06-13 15:12:13;51  999101159;6.0;Para Celulares Vivo;
2020-06-13 11:33:51;51  992592729;5.0;Para Celulares Vivo;
2020-06-13 10:16:00;51  992592729;9.0;Para Celulares Vivo;
2020-06-13 09:51:39;51  986043796;9.0;Para Celulares Vivo;
2020-06-13 09:42:06;51  999377915;16.0;Para Celulares Vivo;
2020-06-12 11:37:46;51  997979388;20.0;Para Celulares Vivo;
2020-06-12 11:36:17;51  997263644;10.0;Para Celulares Vivo;
2020-06-12 11:25:39;51  997979388;92.0;Para Celulares Vivo;
2020-06-11 19:32:12;51  996679135;14.0;Para Celulares Vivo;
2020-06-11 10:15:19;51  999101159;7.0;Para Celulares Vivo;
2020-06-10 19:55:15;51  997842173;142.0;Para Celulares Vivo;
2020-06-10 18:29:52;51  998624272;5.0;Para Celulares Vivo;
2020-06-10 15:32:47;51  999957194;12.0;Para Celulares Vivo;
2020-06-10 10:27:07;51  997842173;25.0;Para Celulares Vivo;
2020-06-08 15:24:15;51  999101159;10.0;Para Celulares Vivo;
2020-06-08 11:43:23;51  998751353;23.0;Para Celulares Vivo;
2020-06-08 10:15:34;51  998751353;53.0;Para Celulares Vivo;
2020-06-08 09:56:37;51  997979388;19.0;Para Celulares Vivo;
2020-06-07 16:34:30;51  997979388;24.0;Para Celulares Vivo;
2020-06-06 18:06:08;51  997842173;483.0;Para Celulares Vivo;
2020-06-06 11:31:51;51  998751353;66.0;Para Celulares Vivo;
2020-06-06 09:16:20;51  997263644;5.0;Para Celulares Vivo;
2020-06-05 17:14:03;51  996724449;12.0;Para Celulares Vivo;
2020-06-05 10:38:02;51  997842173;8.0;Para Celulares Vivo;
2020-06-04 17:26:47;51  997979388;32.0;Para Celulares Vivo;
2020-06-04 13:56:22;51  996924630;17.0;Para Celulares Vivo;
2020-06-04 13:34:25;51  999704328;211.0;Para Celulares Vivo;
2020-06-04 10:58:24;51  999704328;5.0;Para Celulares Vivo;
2020-06-03 19:01:00;51  997842173;49.0;Para Celulares Vivo;
2020-06-03 11:09:07;51  996337994;64.0;Para Celulares Vivo;
2020-06-02 17:55:01;51  999704328;94.0;Para Celulares Vivo;
2020-06-02 15:00:39;51  992592729;26.0;Para Celulares Vivo;
2020-06-02 11:56:12;51  997979388;48.0;Para Celulares Vivo;
2020-06-02 10:06:26;51  995210231;25.0;Para Celulares Vivo;
2020-06-01;"";24.0;INTERNET MOVEL 2;0.00
2020-06-02;"";4288.0;INTERNET MOVEL 2;0.00
2020-06-03;"";2106.0;INTERNET MOVEL 2;0.00
2020-06-04;"";29208.3;INTERNET MOVEL 2;0.00
2020-06-05;"";2295.0;INTERNET MOVEL 2;0.00
2020-06-06;"";2476.0;INTERNET MOVEL 2;0.00
2020-06-07;"";38.0;INTERNET MOVEL 2;0.00
2020-06-08;"";2053.0;INTERNET MOVEL 2;0.00
2020-06-09;"";1750.0;INTERNET MOVEL 2;0.00
2020-06-10;"";9947.7;INTERNET MOVEL 2;0.00
2020-06-13;"";62879.8;INTERNET MOVEL 2;0.00
2020-06-17;"";1343.0;INTERNET MOVEL 2;0.00
2020-06-19;"";24569.2;INTERNET MOVEL 2;0.00
2020-06-20;"";113065.0;INTERNET MOVEL 2;0.00
2020-06-21;"";6225.2;INTERNET MOVEL 2;0.00
2020-06-23;"";12241.0;INTERNET MOVEL 2;0.00
2020-06-26;"";2907.0;INTERNET MOVEL 2;0.00
