data_hora_inicio;nro_telefone_chamado;duracao_ligacao;desc_categoria;valor_ligacao
2020-06-17 18:00:04;"";1.0;ADICIONAL;0.00
2020-06-30 16:21:37;51  992545119;6.0;Para Celulares Vivo;
2020-06-30 16:21:37;51  992545119;0.0;Adicional por Ligacoes Realizadas;
2020-06-17 18:00:04;    ;74.0;Chamadas de Longa Distancia para Outros Estados;
2020-06-01;"";309795.9;INTERNET MOVEL 2;0.00
2020-06-02;"";252247.3;INTERNET MOVEL 2;0.00
2020-06-03;"";283076.7;INTERNET MOVEL 2;0.00
2020-06-04;"";282006.7;INTERNET MOVEL 2;0.00
2020-06-05;"";20025.8;INTERNET MOVEL 2;0.00
2020-06-06;"";3761.0;INTERNET MOVEL 2;0.00
2020-06-07;"";78183.8;INTERNET MOVEL 2;0.00
2020-06-08;"";145551.7;INTERNET MOVEL 2;0.00
2020-06-09;"";711.0;INTERNET MOVEL 2;0.00
2020-06-10;"";11649.8;INTERNET MOVEL 2;0.00
2020-06-11;"";107851.6;INTERNET MOVEL 2;0.00
2020-06-12;"";47319.8;INTERNET MOVEL 2;0.00
2020-06-13;"";107667.3;INTERNET MOVEL 2;0.00
2020-06-14;"";312602.6;INTERNET MOVEL 2;0.00
2020-06-15;"";150375.4;INTERNET MOVEL 2;0.00
2020-06-16;"";49052.2;INTERNET MOVEL 2;0.00
2020-06-17;"";391214.1;INTERNET MOVEL 2;0.00
2020-06-18;"";38794.0;INTERNET MOVEL 2;0.00
2020-06-19;"";2363.0;INTERNET MOVEL 2;0.00
2020-06-20;"";246901.0;INTERNET MOVEL 2;0.00
2020-06-21;"";41114.0;INTERNET MOVEL 2;0.00
2020-06-22;"";290.0;INTERNET MOVEL 2;0.00
2020-06-23;"";46445.8;INTERNET MOVEL 2;0.00
2020-06-24;"";36345.6;INTERNET MOVEL 2;0.00
2020-06-25;"";246193.6;INTERNET MOVEL 2;0.00
2020-06-26;"";252827.2;INTERNET MOVEL 2;0.00
2020-06-27;"";137440.3;INTERNET MOVEL 2;0.00
2020-06-28;"";61485.5;INTERNET MOVEL 2;0.00
2020-06-29;"";54659.4;INTERNET MOVEL 2;0.00
2020-06-30;"";128837.9;INTERNET MOVEL 2;0.00
2020-07-01;"";26555.8;INTERNET MOVEL 2;0.00
