data_hora_inicio;nro_telefone_chamado;duracao_ligacao;desc_categoria;valor_ligacao
2020-06-30 21:37:01;"";1.0;ADICIONAL;0.00
2020-06-30 15:04:36;1136701770;1.0;ADICIONAL;0.00
2020-06-30 11:09:56;"";1.0;ADICIONAL;0.00
2020-06-17 21:38:49;"";1.0;ADICIONAL;0.00
2020-06-17 15:16:28;"";1.0;ADICIONAL;0.00
2020-06-17 15:15:23;"";1.0;ADICIONAL;0.00
2020-06-16 20:42:01;"";1.0;ADICIONAL;0.00
2020-06-16 18:53:37;"";1.0;ADICIONAL;0.00
2020-06-16 17:41:02;"";1.0;ADICIONAL;0.00
2020-06-01 14:44:45;51  996072008;70.0;Para Celulares de Outras Operadoras;
2020-06-16 14:12:38;54  981395780;5.0;Para Fixo Vivo;
2020-06-18 09:03:55;49  33666000;0.0;Adicional por Ligacoes Realizadas;
2020-06-16 14:12:38;54  981395780;0.0;Adicional por Ligacoes Realizadas;
2020-06-26 10:04:17;49  33313175;39.0;Para Fixo de Outras Operadoras;
2020-06-26 09:45:04;49  33213333;48.0;Para Fixo de Outras Operadoras;
2020-06-26 09:38:28;49  33222050;15.0;Para Fixo de Outras Operadoras;
2020-06-25 11:34:34;49  33666526;12.0;Para Fixo de Outras Operadoras;
2020-06-25 11:24:47;49  33242702;10.0;Para Fixo de Outras Operadoras;
2020-06-25 09:13:28;49  33311500;34.0;Para Fixo de Outras Operadoras;
2020-06-23 15:52:31;49  31990708;36.0;Para Fixo de Outras Operadoras;
2020-06-23 15:42:53;49  33242702;9.0;Para Fixo de Outras Operadoras;
2020-06-23 14:52:23;49  31990700;34.0;Para Fixo de Outras Operadoras;
2020-06-12 15:22:13;49  33538383;11.0;Para Fixo de Outras Operadoras;
2020-06-10 14:49:21;49  33616200;14.0;Para Fixo de Outras Operadoras;
2020-06-10 14:25:14;49  33304000;47.0;Para Fixo de Outras Operadoras;
2020-06-10 10:56:46;49  33220098;6.0;Para Fixo de Outras Operadoras;
2020-06-04 10:02:18;47  30032003;15.0;Para Fixo de Outras Operadoras;
2020-06-03 14:20:42;47  30032003;8.0;Para Fixo de Outras Operadoras;
2020-06-02 15:27:33;49  33307200;10.0;Para Fixo de Outras Operadoras;
2020-06-02 15:11:17;49  33613333;31.0;Para Fixo de Outras Operadoras;
2020-06-02 15:05:55;49  34583500;17.0;Para Fixo de Outras Operadoras;
2020-06-10 10:58:11;49  33615755;19.0;Para Fixo Vivo;
2020-06-10 10:37:38;49  33197200;9.0;Para Fixo Vivo;
2020-06-10 10:35:54;49  33197200;15.0;Para Fixo Vivo;
2020-06-02 15:23:29;49  33197200;6.0;Para Fixo Vivo;
2020-06-02 15:02:44;49  33197200;7.0;Para Fixo Vivo;
2020-06-20 23:55:12;21  998667759;5.0;Para Celulares Vivo;
2020-06-10 14:52:17;54  35209900;5.0;Para Fixo de Outras Operadoras;
2020-06-10 10:34:44;54  33612067;6.0;Para Fixo de Outras Operadoras;
2020-06-04 09:16:32;54  32247500;24.0;Para Fixo de Outras Operadoras;
2020-06-03 14:33:38;54  32247500;17.0;Para Fixo de Outras Operadoras;
2020-06-02 15:24:43;54  33612067;5.0;Para Fixo de Outras Operadoras;
2020-06-02 14:10:53;54  33612067;6.0;Para Fixo de Outras Operadoras;
2020-06-30 21:37:01;    ;17.0;Chamadas de Longa Distancia para Outros Estados;
2020-06-30 15:04:36;11  36701770;5.0;Chamadas de Longa Distancia para Outros Estados;
2020-06-30 11:09:56;    ;62.0;Chamadas de Longa Distancia para Outros Estados;
2020-06-17 21:38:49;    ;555.0;Chamadas de Longa Distancia para Outros Estados;
2020-06-17 15:16:28;    ;13.0;Chamadas de Longa Distancia para Outros Estados;
2020-06-17 15:15:23;    ;5.0;Chamadas de Longa Distancia para Outros Estados;
2020-06-16 20:42:01;    ;56.0;Chamadas de Longa Distancia para Outros Estados;
2020-06-16 18:53:37;    ;87.0;Chamadas de Longa Distancia para Outros Estados;
2020-06-16 17:41:02;    ;553.0;Chamadas de Longa Distancia para Outros Estados;
2020-06-18 09:03:55;49  33666000;5.0;Para Fixo de Outras Operadoras;
2020-06-19 14:08:13;54  981395806;159.0;Para Fixo Vivo;
2020-06-11 16:47:37;51  40032976;5.0;Para Fixo de Outras Operadoras;
2020-06-11 16:45:41;51  40032976;16.0;Para Fixo de Outras Operadoras;
2020-06-11 16:43:06;51  40032976;5.0;Para Fixo de Outras Operadoras;
2020-06-11 16:42:02;51  40032976;10.0;Para Fixo de Outras Operadoras;
2020-06-11 16:41:13;51  40032976;5.0;Para Fixo de Outras Operadoras;
2020-06-11 16:40:12;51  40032976;9.0;Para Fixo de Outras Operadoras;
2020-06-10 14:12:09;51  33264700;29.0;Para Fixo de Outras Operadoras;
2020-06-10 14:11:27;51  33264700;5.0;Para Fixo de Outras Operadoras;
2020-06-05 10:06:39;51  35645501;31.0;Para Fixo de Outras Operadoras;
2020-06-04 11:09:48;51  30410800;15.0;Para Fixo de Outras Operadoras;
2020-06-04 11:07:23;51  35682222;6.0;Para Fixo de Outras Operadoras;
2020-06-04 09:54:03;51  30410800;5.0;Para Fixo de Outras Operadoras;
2020-06-03 14:31:37;51  30410800;15.0;Para Fixo de Outras Operadoras;
2020-06-03 14:29:00;51  35682222;9.0;Para Fixo de Outras Operadoras;
2020-06-26 17:34:00;51  985020406;5.0;Para Celulares de Outras Operadoras;
2020-06-10 10:40:48;51  984016465;146.0;Para Celulares de Outras Operadoras;
2020-06-02 09:00:40;51  984016465;567.0;Para Celulares de Outras Operadoras;
2020-06-26 10:21:52;51  30245536;5.0;Para Fixo Vivo;
2020-06-12 15:25:20;51  30245536;6.0;Para Fixo Vivo;
2020-06-08 18:11:15;51  981248317;317.0;Para Fixo Vivo;
2020-06-02 19:15:38;51  981248317;390.0;Para Fixo Vivo;
2020-06-12 16:10:23;51  999086553;103.0;Para Celulares Vivo;
2020-06-11 13:27:36;51  997077319;20.0;Para Celulares Vivo;
2020-06-11 11:30:58;51  999890170;5.0;Para Celulares Vivo;
2020-06-09 20:56:03;51  992592803;8.0;Para Celulares Vivo;
2020-06-09 16:46:57;51  992592843;5.0;Para Celulares Vivo;
2020-06-09 16:31:22;51  992592843;5.0;Para Celulares Vivo;
2020-06-07 12:45:12;51  998062033;6.0;Para Celulares Vivo;
2020-06-01;"";259206.0;INTERNET MOVEL 2;0.00
2020-06-02;"";399744.5;INTERNET MOVEL 2;0.00
2020-06-03;"";384046.2;INTERNET MOVEL 2;0.00
2020-06-04;"";123535.7;INTERNET MOVEL 2;0.00
2020-06-05;"";61634.4;INTERNET MOVEL 2;0.00
2020-06-06;"";95285.7;INTERNET MOVEL 2;0.00
2020-06-07;"";56077.3;INTERNET MOVEL 2;0.00
2020-06-08;"";38009.2;INTERNET MOVEL 2;0.00
2020-06-09;"";116670.7;INTERNET MOVEL 2;0.00
2020-06-10;"";72527.2;INTERNET MOVEL 2;0.00
2020-06-11;"";201523.3;INTERNET MOVEL 2;0.00
2020-06-12;"";186704.1;INTERNET MOVEL 2;0.00
2020-06-13;"";110491.5;INTERNET MOVEL 2;0.00
2020-06-14;"";180212.3;INTERNET MOVEL 2;0.00
2020-06-15;"";131178.7;INTERNET MOVEL 2;0.00
2020-06-16;"";84747.2;INTERNET MOVEL 2;0.00
2020-06-17;"";113923.2;INTERNET MOVEL 2;0.00
2020-06-18;"";49408.2;INTERNET MOVEL 2;0.00
2020-06-19;"";52527.7;INTERNET MOVEL 2;0.00
2020-06-20;"";86527.2;INTERNET MOVEL 2;0.00
2020-06-21;"";70114.6;INTERNET MOVEL 2;0.00
2020-06-22;"";127103.3;INTERNET MOVEL 2;0.00
2020-06-23;"";194768.3;INTERNET MOVEL 2;0.00
2020-06-24;"";310309.3;INTERNET MOVEL 2;0.00
2020-06-25;"";101094.4;INTERNET MOVEL 2;0.00
2020-06-26;"";267079.0;INTERNET MOVEL 2;0.00
2020-06-27;"";89285.2;INTERNET MOVEL 2;0.00
2020-06-28;"";121494.4;INTERNET MOVEL 2;0.00
2020-06-29;"";270915.2;INTERNET MOVEL 2;0.00
2020-06-30;"";12499.2;INTERNET MOVEL 2;0.00
