data_hora_inicio;nro_telefone_chamado;duracao_ligacao;desc_categoria;valor_ligacao
2020-06-26 17:32:58;51  34993364;8.0;Para Fixo de Outras Operadoras;
2020-06-19 13:46:23;51  34991144;21.0;Para Fixo de Outras Operadoras;
2020-06-18 17:51:21;51  34993364;5.0;Para Fixo de Outras Operadoras;
2020-06-09 20:19:28;51  34535513;87.0;Para Fixo de Outras Operadoras;
2020-06-08 17:45:41;51  984348914;80.0;Para Celulares de Outras Operadoras;
2020-06-02 17:21:38;51  984348914;87.0;Para Celulares de Outras Operadoras;
2020-06-30 16:32:37;51  992592679;46.0;Para Celulares Vivo;
2020-06-25 16:44:26;51  992592679;99.0;Para Celulares Vivo;
2020-06-01;"";161547.1;INTERNET MOVEL 2;0.00
2020-06-02;"";80088.2;INTERNET MOVEL 2;0.00
2020-06-03;"";78268.7;INTERNET MOVEL 2;0.00
2020-06-04;"";205.0;INTERNET MOVEL 2;0.00
2020-06-05;"";262.0;INTERNET MOVEL 2;0.00
2020-06-06;"";624.0;INTERNET MOVEL 2;0.00
2020-06-07;"";27.0;INTERNET MOVEL 2;0.00
2020-06-08;"";259.0;INTERNET MOVEL 2;0.00
2020-06-09;"";62.0;INTERNET MOVEL 2;0.00
2020-06-10;"";144137.9;INTERNET MOVEL 2;0.00
2020-06-11;"";143351.4;INTERNET MOVEL 2;0.00
2020-06-12;"";162594.7;INTERNET MOVEL 2;0.00
2020-06-13;"";22292.9;INTERNET MOVEL 2;0.00
2020-06-14;"";3083.0;INTERNET MOVEL 2;0.00
2020-06-20;"";198485.2;INTERNET MOVEL 2;0.00
2020-06-21;"";56740.0;INTERNET MOVEL 2;0.00
2020-06-22;"";3312.6;INTERNET MOVEL 2;0.00
2020-06-23;"";1344.0;INTERNET MOVEL 2;0.00
2020-06-24;"";14430.6;INTERNET MOVEL 2;0.00
2020-06-25;"";77.0;INTERNET MOVEL 2;0.00
2020-06-26;"";137.0;INTERNET MOVEL 2;0.00
2020-06-27;"";89665.0;INTERNET MOVEL 2;0.00
2020-06-28;"";145909.3;INTERNET MOVEL 2;0.00
2020-06-29;"";64.0;INTERNET MOVEL 2;0.00
2020-06-30;"";91137.5;INTERNET MOVEL 2;0.00
2020-07-01;"";8158.0;INTERNET MOVEL 2;0.00
