data_hora_inicio;nro_telefone_chamado;duracao_ligacao;desc_categoria;valor_ligacao
2020-06-26 14:23:18;"";1.0;ADICIONAL;0.00
2020-06-26 12:24:51;"";1.0;ADICIONAL;0.00
2020-06-26 09:13:42;"";1.0;ADICIONAL;0.00
2020-06-24 12:08:18;"";1.0;ADICIONAL;0.00
2020-06-24 11:59:30;"";1.0;ADICIONAL;0.00
2020-06-24 11:12:10;"";1.0;ADICIONAL;0.00
2020-06-24 09:41:53;11984719726;1.0;ADICIONAL;0.00
2020-06-23 18:29:00;11984719726;1.0;ADICIONAL;0.00
2020-06-23 16:38:06;"";1.0;ADICIONAL;0.00
2020-06-23 11:41:37;"";1.0;ADICIONAL;0.00
2020-06-23 08:42:36;"";1.0;ADICIONAL;0.00
2020-06-22 07:17:19;11984719726;1.0;ADICIONAL;0.00
2020-06-19 14:24:16;"";1.0;ADICIONAL;0.00
2020-06-19 11:19:29;"";1.0;ADICIONAL;0.00
2020-06-19 11:03:20;"";1.0;ADICIONAL;0.00
2020-06-19 09:27:20;"";1.0;ADICIONAL;0.00
2020-06-17 13:34:45;"";1.0;ADICIONAL;0.00
2020-06-17 13:32:55;"";1.0;ADICIONAL;0.00
2020-06-17 07:39:27;"";1.0;ADICIONAL;0.00
2020-06-14 14:29:30;"";1.0;ADICIONAL;0.00
2020-06-14 12:03:26;"";1.0;ADICIONAL;0.00
2020-06-14 11:42:40;"";1.0;ADICIONAL;0.00
2020-06-13 11:48:49;"";1.0;ADICIONAL;0.00
2020-06-12 09:09:16;"";1.0;ADICIONAL;0.00
2020-06-11 09:31:06;"";1.0;ADICIONAL;0.00
2020-06-30 19:56:22;31  988627570;99.0;Para Celulares de Outras Operadoras;
2020-06-30 19:35:16;31  988516418;204.0;Para Celulares de Outras Operadoras;
2020-06-30 19:27:42;31  988627570;64.0;Para Celulares de Outras Operadoras;
2020-06-29 21:30:26;31  988627570;20.0;Para Celulares de Outras Operadoras;
2020-06-29 21:20:29;31  988259377;68.0;Para Celulares de Outras Operadoras;
2020-06-28 18:28:56;31  988259377;28.0;Para Celulares de Outras Operadoras;
2020-06-28 12:20:32;31  988579674;123.0;Para Celulares de Outras Operadoras;
2020-06-28 10:00:58;31  988259377;113.0;Para Celulares de Outras Operadoras;
2020-06-28 09:59:16;31  988627570;12.0;Para Celulares de Outras Operadoras;
2020-06-28 09:42:27;31  988579674;152.0;Para Celulares de Outras Operadoras;
2020-06-30 11:24:05;"";1.0;ADICIONAL;0.00
2020-06-30 10:44:09;"";1.0;ADICIONAL;0.00
2020-06-30 08:14:31;11984719726;1.0;ADICIONAL;0.00
2020-06-29 12:20:54;"";1.0;ADICIONAL;0.00
2020-06-27 09:50:26;"";1.0;ADICIONAL;0.00
2020-06-26 18:19:49;11984719726;1.0;ADICIONAL;0.00
2020-06-27 21:01:26;31  988627570;26.0;Para Celulares de Outras Operadoras;
2020-06-27 12:01:43;31  988516418;26.0;Para Celulares de Outras Operadoras;
2020-06-26 22:19:58;31  988259377;51.0;Para Celulares de Outras Operadoras;
2020-06-26 14:58:25;31  985185394;15.0;Para Celulares de Outras Operadoras;
2020-06-26 14:10:56;31  985185394;88.0;Para Celulares de Outras Operadoras;
2020-06-25 21:38:28;31  988259377;172.0;Para Celulares de Outras Operadoras;
2020-06-25 18:59:08;31  984721338;5.0;Para Celulares de Outras Operadoras;
2020-06-25 18:53:55;31  984721338;42.0;Para Celulares de Outras Operadoras;
2020-06-24 12:01:36;31  984721338;16.0;Para Celulares de Outras Operadoras;
2020-06-24 12:00:54;31  984721338;5.0;Para Celulares de Outras Operadoras;
2020-06-24 10:05:29;31  984721338;78.0;Para Celulares de Outras Operadoras;
2020-06-24 08:43:14;31  988806674;59.0;Para Celulares de Outras Operadoras;
2020-06-23 22:09:09;31  988259377;67.0;Para Celulares de Outras Operadoras;
2020-06-23 21:47:18;31  988259377;163.0;Para Celulares de Outras Operadoras;
2020-06-23 14:24:53;31  984721338;68.0;Para Celulares de Outras Operadoras;
2020-06-23 08:47:23;31  984721338;31.0;Para Celulares de Outras Operadoras;
2020-06-22 21:09:26;31  988259377;126.0;Para Celulares de Outras Operadoras;
2020-06-22 20:58:07;31  993079325;36.0;Para Celulares de Outras Operadoras;
2020-06-21 20:50:06;31  988259377;150.0;Para Celulares de Outras Operadoras;
2020-06-19 10:32:54;31  988806674;48.0;Para Celulares de Outras Operadoras;
2020-06-19 10:26:31;31  988806674;7.0;Para Celulares de Outras Operadoras;
2020-06-18 08:26:29;31  984721338;50.0;Para Celulares de Outras Operadoras;
2020-06-17 16:49:13;31  984721338;100.0;Para Celulares de Outras Operadoras;
2020-06-14 14:43:06;31  984721338;5.0;Para Celulares de Outras Operadoras;
2020-06-14 14:38:09;48  999676751;33.0;Para Celulares de Outras Operadoras;
2020-06-14 11:45:34;31  984721338;23.0;Para Celulares de Outras Operadoras;
2020-06-14 11:44:40;31  984721338;5.0;Para Celulares de Outras Operadoras;
2020-06-12 19:33:24;31  988516418;29.0;Para Celulares de Outras Operadoras;
2020-06-12 10:57:20;31  988259377;270.0;Para Celulares de Outras Operadoras;
2020-06-12 10:48:04;31  988516418;67.0;Para Celulares de Outras Operadoras;
2020-06-11 21:57:10;31  988259377;112.0;Para Celulares de Outras Operadoras;
2020-06-11 20:44:14;31  988627570;14.0;Para Celulares de Outras Operadoras;
2020-06-11 20:38:11;31  988516418;20.0;Para Celulares de Outras Operadoras;
2020-06-08 11:03:28;31  984721338;24.0;Para Celulares de Outras Operadoras;
2020-06-30 17:10:07;31  997065038;5.0;Para Celulares Vivo;
2020-06-28 09:22:19;31  995501012;162.0;Para Celulares Vivo;
2020-06-26 18:14:27;11  984719726;9.0;Para Celulares Vivo;
2020-06-25 09:03:02;31  995629039;5.0;Para Celulares Vivo;
2020-06-23 07:37:30;11  984719726;40.0;Para Celulares Vivo;
2020-06-22 16:37:49;11  984719726;29.0;Para Celulares Vivo;
2020-06-22 16:10:09;37  988070456;94.0;Para Celulares Vivo;
2020-06-22 07:16:35;11  984719726;5.0;Para Celulares Vivo;
2020-06-30 19:56:22;31  988627570;0.0;Adicional por Ligacoes Realizadas;
2020-06-30 19:35:16;31  988516418;0.0;Adicional por Ligacoes Realizadas;
2020-06-30 19:27:42;31  988627570;0.0;Adicional por Ligacoes Realizadas;
2020-06-30 17:10:07;31  997065038;0.0;Adicional por Ligacoes Realizadas;
2020-06-29 21:30:26;31  988627570;0.0;Adicional por Ligacoes Realizadas;
2020-06-29 21:20:29;31  988259377;0.0;Adicional por Ligacoes Realizadas;
2020-06-29 14:17:32;94  988034178;0.0;Adicional por Ligacoes Realizadas;
2020-06-28 18:28:56;31  988259377;0.0;Adicional por Ligacoes Realizadas;
2020-06-28 12:20:32;31  988579674;0.0;Adicional por Ligacoes Realizadas;
2020-06-28 10:00:58;31  988259377;0.0;Adicional por Ligacoes Realizadas;
2020-06-28 09:59:16;31  988627570;0.0;Adicional por Ligacoes Realizadas;
2020-06-28 09:42:27;31  988579674;0.0;Adicional por Ligacoes Realizadas;
2020-06-28 09:22:19;31  995501012;0.0;Adicional por Ligacoes Realizadas;
2020-06-27 21:01:26;31  988627570;0.0;Adicional por Ligacoes Realizadas;
2020-06-27 12:01:43;31  988516418;0.0;Adicional por Ligacoes Realizadas;
2020-06-26 22:19:58;31  988259377;0.0;Adicional por Ligacoes Realizadas;
2020-06-26 18:14:27;11  984719726;0.0;Adicional por Ligacoes Realizadas;
2020-06-26 16:11:33;94  988019214;0.0;Adicional por Ligacoes Realizadas;
2020-06-26 14:58:25;31  985185394;0.0;Adicional por Ligacoes Realizadas;
2020-06-26 14:55:43;94  988019214;0.0;Adicional por Ligacoes Realizadas;
2020-06-26 14:10:56;31  985185394;0.0;Adicional por Ligacoes Realizadas;
2020-06-25 21:38:28;31  988259377;0.0;Adicional por Ligacoes Realizadas;
2020-06-25 18:59:08;31  984721338;0.0;Adicional por Ligacoes Realizadas;
2020-06-25 18:53:55;31  984721338;0.0;Adicional por Ligacoes Realizadas;
2020-06-25 12:52:07;94  988019214;0.0;Adicional por Ligacoes Realizadas;
2020-06-25 12:38:46;94  988019214;0.0;Adicional por Ligacoes Realizadas;
2020-06-25 11:20:03;94  988019214;0.0;Adicional por Ligacoes Realizadas;
2020-06-25 11:10:30;94  988019214;0.0;Adicional por Ligacoes Realizadas;
2020-06-25 09:07:11;94  988019214;0.0;Adicional por Ligacoes Realizadas;
2020-06-25 09:03:02;31  995629039;0.0;Adicional por Ligacoes Realizadas;
2020-06-24 16:35:05;94  988034178;0.0;Adicional por Ligacoes Realizadas;
2020-06-24 16:30:14;94  988019214;0.0;Adicional por Ligacoes Realizadas;
2020-06-24 15:09:30;94  999530896;0.0;Adicional por Ligacoes Realizadas;
2020-06-24 14:10:39;94  988019214;0.0;Adicional por Ligacoes Realizadas;
2020-06-24 13:25:03;94  988033902;0.0;Adicional por Ligacoes Realizadas;
2020-06-24 12:24:51;94  988019214;0.0;Adicional por Ligacoes Realizadas;
2020-06-24 12:01:36;31  984721338;0.0;Adicional por Ligacoes Realizadas;
2020-06-24 12:00:54;31  984721338;0.0;Adicional por Ligacoes Realizadas;
2020-06-24 10:05:29;31  984721338;0.0;Adicional por Ligacoes Realizadas;
2020-06-24 09:14:23;94  988019214;0.0;Adicional por Ligacoes Realizadas;
2020-06-24 08:43:14;31  988806674;0.0;Adicional por Ligacoes Realizadas;
2020-06-23 22:09:09;31  988259377;0.0;Adicional por Ligacoes Realizadas;
2020-06-23 21:47:18;31  988259377;0.0;Adicional por Ligacoes Realizadas;
2020-06-23 14:24:53;31  984721338;0.0;Adicional por Ligacoes Realizadas;
2020-06-23 08:47:23;31  984721338;0.0;Adicional por Ligacoes Realizadas;
2020-06-23 07:37:30;11  984719726;0.0;Adicional por Ligacoes Realizadas;
2020-06-22 21:09:26;31  988259377;0.0;Adicional por Ligacoes Realizadas;
2020-06-22 20:58:07;31  993079325;0.0;Adicional por Ligacoes Realizadas;
2020-06-22 16:37:49;11  984719726;0.0;Adicional por Ligacoes Realizadas;
2020-06-22 16:31:29;94  988036699;0.0;Adicional por Ligacoes Realizadas;
2020-06-22 16:10:09;37  988070456;0.0;Adicional por Ligacoes Realizadas;
2020-06-22 10:58:34;94  988019214;0.0;Adicional por Ligacoes Realizadas;
2020-06-22 07:16:35;11  984719726;0.0;Adicional por Ligacoes Realizadas;
2020-06-21 20:50:06;31  988259377;0.0;Adicional por Ligacoes Realizadas;
2020-06-19 10:32:54;31  988806674;0.0;Adicional por Ligacoes Realizadas;
2020-06-19 10:26:31;31  988806674;0.0;Adicional por Ligacoes Realizadas;
2020-06-18 08:26:29;31  984721338;0.0;Adicional por Ligacoes Realizadas;
2020-06-17 16:49:13;31  984721338;0.0;Adicional por Ligacoes Realizadas;
2020-06-17 16:41:36;94  991636061;0.0;Adicional por Ligacoes Realizadas;
2020-06-17 07:20:13;94  988033902;0.0;Adicional por Ligacoes Realizadas;
2020-06-14 14:43:06;31  984721338;0.0;Adicional por Ligacoes Realizadas;
2020-06-14 14:38:09;48  999676751;0.0;Adicional por Ligacoes Realizadas;
2020-06-14 11:45:34;31  984721338;0.0;Adicional por Ligacoes Realizadas;
2020-06-14 11:44:40;31  984721338;0.0;Adicional por Ligacoes Realizadas;
2020-06-12 19:33:24;31  988516418;0.0;Adicional por Ligacoes Realizadas;
2020-06-12 10:57:20;31  988259377;0.0;Adicional por Ligacoes Realizadas;
2020-06-12 10:48:04;31  988516418;0.0;Adicional por Ligacoes Realizadas;
2020-06-11 21:57:10;31  988259377;0.0;Adicional por Ligacoes Realizadas;
2020-06-11 20:44:14;31  988627570;0.0;Adicional por Ligacoes Realizadas;
2020-06-11 20:38:11;31  988516418;0.0;Adicional por Ligacoes Realizadas;
2020-06-08 11:03:28;31  984721338;0.0;Adicional por Ligacoes Realizadas;
2020-06-30 11:24:05;    ;300.0;Chamadas de Longa Distancia para Outros Estados;
2020-06-30 10:44:09;    ;74.0;Chamadas de Longa Distancia para Outros Estados;
2020-06-30 08:14:31;11  984719726;351.0;Chamadas de Longa Distancia para Outros Estados;
2020-06-29 12:20:54;    ;65.0;Chamadas de Longa Distancia para Outros Estados;
2020-06-27 09:50:26;    ;108.0;Chamadas de Longa Distancia para Outros Estados;
2020-06-26 18:19:49;11  984719726;7.0;Chamadas de Longa Distancia para Outros Estados;
2020-06-26 14:23:18;    ;27.0;Chamadas de Longa Distancia para Outros Estados;
2020-06-26 12:24:51;    ;23.0;Chamadas de Longa Distancia para Outros Estados;
2020-06-26 09:13:42;    ;23.0;Chamadas de Longa Distancia para Outros Estados;
2020-06-24 12:08:18;    ;12.0;Chamadas de Longa Distancia para Outros Estados;
2020-06-24 11:59:30;    ;9.0;Chamadas de Longa Distancia para Outros Estados;
2020-06-24 11:12:10;    ;135.0;Chamadas de Longa Distancia para Outros Estados;
2020-06-24 09:41:53;11  984719726;52.0;Chamadas de Longa Distancia para Outros Estados;
2020-06-23 18:29:00;11  984719726;26.0;Chamadas de Longa Distancia para Outros Estados;
2020-06-23 16:38:06;    ;136.0;Chamadas de Longa Distancia para Outros Estados;
2020-06-23 11:41:37;    ;49.0;Chamadas de Longa Distancia para Outros Estados;
2020-06-23 08:42:36;    ;39.0;Chamadas de Longa Distancia para Outros Estados;
2020-06-22 07:17:19;11  984719726;152.0;Chamadas de Longa Distancia para Outros Estados;
2020-06-19 14:24:16;    ;5.0;Chamadas de Longa Distancia para Outros Estados;
2020-06-19 11:19:29;    ;25.0;Chamadas de Longa Distancia para Outros Estados;
2020-06-19 11:03:20;    ;18.0;Chamadas de Longa Distancia para Outros Estados;
2020-06-19 09:27:20;    ;8.0;Chamadas de Longa Distancia para Outros Estados;
2020-06-17 13:34:45;    ;6.0;Chamadas de Longa Distancia para Outros Estados;
2020-06-17 13:32:55;    ;5.0;Chamadas de Longa Distancia para Outros Estados;
2020-06-17 07:39:27;    ;35.0;Chamadas de Longa Distancia para Outros Estados;
2020-06-14 14:29:30;    ;18.0;Chamadas de Longa Distancia para Outros Estados;
2020-06-14 12:03:26;    ;25.0;Chamadas de Longa Distancia para Outros Estados;
2020-06-14 11:42:40;    ;6.0;Chamadas de Longa Distancia para Outros Estados;
2020-06-13 11:48:49;    ;13.0;Chamadas de Longa Distancia para Outros Estados;
2020-06-12 09:09:16;    ;83.0;Chamadas de Longa Distancia para Outros Estados;
2020-06-11 09:31:06;    ;44.0;Chamadas de Longa Distancia para Outros Estados;
2020-06-29 14:17:32;94  988034178;34.0;Para Celulares de Outras Operadoras;
2020-06-26 16:11:33;94  988019214;5.0;Para Celulares de Outras Operadoras;
2020-06-26 14:55:43;94  988019214;7.0;Para Celulares de Outras Operadoras;
2020-06-25 12:52:07;94  988019214;10.0;Para Celulares de Outras Operadoras;
2020-06-25 12:38:46;94  988019214;6.0;Para Celulares de Outras Operadoras;
2020-06-25 11:20:03;94  988019214;19.0;Para Celulares de Outras Operadoras;
2020-06-25 11:10:30;94  988019214;8.0;Para Celulares de Outras Operadoras;
2020-06-25 09:07:11;94  988019214;8.0;Para Celulares de Outras Operadoras;
2020-06-24 16:35:05;94  988034178;18.0;Para Celulares de Outras Operadoras;
2020-06-24 16:30:14;94  988019214;27.0;Para Celulares de Outras Operadoras;
2020-06-24 15:09:30;94  999530896;21.0;Para Celulares de Outras Operadoras;
2020-06-24 14:10:39;94  988019214;16.0;Para Celulares de Outras Operadoras;
2020-06-24 13:25:03;94  988033902;56.0;Para Celulares de Outras Operadoras;
2020-06-24 12:24:51;94  988019214;5.0;Para Celulares de Outras Operadoras;
2020-06-24 09:14:23;94  988019214;26.0;Para Celulares de Outras Operadoras;
2020-06-22 10:58:34;94  988019214;6.0;Para Celulares de Outras Operadoras;
2020-06-17 07:20:13;94  988033902;39.0;Para Celulares de Outras Operadoras;
2020-06-22 16:31:29;94  988036699;59.0;Para Celulares Vivo;
2020-06-17 16:41:36;94  991636061;22.0;Para Celulares Vivo;
2020-06-16;"";17.0;INTERNET MOVEL 2;0.00
