data_hora_inicio;nro_telefone_chamado;duracao_ligacao;desc_categoria;valor_ligacao
2020-06-29 08:34:18;"";1.0;ADICIONAL;0.00
2020-06-26 15:36:40;"";1.0;ADICIONAL;0.00
2020-06-26 13:29:14;"";1.0;ADICIONAL;0.00
2020-06-26 10:25:50;"";1.0;ADICIONAL;0.00
2020-06-23 08:03:36;"";1.0;ADICIONAL;0.00
2020-06-15 08:16:14;"";1.0;ADICIONAL;0.00
2020-06-22 10:08:33;53  984391613;5.0;Para Celulares de Outras Operadoras;
2020-06-15 15:28:12;53  984391613;10.0;Para Celulares de Outras Operadoras;
2020-06-10 15:27:39;53  984391613;10.0;Para Celulares de Outras Operadoras;
2020-06-26 12:37:32;51  998115641;5.0;Para Celulares Vivo;
2020-06-26 11:04:03;51  998115641;5.0;Para Celulares Vivo;
2020-06-26 06:32:55;51  998115641;5.0;Para Celulares Vivo;
2020-06-22 10:11:01;16  996003857;5.0;Para Celulares Vivo;
2020-06-15 14:40:29;51  991223844;12.0;Para Celulares Vivo;
2020-06-12 15:38:42;51  998115641;13.0;Para Celulares Vivo;
2020-06-30 17:10:05;98  30142015;0.0;Adicional por Ligacoes Realizadas;
2020-06-30 17:02:03;98  988779218;0.0;Adicional por Ligacoes Realizadas;
2020-06-30 17:00:21;98  988922215;0.0;Adicional por Ligacoes Realizadas;
2020-06-30 14:46:42;98  988414172;0.0;Adicional por Ligacoes Realizadas;
2020-06-30 14:39:30;98  988414172;0.0;Adicional por Ligacoes Realizadas;
2020-06-30 14:18:59;98  32167979;0.0;Adicional por Ligacoes Realizadas;
2020-06-29 10:16:24;98  981916058;0.0;Adicional por Ligacoes Realizadas;
2020-06-27 18:37:01;98  988414172;0.0;Adicional por Ligacoes Realizadas;
2020-06-27 12:13:00;98  991831903;0.0;Adicional por Ligacoes Realizadas;
2020-06-26 12:37:32;51  998115641;0.0;Adicional por Ligacoes Realizadas;
2020-06-26 11:04:03;51  998115641;0.0;Adicional por Ligacoes Realizadas;
2020-06-26 06:32:55;51  998115641;0.0;Adicional por Ligacoes Realizadas;
2020-06-25 15:48:12;98  984606712;0.0;Adicional por Ligacoes Realizadas;
2020-06-22 10:11:01;16  996003857;0.0;Adicional por Ligacoes Realizadas;
2020-06-22 10:08:33;53  984391613;0.0;Adicional por Ligacoes Realizadas;
2020-06-19 10:56:32;98  984391806;0.0;Adicional por Ligacoes Realizadas;
2020-06-17 17:17:49;98  981916058;0.0;Adicional por Ligacoes Realizadas;
2020-06-16 16:18:32;98  981916058;0.0;Adicional por Ligacoes Realizadas;
2020-06-15 15:52:04;98  984391806;0.0;Adicional por Ligacoes Realizadas;
2020-06-15 15:28:12;53  984391613;0.0;Adicional por Ligacoes Realizadas;
2020-06-15 14:40:29;51  991223844;0.0;Adicional por Ligacoes Realizadas;
2020-06-15 08:52:32;98  981916058;0.0;Adicional por Ligacoes Realizadas;
2020-06-15 08:45:13;98  987504748;0.0;Adicional por Ligacoes Realizadas;
2020-06-15 07:41:43;98  981916058;0.0;Adicional por Ligacoes Realizadas;
2020-06-12 15:38:42;51  998115641;0.0;Adicional por Ligacoes Realizadas;
2020-06-11 16:22:31;98  981916058;0.0;Adicional por Ligacoes Realizadas;
2020-06-10 15:27:39;53  984391613;0.0;Adicional por Ligacoes Realizadas;
2020-06-10 15:02:28;98  984391806;0.0;Adicional por Ligacoes Realizadas;
2020-06-07 08:22:55;*5  55;0.0;Adicional por Ligacoes Realizadas;
2020-06-29 08:34:18;    ;7.0;Chamadas de Longa Distancia para Outros Estados;
2020-06-26 15:36:40;    ;5.0;Chamadas de Longa Distancia para Outros Estados;
2020-06-26 13:29:14;    ;5.0;Chamadas de Longa Distancia para Outros Estados;
2020-06-26 10:25:50;    ;17.0;Chamadas de Longa Distancia para Outros Estados;
2020-06-23 08:03:36;    ;21.0;Chamadas de Longa Distancia para Outros Estados;
2020-06-15 08:16:14;    ;5.0;Chamadas de Longa Distancia para Outros Estados;
2020-06-07 08:22:55;*5  55;5.0;"";
2020-06-30 14:18:59;98  32167979;162.0;Para Fixo de Outras Operadoras;
2020-06-30 17:02:03;98  988779218;34.0;Para Celulares de Outras Operadoras;
2020-06-30 17:00:21;98  988922215;5.0;Para Celulares de Outras Operadoras;
2020-06-30 14:46:42;98  988414172;5.0;Para Celulares de Outras Operadoras;
2020-06-30 14:39:30;98  988414172;5.0;Para Celulares de Outras Operadoras;
2020-06-29 10:16:24;98  981916058;7.0;Para Celulares de Outras Operadoras;
2020-06-27 18:37:01;98  988414172;6.0;Para Celulares de Outras Operadoras;
2020-06-25 15:48:12;98  984606712;6.0;Para Celulares de Outras Operadoras;
2020-06-19 10:56:32;98  984391806;5.0;Para Celulares de Outras Operadoras;
2020-06-17 17:17:49;98  981916058;19.0;Para Celulares de Outras Operadoras;
2020-06-16 16:18:32;98  981916058;5.0;Para Celulares de Outras Operadoras;
2020-06-15 15:52:04;98  984391806;9.0;Para Celulares de Outras Operadoras;
2020-06-15 08:52:32;98  981916058;5.0;Para Celulares de Outras Operadoras;
2020-06-15 08:45:13;98  987504748;28.0;Para Celulares de Outras Operadoras;
2020-06-15 07:41:43;98  981916058;5.0;Para Celulares de Outras Operadoras;
2020-06-11 16:22:31;98  981916058;5.0;Para Celulares de Outras Operadoras;
2020-06-10 15:02:28;98  984391806;7.0;Para Celulares de Outras Operadoras;
2020-06-30 17:10:05;98  30142015;10.0;Para Fixo Vivo;
2020-06-27 12:13:00;98  991831903;7.0;Para Celulares Vivo;
