data_hora_inicio;nro_telefone_chamado;duracao_ligacao;desc_categoria;valor_ligacao
2020-06-30 09:37:34;"";1.0;ADICIONAL;0.00
2020-06-29 10:17:06;"";1.0;ADICIONAL;0.00
2020-06-24 15:22:59;"";1.0;ADICIONAL;0.00
2020-06-23 11:36:21;"";1.0;ADICIONAL;0.00
2020-06-22 13:05:59;1126121100;1.0;ADICIONAL;0.00
2020-06-20 12:30:02;1126121100;1.0;ADICIONAL;0.00
2020-06-19 17:53:10;1126121100;1.0;ADICIONAL;0.00
2020-06-17 16:42:56;1136301200;1.0;ADICIONAL;0.00
2020-06-10 09:59:01;"";1.0;ADICIONAL;0.00
2020-06-09 13:41:25;"";1.0;ADICIONAL;0.00
2020-06-09 13:38:58;"";1.0;ADICIONAL;0.00
2020-06-05 09:18:22;"";1.0;ADICIONAL;0.00
2020-06-02 08:55:41;"";1.0;ADICIONAL;0.00
2020-06-01 09:04:44;51  996922316;0.0;Adicional por Ligacoes Realizadas;
2020-06-29 11:38:19;51  996922316;5.0;Para Celulares Vivo;
2020-06-24 16:02:11;51  996922316;12.0;Para Celulares Vivo;
2020-06-23 08:03:36;51  996922316;5.0;Para Celulares Vivo;
2020-06-20 10:45:27;51  996922316;12.0;Para Celulares Vivo;
2020-06-20 09:25:15;51  996922316;5.0;Para Celulares Vivo;
2020-06-17 08:16:19;51  996922316;20.0;Para Celulares Vivo;
2020-06-09 13:59:31;51  996922316;6.0;Para Celulares Vivo;
2020-06-09 13:53:01;51  996922316;12.0;Para Celulares Vivo;
2020-06-07 17:16:40;51  996922316;5.0;Para Celulares Vivo;
2020-06-02 15:50:36;51  996922316;9.0;Para Celulares Vivo;
2020-06-02 09:17:34;51  996922316;9.0;Para Celulares Vivo;
2020-06-01 09:04:44;51  996922316;15.0;Para Celulares Vivo;
2020-06-29 11:38:19;51  996922316;0.0;Adicional por Ligacoes Realizadas;
2020-06-24 16:02:11;51  996922316;0.0;Adicional por Ligacoes Realizadas;
2020-06-23 08:03:36;51  996922316;0.0;Adicional por Ligacoes Realizadas;
2020-06-20 10:45:27;51  996922316;0.0;Adicional por Ligacoes Realizadas;
2020-06-20 09:25:15;51  996922316;0.0;Adicional por Ligacoes Realizadas;
2020-06-17 08:16:19;51  996922316;0.0;Adicional por Ligacoes Realizadas;
2020-06-09 13:59:31;51  996922316;0.0;Adicional por Ligacoes Realizadas;
2020-06-09 13:53:01;51  996922316;0.0;Adicional por Ligacoes Realizadas;
2020-06-07 17:16:40;51  996922316;0.0;Adicional por Ligacoes Realizadas;
2020-06-02 15:50:36;51  996922316;0.0;Adicional por Ligacoes Realizadas;
2020-06-02 09:17:34;51  996922316;0.0;Adicional por Ligacoes Realizadas;
2020-06-30 09:37:34;    ;5.0;Chamadas de Longa Distancia para Outros Estados;
2020-06-29 10:17:06;    ;7.0;Chamadas de Longa Distancia para Outros Estados;
2020-06-24 15:22:59;    ;16.0;Chamadas de Longa Distancia para Outros Estados;
2020-06-23 11:36:21;    ;5.0;Chamadas de Longa Distancia para Outros Estados;
2020-06-22 13:05:59;11  26121100;5.0;Chamadas de Longa Distancia para Outros Estados;
2020-06-20 12:30:02;11  26121100;5.0;Chamadas de Longa Distancia para Outros Estados;
2020-06-19 17:53:10;11  26121100;5.0;Chamadas de Longa Distancia para Outros Estados;
2020-06-17 16:42:56;11  36301200;5.0;Chamadas de Longa Distancia para Outros Estados;
2020-06-10 09:59:01;    ;17.0;Chamadas de Longa Distancia para Outros Estados;
2020-06-09 13:41:25;    ;5.0;Chamadas de Longa Distancia para Outros Estados;
2020-06-09 13:38:58;    ;11.0;Chamadas de Longa Distancia para Outros Estados;
2020-06-05 09:18:22;    ;22.0;Chamadas de Longa Distancia para Outros Estados;
2020-06-02 08:55:41;    ;5.0;Chamadas de Longa Distancia para Outros Estados;
2020-06-05;"";7.0;INTERNET MOVEL 2;0.00
2020-06-19;"";1.0;INTERNET MOVEL 2;0.00
2020-06-27;"";17.0;INTERNET MOVEL 2;0.00
2020-06-28;"";5.0;INTERNET MOVEL 2;0.00
