data_hora_inicio;nro_telefone_chamado;duracao_ligacao;desc_categoria;valor_ligacao
2020-06-01 17:17:38;11993805298;1.0;ADICIONAL;0.00
2020-06-06 01:59:06;4134204900;1.0;ADICIONAL;0.00
2020-06-06 01:25:28;"";1.0;ADICIONAL;0.00
2020-06-05 21:08:32;"";1.0;ADICIONAL;0.00
2020-06-05 20:10:22;"";1.0;ADICIONAL;0.00
2020-06-05 19:49:09;"";1.0;ADICIONAL;0.00
2020-06-05 11:30:17;"";1.0;ADICIONAL;0.00
2020-06-03 16:09:06;"";1.0;ADICIONAL;0.00
2020-06-03 11:26:25;"";1.0;ADICIONAL;0.00
2020-06-02 19:18:25;"";1.0;ADICIONAL;0.00
2020-06-02 17:03:00;"";1.0;ADICIONAL;0.00
2020-06-02 10:43:33;"";1.0;ADICIONAL;0.00
2020-06-02 08:31:23;"";1.0;ADICIONAL;0.00
2020-06-02 07:46:49;"";1.0;ADICIONAL;0.00
2020-06-18 10:44:14;51995838788;1.0;GRATIS-SMS;0.00
2020-06-12 07:44:48;51993320327;1.0;GRATIS-SMS;0.00
2020-06-02 09:36:01;51984468666;1.0;GRATIS-SMS;0.00
2020-06-05 19:57:53;48  991664588;0.0;Adicional por Ligacoes Realizadas;
2020-06-05 19:55:09;41  991111612;0.0;Adicional por Ligacoes Realizadas;
2020-06-05 19:49:53;41  991111612;0.0;Adicional por Ligacoes Realizadas;
2020-06-05 16:19:12;51  997537244;0.0;Adicional por Ligacoes Realizadas;
2020-06-05 08:34:53;48  991664588;0.0;Adicional por Ligacoes Realizadas;
2020-06-04 16:27:02;48  991664588;0.0;Adicional por Ligacoes Realizadas;
2020-06-04 16:24:56;51  993320336;0.0;Adicional por Ligacoes Realizadas;
2020-06-04 14:47:36;51  993394636;0.0;Adicional por Ligacoes Realizadas;
2020-06-04 01:17:47;98  987346022;0.0;Adicional por Ligacoes Realizadas;
2020-06-03 19:53:17;41  34227560;0.0;Adicional por Ligacoes Realizadas;
2020-06-03 18:31:49;51  995838788;0.0;Adicional por Ligacoes Realizadas;
2020-06-03 11:23:41;31  992360404;0.0;Adicional por Ligacoes Realizadas;
2020-06-03 09:32:44;31  992360404;0.0;Adicional por Ligacoes Realizadas;
2020-06-02 20:47:11;51  993320327;0.0;Adicional por Ligacoes Realizadas;
2020-06-02 15:42:58;51  999173773;0.0;Adicional por Ligacoes Realizadas;
2020-06-02 15:29:19;51  995838788;0.0;Adicional por Ligacoes Realizadas;
2020-06-02 14:00:36;51  993097231;0.0;Adicional por Ligacoes Realizadas;
2020-06-02 10:46:56;11  51899500;0.0;Adicional por Ligacoes Realizadas;
2020-06-02 08:30:15;48  991664588;0.0;Adicional por Ligacoes Realizadas;
2020-06-30 16:41:38;98  21080409;32.0;Para Fixo de Outras Operadoras;
2020-06-16 16:01:40;15  32283797;55.0;Para Fixo de Outras Operadoras;
2020-06-19 09:50:25;11  997756843;80.0;Para Celulares de Outras Operadoras;
2020-06-18 17:39:21;11  945061376;45.0;Para Celulares de Outras Operadoras;
2020-06-17 17:52:19;31  992360404;25.0;Para Celulares de Outras Operadoras;
2020-06-25 16:41:05;31  33856009;66.0;Para Fixo Vivo;
2020-06-19 15:42:52;11  51899500;200.0;Para Fixo Vivo;
2020-06-19 15:39:15;54  981121398;32.0;Para Celulares de Outras Operadoras;
2020-06-06 01:59:06;41  34204900;5.0;Chamadas de Longa Distancia para Outros Estados;
2020-06-06 01:25:28;    ;14.0;Chamadas de Longa Distancia para Outros Estados;
2020-06-05 21:08:32;    ;7.0;Chamadas de Longa Distancia para Outros Estados;
2020-06-05 20:10:22;    ;5.0;Chamadas de Longa Distancia para Outros Estados;
2020-06-05 19:49:09;    ;5.0;Chamadas de Longa Distancia para Outros Estados;
2020-06-05 11:30:17;    ;5.0;Chamadas de Longa Distancia para Outros Estados;
2020-06-03 16:09:06;    ;13.0;Chamadas de Longa Distancia para Outros Estados;
2020-06-03 11:26:25;    ;44.0;Chamadas de Longa Distancia para Outros Estados;
2020-06-02 19:18:25;    ;26.0;Chamadas de Longa Distancia para Outros Estados;
2020-06-02 17:03:00;    ;5.0;Chamadas de Longa Distancia para Outros Estados;
2020-06-02 10:43:33;    ;13.0;Chamadas de Longa Distancia para Outros Estados;
2020-06-02 08:31:23;    ;5.0;Chamadas de Longa Distancia para Outros Estados;
2020-06-02 07:46:49;    ;9.0;Chamadas de Longa Distancia para Outros Estados;
2020-06-01 17:17:38;11  993805298;118.0;Chamadas de Longa Distancia para Outros Estados;
2020-06-03 19:53:17;41  34227560;22.0;Para Fixo de Outras Operadoras;
2020-06-06 01:27:05;41  991114800;150.0;Para Celulares Vivo;
2020-06-06 00:46:46;41  991114800;17.0;Para Celulares Vivo;
2020-06-05 19:55:09;41  991111612;5.0;Para Celulares Vivo;
2020-06-05 19:49:53;41  991111612;49.0;Para Celulares Vivo;
2020-06-26 11:04:17;51  33744958;42.0;Para Fixo de Outras Operadoras;
2020-06-25 17:26:33;51  33744958;66.0;Para Fixo de Outras Operadoras;
2020-06-25 16:05:44;51  33744958;40.0;Para Fixo de Outras Operadoras;
2020-06-24 13:44:51;51  33744958;51.0;Para Fixo de Outras Operadoras;
2020-06-23 13:03:20;51  33346586;38.0;Para Fixo de Outras Operadoras;
2020-06-23 10:20:49;51  34351172;6.0;Para Fixo de Outras Operadoras;
2020-06-23 09:11:41;51  33744958;23.0;Para Fixo de Outras Operadoras;
2020-06-20 17:38:46;51  34351172;5.0;Para Fixo de Outras Operadoras;
2020-06-17 12:28:15;51  34351264;25.0;Para Fixo de Outras Operadoras;
2020-06-16 15:35:30;51  33744958;14.0;Para Fixo de Outras Operadoras;
2020-06-16 10:07:39;51  33744958;58.0;Para Fixo de Outras Operadoras;
2020-06-15 14:16:09;51  33744958;18.0;Para Fixo de Outras Operadoras;
2020-06-15 14:10:48;51  33744958;51.0;Para Fixo de Outras Operadoras;
2020-06-09 15:04:29;51  33744958;16.0;Para Fixo de Outras Operadoras;
2020-06-08 11:24:39;51  34351172;7.0;Para Fixo de Outras Operadoras;
2020-06-12 16:10:55;51  992015602;5.0;Para Celulares de Outras Operadoras;
2020-06-06 13:58:09;51  992015602;5.0;Para Celulares de Outras Operadoras;
2020-06-06 13:52:35;51  992015602;5.0;Para Celulares de Outras Operadoras;
2020-06-29 10:28:21;51  34933737;15.0;Para Fixo Vivo;
2020-06-20 17:21:35;51  30466693;5.0;Para Fixo Vivo;
2020-06-20 16:35:13;51  30466693;6.0;Para Fixo Vivo;
2020-06-16 20:27:35;51  34927075;5.0;Para Fixo Vivo;
2020-06-16 20:17:09;51  34927075;5.0;Para Fixo Vivo;
2020-06-12 16:26:19;51  37226246;10.0;Para Fixo Vivo;
2020-06-09 09:36:16;51  21313333;32.0;Para Fixo Vivo;
2020-06-30 12:37:02;51  991813564;34.0;Para Celulares Vivo;
2020-06-30 12:17:30;51  995838788;18.0;Para Celulares Vivo;
2020-06-30 10:30:06;51  995838788;28.0;Para Celulares Vivo;
2020-06-30 09:04:36;51  993320336;18.0;Para Celulares Vivo;
2020-06-30 08:57:29;51  993097231;63.0;Para Celulares Vivo;
2020-06-30 08:55:56;51  998558242;10.0;Para Celulares Vivo;
2020-06-30 08:39:46;51  998558242;18.0;Para Celulares Vivo;
2020-06-29 15:13:37;51  993097231;305.0;Para Celulares Vivo;
2020-06-29 08:56:32;51  993394636;61.0;Para Celulares Vivo;
2020-06-27 13:10:11;51  995838788;9.0;Para Celulares Vivo;
2020-06-26 11:50:59;51  993320327;7.0;Para Celulares Vivo;
2020-06-26 11:11:42;51  995838788;34.0;Para Celulares Vivo;
2020-06-26 09:10:22;51  991813564;83.0;Para Celulares Vivo;
2020-06-26 07:49:57;51  995838788;7.0;Para Celulares Vivo;
2020-06-25 17:33:51;51  995838788;10.0;Para Celulares Vivo;
2020-06-25 17:33:31;51  993097231;13.0;Para Celulares Vivo;
2020-06-25 07:38:53;51  995838788;11.0;Para Celulares Vivo;
2020-06-24 14:18:28;51  995838788;24.0;Para Celulares Vivo;
2020-06-23 10:30:31;51  994053722;138.0;Para Celulares Vivo;
2020-06-22 15:40:19;51  995838788;45.0;Para Celulares Vivo;
2020-06-22 10:52:43;51  993320327;73.0;Para Celulares Vivo;
2020-06-22 10:51:44;51  994053722;7.0;Para Celulares Vivo;
2020-06-22 10:22:32;51  994053722;110.0;Para Celulares Vivo;
2020-06-22 10:03:34;51  994053722;5.0;Para Celulares Vivo;
2020-06-22 09:29:52;51  994053722;5.0;Para Celulares Vivo;
2020-06-22 08:32:55;51  994053722;8.0;Para Celulares Vivo;
2020-06-19 10:59:02;51  992467889;24.0;Para Celulares Vivo;
2020-06-19 09:58:42;51  995838788;21.0;Para Celulares Vivo;
2020-06-19 09:13:47;51  992466342;168.0;Para Celulares Vivo;
2020-06-19 09:08:52;51  993320327;13.0;Para Celulares Vivo;
2020-06-18 16:56:53;51  995838788;352.0;Para Celulares Vivo;
2020-06-18 10:44:53;51  995838788;107.0;Para Celulares Vivo;
2020-06-18 08:33:57;51  994053722;9.0;Para Celulares Vivo;
2020-06-18 07:49:23;51  994053722;10.0;Para Celulares Vivo;
2020-06-18 07:47:38;51  994053722;14.0;Para Celulares Vivo;
2020-06-17 19:13:13;51  994053722;84.0;Para Celulares Vivo;
2020-06-17 19:03:32;51  994057331;51.0;Para Celulares Vivo;
2020-06-17 18:52:41;51  994053722;100.0;Para Celulares Vivo;
2020-06-01 19:25:47;41  34237272;0.0;Adicional por Ligacoes Realizadas;
2020-06-01 17:34:18;51  993320336;0.0;Adicional por Ligacoes Realizadas;
2020-06-01 16:56:42;51  998029564;0.0;Adicional por Ligacoes Realizadas;
2020-06-01 15:57:56;54  32388300;0.0;Adicional por Ligacoes Realizadas;
2020-06-01 15:38:09;51  998029564;0.0;Adicional por Ligacoes Realizadas;
2020-06-01 15:32:47;51  998029564;0.0;Adicional por Ligacoes Realizadas;
2020-06-01 14:39:28;08  007737373;0.0;Adicional por Ligacoes Realizadas;
2020-06-01 14:39:06;08  007737373;0.0;Adicional por Ligacoes Realizadas;
2020-06-01 14:00:59;51  997398082;0.0;Adicional por Ligacoes Realizadas;
2020-06-01 13:55:24;51  981221470;0.0;Adicional por Ligacoes Realizadas;
2020-06-01 12:18:12;51  981221470;0.0;Adicional por Ligacoes Realizadas;
2020-06-01 11:17:24;51  993320336;0.0;Adicional por Ligacoes Realizadas;
2020-06-01 19:25:47;41  34237272;12.0;Para Fixo de Outras Operadoras;
2020-06-01 14:39:28;08  007737373;38.0;"";
2020-06-01 14:39:06;08  007737373;5.0;"";
2020-06-01 15:57:56;54  32388300;155.0;Para Fixo de Outras Operadoras;
2020-06-04 01:17:47;98  987346022;15.0;Para Celulares de Outras Operadoras;
2020-06-03 11:23:41;31  992360404;31.0;Para Celulares de Outras Operadoras;
2020-06-03 09:32:44;31  992360404;71.0;Para Celulares de Outras Operadoras;
2020-06-01 14:00:59;51  997398082;53.0;Para Celulares de Outras Operadoras;
2020-06-01 13:55:24;51  981221470;50.0;Para Celulares de Outras Operadoras;
2020-06-01 12:18:12;51  981221470;5.0;Para Celulares de Outras Operadoras;
2020-06-02 10:46:56;11  51899500;163.0;Para Fixo Vivo;
2020-06-05 19:57:53;48  991664588;11.0;Para Celulares Vivo;
2020-06-05 16:19:12;51  997537244;7.0;Para Celulares Vivo;
2020-06-05 08:34:53;48  991664588;5.0;Para Celulares Vivo;
2020-06-04 16:27:02;48  991664588;13.0;Para Celulares Vivo;
2020-06-04 16:24:56;51  993320336;18.0;Para Celulares Vivo;
2020-06-04 14:47:36;51  993394636;14.0;Para Celulares Vivo;
2020-06-03 18:31:49;51  995838788;21.0;Para Celulares Vivo;
2020-06-02 20:47:11;51  993320327;39.0;Para Celulares Vivo;
2020-06-02 15:42:58;51  999173773;118.0;Para Celulares Vivo;
2020-06-02 15:29:19;51  995838788;133.0;Para Celulares Vivo;
2020-06-02 14:00:36;51  993097231;218.0;Para Celulares Vivo;
2020-06-02 08:30:15;48  991664588;9.0;Para Celulares Vivo;
2020-06-01 17:34:18;51  993320336;123.0;Para Celulares Vivo;
2020-06-01 16:56:42;51  998029564;77.0;Para Celulares Vivo;
2020-06-01 15:38:09;51  998029564;16.0;Para Celulares Vivo;
2020-06-01 15:32:47;51  998029564;52.0;Para Celulares Vivo;
2020-06-01 11:17:24;51  993320336;10.0;Para Celulares Vivo;
2020-06-06 01:27:05;41  991114800;0.0;Adicional por Ligacoes Realizadas;
2020-06-06 00:46:46;41  991114800;0.0;Adicional por Ligacoes Realizadas;
2020-06-17 18:39:37;51  994053722;41.0;Para Celulares Vivo;
2020-06-17 18:26:25;51  993320327;77.0;Para Celulares Vivo;
2020-06-17 17:57:49;51  994053722;9.0;Para Celulares Vivo;
2020-06-17 17:50:10;51  993320327;17.0;Para Celulares Vivo;
2020-06-17 17:49:14;51  994053722;6.0;Para Celulares Vivo;
2020-06-17 17:38:40;51  993320327;7.0;Para Celulares Vivo;
2020-06-17 17:34:30;51  994053722;37.0;Para Celulares Vivo;
2020-06-17 17:03:23;51  994053722;175.0;Para Celulares Vivo;
2020-06-17 16:47:10;51  993320327;9.0;Para Celulares Vivo;
2020-06-17 16:39:08;51  994053722;57.0;Para Celulares Vivo;
2020-06-17 12:12:45;51  984274504;20.0;Para Celulares Vivo;
2020-06-17 10:55:55;51  994053722;17.0;Para Celulares Vivo;
2020-06-17 10:54:30;51  993320327;10.0;Para Celulares Vivo;
2020-06-17 10:41:01;51  994053722;133.0;Para Celulares Vivo;
2020-06-17 10:30:21;51  994053722;56.0;Para Celulares Vivo;
2020-06-17 10:08:13;51  994053722;161.0;Para Celulares Vivo;
2020-06-17 09:34:10;51  993320327;5.0;Para Celulares Vivo;
2020-06-17 08:50:54;51  994053722;308.0;Para Celulares Vivo;
2020-06-16 09:35:47;51  995838788;98.0;Para Celulares Vivo;
2020-06-16 09:19:38;51  994053722;12.0;Para Celulares Vivo;
2020-06-12 13:30:41;51  993394636;256.0;Para Celulares Vivo;
2020-06-12 12:51:48;51  993394636;6.0;Para Celulares Vivo;
2020-06-12 10:58:36;51  993394636;13.0;Para Celulares Vivo;
2020-06-12 10:20:27;51  993394636;5.0;Para Celulares Vivo;
2020-06-12 09:32:58;51  993394636;167.0;Para Celulares Vivo;
2020-06-12 07:48:10;51  993320327;215.0;Para Celulares Vivo;
2020-06-09 09:39:43;51  993320336;17.0;Para Celulares Vivo;
2020-06-08 17:52:57;51  993394636;84.0;Para Celulares Vivo;
2020-06-08 17:22:53;51  993394636;9.0;Para Celulares Vivo;
2020-06-08 10:18:22;51  993394636;95.0;Para Celulares Vivo;
2020-06-07 10:15:27;51  993320327;91.0;Para Celulares Vivo;
2020-06-01;"";89125.7;INTERNET MOVEL 2;0.00
2020-06-02;"";14465.9;INTERNET MOVEL 2;0.00
2020-06-03;"";4540.0;INTERNET MOVEL 2;0.00
2020-06-04;"";90880.7;INTERNET MOVEL 2;0.00
2020-06-05;"";116027.2;INTERNET MOVEL 2;0.00
2020-06-06;"";287679.5;INTERNET MOVEL 2;0.00
2020-06-07;"";15823.2;INTERNET MOVEL 2;0.00
2020-06-08;"";8080.0;INTERNET MOVEL 2;0.00
2020-06-09;"";47671.1;INTERNET MOVEL 2;0.00
2020-06-10;"";1652.0;INTERNET MOVEL 2;0.00
2020-06-11;"";38485.5;INTERNET MOVEL 2;0.00
2020-06-12;"";69857.6;INTERNET MOVEL 2;0.00
2020-06-13;"";15694.3;INTERNET MOVEL 2;0.00
2020-06-14;"";37142.7;INTERNET MOVEL 2;0.00
2020-06-15;"";130651.7;INTERNET MOVEL 2;0.00
2020-06-16;"";41784.1;INTERNET MOVEL 2;0.00
2020-06-17;"";1289.0;INTERNET MOVEL 2;0.00
2020-06-18;"";1754.0;INTERNET MOVEL 2;0.00
2020-06-19;"";86731.8;INTERNET MOVEL 2;0.00
2020-06-20;"";42876.0;INTERNET MOVEL 2;0.00
2020-06-21;"";14244.9;INTERNET MOVEL 2;0.00
2020-06-22;"";1189.0;INTERNET MOVEL 2;0.00
2020-06-23;"";35762.7;INTERNET MOVEL 2;0.00
2020-06-24;"";77484.9;INTERNET MOVEL 2;0.00
2020-06-25;"";711.0;INTERNET MOVEL 2;0.00
2020-06-26;"";783.0;INTERNET MOVEL 2;0.00
2020-06-27;"";432.0;INTERNET MOVEL 2;0.00
2020-06-28;"";374.0;INTERNET MOVEL 2;0.00
2020-06-29;"";444.0;INTERNET MOVEL 2;0.00
2020-06-30;"";4187.0;INTERNET MOVEL 2;0.00
2020-07-01;"";6.0;INTERNET MOVEL 2;0.00
