data_hora_inicio;nro_telefone_chamado;duracao_ligacao;desc_categoria;valor_ligacao
2020-06-01 15:31:45;51  991026438;5.0;Para Celulares Vivo;
2020-06-01 11:03:05;51  991026438;5.0;Para Celulares Vivo;
2020-06-01 10:45:49;51  984077600;22.0;Para Celulares Vivo;
2020-06-01 09:58:25;51  992518679;5.0;Para Celulares Vivo;
2020-06-01 08:59:35;51  991026438;5.0;Para Celulares Vivo;
2020-06-01 08:53:31;51  997990571;5.0;Para Celulares Vivo;
2020-06-06 07:48:35;16  37033349;17.0;Para Fixo de Outras Operadoras;
2020-06-04 09:28:49;16  37210204;13.0;Para Fixo de Outras Operadoras;
2020-06-04 09:27:33;16  37210204;5.0;Para Fixo de Outras Operadoras;
2020-06-19 17:10:54;51  991694683;5.0;De Celulares Vivo;
2020-06-26 15:25:07;51  34117973;9.0;Para Fixo de Outras Operadoras;
2020-06-19 22:42:08;51  33671199;9.0;Para Fixo de Outras Operadoras;
2020-06-30 07:49:00;51  984929259;5.0;Para Celulares de Outras Operadoras;
2020-06-29 10:39:27;51  989434872;5.0;Para Celulares de Outras Operadoras;
2020-06-27 17:02:30;51  984389079;5.0;Para Celulares de Outras Operadoras;
2020-06-26 14:27:03;51  999499889;20.0;Para Celulares de Outras Operadoras;
2020-06-26 10:42:32;51  981539519;5.0;Para Celulares de Outras Operadoras;
2020-06-26 10:16:18;51  981539519;5.0;Para Celulares de Outras Operadoras;
2020-06-26 08:18:35;51  993438384;5.0;Para Celulares de Outras Operadoras;
2020-06-25 15:31:49;51  993438384;6.0;Para Celulares de Outras Operadoras;
2020-06-25 15:29:21;51  993438384;6.0;Para Celulares de Outras Operadoras;
2020-06-24 10:07:04;51  993438384;37.0;Para Celulares de Outras Operadoras;
2020-06-22 07:55:38;51  993438384;5.0;Para Celulares de Outras Operadoras;
2020-06-20 16:14:47;51  991522236;5.0;Para Celulares de Outras Operadoras;
2020-06-19 13:23:33;51  993438384;5.0;Para Celulares de Outras Operadoras;
2020-06-19 10:23:16;51  993438384;7.0;Para Celulares de Outras Operadoras;
2020-06-19 08:01:51;51  981539519;10.0;Para Celulares de Outras Operadoras;
2020-06-18 13:51:53;51  989434872;5.0;Para Celulares de Outras Operadoras;
2020-06-18 11:51:03;51  993438384;5.0;Para Celulares de Outras Operadoras;
2020-06-18 11:48:55;51  993438384;9.0;Para Celulares de Outras Operadoras;
2020-06-18 11:35:20;51  993438384;11.0;Para Celulares de Outras Operadoras;
2020-06-18 10:26:01;51  996781795;56.0;Para Celulares de Outras Operadoras;
2020-06-18 10:24:56;51  996781795;9.0;Para Celulares de Outras Operadoras;
2020-06-16 07:36:18;51  989434872;13.0;Para Celulares de Outras Operadoras;
2020-06-15 08:39:20;51  993438384;11.0;Para Celulares de Outras Operadoras;
2020-06-13 12:53:11;51  984389079;17.0;Para Celulares de Outras Operadoras;
2020-06-13 12:44:56;51  984389079;13.0;Para Celulares de Outras Operadoras;
2020-06-13 06:53:25;51  984389079;5.0;Para Celulares de Outras Operadoras;
2020-06-10 10:58:10;51  993438384;5.0;Para Celulares de Outras Operadoras;
2020-06-08 14:15:16;51  993438384;7.0;Para Celulares de Outras Operadoras;
2020-06-05 14:12:12;51  994610494;8.0;Para Celulares de Outras Operadoras;
2020-06-05 10:32:47;51  981539519;5.0;Para Celulares de Outras Operadoras;
2020-06-05 10:31:49;51  985883841;5.0;Para Celulares de Outras Operadoras;
2020-06-04 15:44:33;51  994497713;7.0;Para Celulares de Outras Operadoras;
2020-06-04 09:33:39;51  993438384;9.0;Para Celulares de Outras Operadoras;
2020-06-03 11:06:54;51  994610494;8.0;Para Celulares de Outras Operadoras;
2020-06-26 21:28:56;51  21313333;12.0;Para Fixo Vivo;
2020-06-26 11:51:06;51  33402351;19.0;Para Fixo Vivo;
2020-06-25 14:11:32;51  985371028;5.0;Para Fixo Vivo;
2020-06-25 08:12:50;51  985371028;5.0;Para Fixo Vivo;
2020-06-19 17:41:46;51  33656656;7.0;Para Fixo Vivo;
2020-06-30 16:00:01;51  995105815;9.0;Para Celulares Vivo;
2020-06-29 13:39:25;51  997990571;5.0;Para Celulares Vivo;
2020-06-29 10:58:19;51  997990571;5.0;Para Celulares Vivo;
2020-06-29 09:56:00;51  997990571;5.0;Para Celulares Vivo;
2020-06-29 08:57:21;51  997990571;5.0;Para Celulares Vivo;
2020-06-27 07:54:54;51  997990571;57.0;Para Celulares Vivo;
2020-06-26 21:35:50;51  999799613;10.0;Para Celulares Vivo;
2020-06-26 16:09:35;51  995105815;5.0;Para Celulares Vivo;
2020-06-26 10:28:45;51  998267392;8.0;Para Celulares Vivo;
2020-06-26 08:54:26;51  997990571;5.0;Para Celulares Vivo;
2020-06-26 08:44:14;51  997990571;5.0;Para Celulares Vivo;
2020-06-25 09:57:14;51  997990571;5.0;Para Celulares Vivo;
2020-06-25 09:55:50;51  991026438;5.0;Para Celulares Vivo;
2020-06-25 09:52:14;51  995105815;5.0;Para Celulares Vivo;
2020-06-24 17:34:09;51  991142843;5.0;Para Celulares Vivo;
2020-06-24 16:46:50;51  992518679;7.0;Para Celulares Vivo;
2020-06-24 16:46:01;51  991026438;5.0;Para Celulares Vivo;
2020-06-24 15:17:48;51  992518679;5.0;Para Celulares Vivo;
2020-06-24 14:40:17;51  992518679;5.0;Para Celulares Vivo;
2020-06-24 14:31:40;51  992518679;6.0;Para Celulares Vivo;
2020-06-24 10:13:34;51  997990571;8.0;Para Celulares Vivo;
2020-06-24 10:11:49;51  997990571;5.0;Para Celulares Vivo;
2020-06-24 10:05:55;51  991026438;6.0;Para Celulares Vivo;
2020-06-24 08:09:26;51  997990571;5.0;Para Celulares Vivo;
2020-06-24 07:44:41;51  997990571;5.0;Para Celulares Vivo;
2020-06-23 16:57:13;51  991142843;12.0;Para Celulares Vivo;
2020-06-23 13:33:31;51  991919823;5.0;Para Celulares Vivo;
2020-06-23 10:37:32;51  997990571;5.0;Para Celulares Vivo;
2020-06-23 09:54:32;51  997990571;5.0;Para Celulares Vivo;
2020-06-23 09:28:59;51  991026438;10.0;Para Celulares Vivo;
2020-06-23 09:28:03;51  997990571;5.0;Para Celulares Vivo;
2020-06-23 09:25:16;51  992518679;23.0;Para Celulares Vivo;
2020-06-23 08:41:51;51  998267392;6.0;Para Celulares Vivo;
2020-06-23 07:51:30;51  997990571;5.0;Para Celulares Vivo;
2020-06-23 07:31:43;51  997990571;5.0;Para Celulares Vivo;
2020-06-22 16:09:48;51  997990571;5.0;Para Celulares Vivo;
2020-06-22 15:54:09;51  997990571;9.0;Para Celulares Vivo;
2020-06-22 15:23:22;51  991943334;5.0;Para Celulares Vivo;
2020-06-22 14:34:08;51  997990571;5.0;Para Celulares Vivo;
2020-06-22 10:09:46;51  991026438;5.0;Para Celulares Vivo;
2020-06-22 07:37:55;51  997990571;5.0;Para Celulares Vivo;
2020-06-22 07:12:40;51  997990571;5.0;Para Celulares Vivo;
2020-06-20 08:13:01;51  997990571;5.0;Para Celulares Vivo;
2020-06-19 17:32:49;51  991026438;16.0;Para Celulares Vivo;
2020-06-19 16:31:36;51  991026438;5.0;Para Celulares Vivo;
2020-06-19 16:26:52;51  991026438;6.0;Para Celulares Vivo;
2020-06-19 13:58:26;51  995105815;10.0;Para Celulares Vivo;
2020-06-19 13:55:58;51  992518679;5.0;Para Celulares Vivo;
2020-06-19 10:29:47;51  997990571;5.0;Para Celulares Vivo;
2020-06-19 10:28:36;51  992518679;5.0;Para Celulares Vivo;
2020-06-19 09:33:55;51  997990571;5.0;Para Celulares Vivo;
2020-06-19 08:55:00;51  991919823;7.0;Para Celulares Vivo;
2020-06-18 15:39:06;51  991026438;11.0;Para Celulares Vivo;
2020-06-18 14:46:08;51  991026438;7.0;Para Celulares Vivo;
2020-06-18 14:01:55;51  995105815;7.0;Para Celulares Vivo;
2020-06-18 12:02:24;51  997990571;5.0;Para Celulares Vivo;
2020-06-18 11:51:40;51  997990571;5.0;Para Celulares Vivo;
2020-06-18 11:25:51;51  997990571;6.0;Para Celulares Vivo;
2020-06-18 11:13:51;51  991142843;8.0;Para Celulares Vivo;
2020-06-18 09:36:02;51  991026438;13.0;Para Celulares Vivo;
2020-06-18 09:10:01;51  991026438;5.0;Para Celulares Vivo;
2020-06-18 08:47:47;51  991026438;5.0;Para Celulares Vivo;
2020-06-17 16:38:32;51  997990571;5.0;Para Celulares Vivo;
2020-06-17 16:29:45;51  992592701;23.0;Para Celulares Vivo;
2020-06-17 15:53:01;51  991026438;6.0;Para Celulares Vivo;
2020-06-17 13:25:55;51  992518679;5.0;Para Celulares Vivo;
2020-06-17 08:55:52;51  991026438;5.0;Para Celulares Vivo;
2020-06-16 17:02:54;51  991142843;5.0;Para Celulares Vivo;
2020-06-16 17:02:21;51  991142843;5.0;Para Celulares Vivo;
2020-06-16 16:29:40;51  980392485;13.0;Para Celulares Vivo;
2020-06-16 16:20:49;51  991026438;5.0;Para Celulares Vivo;
2020-06-16 15:30:20;51  991026438;6.0;Para Celulares Vivo;
2020-06-16 14:34:40;51  995105815;5.0;Para Celulares Vivo;
2020-06-16 13:43:26;51  997990571;5.0;Para Celulares Vivo;
2020-06-16 13:40:04;51  995105815;5.0;Para Celulares Vivo;
2020-06-16 12:02:31;51  995105815;5.0;Para Celulares Vivo;
2020-06-16 08:33:16;51  991026438;5.0;Para Celulares Vivo;
2020-06-16 07:37:59;51  992592701;9.0;Para Celulares Vivo;
2020-06-15 17:51:42;51  997990571;7.0;Para Celulares Vivo;
2020-06-15 16:01:27;51  992518679;5.0;Para Celulares Vivo;
2020-06-15 13:57:46;51  997990571;5.0;Para Celulares Vivo;
2020-06-15 07:53:20;51  997990571;5.0;Para Celulares Vivo;
2020-06-15 07:30:29;51  995105815;8.0;Para Celulares Vivo;
2020-06-13 08:52:23;51  991919823;5.0;Para Celulares Vivo;
2020-06-10 09:54:06;51  995105815;9.0;Para Celulares Vivo;
2020-06-10 07:16:27;51  992518679;25.0;Para Celulares Vivo;
2020-06-09 16:50:57;51  997990571;6.0;Para Celulares Vivo;
2020-06-09 13:57:57;51  997990571;9.0;Para Celulares Vivo;
2020-06-09 13:29:43;51  997990571;5.0;Para Celulares Vivo;
2020-06-08 15:00:43;51  997990571;7.0;Para Celulares Vivo;
2020-06-08 14:04:28;51  997990571;5.0;Para Celulares Vivo;
2020-06-08 13:47:14;51  995105815;5.0;Para Celulares Vivo;
2020-06-08 12:19:29;51  995105815;5.0;Para Celulares Vivo;
2020-06-08 10:36:08;51  995105815;11.0;Para Celulares Vivo;
2020-06-08 07:41:55;51  991026438;5.0;Para Celulares Vivo;
2020-06-06 07:46:43;51  997990571;16.0;Para Celulares Vivo;
2020-06-05 15:20:19;51  991026438;14.0;Para Celulares Vivo;
2020-06-05 08:54:06;51  997990571;5.0;Para Celulares Vivo;
2020-06-04 17:16:07;51  991919823;5.0;Para Celulares Vivo;
2020-06-04 13:40:45;51  997990571;5.0;Para Celulares Vivo;
2020-06-04 13:39:55;51  991026438;5.0;Para Celulares Vivo;
2020-06-04 13:32:28;51  991026438;6.0;Para Celulares Vivo;
2020-06-04 13:28:23;51  997990571;5.0;Para Celulares Vivo;
2020-06-04 13:27:22;51  995105815;5.0;Para Celulares Vivo;
2020-06-04 10:46:10;51  997990571;5.0;Para Celulares Vivo;
2020-06-04 10:14:27;51  995105815;6.0;Para Celulares Vivo;
2020-06-04 09:35:06;51  998267392;5.0;Para Celulares Vivo;
2020-06-03 14:51:21;51  997990571;5.0;Para Celulares Vivo;
2020-06-03 13:28:14;51  997990571;5.0;Para Celulares Vivo;
2020-06-03 09:48:54;51  997990571;5.0;Para Celulares Vivo;
2020-06-02 13:27:02;51  997990571;5.0;Para Celulares Vivo;
2020-06-02 11:56:04;51  991026438;13.0;Para Celulares Vivo;
2020-06-02 07:41:08;51  991026438;8.0;Para Celulares Vivo;
2020-06-02 06:42:16;51  997990571;5.0;Para Celulares Vivo;
2020-06-01;"";110948.4;INTERNET MOVEL 2;0.00
2020-06-02;"";64941.6;INTERNET MOVEL 2;0.00
2020-06-03;"";69632.4;INTERNET MOVEL 2;0.00
2020-06-04;"";132059.1;INTERNET MOVEL 2;0.00
2020-06-05;"";131041.4;INTERNET MOVEL 2;0.00
2020-06-06;"";148458.6;INTERNET MOVEL 2;0.00
2020-06-07;"";5092.0;INTERNET MOVEL 2;0.00
2020-06-08;"";65611.9;INTERNET MOVEL 2;0.00
2020-06-09;"";70936.2;INTERNET MOVEL 2;0.00
2020-06-10;"";43128.1;INTERNET MOVEL 2;0.00
2020-06-12;"";193718.1;INTERNET MOVEL 2;0.00
2020-06-13;"";46721.3;INTERNET MOVEL 2;0.00
2020-06-14;"";38934.1;INTERNET MOVEL 2;0.00
2020-06-15;"";72758.6;INTERNET MOVEL 2;0.00
2020-06-16;"";111353.0;INTERNET MOVEL 2;0.00
2020-06-17;"";129759.7;INTERNET MOVEL 2;0.00
2020-06-18;"";130930.4;INTERNET MOVEL 2;0.00
2020-06-19;"";142462.6;INTERNET MOVEL 2;0.00
2020-06-20;"";143238.6;INTERNET MOVEL 2;0.00
2020-06-21;"";1563.0;INTERNET MOVEL 2;0.00
2020-06-22;"";56398.6;INTERNET MOVEL 2;0.00
2020-06-23;"";87491.7;INTERNET MOVEL 2;0.00
2020-06-24;"";105530.5;INTERNET MOVEL 2;0.00
2020-06-25;"";114446.4;INTERNET MOVEL 2;0.00
2020-06-26;"";63521.5;INTERNET MOVEL 2;0.00
2020-06-27;"";27766.1;INTERNET MOVEL 2;0.00
2020-06-28;"";19823.1;INTERNET MOVEL 2;0.00
2020-06-29;"";42071.9;INTERNET MOVEL 2;0.00
2020-06-30;"";90763.9;INTERNET MOVEL 2;0.00
