data_hora_inicio;nro_telefone_chamado;duracao_ligacao;desc_categoria;valor_ligacao
2020-06-25 22:03:12;*5  55;5.0;"";
2020-06-07 14:14:24;51  40042900;5.0;Para Fixo de Outras Operadoras;
2020-06-26 15:15:54;51  984109419;23.0;Para Celulares de Outras Operadoras;
2020-06-25 18:25:36;51  981111669;20.0;Para Celulares de Outras Operadoras;
2020-06-23 17:54:41;51  985665166;315.0;Para Celulares de Outras Operadoras;
2020-06-17 14:40:51;51  984109419;5.0;Para Celulares de Outras Operadoras;
2020-06-05 13:56:37;51  985371028;5.0;Para Fixo Vivo;
2020-06-25 17:26:23;51  995112258;10.0;Para Celulares Vivo;
2020-06-18 13:24:36;51  992592971;29.0;Para Celulares Vivo;
2020-06-17 14:37:29;51  992592971;26.0;Para Celulares Vivo;
2020-06-17 14:06:18;51  992592971;60.0;Para Celulares Vivo;
2020-06-17 12:30:24;51  992592971;16.0;Para Celulares Vivo;
2020-06-17 08:53:26;51  992592971;68.0;Para Celulares Vivo;
2020-06-10 16:47:18;51  992592971;74.0;Para Celulares Vivo;
2020-06-10 15:33:55;51  992592971;28.0;Para Celulares Vivo;
2020-06-10 08:12:59;51  995112258;5.0;Para Celulares Vivo;
2020-06-01;"";3587.6;INTERNET MOVEL 2;0.00
2020-06-02;"";1280.0;INTERNET MOVEL 2;0.00
2020-06-03;"";1108.0;INTERNET MOVEL 2;0.00
2020-06-04;"";414.0;INTERNET MOVEL 2;0.00
2020-06-05;"";1081.0;INTERNET MOVEL 2;0.00
2020-06-06;"";1995.9;INTERNET MOVEL 2;0.00
2020-06-07;"";273.0;INTERNET MOVEL 2;0.00
2020-06-08;"";3029.9;INTERNET MOVEL 2;0.00
2020-06-09;"";1760.0;INTERNET MOVEL 2;0.00
2020-06-10;"";4512.2;INTERNET MOVEL 2;0.00
2020-06-12;"";3229.1;INTERNET MOVEL 2;0.00
2020-06-15;"";732.0;INTERNET MOVEL 2;0.00
2020-06-16;"";1275.0;INTERNET MOVEL 2;0.00
2020-06-17;"";3724.2;INTERNET MOVEL 2;0.00
2020-06-18;"";2943.9;INTERNET MOVEL 2;0.00
2020-06-19;"";8825.0;INTERNET MOVEL 2;0.00
2020-06-20;"";16.0;INTERNET MOVEL 2;0.00
2020-06-22;"";405.0;INTERNET MOVEL 2;0.00
2020-06-23;"";1957.0;INTERNET MOVEL 2;0.00
2020-06-24;"";929.0;INTERNET MOVEL 2;0.00
2020-06-25;"";5647.8;INTERNET MOVEL 2;0.00
2020-06-26;"";18747.0;INTERNET MOVEL 2;0.00
2020-06-27;"";2741.4;INTERNET MOVEL 2;0.00
2020-06-28;"";67019.1;INTERNET MOVEL 2;0.00
2020-06-29;"";5586.4;INTERNET MOVEL 2;0.00
2020-06-30;"";20309.7;INTERNET MOVEL 2;0.00
