data_hora_inicio;nro_telefone_chamado;duracao_ligacao;desc_categoria;valor_ligacao
2020-06-01 15:21:32;"";1.0;ADICIONAL;0.00
2020-06-01 14:53:07;"";1.0;ADICIONAL;0.00
2020-06-01 13:50:52;"";1.0;ADICIONAL;0.00
2020-06-30 11:23:09;"";1.0;ADICIONAL;0.00
2020-06-30 11:08:55;"";1.0;ADICIONAL;0.00
2020-06-29 15:30:32;"";1.0;ADICIONAL;0.00
2020-06-26 12:37:32;"";1.0;ADICIONAL;0.00
2020-06-26 11:04:03;"";1.0;ADICIONAL;0.00
2020-06-26 10:13:26;"";1.0;ADICIONAL;0.00
2020-06-26 06:32:55;"";1.0;ADICIONAL;0.00
2020-06-25 14:30:35;"";1.0;ADICIONAL;0.00
2020-06-25 14:15:58;"";1.0;ADICIONAL;0.00
2020-06-25 11:47:41;"";1.0;ADICIONAL;0.00
2020-06-25 11:03:41;"";1.0;ADICIONAL;0.00
2020-06-25 07:43:29;"";1.0;ADICIONAL;0.00
2020-06-24 15:10:01;"";1.0;ADICIONAL;0.00
2020-06-24 10:05:55;"";1.0;ADICIONAL;0.00
2020-06-24 09:49:12;"";1.0;ADICIONAL;0.00
2020-06-24 08:26:11;"";1.0;ADICIONAL;0.00
2020-06-23 10:47:35;"";1.0;ADICIONAL;0.00
2020-06-23 10:44:35;"";1.0;ADICIONAL;0.00
2020-06-23 09:03:45;"";1.0;ADICIONAL;0.00
2020-06-23 08:57:35;"";1.0;ADICIONAL;0.00
2020-06-23 08:04:57;"";1.0;ADICIONAL;0.00
2020-06-23 07:04:02;"";1.0;ADICIONAL;0.00
2020-06-22 11:35:14;"";1.0;ADICIONAL;0.00
2020-06-22 10:50:32;"";1.0;ADICIONAL;0.00
2020-06-22 08:39:01;"";1.0;ADICIONAL;0.00
2020-06-22 07:58:14;"";1.0;ADICIONAL;0.00
2020-06-20 07:59:29;"";1.0;ADICIONAL;0.00
2020-06-20 05:51:39;"";1.0;ADICIONAL;0.00
2020-06-19 14:15:09;"";1.0;ADICIONAL;0.00
2020-06-19 13:36:58;"";1.0;ADICIONAL;0.00
2020-06-18 15:04:19;"";1.0;ADICIONAL;0.00
2020-06-18 10:28:22;"";1.0;ADICIONAL;0.00
2020-06-17 10:45:23;"";1.0;ADICIONAL;0.00
2020-06-17 09:10:46;"";1.0;ADICIONAL;0.00
2020-06-16 15:45:28;"";1.0;ADICIONAL;0.00
2020-06-16 13:57:21;"";1.0;ADICIONAL;0.00
2020-06-15 15:42:21;"";1.0;ADICIONAL;0.00
2020-06-15 15:08:56;"";1.0;ADICIONAL;0.00
2020-06-15 14:49:03;"";1.0;ADICIONAL;0.00
2020-06-15 10:15:47;"";1.0;ADICIONAL;0.00
2020-06-13 15:11:05;"";1.0;ADICIONAL;0.00
2020-06-12 15:38:42;"";1.0;ADICIONAL;0.00
2020-06-12 11:37:15;"";1.0;ADICIONAL;0.00
2020-06-12 07:01:55;"";1.0;ADICIONAL;0.00
2020-06-10 09:03:42;"";1.0;ADICIONAL;0.00
2020-06-08 12:53:26;"";1.0;ADICIONAL;0.00
2020-06-06 14:02:43;"";1.0;ADICIONAL;0.00
2020-06-06 11:05:13;"";1.0;ADICIONAL;0.00
2020-06-06 10:07:50;"";1.0;ADICIONAL;0.00
2020-06-06 10:01:19;"";1.0;ADICIONAL;0.00
2020-06-06 08:10:09;"";1.0;ADICIONAL;0.00
2020-06-05 16:00:47;"";1.0;ADICIONAL;0.00
2020-06-05 10:29:49;"";1.0;ADICIONAL;0.00
2020-06-05 10:15:10;"";1.0;ADICIONAL;0.00
2020-06-05 08:07:37;"";1.0;ADICIONAL;0.00
2020-06-04 16:31:33;"";1.0;ADICIONAL;0.00
2020-06-04 16:30:12;"";1.0;ADICIONAL;0.00
2020-06-04 14:20:41;"";1.0;ADICIONAL;0.00
2020-06-04 14:20:23;"";1.0;ADICIONAL;0.00
2020-06-03 15:12:13;"";1.0;ADICIONAL;0.00
2020-06-03 11:04:46;"";1.0;ADICIONAL;0.00
2020-06-03 08:56:11;"";1.0;ADICIONAL;0.00
2020-06-02 16:51:07;"";1.0;ADICIONAL;0.00
2020-06-02 08:11:35;"";1.0;ADICIONAL;0.00
2020-06-02 08:06:42;"";1.0;ADICIONAL;0.00
2020-06-01 16:24:06;98  991753189;0.0;Adicional por Ligacoes Realizadas;
2020-06-01 16:08:54;98  992350401;0.0;Adicional por Ligacoes Realizadas;
2020-06-01 15:50:18;98  989066215;0.0;Adicional por Ligacoes Realizadas;
2020-06-01 15:06:28;98  984198591;0.0;Adicional por Ligacoes Realizadas;
2020-06-01 13:47:39;51  991223844;0.0;Adicional por Ligacoes Realizadas;
2020-06-01 13:43:28;51  991223844;0.0;Adicional por Ligacoes Realizadas;
2020-06-01 13:40:48;51  991223844;0.0;Adicional por Ligacoes Realizadas;
2020-06-01 13:38:45;51  991223844;0.0;Adicional por Ligacoes Realizadas;
2020-06-01 13:37:51;51  991223844;0.0;Adicional por Ligacoes Realizadas;
2020-06-01 13:28:37;98  981498166;0.0;Adicional por Ligacoes Realizadas;
2020-06-01 10:24:26;51  991223844;0.0;Adicional por Ligacoes Realizadas;
2020-06-01 10:06:06;98  985101016;0.0;Adicional por Ligacoes Realizadas;
2020-06-01 15:50:18;98  989066215;5.0;Para Celulares de Outras Operadoras;
2020-06-01 15:06:28;98  984198591;8.0;Para Celulares de Outras Operadoras;
2020-06-01 13:28:37;98  981498166;5.0;Para Celulares de Outras Operadoras;
2020-06-01 10:06:06;98  985101016;5.0;Para Celulares de Outras Operadoras;
2020-06-01 16:24:06;98  991753189;9.0;Para Celulares Vivo;
2020-06-01 16:08:54;98  992350401;33.0;Para Celulares Vivo;
2020-06-29 10:43:05;51  981776476;13.0;Para Celulares de Outras Operadoras;
2020-06-29 10:41:06;55  991912888;5.0;Para Celulares de Outras Operadoras;
2020-06-26 11:29:16;51  981776476;7.0;Para Celulares de Outras Operadoras;
2020-06-12 12:04:08;75  992273012;5.0;Para Celulares de Outras Operadoras;
2020-06-05 15:56:12;51  996922316;0.0;Adicional por Ligacoes Realizadas;
2020-06-05 15:54:22;98  992350401;0.0;Adicional por Ligacoes Realizadas;
2020-06-05 11:06:45;51  995878281;0.0;Adicional por Ligacoes Realizadas;
2020-06-05 11:00:56;98  992350401;0.0;Adicional por Ligacoes Realizadas;
2020-06-05 09:46:34;16  996003857;0.0;Adicional por Ligacoes Realizadas;
2020-06-04 16:39:21;51  996820018;0.0;Adicional por Ligacoes Realizadas;
2020-06-04 15:15:32;98  992350401;0.0;Adicional por Ligacoes Realizadas;
2020-06-04 15:05:13;51  996922316;0.0;Adicional por Ligacoes Realizadas;
2020-06-04 14:50:41;51  992545119;0.0;Adicional por Ligacoes Realizadas;
2020-06-04 13:34:24;98  992350401;0.0;Adicional por Ligacoes Realizadas;
2020-06-04 12:12:25;98  984073431;0.0;Adicional por Ligacoes Realizadas;
2020-06-04 10:58:56;16  996003857;0.0;Adicional por Ligacoes Realizadas;
2020-06-04 10:52:59;51  992545119;0.0;Adicional por Ligacoes Realizadas;
2020-06-03 16:58:01;51  995878281;0.0;Adicional por Ligacoes Realizadas;
2020-06-03 16:11:52;98  987016385;0.0;Adicional por Ligacoes Realizadas;
2020-06-03 15:30:44;98  988512764;0.0;Adicional por Ligacoes Realizadas;
2020-06-03 15:27:41;98  987016385;0.0;Adicional por Ligacoes Realizadas;
2020-06-03 15:21:53;98  992350401;0.0;Adicional por Ligacoes Realizadas;
2020-06-03 15:19:55;98  987016385;0.0;Adicional por Ligacoes Realizadas;
2020-06-03 09:37:20;98  984908690;0.0;Adicional por Ligacoes Realizadas;
2020-06-03 09:01:34;51  995878281;0.0;Adicional por Ligacoes Realizadas;
2020-06-02 16:41:15;98  992350401;0.0;Adicional por Ligacoes Realizadas;
2020-06-02 15:58:12;98  992350401;0.0;Adicional por Ligacoes Realizadas;
2020-06-02 14:02:13;98  987414064;0.0;Adicional por Ligacoes Realizadas;
2020-06-30 11:23:09;    ;5.0;Chamadas de Longa Distancia para Outros Estados;
2020-06-30 11:08:55;    ;9.0;Chamadas de Longa Distancia para Outros Estados;
2020-06-29 15:30:32;    ;95.0;Chamadas de Longa Distancia para Outros Estados;
2020-06-26 12:37:32;    ;5.0;Chamadas de Longa Distancia para Outros Estados;
2020-06-26 11:04:03;    ;5.0;Chamadas de Longa Distancia para Outros Estados;
2020-06-26 10:13:26;    ;7.0;Chamadas de Longa Distancia para Outros Estados;
2020-06-26 06:32:55;    ;5.0;Chamadas de Longa Distancia para Outros Estados;
2020-06-25 14:30:35;    ;14.0;Chamadas de Longa Distancia para Outros Estados;
2020-06-25 14:15:58;    ;7.0;Chamadas de Longa Distancia para Outros Estados;
2020-06-25 11:47:41;    ;5.0;Chamadas de Longa Distancia para Outros Estados;
2020-06-25 11:03:41;    ;16.0;Chamadas de Longa Distancia para Outros Estados;
2020-06-25 07:43:29;    ;10.0;Chamadas de Longa Distancia para Outros Estados;
2020-06-24 15:10:01;    ;37.0;Chamadas de Longa Distancia para Outros Estados;
2020-06-24 10:05:55;    ;10.0;Chamadas de Longa Distancia para Outros Estados;
2020-06-24 09:49:12;    ;13.0;Chamadas de Longa Distancia para Outros Estados;
2020-06-24 08:26:11;    ;35.0;Chamadas de Longa Distancia para Outros Estados;
2020-06-23 10:47:35;    ;7.0;Chamadas de Longa Distancia para Outros Estados;
2020-06-23 10:44:35;    ;12.0;Chamadas de Longa Distancia para Outros Estados;
2020-06-23 09:03:45;    ;8.0;Chamadas de Longa Distancia para Outros Estados;
2020-06-23 08:57:35;    ;19.0;Chamadas de Longa Distancia para Outros Estados;
2020-06-23 08:04:57;    ;8.0;Chamadas de Longa Distancia para Outros Estados;
2020-06-23 07:04:02;    ;13.0;Chamadas de Longa Distancia para Outros Estados;
2020-06-22 11:35:14;    ;5.0;Chamadas de Longa Distancia para Outros Estados;
2020-06-22 10:50:32;    ;5.0;Chamadas de Longa Distancia para Outros Estados;
2020-06-22 08:39:01;    ;9.0;Chamadas de Longa Distancia para Outros Estados;
2020-06-22 07:58:14;    ;9.0;Chamadas de Longa Distancia para Outros Estados;
2020-06-20 07:59:29;    ;23.0;Chamadas de Longa Distancia para Outros Estados;
2020-06-20 05:51:39;    ;24.0;Chamadas de Longa Distancia para Outros Estados;
2020-06-19 14:15:09;    ;5.0;Chamadas de Longa Distancia para Outros Estados;
2020-06-19 13:36:58;    ;22.0;Chamadas de Longa Distancia para Outros Estados;
2020-06-18 15:04:19;    ;10.0;Chamadas de Longa Distancia para Outros Estados;
2020-06-18 10:28:22;    ;5.0;Chamadas de Longa Distancia para Outros Estados;
2020-06-17 10:45:23;    ;5.0;Chamadas de Longa Distancia para Outros Estados;
2020-06-17 09:10:46;    ;15.0;Chamadas de Longa Distancia para Outros Estados;
2020-06-16 15:45:28;    ;37.0;Chamadas de Longa Distancia para Outros Estados;
2020-06-16 13:57:21;    ;5.0;Chamadas de Longa Distancia para Outros Estados;
2020-06-15 15:42:21;    ;13.0;Chamadas de Longa Distancia para Outros Estados;
2020-06-15 15:08:56;    ;103.0;Chamadas de Longa Distancia para Outros Estados;
2020-06-15 14:49:03;    ;5.0;Chamadas de Longa Distancia para Outros Estados;
2020-06-15 10:15:47;    ;15.0;Chamadas de Longa Distancia para Outros Estados;
2020-06-13 15:11:05;    ;17.0;Chamadas de Longa Distancia para Outros Estados;
2020-06-12 15:38:42;    ;13.0;Chamadas de Longa Distancia para Outros Estados;
2020-06-12 11:37:15;    ;27.0;Chamadas de Longa Distancia para Outros Estados;
2020-06-12 07:01:55;    ;11.0;Chamadas de Longa Distancia para Outros Estados;
2020-06-10 09:03:42;    ;7.0;Chamadas de Longa Distancia para Outros Estados;
2020-06-08 12:53:26;    ;5.0;Chamadas de Longa Distancia para Outros Estados;
2020-06-06 14:02:43;    ;5.0;Chamadas de Longa Distancia para Outros Estados;
2020-06-06 11:05:13;    ;5.0;Chamadas de Longa Distancia para Outros Estados;
2020-06-06 10:07:50;    ;5.0;Chamadas de Longa Distancia para Outros Estados;
2020-06-06 10:01:19;    ;7.0;Chamadas de Longa Distancia para Outros Estados;
2020-06-06 08:10:09;    ;13.0;Chamadas de Longa Distancia para Outros Estados;
2020-06-05 16:00:47;    ;10.0;Chamadas de Longa Distancia para Outros Estados;
2020-06-05 10:29:49;    ;30.0;Chamadas de Longa Distancia para Outros Estados;
2020-06-05 10:15:10;    ;5.0;Chamadas de Longa Distancia para Outros Estados;
2020-06-05 08:07:37;    ;5.0;Chamadas de Longa Distancia para Outros Estados;
2020-06-04 16:31:33;    ;6.0;Chamadas de Longa Distancia para Outros Estados;
2020-06-04 16:30:12;    ;9.0;Chamadas de Longa Distancia para Outros Estados;
2020-06-04 14:20:41;    ;10.0;Chamadas de Longa Distancia para Outros Estados;
2020-06-04 14:20:23;    ;5.0;Chamadas de Longa Distancia para Outros Estados;
2020-06-03 15:12:13;    ;5.0;Chamadas de Longa Distancia para Outros Estados;
2020-06-03 11:04:46;    ;8.0;Chamadas de Longa Distancia para Outros Estados;
2020-06-03 08:56:11;    ;7.0;Chamadas de Longa Distancia para Outros Estados;
2020-06-02 16:51:07;    ;21.0;Chamadas de Longa Distancia para Outros Estados;
2020-06-02 08:11:35;    ;13.0;Chamadas de Longa Distancia para Outros Estados;
2020-06-02 08:06:42;    ;28.0;Chamadas de Longa Distancia para Outros Estados;
2020-06-01 15:21:32;    ;5.0;Chamadas de Longa Distancia para Outros Estados;
2020-06-01 14:53:07;    ;11.0;Chamadas de Longa Distancia para Outros Estados;
2020-06-01 13:50:52;    ;5.0;Chamadas de Longa Distancia para Outros Estados;
2020-06-30 16:33:44;98  988243789;59.0;Para Celulares de Outras Operadoras;
2020-06-25 16:29:42;98  992100057;13.0;Para Celulares de Outras Operadoras;
2020-06-25 16:27:27;98  992100057;5.0;Para Celulares de Outras Operadoras;
2020-06-25 16:00:03;98  992100057;15.0;Para Celulares de Outras Operadoras;
2020-06-22 08:00:02;98  987504748;7.0;Para Celulares de Outras Operadoras;
2020-06-12 12:03:01;98  981161214;5.0;Para Celulares de Outras Operadoras;
2020-06-10 08:28:15;98  981191870;12.0;Para Celulares de Outras Operadoras;
2020-06-06 10:32:22;98  984549662;5.0;Para Celulares de Outras Operadoras;
2020-06-06 10:32:02;98  984549662;5.0;Para Celulares de Outras Operadoras;
2020-06-06 08:05:14;98  984530399;5.0;Para Celulares de Outras Operadoras;
2020-06-30 09:18:41;51  996922316;5.0;Para Celulares Vivo;
2020-06-29 10:52:39;51  996922316;19.0;Para Celulares Vivo;
2020-06-27 16:21:41;51  996922316;5.0;Para Celulares Vivo;
2020-06-27 10:01:42;16  996003857;21.0;Para Celulares Vivo;
2020-06-26 15:36:41;51  999971088;5.0;Para Celulares Vivo;
2020-06-26 14:17:16;16  996003857;7.0;Para Celulares Vivo;
2020-06-26 11:26:10;16  996003857;5.0;Para Celulares Vivo;
2020-06-26 10:40:03;51  991223844;5.0;Para Celulares Vivo;
2020-06-26 09:45:17;51  991813564;16.0;Para Celulares Vivo;
2020-06-25 14:40:07;51  991223844;5.0;Para Celulares Vivo;
2020-06-25 14:38:56;51  991223844;8.0;Para Celulares Vivo;
2020-06-25 10:46:58;51  991223844;16.0;Para Celulares Vivo;
2020-06-24 09:57:34;51  991813564;5.0;Para Celulares Vivo;
2020-06-23 16:44:07;16  996003857;6.0;Para Celulares Vivo;
2020-06-23 09:08:17;16  996003857;5.0;Para Celulares Vivo;
2020-06-23 09:03:18;51  996922316;5.0;Para Celulares Vivo;
2020-06-22 11:30:35;51  996820018;5.0;Para Celulares Vivo;
2020-06-22 09:43:08;51  991813564;28.0;Para Celulares Vivo;
2020-06-22 08:00:57;51  991813564;5.0;Para Celulares Vivo;
2020-06-19 14:06:56;51  991223844;5.0;Para Celulares Vivo;
2020-06-19 13:39:50;51  992545119;5.0;Para Celulares Vivo;
2020-06-19 10:15:29;16  996003857;6.0;Para Celulares Vivo;
2020-06-19 10:01:48;51  991223844;6.0;Para Celulares Vivo;
2020-06-18 15:10:36;16  996003857;5.0;Para Celulares Vivo;
2020-06-18 13:28:53;51  991813564;5.0;Para Celulares Vivo;
2020-06-18 13:28:14;16  996003857;5.0;Para Celulares Vivo;
2020-06-18 11:09:01;51  995878281;76.0;Para Celulares Vivo;
2020-06-17 09:16:06;51  991223844;53.0;Para Celulares Vivo;
2020-06-16 17:20:27;51  991813564;5.0;Para Celulares Vivo;
2020-06-15 11:01:48;51  991813564;12.0;Para Celulares Vivo;
2020-06-15 10:23:12;51  991813564;28.0;Para Celulares Vivo;
2020-06-12 12:05:58;54  991621437;9.0;Para Celulares Vivo;
2020-06-10 15:25:43;51  995878281;14.0;Para Celulares Vivo;
2020-06-10 07:58:08;51  991223844;5.0;Para Celulares Vivo;
2020-06-09 10:42:30;51  992592959;21.0;Para Celulares Vivo;
2020-06-08 09:26:33;51  995878281;17.0;Para Celulares Vivo;
2020-06-06 09:49:41;16  996003857;8.0;Para Celulares Vivo;
2020-06-05 15:56:12;51  996922316;7.0;Para Celulares Vivo;
2020-06-05 11:06:45;51  995878281;21.0;Para Celulares Vivo;
2020-06-05 09:46:34;16  996003857;10.0;Para Celulares Vivo;
2020-06-04 16:39:21;51  996820018;5.0;Para Celulares Vivo;
2020-06-04 15:05:13;51  996922316;21.0;Para Celulares Vivo;
2020-06-04 14:50:41;51  992545119;23.0;Para Celulares Vivo;
2020-06-04 10:58:56;16  996003857;9.0;Para Celulares Vivo;
2020-06-04 10:52:59;51  992545119;27.0;Para Celulares Vivo;
2020-06-03 16:58:01;51  995878281;51.0;Para Celulares Vivo;
2020-06-03 09:01:34;51  995878281;29.0;Para Celulares Vivo;
2020-06-01 13:47:39;51  991223844;5.0;Para Celulares Vivo;
2020-06-01 13:43:28;51  991223844;24.0;Para Celulares Vivo;
2020-06-01 13:40:48;51  991223844;5.0;Para Celulares Vivo;
2020-06-01 13:38:45;51  991223844;5.0;Para Celulares Vivo;
2020-06-01 13:37:51;51  991223844;5.0;Para Celulares Vivo;
2020-06-01 10:24:26;51  991223844;5.0;Para Celulares Vivo;
2020-06-30 16:33:44;98  988243789;0.0;Adicional por Ligacoes Realizadas;
2020-06-30 09:18:41;51  996922316;0.0;Adicional por Ligacoes Realizadas;
2020-06-29 10:52:39;51  996922316;0.0;Adicional por Ligacoes Realizadas;
2020-06-29 10:43:05;51  981776476;0.0;Adicional por Ligacoes Realizadas;
2020-06-29 10:41:06;55  991912888;0.0;Adicional por Ligacoes Realizadas;
2020-06-29 10:36:40;98  991812146;0.0;Adicional por Ligacoes Realizadas;
2020-06-27 16:21:41;51  996922316;0.0;Adicional por Ligacoes Realizadas;
2020-06-27 10:01:42;16  996003857;0.0;Adicional por Ligacoes Realizadas;
2020-06-26 15:36:41;51  999971088;0.0;Adicional por Ligacoes Realizadas;
2020-06-26 14:25:27;98  992350401;0.0;Adicional por Ligacoes Realizadas;
2020-06-26 14:17:16;16  996003857;0.0;Adicional por Ligacoes Realizadas;
2020-06-26 13:36:53;98  992350401;0.0;Adicional por Ligacoes Realizadas;
2020-06-26 11:29:16;51  981776476;0.0;Adicional por Ligacoes Realizadas;
2020-06-26 11:26:10;16  996003857;0.0;Adicional por Ligacoes Realizadas;
2020-06-26 10:40:03;51  991223844;0.0;Adicional por Ligacoes Realizadas;
2020-06-26 09:45:17;51  991813564;0.0;Adicional por Ligacoes Realizadas;
2020-06-25 16:29:42;98  992100057;0.0;Adicional por Ligacoes Realizadas;
2020-06-25 16:28:13;98  992350401;0.0;Adicional por Ligacoes Realizadas;
2020-06-25 16:27:27;98  992100057;0.0;Adicional por Ligacoes Realizadas;
2020-06-25 16:00:03;98  992100057;0.0;Adicional por Ligacoes Realizadas;
2020-06-25 14:40:07;51  991223844;0.0;Adicional por Ligacoes Realizadas;
2020-06-25 14:38:56;51  991223844;0.0;Adicional por Ligacoes Realizadas;
2020-06-25 10:46:58;51  991223844;0.0;Adicional por Ligacoes Realizadas;
2020-06-25 09:44:14;98  991090188;0.0;Adicional por Ligacoes Realizadas;
2020-06-24 16:15:21;98  991090188;0.0;Adicional por Ligacoes Realizadas;
2020-06-24 10:05:27;98  991090188;0.0;Adicional por Ligacoes Realizadas;
2020-06-24 10:04:23;98  992350401;0.0;Adicional por Ligacoes Realizadas;
2020-06-24 09:57:34;51  991813564;0.0;Adicional por Ligacoes Realizadas;
2020-06-23 17:23:43;98  992350401;0.0;Adicional por Ligacoes Realizadas;
2020-06-23 16:44:07;16  996003857;0.0;Adicional por Ligacoes Realizadas;
2020-06-23 13:34:03;98  992350401;0.0;Adicional por Ligacoes Realizadas;
2020-06-23 10:23:27;98  991090188;0.0;Adicional por Ligacoes Realizadas;
2020-06-23 09:58:42;98  992350401;0.0;Adicional por Ligacoes Realizadas;
2020-06-23 09:08:17;16  996003857;0.0;Adicional por Ligacoes Realizadas;
2020-06-23 09:03:18;51  996922316;0.0;Adicional por Ligacoes Realizadas;
2020-06-23 08:00:05;98  992350401;0.0;Adicional por Ligacoes Realizadas;
2020-06-22 11:30:35;51  996820018;0.0;Adicional por Ligacoes Realizadas;
2020-06-22 09:43:08;51  991813564;0.0;Adicional por Ligacoes Realizadas;
2020-06-22 08:00:57;51  991813564;0.0;Adicional por Ligacoes Realizadas;
2020-06-22 08:00:02;98  987504748;0.0;Adicional por Ligacoes Realizadas;
2020-06-19 14:06:56;51  991223844;0.0;Adicional por Ligacoes Realizadas;
2020-06-19 13:39:50;51  992545119;0.0;Adicional por Ligacoes Realizadas;
2020-06-19 10:15:29;16  996003857;0.0;Adicional por Ligacoes Realizadas;
2020-06-19 10:01:48;51  991223844;0.0;Adicional por Ligacoes Realizadas;
2020-06-18 15:10:36;16  996003857;0.0;Adicional por Ligacoes Realizadas;
2020-06-18 13:28:53;51  991813564;0.0;Adicional por Ligacoes Realizadas;
2020-06-18 13:28:14;16  996003857;0.0;Adicional por Ligacoes Realizadas;
2020-06-18 11:09:01;51  995878281;0.0;Adicional por Ligacoes Realizadas;
2020-06-17 09:16:06;51  991223844;0.0;Adicional por Ligacoes Realizadas;
2020-06-16 17:20:27;51  991813564;0.0;Adicional por Ligacoes Realizadas;
2020-06-16 16:47:09;98  991402083;0.0;Adicional por Ligacoes Realizadas;
2020-06-16 09:32:07;98  991402083;0.0;Adicional por Ligacoes Realizadas;
2020-06-15 11:01:48;51  991813564;0.0;Adicional por Ligacoes Realizadas;
2020-06-15 10:23:12;51  991813564;0.0;Adicional por Ligacoes Realizadas;
2020-06-12 12:05:58;54  991621437;0.0;Adicional por Ligacoes Realizadas;
2020-06-12 12:04:08;75  992273012;0.0;Adicional por Ligacoes Realizadas;
2020-06-12 12:03:01;98  981161214;0.0;Adicional por Ligacoes Realizadas;
2020-06-10 15:25:43;51  995878281;0.0;Adicional por Ligacoes Realizadas;
2020-06-10 08:28:15;98  981191870;0.0;Adicional por Ligacoes Realizadas;
2020-06-10 07:58:08;51  991223844;0.0;Adicional por Ligacoes Realizadas;
2020-06-09 10:42:30;51  992592959;0.0;Adicional por Ligacoes Realizadas;
2020-06-08 09:26:33;51  995878281;0.0;Adicional por Ligacoes Realizadas;
2020-06-06 10:32:22;98  984549662;0.0;Adicional por Ligacoes Realizadas;
2020-06-06 10:32:02;98  984549662;0.0;Adicional por Ligacoes Realizadas;
2020-06-06 09:49:41;16  996003857;0.0;Adicional por Ligacoes Realizadas;
2020-06-06 08:05:14;98  984530399;0.0;Adicional por Ligacoes Realizadas;
2020-06-06 07:30:54;98  984530399;0.0;Adicional por Ligacoes Realizadas;
2020-06-06 07:23:34;98  984530399;0.0;Adicional por Ligacoes Realizadas;
2020-06-06 07:30:54;98  984530399;75.0;Para Celulares de Outras Operadoras;
2020-06-06 07:23:34;98  984530399;22.0;Para Celulares de Outras Operadoras;
2020-06-04 12:12:25;98  984073431;17.0;Para Celulares de Outras Operadoras;
2020-06-03 16:11:52;98  987016385;18.0;Para Celulares de Outras Operadoras;
2020-06-03 15:27:41;98  987016385;21.0;Para Celulares de Outras Operadoras;
2020-06-03 15:19:55;98  987016385;16.0;Para Celulares de Outras Operadoras;
2020-06-03 09:37:20;98  984908690;27.0;Para Celulares de Outras Operadoras;
2020-06-02 14:02:13;98  987414064;23.0;Para Celulares de Outras Operadoras;
2020-06-03 15:30:44;98  988512764;13.0;Para Fixo Vivo;
2020-06-29 10:36:40;98  991812146;20.0;Para Celulares Vivo;
2020-06-26 14:25:27;98  992350401;5.0;Para Celulares Vivo;
2020-06-26 13:36:53;98  992350401;9.0;Para Celulares Vivo;
2020-06-25 16:28:13;98  992350401;9.0;Para Celulares Vivo;
2020-06-25 09:44:14;98  991090188;5.0;Para Celulares Vivo;
2020-06-24 16:15:21;98  991090188;25.0;Para Celulares Vivo;
2020-06-24 10:05:27;98  991090188;5.0;Para Celulares Vivo;
2020-06-24 10:04:23;98  992350401;6.0;Para Celulares Vivo;
2020-06-23 17:23:43;98  992350401;49.0;Para Celulares Vivo;
2020-06-23 13:34:03;98  992350401;6.0;Para Celulares Vivo;
2020-06-23 10:23:27;98  991090188;33.0;Para Celulares Vivo;
2020-06-23 09:58:42;98  992350401;12.0;Para Celulares Vivo;
2020-06-23 08:00:05;98  992350401;14.0;Para Celulares Vivo;
2020-06-16 16:47:09;98  991402083;13.0;Para Celulares Vivo;
2020-06-16 09:32:07;98  991402083;8.0;Para Celulares Vivo;
2020-06-05 15:54:22;98  992350401;14.0;Para Celulares Vivo;
2020-06-05 11:00:56;98  992350401;43.0;Para Celulares Vivo;
2020-06-04 15:15:32;98  992350401;17.0;Para Celulares Vivo;
2020-06-04 13:34:24;98  992350401;7.0;Para Celulares Vivo;
2020-06-03 15:21:53;98  992350401;17.0;Para Celulares Vivo;
2020-06-02 16:41:15;98  992350401;31.0;Para Celulares Vivo;
2020-06-02 15:58:12;98  992350401;7.0;Para Celulares Vivo;
2020-06-04;"";2.0;INTERNET MOVEL 2;0.00
2020-06-05;"";22.0;INTERNET MOVEL 2;0.00
2020-06-11;"";19.0;INTERNET MOVEL 2;0.00
2020-06-24;"";63.0;INTERNET MOVEL 2;0.00
