data_hora_inicio;nro_telefone_chamado;duracao_ligacao;desc_categoria;valor_ligacao
2020-06-01 17:23:55;51  984274504;20.0;Para Celulares Vivo;
2020-06-01 17:19:15;51  991014112;31.0;Para Celulares Vivo;
2020-06-01 16:57:15;51  999844804;31.0;Para Celulares Vivo;
2020-06-01 16:43:44;51  992592504;45.0;Para Celulares Vivo;
2020-06-01 11:59:54;51  992592887;33.0;Para Celulares Vivo;
2020-06-01 11:49:18;51  999936236;29.0;Para Celulares Vivo;
2020-06-30 15:18:56;51  33846584;40.0;Para Fixo de Outras Operadoras;
2020-06-03 16:57:35;51  33353576;5.0;Para Fixo de Outras Operadoras;
2020-06-29 19:28:07;51  991987887;18.0;Para Celulares de Outras Operadoras;
2020-06-29 17:57:52;51  991987887;18.0;Para Celulares de Outras Operadoras;
2020-06-26 11:38:51;51  991987887;29.0;Para Celulares de Outras Operadoras;
2020-06-25 17:26:28;51  993173269;13.0;Para Celulares de Outras Operadoras;
2020-06-25 15:20:53;51  991987887;146.0;Para Celulares de Outras Operadoras;
2020-06-25 14:32:23;51  991987887;27.0;Para Celulares de Outras Operadoras;
2020-06-24 16:34:33;51  983300915;54.0;Para Celulares de Outras Operadoras;
2020-06-24 11:48:30;51  991771271;17.0;Para Celulares de Outras Operadoras;
2020-06-23 15:14:33;51  993173269;47.0;Para Celulares de Outras Operadoras;
2020-06-19 11:48:56;51  991987887;30.0;Para Celulares de Outras Operadoras;
2020-06-18 09:59:59;51  991771271;68.0;Para Celulares de Outras Operadoras;
2020-06-16 17:06:07;51  991987887;27.0;Para Celulares de Outras Operadoras;
2020-06-16 11:21:11;51  991771271;26.0;Para Celulares de Outras Operadoras;
2020-06-15 11:44:26;51  993173269;9.0;Para Celulares de Outras Operadoras;
2020-06-12 16:33:17;51  981588888;39.0;Para Celulares de Outras Operadoras;
2020-06-10 11:56:04;51  991987887;35.0;Para Celulares de Outras Operadoras;
2020-06-08 12:09:26;51  993173269;20.0;Para Celulares de Outras Operadoras;
2020-06-19 11:55:16;51  984468666;57.0;Para Fixo Vivo;
2020-06-30 21:37:01;51  992592504;17.0;Para Celulares Vivo;
2020-06-30 19:34:24;51  998062033;40.0;Para Celulares Vivo;
2020-06-30 17:51:54;51  999844804;5.0;Para Celulares Vivo;
2020-06-30 17:50:10;51  992592817;5.0;Para Celulares Vivo;
2020-06-30 17:43:32;51  992592803;9.0;Para Celulares Vivo;
2020-06-30 17:09:32;51  991014112;18.0;Para Celulares Vivo;
2020-06-30 17:05:51;51  991014112;31.0;Para Celulares Vivo;
2020-06-30 17:02:52;51  992592887;13.0;Para Celulares Vivo;
2020-06-30 10:05:55;51  992592148;5.0;Para Celulares Vivo;
2020-06-30 10:04:28;51  992592148;6.0;Para Celulares Vivo;
2020-06-29 17:32:53;51  999844804;5.0;Para Celulares Vivo;
2020-06-29 17:27:36;51  992592887;27.0;Para Celulares Vivo;
2020-06-29 17:25:26;51  992592817;9.0;Para Celulares Vivo;
2020-06-29 16:30:06;51  992518679;66.0;Para Celulares Vivo;
2020-06-29 16:02:51;51  992592148;11.0;Para Celulares Vivo;
2020-06-29 12:42:57;51  992592848;7.0;Para Celulares Vivo;
2020-06-29 12:38:57;51  992592848;19.0;Para Celulares Vivo;
2020-06-28 21:19:56;51  999844804;36.0;Para Celulares Vivo;
2020-06-27 19:37:08;51  998062033;20.0;Para Celulares Vivo;
2020-06-26 11:52:54;51  999936236;31.0;Para Celulares Vivo;
2020-06-26 11:49:04;51  999844804;28.0;Para Celulares Vivo;
2020-06-25 21:30:27;51  992592803;32.0;Para Celulares Vivo;
2020-06-25 21:28:43;51  992592803;5.0;Para Celulares Vivo;
2020-06-25 17:31:00;51  992592817;16.0;Para Celulares Vivo;
2020-06-25 17:18:37;51  999844804;24.0;Para Celulares Vivo;
2020-06-24 17:37:58;51  992592817;14.0;Para Celulares Vivo;
2020-06-24 17:29:53;51  992518679;75.0;Para Celulares Vivo;
2020-06-24 17:29:14;51  991014112;5.0;Para Celulares Vivo;
2020-06-24 17:02:03;51  992592887;22.0;Para Celulares Vivo;
2020-06-24 15:20:16;51  992592148;12.0;Para Celulares Vivo;
2020-06-24 11:42:44;51  999844804;25.0;Para Celulares Vivo;
2020-06-23 17:17:31;51  992592817;13.0;Para Celulares Vivo;
2020-06-23 17:13:34;51  992592887;31.0;Para Celulares Vivo;
2020-06-23 12:04:48;51  999844804;67.0;Para Celulares Vivo;
2020-06-23 11:59:07;51  999936236;5.0;Para Celulares Vivo;
2020-06-22 21:48:06;51  992592803;57.0;Para Celulares Vivo;
2020-06-22 20:42:00;51  992592803;31.0;Para Celulares Vivo;
2020-06-22 19:59:23;51  992592504;18.0;Para Celulares Vivo;
2020-06-22 17:27:47;51  992592817;14.0;Para Celulares Vivo;
2020-06-22 17:17:18;51  991014112;49.0;Para Celulares Vivo;
2020-06-22 17:13:28;51  992592887;14.0;Para Celulares Vivo;
2020-06-22 14:57:07;51  992592148;14.0;Para Celulares Vivo;
2020-06-22 12:00:23;51  992592148;29.0;Para Celulares Vivo;
2020-06-22 11:51:03;51  995823276;14.0;Para Celulares Vivo;
2020-06-22 11:46:05;51  999844804;26.0;Para Celulares Vivo;
2020-06-22 11:42:49;51  999936236;26.0;Para Celulares Vivo;
2020-06-22 08:35:37;51  992592148;29.0;Para Celulares Vivo;
2020-06-20 20:06:31;51  992592803;55.0;Para Celulares Vivo;
2020-06-20 20:02:57;51  992592504;31.0;Para Celulares Vivo;
2020-06-19 17:12:34;51  991014112;6.0;Para Celulares Vivo;
2020-06-19 17:04:41;51  992592803;5.0;Para Celulares Vivo;
2020-06-19 11:52:36;51  999844804;5.0;Para Celulares Vivo;
2020-06-18 18:15:13;51  992592816;5.0;Para Celulares Vivo;
2020-06-18 17:54:14;51  992592846;131.0;Para Celulares Vivo;
2020-06-18 17:49:16;51  999844804;41.0;Para Celulares Vivo;
2020-06-18 17:46:45;51  999936236;18.0;Para Celulares Vivo;
2020-06-18 16:48:47;51  992592816;10.0;Para Celulares Vivo;
2020-06-18 16:43:48;51  992592846;30.0;Para Celulares Vivo;
2020-06-18 15:45:28;51  992592846;6.0;Para Celulares Vivo;
2020-06-17 17:53:03;51  998980236;23.0;Para Celulares Vivo;
2020-06-17 17:48:29;51  992592803;5.0;Para Celulares Vivo;
2020-06-17 17:47:05;51  995823276;5.0;Para Celulares Vivo;
2020-06-17 17:34:23;51  992592803;5.0;Para Celulares Vivo;
2020-06-17 17:24:12;51  992592887;44.0;Para Celulares Vivo;
2020-06-17 17:15:24;51  992592817;51.0;Para Celulares Vivo;
2020-06-16 21:02:41;51  992592803;74.0;Para Celulares Vivo;
2020-06-16 20:42:01;51  992592504;56.0;Para Celulares Vivo;
2020-06-15 17:47:28;51  992592817;9.0;Para Celulares Vivo;
2020-06-15 17:44:11;51  999844804;26.0;Para Celulares Vivo;
2020-06-15 08:13:33;51  992592148;18.0;Para Celulares Vivo;
2020-06-15 08:12:34;51  992592148;5.0;Para Celulares Vivo;
2020-06-14 12:25:35;51  992592504;5.0;Para Celulares Vivo;
2020-06-12 17:13:59;51  992592843;30.0;Para Celulares Vivo;
2020-06-12 16:32:11;51  998062033;5.0;Para Celulares Vivo;
2020-06-12 11:48:13;51  992592504;48.0;Para Celulares Vivo;
2020-06-12 11:40:49;51  999844804;27.0;Para Celulares Vivo;
2020-06-12 11:38:45;51  999936236;17.0;Para Celulares Vivo;
2020-06-12 10:44:45;51  992592819;8.0;Para Celulares Vivo;
2020-06-12 07:59:13;51  992592148;18.0;Para Celulares Vivo;
2020-06-11 16:14:39;51  992592716;5.0;Para Celulares Vivo;
2020-06-11 16:01:53;51  992592803;22.0;Para Celulares Vivo;
2020-06-10 17:52:43;51  992592972;36.0;Para Celulares Vivo;
2020-06-10 17:50:40;51  992592816;5.0;Para Celulares Vivo;
2020-06-10 17:36:28;51  999936236;79.0;Para Celulares Vivo;
2020-06-10 17:32:31;51  992592817;29.0;Para Celulares Vivo;
2020-06-10 17:07:33;51  999844804;19.0;Para Celulares Vivo;
2020-06-10 16:09:56;51  992592148;13.0;Para Celulares Vivo;
2020-06-10 08:15:11;51  992592148;20.0;Para Celulares Vivo;
2020-06-09 17:32:57;51  999844804;26.0;Para Celulares Vivo;
2020-06-09 17:25:51;51  998062033;61.0;Para Celulares Vivo;
2020-06-09 08:28:26;51  992592148;5.0;Para Celulares Vivo;
2020-06-09 08:13:12;51  992592148;15.0;Para Celulares Vivo;
2020-06-08 20:56:20;51  992592803;23.0;Para Celulares Vivo;
2020-06-08 16:29:18;51  999844804;55.0;Para Celulares Vivo;
2020-06-08 15:37:46;51  991943334;22.0;Para Celulares Vivo;
2020-06-08 15:22:00;51  992592148;9.0;Para Celulares Vivo;
2020-06-08 14:35:24;51  991014112;5.0;Para Celulares Vivo;
2020-06-08 14:33:27;51  992518679;5.0;Para Celulares Vivo;
2020-06-08 14:18:36;51  992592817;5.0;Para Celulares Vivo;
2020-06-08 12:02:25;51  999844804;10.0;Para Celulares Vivo;
2020-06-08 11:58:01;51  999844804;5.0;Para Celulares Vivo;
2020-06-08 11:55:26;51  999936236;18.0;Para Celulares Vivo;
2020-06-08 11:33:39;51  992592148;60.0;Para Celulares Vivo;
2020-06-06 20:37:05;51  992592504;29.0;Para Celulares Vivo;
2020-06-06 19:40:13;51  992592148;24.0;Para Celulares Vivo;
2020-06-05 16:41:20;51  992592819;24.0;Para Celulares Vivo;
2020-06-05 16:40:40;51  992592803;5.0;Para Celulares Vivo;
2020-06-05 16:18:13;51  998980236;21.0;Para Celulares Vivo;
2020-06-05 15:58:38;51  999936236;12.0;Para Celulares Vivo;
2020-06-05 15:49:39;51  999844804;55.0;Para Celulares Vivo;
2020-06-05 15:48:33;51  999936236;5.0;Para Celulares Vivo;
2020-06-04 20:48:21;51  992592504;17.0;Para Celulares Vivo;
2020-06-04 17:56:16;51  984274504;5.0;Para Celulares Vivo;
2020-06-04 17:52:29;51  984274504;35.0;Para Celulares Vivo;
2020-06-04 17:47:27;51  984274504;41.0;Para Celulares Vivo;
2020-06-04 17:39:27;51  998980236;16.0;Para Celulares Vivo;
2020-06-04 17:36:51;51  992592148;21.0;Para Celulares Vivo;
2020-06-04 17:36:02;51  998980236;6.0;Para Celulares Vivo;
2020-06-04 16:53:28;51  991014112;15.0;Para Celulares Vivo;
2020-06-04 16:51:38;51  999844804;5.0;Para Celulares Vivo;
2020-06-04 16:46:18;51  999936236;37.0;Para Celulares Vivo;
2020-06-04 16:42:23;51  992592817;18.0;Para Celulares Vivo;
2020-06-04 16:39:38;51  992592887;17.0;Para Celulares Vivo;
2020-06-04 15:23:26;51  992592148;23.0;Para Celulares Vivo;
2020-06-04 11:53:41;51  999844804;5.0;Para Celulares Vivo;
2020-06-03 17:23:34;51  992592819;55.0;Para Celulares Vivo;
2020-06-03 17:20:28;51  992592817;17.0;Para Celulares Vivo;
2020-06-03 16:59:43;51  984274504;21.0;Para Celulares Vivo;
2020-06-03 16:50:53;51  992592816;55.0;Para Celulares Vivo;
2020-06-03 16:46:34;51  995105815;24.0;Para Celulares Vivo;
2020-06-03 11:56:54;51  999844804;70.0;Para Celulares Vivo;
2020-06-03 11:53:57;51  999936236;25.0;Para Celulares Vivo;
2020-06-02 21:09:21;51  992592803;80.0;Para Celulares Vivo;
2020-06-02 20:21:06;51  998062033;5.0;Para Celulares Vivo;
2020-06-02 20:03:46;51  992592504;22.0;Para Celulares Vivo;
2020-06-02 17:47:21;51  992592803;5.0;Para Celulares Vivo;
2020-06-02 17:04:07;51  992592817;12.0;Para Celulares Vivo;
2020-06-02 15:52:25;51  999844804;40.0;Para Celulares Vivo;
2020-05-31;"";3002.2;INTERNET MOVEL 2;0.00
2020-06-01;"";11402.2;INTERNET MOVEL 2;0.00
2020-06-02;"";6581.4;INTERNET MOVEL 2;0.00
2020-06-03;"";8155.7;INTERNET MOVEL 2;0.00
2020-06-04;"";12018.9;INTERNET MOVEL 2;0.00
2020-06-05;"";5437.8;INTERNET MOVEL 2;0.00
2020-06-06;"";5643.4;INTERNET MOVEL 2;0.00
2020-06-07;"";45863.4;INTERNET MOVEL 2;0.00
2020-06-08;"";34192.2;INTERNET MOVEL 2;0.00
2020-06-09;"";7090.5;INTERNET MOVEL 2;0.00
2020-06-10;"";27225.0;INTERNET MOVEL 2;0.00
2020-06-11;"";7893.3;INTERNET MOVEL 2;0.00
2020-06-12;"";10914.7;INTERNET MOVEL 2;0.00
2020-06-13;"";4732.4;INTERNET MOVEL 2;0.00
2020-06-14;"";16723.4;INTERNET MOVEL 2;0.00
2020-06-15;"";19562.9;INTERNET MOVEL 2;0.00
2020-06-16;"";20178.5;INTERNET MOVEL 2;0.00
2020-06-17;"";15572.7;INTERNET MOVEL 2;0.00
2020-06-18;"";15141.0;INTERNET MOVEL 2;0.00
2020-06-19;"";8944.8;INTERNET MOVEL 2;0.00
2020-06-20;"";4122.7;INTERNET MOVEL 2;0.00
2020-06-21;"";4403.2;INTERNET MOVEL 2;0.00
2020-06-22;"";12869.1;INTERNET MOVEL 2;0.00
2020-06-23;"";9858.3;INTERNET MOVEL 2;0.00
2020-06-24;"";7674.2;INTERNET MOVEL 2;0.00
2020-06-25;"";8515.6;INTERNET MOVEL 2;0.00
2020-06-26;"";4704.9;INTERNET MOVEL 2;0.00
2020-06-27;"";4076.5;INTERNET MOVEL 2;0.00
2020-06-28;"";83533.0;INTERNET MOVEL 2;0.00
2020-06-29;"";16850.4;INTERNET MOVEL 2;0.00
2020-06-30;"";11179.1;INTERNET MOVEL 2;0.00
2020-07-01;"";143.0;INTERNET MOVEL 2;0.00
