data_hora_inicio;nro_telefone_chamado;duracao_ligacao;desc_categoria;valor_ligacao
2020-06-01 15:53:46;51  995991698;95.0;Para Celulares Vivo;
2020-06-01 17:44:08;11  24592438;210.0;Para Fixo Vivo;
2020-06-12 15:31:11;98  992183423;49.0;Para Celulares Vivo;
2020-06-15 11:45:12;55  991984253;5.0;Para Fixo Vivo;
2020-06-22 08:48:34;54  999933637;308.0;Para Celulares Vivo;
2020-06-09 17:12:55;54  999933637;78.0;Para Celulares Vivo;
2020-06-25 11:16:44;51  40205376;42.0;Para Fixo de Outras Operadoras;
2020-06-28 16:34:04;51  981616042;10.0;Para Celulares de Outras Operadoras;
2020-06-23 11:28:50;51  984109385;10.0;Para Celulares de Outras Operadoras;
2020-06-17 15:55:28;51  999754624;48.0;Para Celulares de Outras Operadoras;
2020-06-13 16:56:17;51  999754624;56.0;Para Celulares de Outras Operadoras;
2020-06-09 14:18:02;51  997225112;27.0;Para Celulares de Outras Operadoras;
2020-06-09 14:15:38;51  995429673;19.0;Para Celulares de Outras Operadoras;
2020-06-06 11:03:10;51  981291013;5.0;Para Celulares de Outras Operadoras;
2020-06-21 19:43:13;51  30516042;5.0;Para Fixo Vivo;
2020-06-23 11:22:08;51  999503410;60.0;Para Celulares Vivo;
2020-06-12 09:54:14;51  991813564;41.0;Para Celulares Vivo;
2020-06-12 09:14:40;51  991813564;75.0;Para Celulares Vivo;
2020-06-09 09:48:43;51  999503410;134.0;Para Celulares Vivo;
2020-06-08 15:02:29;51  999503410;171.0;Para Celulares Vivo;
2020-06-05 15:45:17;51  995991698;38.0;Para Celulares Vivo;
2020-06-01;"";3420.4;INTERNET MOVEL 2;0.00
2020-06-02;"";1219.0;INTERNET MOVEL 2;0.00
2020-06-03;"";4859.1;INTERNET MOVEL 2;0.00
2020-06-04;"";1154.0;INTERNET MOVEL 2;0.00
2020-06-05;"";2520.0;INTERNET MOVEL 2;0.00
2020-06-06;"";3081.0;INTERNET MOVEL 2;0.00
2020-06-07;"";1072.0;INTERNET MOVEL 2;0.00
2020-06-08;"";832.0;INTERNET MOVEL 2;0.00
2020-06-09;"";1574.0;INTERNET MOVEL 2;0.00
2020-06-10;"";899.0;INTERNET MOVEL 2;0.00
2020-06-11;"";955.0;INTERNET MOVEL 2;0.00
2020-06-12;"";1021.0;INTERNET MOVEL 2;0.00
2020-06-13;"";1267.0;INTERNET MOVEL 2;0.00
2020-06-14;"";1757.1;INTERNET MOVEL 2;0.00
2020-06-15;"";950.0;INTERNET MOVEL 2;0.00
2020-06-16;"";2685.0;INTERNET MOVEL 2;0.00
2020-06-17;"";59839.7;INTERNET MOVEL 2;0.00
2020-06-18;"";1413.0;INTERNET MOVEL 2;0.00
2020-06-19;"";2252.0;INTERNET MOVEL 2;0.00
2020-06-20;"";468.0;INTERNET MOVEL 2;0.00
2020-06-21;"";1581.0;INTERNET MOVEL 2;0.00
2020-06-22;"";4084.0;INTERNET MOVEL 2;0.00
2020-06-23;"";2642.8;INTERNET MOVEL 2;0.00
2020-06-24;"";3426.4;INTERNET MOVEL 2;0.00
2020-06-25;"";69892.4;INTERNET MOVEL 2;0.00
2020-06-26;"";99835.9;INTERNET MOVEL 2;0.00
2020-06-27;"";2211.0;INTERNET MOVEL 2;0.00
2020-06-28;"";1396.0;INTERNET MOVEL 2;0.00
2020-06-29;"";3148.0;INTERNET MOVEL 2;0.00
2020-06-30;"";33197.4;INTERNET MOVEL 2;0.00
