data_hora_inicio;nro_telefone_chamado;duracao_ligacao;desc_categoria;valor_ligacao
2020-06-24 18:11:33;51992592729;1.0;GRATIS-SMS;0.00
2020-06-01 11:33:13;51  984788705;10.0;Para Celulares de Outras Operadoras;
2020-06-07 19:30:10;53  991513490;291.0;Para Celulares de Outras Operadoras;
2020-06-05 11:55:07;55  996338125;105.0;Para Celulares Vivo;
2020-06-18 10:15:11;51  30036124;27.0;Para Fixo de Outras Operadoras;
2020-06-12 16:46:38;51  30272000;13.0;Para Fixo de Outras Operadoras;
2020-06-12 15:56:45;51  30036124;35.0;Para Fixo de Outras Operadoras;
2020-06-12 12:10:01;51  32411212;5.0;Para Fixo de Outras Operadoras;
2020-06-12 12:08:23;51  32499411;5.0;Para Fixo de Outras Operadoras;
2020-06-08 11:41:31;51  30036124;27.0;Para Fixo de Outras Operadoras;
2020-06-29 22:23:19;51  985819680;14.0;Para Celulares de Outras Operadoras;
2020-06-29 18:15:35;51  984788705;5.0;Para Celulares de Outras Operadoras;
2020-06-25 14:42:36;51  984788705;5.0;Para Celulares de Outras Operadoras;
2020-06-25 09:59:33;51  984788705;17.0;Para Celulares de Outras Operadoras;
2020-06-24 19:33:32;51  984788705;5.0;Para Celulares de Outras Operadoras;
2020-06-24 19:20:31;51  984788705;5.0;Para Celulares de Outras Operadoras;
2020-06-24 13:57:28;51  984788705;5.0;Para Celulares de Outras Operadoras;
2020-06-24 10:53:12;51  984788705;5.0;Para Celulares de Outras Operadoras;
2020-06-22 13:22:29;51  984788705;5.0;Para Celulares de Outras Operadoras;
2020-06-21 12:21:41;51  984788705;5.0;Para Celulares de Outras Operadoras;
2020-06-20 15:25:43;51  984788705;5.0;Para Celulares de Outras Operadoras;
2020-06-20 11:55:24;51  984788705;22.0;Para Celulares de Outras Operadoras;
2020-06-19 16:52:11;51  984788705;50.0;Para Celulares de Outras Operadoras;
2020-06-19 15:56:23;51  984788705;11.0;Para Celulares de Outras Operadoras;
2020-06-16 16:34:07;51  984788705;69.0;Para Celulares de Outras Operadoras;
2020-06-15 20:17:46;51  984788705;5.0;Para Celulares de Outras Operadoras;
2020-06-15 20:11:08;51  984788705;8.0;Para Celulares de Outras Operadoras;
2020-06-14 16:07:50;51  984788705;5.0;Para Celulares de Outras Operadoras;
2020-06-11 21:17:16;51  984788705;12.0;Para Celulares de Outras Operadoras;
2020-06-10 20:13:49;51  984788705;5.0;Para Celulares de Outras Operadoras;
2020-06-07 21:30:17;51  984788705;13.0;Para Celulares de Outras Operadoras;
2020-06-06 20:02:30;51  984788705;5.0;Para Celulares de Outras Operadoras;
2020-06-04 11:31:09;51  984788705;34.0;Para Celulares de Outras Operadoras;
2020-06-03 14:59:42;51  984788705;19.0;Para Celulares de Outras Operadoras;
2020-06-25 18:47:15;51  32490417;5.0;Para Fixo Vivo;
2020-06-23 18:16:07;51  32490417;9.0;Para Fixo Vivo;
2020-06-30 17:49:54;51  992592955;5.0;Para Celulares Vivo;
2020-06-25 19:06:54;51  992592955;5.0;Para Celulares Vivo;
2020-06-25 18:12:05;51  992592955;8.0;Para Celulares Vivo;
2020-06-23 18:39:59;51  992592955;5.0;Para Celulares Vivo;
2020-06-23 17:15:19;51  992592955;6.0;Para Celulares Vivo;
2020-06-19 18:21:25;51  992592729;50.0;Para Celulares Vivo;
2020-06-10 18:14:36;51  992592955;35.0;Para Celulares Vivo;
2020-06-09 18:23:29;51  992592955;15.0;Para Celulares Vivo;
2020-06-04 08:42:23;51  992592729;62.0;Para Celulares Vivo;
2020-06-03 12:06:29;51  992592729;180.0;Para Celulares Vivo;
2020-06-01;"";657.0;INTERNET MOVEL 2;0.00
2020-06-02;"";813.0;INTERNET MOVEL 2;0.00
2020-06-03;"";2494.0;INTERNET MOVEL 2;0.00
2020-06-04;"";5398.7;INTERNET MOVEL 2;0.00
2020-06-05;"";986.0;INTERNET MOVEL 2;0.00
2020-06-06;"";8037.2;INTERNET MOVEL 2;0.00
2020-06-07;"";2631.2;INTERNET MOVEL 2;0.00
2020-06-08;"";843.0;INTERNET MOVEL 2;0.00
2020-06-09;"";2287.2;INTERNET MOVEL 2;0.00
2020-06-10;"";1445.0;INTERNET MOVEL 2;0.00
2020-06-11;"";2309.1;INTERNET MOVEL 2;0.00
2020-06-12;"";12540.0;INTERNET MOVEL 2;0.00
2020-06-13;"";6760.9;INTERNET MOVEL 2;0.00
2020-06-14;"";112468.1;INTERNET MOVEL 2;0.00
2020-06-15;"";1531.0;INTERNET MOVEL 2;0.00
2020-06-16;"";6133.0;INTERNET MOVEL 2;0.00
2020-06-17;"";1822.0;INTERNET MOVEL 2;0.00
2020-06-18;"";2150.0;INTERNET MOVEL 2;0.00
2020-06-19;"";1433.0;INTERNET MOVEL 2;0.00
2020-06-20;"";3999.6;INTERNET MOVEL 2;0.00
2020-06-21;"";3006.6;INTERNET MOVEL 2;0.00
2020-06-22;"";5992.3;INTERNET MOVEL 2;0.00
2020-06-23;"";9687.5;INTERNET MOVEL 2;0.00
2020-06-24;"";6551.1;INTERNET MOVEL 2;0.00
2020-06-25;"";3808.1;INTERNET MOVEL 2;0.00
2020-06-26;"";798.0;INTERNET MOVEL 2;0.00
2020-06-27;"";4519.3;INTERNET MOVEL 2;0.00
2020-06-28;"";2703.9;INTERNET MOVEL 2;0.00
2020-06-29;"";3239.6;INTERNET MOVEL 2;0.00
2020-06-30;"";2454.4;INTERNET MOVEL 2;0.00
