data_hora_inicio;nro_telefone_chamado;duracao_ligacao;desc_categoria;valor_ligacao
2020-06-12 21:37:09;51982223067;1.0;GRATIS-SMS;0.00
2020-06-12 21:36:46;51982223067;1.0;GRATIS-SMS;0.00
2020-06-12 21:36:38;51982223067;1.0;GRATIS-SMS;0.00
2020-06-12 21:33:14;51982223067;1.0;GRATIS-SMS;0.00
2020-06-12 21:32:16;51982223067;1.0;GRATIS-SMS;0.00
2020-06-12 21:27:28;51982223067;1.0;GRATIS-SMS;0.00
2020-06-12 21:25:02;51982223067;1.0;GRATIS-SMS;0.00
2020-06-12 21:24:45;51982223067;1.0;GRATIS-SMS;0.00
2020-06-12 21:24:20;51982223067;1.0;GRATIS-SMS;0.00
2020-06-12 21:24:03;51982223067;1.0;GRATIS-SMS;0.00
2020-06-12 21:24:02;51982223067;1.0;GRATIS-SMS;0.00
2020-06-01 17:00:51;51  991284190;39.0;Para Fixo Vivo;
2020-06-01 10:25:08;47  32766558;53.0;Para Fixo de Outras Operadoras;
2020-06-27 10:50:19;51  34702513;5.0;Para Fixo de Outras Operadoras;
2020-06-17 18:55:57;51  34711775;5.0;Para Fixo de Outras Operadoras;
2020-06-17 18:16:12;51  34711775;8.0;Para Fixo de Outras Operadoras;
2020-06-16 10:30:34;51  33581077;61.0;Para Fixo de Outras Operadoras;
2020-06-15 13:29:19;51  33581077;18.0;Para Fixo de Outras Operadoras;
2020-06-14 14:53:56;51  36511044;5.0;Para Fixo de Outras Operadoras;
2020-06-09 11:01:25;51  30251825;150.0;Para Fixo de Outras Operadoras;
2020-06-05 16:15:13;51  30251825;19.0;Para Fixo de Outras Operadoras;
2020-06-05 16:13:12;51  30251825;13.0;Para Fixo de Outras Operadoras;
2020-06-05 15:30:09;51  30251825;259.0;Para Fixo de Outras Operadoras;
2020-06-30 10:45:49;51  984649058;35.0;Para Celulares de Outras Operadoras;
2020-06-27 16:35:19;51  982223067;5.0;Para Celulares de Outras Operadoras;
2020-06-27 11:32:20;51  989572192;5.0;Para Celulares de Outras Operadoras;
2020-06-27 11:16:00;51  984649058;119.0;Para Celulares de Outras Operadoras;
2020-06-26 10:56:44;51  984649058;307.0;Para Celulares de Outras Operadoras;
2020-06-25 12:39:59;51  984649058;5.0;Para Celulares de Outras Operadoras;
2020-06-22 16:23:57;51  984649058;19.0;Para Celulares de Outras Operadoras;
2020-06-22 15:29:01;51  984649058;5.0;Para Celulares de Outras Operadoras;
2020-06-22 11:54:32;51  984649058;6.0;Para Celulares de Outras Operadoras;
2020-06-22 11:47:58;51  984649058;46.0;Para Celulares de Outras Operadoras;
2020-06-22 08:53:40;51  982223067;8.0;Para Celulares de Outras Operadoras;
2020-06-21 16:50:44;51  984649058;41.0;Para Celulares de Outras Operadoras;
2020-06-20 21:24:12;51  982223067;9.0;Para Celulares de Outras Operadoras;
2020-06-20 20:59:53;51  989509589;240.0;Para Celulares de Outras Operadoras;
2020-06-20 20:40:20;51  984649058;6.0;Para Celulares de Outras Operadoras;
2020-06-20 20:22:50;51  984649058;5.0;Para Celulares de Outras Operadoras;
2020-06-20 19:58:03;51  984649058;23.0;Para Celulares de Outras Operadoras;
2020-06-20 12:06:31;51  984649058;30.0;Para Celulares de Outras Operadoras;
2020-06-20 11:18:26;51  984649058;23.0;Para Celulares de Outras Operadoras;
2020-06-19 13:42:56;51  982223067;71.0;Para Celulares de Outras Operadoras;
2020-06-18 15:14:14;51  984649058;137.0;Para Celulares de Outras Operadoras;
2020-06-18 10:45:53;51  991980620;46.0;Para Celulares de Outras Operadoras;
2020-06-17 17:35:15;51  992621414;5.0;Para Celulares de Outras Operadoras;
2020-06-17 16:24:16;51  984649058;115.0;Para Celulares de Outras Operadoras;
2020-06-17 11:23:40;51  984578890;21.0;Para Celulares de Outras Operadoras;
2020-06-16 20:02:50;51  982223067;16.0;Para Celulares de Outras Operadoras;
2020-06-16 12:26:25;51  984649058;7.0;Para Celulares de Outras Operadoras;
2020-06-15 18:38:05;51  985183402;396.0;Para Celulares de Outras Operadoras;
2020-06-15 16:36:35;51  982223067;34.0;Para Celulares de Outras Operadoras;
2020-06-14 10:23:32;51  982223067;5.0;Para Celulares de Outras Operadoras;
2020-06-13 19:39:18;51  984649058;92.0;Para Celulares de Outras Operadoras;
2020-06-12 23:35:18;51  982223067;736.0;Para Celulares de Outras Operadoras;
2020-06-12 22:06:35;51  989509589;143.0;Para Celulares de Outras Operadoras;
2020-06-12 21:31:11;51  982223067;5.0;Para Celulares de Outras Operadoras;
2020-06-12 15:57:52;51  992571332;58.0;Para Celulares de Outras Operadoras;
2020-06-12 15:48:24;51  989509589;14.0;Para Celulares de Outras Operadoras;
2020-06-12 14:24:10;51  989509589;102.0;Para Celulares de Outras Operadoras;
2020-06-12 14:16:01;51  989509589;78.0;Para Celulares de Outras Operadoras;
2020-06-12 12:12:37;51  982223067;5.0;Para Celulares de Outras Operadoras;
2020-06-09 19:52:18;51  984649058;66.0;Para Celulares de Outras Operadoras;
2020-06-08 16:00:54;51  992571332;188.0;Para Celulares de Outras Operadoras;
2020-06-06 18:43:12;51  984649058;16.0;Para Celulares de Outras Operadoras;
2020-06-05 20:26:09;51  984649058;88.0;Para Celulares de Outras Operadoras;
2020-06-03 11:02:41;51  981244827;38.0;Para Celulares de Outras Operadoras;
2020-06-30 21:04:01;51  34697272;17.0;Para Fixo Vivo;
2020-06-19 14:57:11;51  34704332;8.0;Para Fixo Vivo;
2020-06-17 18:57:15;51  40099545;5.0;Para Fixo Vivo;
2020-06-17 18:22:22;51  40099545;7.0;Para Fixo Vivo;
2020-06-08 13:32:45;51  32453255;26.0;Para Fixo Vivo;
2020-06-08 12:15:36;51  33252121;16.0;Para Fixo Vivo;
2020-06-29 16:25:11;51  996781699;8.0;Para Celulares Vivo;
2020-06-23 08:16:55;51  997537244;5.0;Para Celulares Vivo;
2020-06-09 13:55:13;51  993320336;13.0;Para Celulares Vivo;
2020-06-05 17:05:05;51  993320336;85.0;Para Celulares Vivo;
2020-06-01;"";81998.2;INTERNET MOVEL 2;0.00
2020-06-02;"";263448.6;INTERNET MOVEL 2;0.00
2020-06-03;"";247710.5;INTERNET MOVEL 2;0.00
2020-06-04;"";322625.9;INTERNET MOVEL 2;0.00
2020-06-05;"";468902.0;INTERNET MOVEL 2;0.00
2020-06-06;"";360816.2;INTERNET MOVEL 2;0.00
2020-06-07;"";393224.2;INTERNET MOVEL 2;0.00
2020-06-08;"";187367.4;INTERNET MOVEL 2;0.00
2020-06-09;"";193257.9;INTERNET MOVEL 2;0.00
2020-06-10;"";153959.0;INTERNET MOVEL 2;0.00
2020-06-11;"";27513.6;INTERNET MOVEL 2;0.00
2020-06-12;"";56527.2;INTERNET MOVEL 2;0.00
2020-06-13;"";201810.6;INTERNET MOVEL 2;0.00
2020-06-14;"";76388.0;INTERNET MOVEL 2;0.00
2020-06-15;"";24142.2;INTERNET MOVEL 2;0.00
2020-06-16;"";92474.5;INTERNET MOVEL 2;0.00
2020-06-17;"";45053.7;INTERNET MOVEL 2;0.00
2020-06-18;"";37197.8;INTERNET MOVEL 2;0.00
2020-06-19;"";30932.3;INTERNET MOVEL 2;0.00
2020-06-20;"";39965.5;INTERNET MOVEL 2;0.00
2020-06-21;"";155996.9;INTERNET MOVEL 2;0.00
2020-06-22;"";64523.6;INTERNET MOVEL 2;0.00
2020-06-23;"";204255.7;INTERNET MOVEL 2;0.00
2020-06-24;"";28677.0;INTERNET MOVEL 2;0.00
2020-06-25;"";41468.5;INTERNET MOVEL 2;0.00
2020-06-26;"";84147.6;INTERNET MOVEL 2;0.00
2020-06-27;"";47176.7;INTERNET MOVEL 2;0.00
2020-06-28;"";7546.9;INTERNET MOVEL 2;0.00
2020-06-29;"";30103.4;INTERNET MOVEL 2;0.00
2020-06-30;"";33213.1;INTERNET MOVEL 2;0.00
2020-07-01;"";335.0;INTERNET MOVEL 2;0.00
