data_hora_inicio;nro_telefone_chamado;duracao_ligacao;desc_categoria;valor_ligacao
2020-06-03 11:06:15;51991035458;1.0;GRATIS-SMS;0.00
2020-06-16 15:20:39;98  988219102;9.0;Para Celulares de Outras Operadoras;
2020-06-16 13:31:46;98  988219102;5.0;Para Celulares de Outras Operadoras;
2020-06-16 11:15:38;98  988219102;13.0;Para Celulares de Outras Operadoras;
2020-06-01 09:09:28;98  988219102;122.0;Para Celulares de Outras Operadoras;
2020-06-17 14:40:47;98  991550560;6.0;Para Celulares Vivo;
2020-06-16 11:17:34;98  991550560;9.0;Para Celulares Vivo;
2020-06-08 16:03:06;13  981188560;10.0;Para Celulares Vivo;
2020-06-08 15:47:56;13  981188560;10.0;Para Celulares Vivo;
2020-06-26 17:18:02;51  991004412;18.0;Para Celulares de Outras Operadoras;
2020-06-26 14:49:36;51  986111794;29.0;Para Celulares de Outras Operadoras;
2020-06-15 16:12:58;51  993542151;5.0;Para Celulares de Outras Operadoras;
2020-06-26 15:15:03;51  996872609;41.0;Para Celulares Vivo;
2020-06-26 15:02:21;51  992592752;122.0;Para Celulares Vivo;
2020-06-26 11:31:18;51  996872609;36.0;Para Celulares Vivo;
2020-06-24 15:37:48;51  992592752;7.0;Para Celulares Vivo;
2020-06-18 10:31:07;51  992592752;16.0;Para Celulares Vivo;
2020-06-18 09:44:55;51  992592752;50.0;Para Celulares Vivo;
2020-06-16 15:04:45;51  995838788;14.0;Para Celulares Vivo;
2020-06-16 11:19:02;51  993319514;6.0;Para Celulares Vivo;
2020-06-16 09:11:37;51  993319514;37.0;Para Celulares Vivo;
2020-06-10 16:05:13;51  995838788;5.0;Para Celulares Vivo;
2020-06-04 11:11:02;51  992592754;125.0;Para Celulares Vivo;
2020-06-04 09:19:11;51  995838788;26.0;Para Celulares Vivo;
2020-06-03 14:15:00;51  995838788;5.0;Para Celulares Vivo;
2020-06-03 13:42:00;51  995838788;67.0;Para Celulares Vivo;
2020-06-03 12:04:50;51  991035458;8.0;Para Celulares Vivo;
