data_hora_inicio;nro_telefone_chamado;duracao_ligacao;desc_categoria;valor_ligacao
2020-06-30 14:58:44;51992592154;1.0;GRATIS-SMS;0.00
2020-06-12 17:46:16;55  984436131;5.0;Para Celulares de Outras Operadoras;
2020-06-04 10:17:40;51  35720399;79.0;Para Fixo de Outras Operadoras;
2020-06-23 17:02:27;51  998061766;48.0;Para Celulares de Outras Operadoras;
2020-06-08 09:51:20;51  30659700;7.0;Para Fixo Vivo;
2020-06-30 14:59:56;51  992592154;5.0;Para Celulares Vivo;
2020-05-31;"";113994.5;INTERNET MOVEL 2;0.00
2020-06-01;"";4955.0;INTERNET MOVEL 2;0.00
2020-06-02;"";5118.0;INTERNET MOVEL 2;0.00
2020-06-03;"";16820.5;INTERNET MOVEL 2;0.00
2020-06-04;"";5147.0;INTERNET MOVEL 2;0.00
2020-06-05;"";4508.0;INTERNET MOVEL 2;0.00
2020-06-06;"";5021.1;INTERNET MOVEL 2;0.00
2020-06-07;"";3521.4;INTERNET MOVEL 2;0.00
2020-06-08;"";3979.4;INTERNET MOVEL 2;0.00
2020-06-09;"";6757.8;INTERNET MOVEL 2;0.00
2020-06-10;"";5355.0;INTERNET MOVEL 2;0.00
2020-06-11;"";1598.0;INTERNET MOVEL 2;0.00
2020-06-12;"";66092.5;INTERNET MOVEL 2;0.00
2020-06-13;"";18405.9;INTERNET MOVEL 2;0.00
2020-06-14;"";5299.0;INTERNET MOVEL 2;0.00
2020-06-15;"";5113.0;INTERNET MOVEL 2;0.00
2020-06-16;"";3078.0;INTERNET MOVEL 2;0.00
2020-06-17;"";3993.0;INTERNET MOVEL 2;0.00
2020-06-18;"";3075.0;INTERNET MOVEL 2;0.00
2020-06-19;"";1159.0;INTERNET MOVEL 2;0.00
2020-06-20;"";1792.0;INTERNET MOVEL 2;0.00
2020-06-21;"";1083.0;INTERNET MOVEL 2;0.00
2020-06-22;"";15194.2;INTERNET MOVEL 2;0.00
2020-06-23;"";3802.0;INTERNET MOVEL 2;0.00
2020-06-24;"";3120.2;INTERNET MOVEL 2;0.00
2020-06-25;"";16920.3;INTERNET MOVEL 2;0.00
2020-06-26;"";7289.4;INTERNET MOVEL 2;0.00
2020-06-27;"";2549.0;INTERNET MOVEL 2;0.00
2020-06-28;"";2969.0;INTERNET MOVEL 2;0.00
2020-06-29;"";1896.0;INTERNET MOVEL 2;0.00
2020-06-30;"";1163.0;INTERNET MOVEL 2;0.00
