data_hora_inicio;nro_telefone_chamado;duracao_ligacao;desc_categoria;valor_ligacao
2020-06-01 15:14:33;51  989434872;9.0;Para Celulares de Outras Operadoras;
2020-06-01 09:00:46;51  984709887;6.0;Para Celulares de Outras Operadoras;
2020-06-01 14:35:08;51  981489967;6.0;Para Celulares Vivo;
2020-06-25 11:25:10;51  993438384;10.0;Para Celulares de Outras Operadoras;
2020-06-19 14:48:10;51  991854580;5.0;Para Celulares de Outras Operadoras;
2020-06-17 10:41:06;51  999505516;28.0;Para Celulares de Outras Operadoras;
2020-06-03 09:56:32;51  989434872;5.0;Para Celulares de Outras Operadoras;
2020-06-24 14:28:27;51  992943448;38.0;Para Fixo Vivo;
2020-06-24 10:31:36;51  992943448;19.0;Para Fixo Vivo;
2020-06-16 16:47:57;51  985371028;5.0;Para Fixo Vivo;
2020-06-16 15:37:38;51  985371028;5.0;Para Fixo Vivo;
2020-06-08 15:15:46;51  985371028;5.0;Para Fixo Vivo;
2020-06-05 10:25:57;51  992943448;99.0;Para Fixo Vivo;
2020-06-29 12:54:22;51  981119588;5.0;Para Celulares Vivo;
2020-06-29 10:57:03;51  991943334;5.0;Para Celulares Vivo;
2020-06-26 15:23:56;51  991943334;6.0;Para Celulares Vivo;
2020-06-26 10:14:57;51  991026438;6.0;Para Celulares Vivo;
2020-06-25 13:10:01;51  991943334;5.0;Para Celulares Vivo;
2020-06-25 11:23:40;51  991026438;9.0;Para Celulares Vivo;
2020-06-23 08:57:24;51  998447472;11.0;Para Celulares Vivo;
2020-06-23 08:29:46;51  991943334;6.0;Para Celulares Vivo;
2020-06-22 16:38:52;51  991943334;5.0;Para Celulares Vivo;
2020-06-22 15:14:59;51  991943334;5.0;Para Celulares Vivo;
2020-06-22 13:19:36;51  991943334;5.0;Para Celulares Vivo;
2020-06-22 10:25:31;51  991943334;8.0;Para Celulares Vivo;
2020-06-21 10:22:04;51  991943334;5.0;Para Celulares Vivo;
2020-06-20 08:22:12;51  991943334;5.0;Para Celulares Vivo;
2020-06-19 14:41:06;51  991943334;6.0;Para Celulares Vivo;
2020-06-18 14:14:17;51  991943334;5.0;Para Celulares Vivo;
2020-06-16 13:51:37;51  991943334;5.0;Para Celulares Vivo;
2020-06-15 16:05:09;51  991943334;5.0;Para Celulares Vivo;
2020-06-08 08:18:30;51  991943334;5.0;Para Celulares Vivo;
2020-06-03 10:14:50;51  991943334;5.0;Para Celulares Vivo;
2020-06-03 09:38:05;51  991943334;5.0;Para Celulares Vivo;
