data_hora_inicio;nro_telefone_chamado;duracao_ligacao;desc_categoria;valor_ligacao
2020-06-22 15:07:19;41  991093015;57.0;Para Celulares Vivo;
2020-06-07 10:59:55;53  991383332;117.0;Para Celulares de Outras Operadoras;
2020-06-25 17:08:45;54  999714048;51.0;Para Celulares Vivo;
2020-06-30 21:04:23;51  992819595;14.0;Para Celulares de Outras Operadoras;
2020-06-27 09:59:15;51  991313131;188.0;Para Celulares de Outras Operadoras;
2020-06-26 20:04:15;51  999995090;8.0;Para Celulares de Outras Operadoras;
2020-06-26 19:34:40;51  996022198;8.0;Para Celulares de Outras Operadoras;
2020-06-26 16:55:15;51  996022198;15.0;Para Celulares de Outras Operadoras;
2020-06-26 16:23:27;51  996022198;42.0;Para Celulares de Outras Operadoras;
2020-06-23 22:17:54;51  992819595;5.0;Para Celulares de Outras Operadoras;
2020-06-23 08:17:50;51  996022198;25.0;Para Celulares de Outras Operadoras;
2020-06-19 21:15:48;51  992819595;6.0;Para Celulares de Outras Operadoras;
2020-06-18 21:26:13;51  999995090;20.0;Para Celulares de Outras Operadoras;
2020-06-17 14:52:52;51  982938048;5.0;Para Celulares de Outras Operadoras;
2020-06-06 09:50:40;51  991313131;49.0;Para Celulares de Outras Operadoras;
2020-06-05 19:05:14;51  992819595;20.0;Para Celulares de Outras Operadoras;
2020-06-03 20:58:10;51  999995090;11.0;Para Celulares de Outras Operadoras;
2020-06-19 08:46:54;51  984468666;179.0;Para Fixo Vivo;
2020-06-18 08:40:56;51  984468666;123.0;Para Fixo Vivo;
2020-06-30 18:18:27;51  992592757;111.0;Para Celulares Vivo;
2020-06-27 12:32:15;51  991131415;22.0;Para Celulares Vivo;
2020-06-26 16:32:59;51  998705519;14.0;Para Celulares Vivo;
2020-06-26 10:11:17;51  992592757;5.0;Para Celulares Vivo;
2020-06-25 08:02:42;51  995943973;9.0;Para Celulares Vivo;
2020-06-24 21:43:25;51  991131415;77.0;Para Celulares Vivo;
2020-06-23 18:36:53;51  992592757;80.0;Para Celulares Vivo;
2020-06-23 16:04:05;51  998705519;18.0;Para Celulares Vivo;
2020-06-23 08:22:31;51  992592845;122.0;Para Celulares Vivo;
2020-06-22 14:47:45;51  992592869;16.0;Para Celulares Vivo;
2020-06-22 12:27:12;51  993320327;23.0;Para Celulares Vivo;
2020-06-19 15:22:43;51  992592819;86.0;Para Celulares Vivo;
2020-06-19 13:59:45;51  991813564;273.0;Para Celulares Vivo;
2020-06-19 10:42:25;51  992592845;5.0;Para Celulares Vivo;
2020-06-19 08:20:13;51  992592846;261.0;Para Celulares Vivo;
2020-06-18 18:40:30;51  992592818;79.0;Para Celulares Vivo;
2020-06-18 13:36:06;51  993320327;10.0;Para Celulares Vivo;
2020-06-18 13:33:03;51  992518679;20.0;Para Celulares Vivo;
2020-06-18 08:38:50;51  992518679;12.0;Para Celulares Vivo;
2020-06-17 14:46:16;51  992592845;20.0;Para Celulares Vivo;
2020-06-17 14:00:28;51  992592819;25.0;Para Celulares Vivo;
2020-06-17 13:44:36;51  992592819;6.0;Para Celulares Vivo;
2020-06-17 10:20:38;51  992592845;79.0;Para Celulares Vivo;
2020-06-15 18:06:30;51  992592757;65.0;Para Celulares Vivo;
2020-06-15 16:40:11;51  993320327;189.0;Para Celulares Vivo;
2020-06-12 16:41:25;51  992592873;123.0;Para Celulares Vivo;
2020-06-12 10:59:06;51  992592845;49.0;Para Celulares Vivo;
2020-06-10 14:43:42;51  984274504;112.0;Para Celulares Vivo;
2020-06-10 10:10:43;51  992592757;225.0;Para Celulares Vivo;
2020-06-10 08:10:20;51  992592819;62.0;Para Celulares Vivo;
2020-06-08 12:11:36;51  984274504;5.0;Para Celulares Vivo;
2020-06-07 11:36:28;51  993394636;33.0;Para Celulares Vivo;
2020-06-07 11:12:15;51  991813564;235.0;Para Celulares Vivo;
2020-06-07 10:56:45;51  992592958;24.0;Para Celulares Vivo;
2020-06-07 10:37:35;51  992592956;181.0;Para Celulares Vivo;
2020-06-06 16:46:31;51  996922316;287.0;Para Celulares Vivo;
2020-06-04 14:21:37;51  992592888;5.0;Para Celulares Vivo;
2020-06-02 17:56:28;51  992592819;87.0;Para Celulares Vivo;
2020-05-31;"";3860.4;INTERNET MOVEL 2;0.00
2020-06-01;"";150853.0;INTERNET MOVEL 2;0.00
2020-06-02;"";38946.8;INTERNET MOVEL 2;0.00
2020-06-03;"";96325.3;INTERNET MOVEL 2;0.00
2020-06-04;"";42750.7;INTERNET MOVEL 2;0.00
2020-06-05;"";11137.0;INTERNET MOVEL 2;0.00
2020-06-06;"";15187.9;INTERNET MOVEL 2;0.00
2020-06-07;"";7819.5;INTERNET MOVEL 2;0.00
2020-06-08;"";22402.2;INTERNET MOVEL 2;0.00
2020-06-09;"";9164.9;INTERNET MOVEL 2;0.00
2020-06-10;"";27149.2;INTERNET MOVEL 2;0.00
2020-06-11;"";73799.0;INTERNET MOVEL 2;0.00
2020-06-12;"";92126.1;INTERNET MOVEL 2;0.00
2020-06-13;"";18216.2;INTERNET MOVEL 2;0.00
2020-06-14;"";8922.8;INTERNET MOVEL 2;0.00
2020-06-15;"";25619.6;INTERNET MOVEL 2;0.00
2020-06-16;"";8379.7;INTERNET MOVEL 2;0.00
2020-06-17;"";5628.8;INTERNET MOVEL 2;0.00
2020-06-18;"";36333.5;INTERNET MOVEL 2;0.00
2020-06-19;"";103413.8;INTERNET MOVEL 2;0.00
2020-06-20;"";10247.7;INTERNET MOVEL 2;0.00
2020-06-21;"";54887.1;INTERNET MOVEL 2;0.00
2020-06-22;"";49349.8;INTERNET MOVEL 2;0.00
2020-06-23;"";18445.0;INTERNET MOVEL 2;0.00
2020-06-24;"";7282.8;INTERNET MOVEL 2;0.00
2020-06-25;"";53602.8;INTERNET MOVEL 2;0.00
2020-06-26;"";70474.0;INTERNET MOVEL 2;0.00
2020-06-27;"";108097.1;INTERNET MOVEL 2;0.00
2020-06-28;"";18696.3;INTERNET MOVEL 2;0.00
2020-06-29;"";45961.7;INTERNET MOVEL 2;0.00
2020-06-30;"";64039.9;INTERNET MOVEL 2;0.00
