data_hora_inicio;nro_telefone_chamado;duracao_ligacao;desc_categoria;valor_ligacao
2020-06-22 16:04:42;"";1.0;ADICIONAL;0.00
2020-06-22 16:04:42;    ;8.0;Chamadas de Longa Distancia para Outros Estados;
2020-06-05;"";285.0;INTERNET MOVEL 2;0.00
2020-06-06;"";554.0;INTERNET MOVEL 2;0.00
2020-06-08;"";1471.0;INTERNET MOVEL 2;0.00
2020-06-09;"";1550.0;INTERNET MOVEL 2;0.00
2020-06-10;"";2810.0;INTERNET MOVEL 2;0.00
2020-06-11;"";2226.0;INTERNET MOVEL 2;0.00
2020-06-12;"";1561.0;INTERNET MOVEL 2;0.00
2020-06-13;"";1763.0;INTERNET MOVEL 2;0.00
2020-06-14;"";4611.4;INTERNET MOVEL 2;0.00
2020-06-15;"";8222.9;INTERNET MOVEL 2;0.00
2020-06-16;"";1995.0;INTERNET MOVEL 2;0.00
2020-06-17;"";1671.0;INTERNET MOVEL 2;0.00
2020-06-18;"";1433.0;INTERNET MOVEL 2;0.00
2020-06-19;"";1678.0;INTERNET MOVEL 2;0.00
2020-06-20;"";3616.0;INTERNET MOVEL 2;0.00
2020-06-21;"";202.0;INTERNET MOVEL 2;0.00
2020-06-22;"";3226.0;INTERNET MOVEL 2;0.00
2020-06-23;"";2369.0;INTERNET MOVEL 2;0.00
2020-06-24;"";1400.0;INTERNET MOVEL 2;0.00
2020-06-25;"";1675.0;INTERNET MOVEL 2;0.00
2020-06-26;"";1062.0;INTERNET MOVEL 2;0.00
2020-06-27;"";2254.0;INTERNET MOVEL 2;0.00
2020-06-30;"";1559.0;INTERNET MOVEL 2;0.00
