data_hora_inicio;nro_telefone_chamado;duracao_ligacao;desc_categoria;valor_ligacao
2020-06-10 14:58:43;11  43491902;133.0;Para Fixo de Outras Operadoras;
2020-06-19 16:24:37;51  31031883;36.0;Para Fixo de Outras Operadoras;
2020-06-19 15:59:50;51  31031883;45.0;Para Fixo de Outras Operadoras;
2020-06-16 11:03:20;51  32890156;24.0;Para Fixo de Outras Operadoras;
2020-06-16 10:10:44;51  33822300;13.0;Para Fixo de Outras Operadoras;
2020-06-16 09:38:00;51  31031883;45.0;Para Fixo de Outras Operadoras;
2020-06-16 09:31:29;51  31031883;18.0;Para Fixo de Outras Operadoras;
2020-06-15 16:12:11;51  31031883;381.0;Para Fixo de Outras Operadoras;
2020-06-10 14:48:55;51  31031883;34.0;Para Fixo de Outras Operadoras;
2020-06-10 09:41:17;51  31031883;111.0;Para Fixo de Outras Operadoras;
2020-06-10 09:02:23;51  31031883;63.0;Para Fixo de Outras Operadoras;
2020-06-10 08:56:49;51  31031883;5.0;Para Fixo de Outras Operadoras;
2020-06-10 08:56:18;51  31031883;5.0;Para Fixo de Outras Operadoras;
2020-06-09 17:15:29;51  31031883;25.0;Para Fixo de Outras Operadoras;
2020-06-09 17:13:30;51  31031883;18.0;Para Fixo de Outras Operadoras;
2020-06-08 09:57:11;51  34701338;13.0;Para Fixo de Outras Operadoras;
2020-06-05 14:08:21;51  31031883;52.0;Para Fixo de Outras Operadoras;
2020-06-11 18:52:41;51  992130766;31.0;Para Fixo Vivo;
2020-06-09 17:37:40;51  999792800;28.0;Para Celulares Vivo;
