data_hora_inicio;nro_telefone_chamado;duracao_ligacao;desc_categoria;valor_ligacao
2020-06-01 12:12:03;51  21313333;5.0;Para Fixo Vivo;
2020-06-30 20:52:59;51  35723050;12.0;Para Fixo de Outras Operadoras;
2020-06-30 20:39:44;51  35723050;8.0;Para Fixo de Outras Operadoras;
2020-06-30 17:43:07;51  34742216;30.0;Para Fixo de Outras Operadoras;
2020-06-05 21:29:53;51  34534049;14.0;Para Fixo de Outras Operadoras;
2020-06-05 21:28:09;51  32533974;10.0;Para Fixo de Outras Operadoras;
2020-06-04 17:00:17;51  30376016;14.0;Para Fixo de Outras Operadoras;
2020-06-02 13:39:54;51  34741741;5.0;Para Fixo de Outras Operadoras;
2020-06-02 13:35:22;51  34524137;5.0;Para Fixo de Outras Operadoras;
2020-06-02 13:13:25;51  34524137;24.0;Para Fixo de Outras Operadoras;
2020-06-02 09:44:00;51  34580331;6.0;Para Fixo de Outras Operadoras;
2020-06-28 18:51:54;51  996626171;5.0;Para Celulares de Outras Operadoras;
2020-06-26 19:39:49;51  989473241;23.0;Para Celulares de Outras Operadoras;
2020-06-26 19:32:35;51  981211690;33.0;Para Celulares de Outras Operadoras;
2020-06-21 12:00:06;51  992545559;22.0;Para Celulares de Outras Operadoras;
2020-06-16 17:32:27;51  989473241;14.0;Para Celulares de Outras Operadoras;
2020-06-15 12:48:19;51  981399825;29.0;Para Celulares de Outras Operadoras;
2020-06-13 18:50:28;51  989138615;5.0;Para Celulares de Outras Operadoras;
2020-06-10 15:07:08;51  991253936;13.0;Para Celulares de Outras Operadoras;
2020-06-09 17:47:13;51  981211690;10.0;Para Celulares de Outras Operadoras;
2020-06-06 18:36:52;51  989473241;13.0;Para Celulares de Outras Operadoras;
2020-06-06 18:07:27;51  989473241;49.0;Para Celulares de Outras Operadoras;
2020-06-05 15:51:27;51  981211690;7.0;Para Celulares de Outras Operadoras;
2020-06-04 18:49:27;51  989473241;17.0;Para Celulares de Outras Operadoras;
2020-06-04 18:43:33;51  985123803;54.0;Para Celulares de Outras Operadoras;
2020-06-04 18:39:38;51  989473241;10.0;Para Celulares de Outras Operadoras;
2020-06-04 17:15:26;51  989473241;5.0;Para Celulares de Outras Operadoras;
2020-06-04 17:02:57;51  989473241;10.0;Para Celulares de Outras Operadoras;
2020-06-28 12:10:17;51  35543554;5.0;Para Fixo Vivo;
2020-06-22 16:04:59;51  21313339;5.0;Para Fixo Vivo;
2020-06-19 11:52:54;51  30795000;46.0;Para Fixo Vivo;
2020-06-14 11:47:23;51  981586144;12.0;Para Fixo Vivo;
2020-06-10 17:23:29;51  21313333;15.0;Para Fixo Vivo;
2020-06-10 15:08:36;51  21313333;5.0;Para Fixo Vivo;
2020-06-10 15:03:17;51  21313333;5.0;Para Fixo Vivo;
2020-06-10 15:00:48;51  21313333;5.0;Para Fixo Vivo;
2020-06-10 14:58:31;51  21313333;5.0;Para Fixo Vivo;
2020-06-10 14:57:44;51  21313333;5.0;Para Fixo Vivo;
2020-06-03 20:45:29;51  35543554;11.0;Para Fixo Vivo;
2020-06-03 20:31:25;51  35543554;5.0;Para Fixo Vivo;
2020-06-02 13:17:01;51  34527157;16.0;Para Fixo Vivo;
2020-06-29 11:51:01;51  996090146;74.0;Para Celulares Vivo;
2020-06-28 00:05:07;51  980300749;5.0;Para Celulares Vivo;
2020-06-27 20:57:58;51  980300749;6.0;Para Celulares Vivo;
2020-06-24 22:54:07;51  996090146;41.0;Para Celulares Vivo;
2020-06-24 21:29:46;51  996090146;156.0;Para Celulares Vivo;
2020-06-23 19:32:10;51  997970968;5.0;Para Celulares Vivo;
2020-06-22 17:53:58;51  996090146;16.0;Para Celulares Vivo;
2020-06-22 17:17:50;51  992592953;146.0;Para Celulares Vivo;
2020-06-19 12:12:21;51  980300749;18.0;Para Celulares Vivo;
2020-06-13 22:54:26;51  996090146;32.0;Para Celulares Vivo;
2020-06-12 19:05:21;51  996090146;76.0;Para Celulares Vivo;
2020-06-12 19:02:14;51  996090146;28.0;Para Celulares Vivo;
2020-06-11 19:03:37;51  996090146;65.0;Para Celulares Vivo;
2020-06-10 23:54:58;51  999160720;5.0;Para Celulares Vivo;
2020-06-08 20:00:55;51  996090146;5.0;Para Celulares Vivo;
2020-06-06 14:12:34;51  980300749;5.0;Para Celulares Vivo;
2020-06-05 18:08:01;51  980300749;13.0;Para Celulares Vivo;
2020-06-04 19:00:37;51  996090146;5.0;Para Celulares Vivo;
2020-06-02 20:26:32;51  991400926;19.0;Para Celulares Vivo;
2020-06-01;"";98942.6;INTERNET MOVEL 2;0.00
2020-06-02;"";99323.1;INTERNET MOVEL 2;0.00
2020-06-03;"";82701.2;INTERNET MOVEL 2;0.00
2020-06-04;"";147627.4;INTERNET MOVEL 2;0.00
2020-06-05;"";68876.7;INTERNET MOVEL 2;0.00
2020-06-06;"";66647.0;INTERNET MOVEL 2;0.00
2020-06-07;"";9795.0;INTERNET MOVEL 2;0.00
2020-06-08;"";3162.0;INTERNET MOVEL 2;0.00
2020-06-09;"";35466.6;INTERNET MOVEL 2;0.00
2020-06-10;"";73253.3;INTERNET MOVEL 2;0.00
2020-06-11;"";364.0;INTERNET MOVEL 2;0.00
2020-06-12;"";2712.0;INTERNET MOVEL 2;0.00
2020-06-13;"";22295.8;INTERNET MOVEL 2;0.00
2020-06-14;"";12161.7;INTERNET MOVEL 2;0.00
2020-06-15;"";1208.0;INTERNET MOVEL 2;0.00
2020-06-16;"";37831.1;INTERNET MOVEL 2;0.00
2020-06-17;"";21749.2;INTERNET MOVEL 2;0.00
2020-06-18;"";116.0;INTERNET MOVEL 2;0.00
2020-06-19;"";74308.2;INTERNET MOVEL 2;0.00
2020-06-20;"";90861.9;INTERNET MOVEL 2;0.00
2020-06-21;"";320.0;INTERNET MOVEL 2;0.00
2020-06-22;"";5930.2;INTERNET MOVEL 2;0.00
2020-06-23;"";122371.4;INTERNET MOVEL 2;0.00
2020-06-24;"";122000.5;INTERNET MOVEL 2;0.00
2020-06-25;"";336.0;INTERNET MOVEL 2;0.00
2020-06-26;"";57736.1;INTERNET MOVEL 2;0.00
2020-06-27;"";100474.0;INTERNET MOVEL 2;0.00
2020-06-28;"";34671.5;INTERNET MOVEL 2;0.00
2020-06-29;"";134497.7;INTERNET MOVEL 2;0.00
2020-06-30;"";65505.8;INTERNET MOVEL 2;0.00
