data_hora_inicio;nro_telefone_chamado;duracao_ligacao;desc_categoria;valor_ligacao
2020-06-25 14:49:16;55981003444;1.0;GRATIS-SMS;0.00
2020-06-30 08:36:56;51  993251349;5.0;Para Celulares de Outras Operadoras;
2020-06-29 15:37:16;51  993251349;17.0;Para Celulares de Outras Operadoras;
2020-06-24 16:18:00;51  993251349;17.0;Para Celulares de Outras Operadoras;
2020-06-22 09:41:29;51  993251349;5.0;Para Celulares de Outras Operadoras;
2020-06-22 09:23:28;51  993889435;6.0;Para Celulares de Outras Operadoras;
2020-06-18 11:02:15;51  991349535;18.0;Para Celulares de Outras Operadoras;
2020-06-18 10:36:40;51  984547713;6.0;Para Celulares de Outras Operadoras;
2020-06-18 08:32:20;51  991349535;10.0;Para Celulares de Outras Operadoras;
2020-07-01 02:38:19;51  32172121;9.0;Para Fixo Vivo;
2020-06-30 23:43:14;51  32172121;8.0;Para Fixo Vivo;
2020-06-30 22:58:24;51  32172121;8.0;Para Fixo Vivo;
2020-06-25 09:09:20;51  34317433;8.0;Para Fixo Vivo;
2020-06-30 07:33:19;51  998311708;6.0;Para Celulares Vivo;
2020-06-29 16:45:58;51  998311708;5.0;Para Celulares Vivo;
2020-06-26 14:34:08;51  993355497;12.0;Para Celulares Vivo;
2020-06-25 10:54:43;51  993360720;9.0;Para Celulares Vivo;
2020-06-24 15:10:11;51  998311708;5.0;Para Celulares Vivo;
2020-06-24 15:00:10;51  993355497;21.0;Para Celulares Vivo;
2020-06-19 09:37:50;51  991026438;11.0;Para Celulares Vivo;
2020-06-18 10:55:22;51  991026438;46.0;Para Celulares Vivo;
2020-06-18 10:04:48;51  998311708;5.0;Para Celulares Vivo;
2020-06-18 07:23:44;51  998311708;5.0;Para Celulares Vivo;
2020-06-17 15:38:50;51  991026438;5.0;Para Celulares Vivo;
2020-06-17 10:26:06;51  993360720;5.0;Para Celulares Vivo;
2020-06-17 09:30:57;51  991026438;7.0;Para Celulares Vivo;
2020-06-17 08:42:49;51  991026438;5.0;Para Celulares Vivo;
2020-06-15 22:10:09;51  998957118;6.0;Para Celulares Vivo;
2020-06-01;"";47248.0;INTERNET MOVEL 2;0.00
2020-06-02;"";229392.0;INTERNET MOVEL 2;0.00
2020-06-03;"";34555.0;INTERNET MOVEL 2;0.00
2020-06-04;"";50868.6;INTERNET MOVEL 2;0.00
2020-06-05;"";66651.7;INTERNET MOVEL 2;0.00
2020-06-06;"";7095.6;INTERNET MOVEL 2;0.00
2020-06-07;"";86.0;INTERNET MOVEL 2;0.00
2020-06-08;"";1.0;INTERNET MOVEL 2;0.00
2020-06-09;"";60081.6;INTERNET MOVEL 2;0.00
2020-06-10;"";2176.0;INTERNET MOVEL 2;0.00
2020-06-12;"";15022.1;INTERNET MOVEL 2;0.00
2020-06-13;"";10093.1;INTERNET MOVEL 2;0.00
2020-06-14;"";215.0;INTERNET MOVEL 2;0.00
2020-06-15;"";10023.9;INTERNET MOVEL 2;0.00
2020-06-16;"";13793.2;INTERNET MOVEL 2;0.00
2020-06-17;"";36373.8;INTERNET MOVEL 2;0.00
2020-06-18;"";128855.6;INTERNET MOVEL 2;0.00
2020-06-19;"";27954.3;INTERNET MOVEL 2;0.00
2020-06-20;"";6135.6;INTERNET MOVEL 2;0.00
2020-06-22;"";82693.5;INTERNET MOVEL 2;0.00
2020-06-23;"";22980.6;INTERNET MOVEL 2;0.00
2020-06-24;"";7632.5;INTERNET MOVEL 2;0.00
2020-06-25;"";73169.3;INTERNET MOVEL 2;0.00
2020-06-26;"";60252.6;INTERNET MOVEL 2;0.00
2020-06-27;"";1951.0;INTERNET MOVEL 2;0.00
2020-06-29;"";8365.6;INTERNET MOVEL 2;0.00
2020-06-30;"";37232.1;INTERNET MOVEL 2;0.00
2020-07-01;"";504.0;INTERNET MOVEL 2;0.00
