data_hora_inicio;nro_telefone_chamado;duracao_ligacao;desc_categoria;valor_ligacao
2020-06-06 11:01:48;"";1.0;ADICIONAL;0.00
2020-06-04 15:44:10;"";1.0;ADICIONAL;0.00
2020-06-04 15:43:33;"";1.0;ADICIONAL;0.00
2020-06-04 13:51:02;5140030679;1.0;ADICIONAL;0.00
2020-06-04 13:37:31;"";1.0;ADICIONAL;0.00
2020-06-04 08:40:28;"";1.0;ADICIONAL;0.00
2020-06-04 08:13:10;"";1.0;ADICIONAL;0.00
2020-06-03 08:43:56;"";1.0;ADICIONAL;0.00
2020-06-02 15:25:31;"";1.0;ADICIONAL;0.00
2020-06-02 14:31:15;"";1.0;ADICIONAL;0.00
2020-06-02 09:59:59;"";1.0;ADICIONAL;0.00
2020-06-02 09:42:53;"";1.0;ADICIONAL;0.00
2020-06-02 08:56:00;"";1.0;ADICIONAL;0.00
2020-06-01 20:01:58;5133546316;1.0;ADICIONAL;0.00
2020-06-01 17:05:50;"";1.0;ADICIONAL;0.00
2020-06-01 15:37:23;"";1.0;ADICIONAL;0.00
2020-06-01 14:42:25;"";1.0;ADICIONAL;0.00
2020-06-01 11:13:23;"";1.0;ADICIONAL;0.00
2020-06-01 10:09:59;"";1.0;ADICIONAL;0.00
2020-06-30 17:10:00;"";1.0;ADICIONAL;0.00
2020-06-30 13:50:23;"";1.0;ADICIONAL;0.00
2020-06-26 12:06:04;"";1.0;ADICIONAL;0.00
2020-06-26 08:55:47;5140617178;1.0;ADICIONAL;0.00
2020-06-23 16:15:25;"";1.0;ADICIONAL;0.00
2020-06-23 09:20:05;"";1.0;ADICIONAL;0.00
2020-06-22 12:28:35;"";1.0;ADICIONAL;0.00
2020-06-17 13:33:02;"";1.0;ADICIONAL;0.00
2020-06-17 12:44:23;"";1.0;ADICIONAL;0.00
2020-06-17 11:50:21;1155293373;1.0;ADICIONAL;0.00
2020-06-17 10:33:57;"";1.0;ADICIONAL;0.00
2020-06-17 10:20:50;"";1.0;ADICIONAL;0.00
2020-06-17 07:33:20;"";1.0;ADICIONAL;0.00
2020-06-16 11:08:52;4930270001;1.0;ADICIONAL;0.00
2020-06-12 13:06:50;"";1.0;ADICIONAL;0.00
2020-06-11 11:07:55;"";1.0;ADICIONAL;0.00
2020-06-11 09:08:30;"";1.0;ADICIONAL;0.00
2020-06-10 15:32:17;"";1.0;ADICIONAL;0.00
2020-06-10 14:07:26;"";1.0;ADICIONAL;0.00
2020-06-10 08:42:34;"";1.0;ADICIONAL;0.00
2020-06-10 08:32:38;"";1.0;ADICIONAL;0.00
2020-06-09 14:22:00;"";1.0;ADICIONAL;0.00
2020-06-09 13:56:35;"";1.0;ADICIONAL;0.00
2020-06-09 12:54:21;"";1.0;ADICIONAL;0.00
2020-06-09 12:53:26;"";1.0;ADICIONAL;0.00
2020-06-09 10:42:30;"";1.0;ADICIONAL;0.00
2020-06-09 09:27:59;"";1.0;ADICIONAL;0.00
2020-06-08 19:14:57;1128183104;1.0;ADICIONAL;0.00
2020-06-08 16:53:02;"";1.0;ADICIONAL;0.00
2020-06-08 10:23:47;"";1.0;ADICIONAL;0.00
2020-06-07 10:47:27;"";1.0;ADICIONAL;0.00
2020-06-06 11:19:52;1128183108;1.0;ADICIONAL;0.00
2020-06-01 18:00:01;51  981861609;0.0;Adicional por Ligacoes Realizadas;
2020-06-01 17:38:53;91  992534299;0.0;Adicional por Ligacoes Realizadas;
2020-06-01 16:11:55;51  992592956;0.0;Adicional por Ligacoes Realizadas;
2020-06-30 21:19:48;94  999011027;88.0;Para Celulares de Outras Operadoras;
2020-06-17 13:45:53;94  999011027;8.0;Para Celulares de Outras Operadoras;
2020-06-17 13:41:55;94  999011027;7.0;Para Celulares de Outras Operadoras;
2020-06-17 12:41:30;94  999011027;23.0;Para Celulares de Outras Operadoras;
2020-06-17 12:33:35;94  999011027;64.0;Para Celulares de Outras Operadoras;
2020-06-09 12:41:20;94  999011027;31.0;Para Celulares de Outras Operadoras;
2020-06-02 08:47:35;94  999011027;51.0;Para Celulares de Outras Operadoras;
2020-06-30 10:28:19;51  992592956;28.0;Para Celulares Vivo;
2020-06-25 20:38:29;51  992592956;127.0;Para Celulares Vivo;
2020-06-18 17:30:42;51  992592956;106.0;Para Celulares Vivo;
2020-06-17 12:20:22;51  992592629;125.0;Para Celulares Vivo;
2020-06-17 10:13:32;51  996922316;51.0;Para Celulares Vivo;
2020-06-10 10:19:41;91  993444455;6.0;Para Celulares Vivo;
2020-06-10 09:20:53;91  993444455;5.0;Para Celulares Vivo;
2020-06-10 09:01:34;51  996820018;6.0;Para Celulares Vivo;
2020-06-09 09:34:35;14  998926086;22.0;Para Celulares Vivo;
2020-06-06 12:02:28;91  992534299;5.0;Para Celulares Vivo;
2020-06-06 10:30:20;91  993444455;7.0;Para Celulares Vivo;
2020-06-06 09:56:16;54  991621437;7.0;Para Celulares Vivo;
2020-06-06 07:38:15;91  993444455;19.0;Para Celulares Vivo;
2020-06-05 09:19:36;91  992534299;9.0;Para Celulares Vivo;
2020-06-04 17:33:25;91  992534299;5.0;Para Celulares Vivo;
2020-06-04 17:27:48;91  992534299;5.0;Para Celulares Vivo;
2020-06-04 14:39:38;91  992534299;9.0;Para Celulares Vivo;
2020-06-04 11:20:16;91  993444455;5.0;Para Celulares Vivo;
2020-06-03 09:29:44;91  992534299;16.0;Para Celulares Vivo;
2020-06-02 16:38:09;91  992534299;5.0;Para Celulares Vivo;
2020-06-02 07:41:08;51  981861609;5.0;Para Celulares Vivo;
2020-06-01 18:00:01;51  981861609;5.0;Para Celulares Vivo;
2020-06-01 17:38:53;91  992534299;5.0;Para Celulares Vivo;
2020-06-01 16:11:55;51  992592956;60.0;Para Celulares Vivo;
2020-06-30 21:19:48;94  999011027;0.0;Adicional por Ligacoes Realizadas;
2020-06-30 10:28:19;51  992592956;0.0;Adicional por Ligacoes Realizadas;
2020-06-25 20:38:29;51  992592956;0.0;Adicional por Ligacoes Realizadas;
2020-06-23 15:10:11;91  982922862;0.0;Adicional por Ligacoes Realizadas;
2020-06-18 17:30:42;51  992592956;0.0;Adicional por Ligacoes Realizadas;
2020-06-17 13:45:53;94  999011027;0.0;Adicional por Ligacoes Realizadas;
2020-06-17 13:41:55;94  999011027;0.0;Adicional por Ligacoes Realizadas;
2020-06-17 12:41:30;94  999011027;0.0;Adicional por Ligacoes Realizadas;
2020-06-17 12:33:35;94  999011027;0.0;Adicional por Ligacoes Realizadas;
2020-06-17 12:20:22;51  992592629;0.0;Adicional por Ligacoes Realizadas;
2020-06-17 10:13:32;51  996922316;0.0;Adicional por Ligacoes Realizadas;
2020-06-10 10:19:41;91  993444455;0.0;Adicional por Ligacoes Realizadas;
2020-06-10 09:20:53;91  993444455;0.0;Adicional por Ligacoes Realizadas;
2020-06-10 09:01:34;51  996820018;0.0;Adicional por Ligacoes Realizadas;
2020-06-09 16:32:33;98  981308654;0.0;Adicional por Ligacoes Realizadas;
2020-06-09 16:11:23;98  991504108;0.0;Adicional por Ligacoes Realizadas;
2020-06-09 13:12:00;98  991812146;0.0;Adicional por Ligacoes Realizadas;
2020-06-09 12:41:20;94  999011027;0.0;Adicional por Ligacoes Realizadas;
2020-06-09 09:50:02;98  988691196;0.0;Adicional por Ligacoes Realizadas;
2020-06-09 09:34:35;14  998926086;0.0;Adicional por Ligacoes Realizadas;
2020-06-06 14:02:44;98  991504108;0.0;Adicional por Ligacoes Realizadas;
2020-06-06 12:02:28;91  992534299;0.0;Adicional por Ligacoes Realizadas;
2020-06-06 10:30:20;91  993444455;0.0;Adicional por Ligacoes Realizadas;
2020-06-06 09:56:16;54  991621437;0.0;Adicional por Ligacoes Realizadas;
2020-06-06 07:38:15;91  993444455;0.0;Adicional por Ligacoes Realizadas;
2020-06-05 09:19:36;91  992534299;0.0;Adicional por Ligacoes Realizadas;
2020-06-04 17:33:25;91  992534299;0.0;Adicional por Ligacoes Realizadas;
2020-06-04 17:27:48;91  992534299;0.0;Adicional por Ligacoes Realizadas;
2020-06-04 14:39:38;91  992534299;0.0;Adicional por Ligacoes Realizadas;
2020-06-04 11:20:16;91  993444455;0.0;Adicional por Ligacoes Realizadas;
2020-06-03 09:29:44;91  992534299;0.0;Adicional por Ligacoes Realizadas;
2020-06-02 16:38:09;91  992534299;0.0;Adicional por Ligacoes Realizadas;
2020-06-02 08:47:35;94  999011027;0.0;Adicional por Ligacoes Realizadas;
2020-06-02 08:24:55;98  987159164;0.0;Adicional por Ligacoes Realizadas;
2020-06-02 07:41:08;51  981861609;0.0;Adicional por Ligacoes Realizadas;
2020-06-30 17:10:00;    ;34.0;Chamadas de Longa Distancia para Outros Estados;
2020-06-30 13:50:23;    ;121.0;Chamadas de Longa Distancia para Outros Estados;
2020-06-26 12:06:04;    ;5.0;Chamadas de Longa Distancia para Outros Estados;
2020-06-26 08:55:47;51  40617178;5.0;Chamadas de Longa Distancia para Outros Estados;
2020-06-23 16:15:25;    ;58.0;Chamadas de Longa Distancia para Outros Estados;
2020-06-23 09:20:05;    ;5.0;Chamadas de Longa Distancia para Outros Estados;
2020-06-22 12:28:35;    ;99.0;Chamadas de Longa Distancia para Outros Estados;
2020-06-17 13:33:02;    ;47.0;Chamadas de Longa Distancia para Outros Estados;
2020-06-17 12:44:23;    ;5.0;Chamadas de Longa Distancia para Outros Estados;
2020-06-17 11:50:21;11  55293373;5.0;Chamadas de Longa Distancia para Outros Estados;
2020-06-17 10:33:57;    ;5.0;Chamadas de Longa Distancia para Outros Estados;
2020-06-17 10:20:50;    ;50.0;Chamadas de Longa Distancia para Outros Estados;
2020-06-17 07:33:20;    ;6.0;Chamadas de Longa Distancia para Outros Estados;
2020-06-16 11:08:52;49  30270001;5.0;Chamadas de Longa Distancia para Outros Estados;
2020-06-12 13:06:50;    ;35.0;Chamadas de Longa Distancia para Outros Estados;
2020-06-11 11:07:55;    ;11.0;Chamadas de Longa Distancia para Outros Estados;
2020-06-11 09:08:30;    ;34.0;Chamadas de Longa Distancia para Outros Estados;
2020-06-10 15:32:17;    ;12.0;Chamadas de Longa Distancia para Outros Estados;
2020-06-10 14:07:26;    ;7.0;Chamadas de Longa Distancia para Outros Estados;
2020-06-10 08:42:34;    ;5.0;Chamadas de Longa Distancia para Outros Estados;
2020-06-10 08:32:38;    ;7.0;Chamadas de Longa Distancia para Outros Estados;
2020-06-09 14:22:00;    ;17.0;Chamadas de Longa Distancia para Outros Estados;
2020-06-09 13:56:35;    ;5.0;Chamadas de Longa Distancia para Outros Estados;
2020-06-09 12:54:21;    ;17.0;Chamadas de Longa Distancia para Outros Estados;
2020-06-09 12:53:26;    ;5.0;Chamadas de Longa Distancia para Outros Estados;
2020-06-09 10:42:30;    ;21.0;Chamadas de Longa Distancia para Outros Estados;
2020-06-09 09:27:59;    ;6.0;Chamadas de Longa Distancia para Outros Estados;
2020-06-08 19:14:57;11  28183104;5.0;Chamadas de Longa Distancia para Outros Estados;
2020-06-08 16:53:02;    ;7.0;Chamadas de Longa Distancia para Outros Estados;
2020-06-08 10:23:47;    ;5.0;Chamadas de Longa Distancia para Outros Estados;
2020-06-07 10:47:27;    ;11.0;Chamadas de Longa Distancia para Outros Estados;
2020-06-06 11:19:52;11  28183108;5.0;Chamadas de Longa Distancia para Outros Estados;
2020-06-06 11:01:48;    ;15.0;Chamadas de Longa Distancia para Outros Estados;
2020-06-04 15:44:10;    ;7.0;Chamadas de Longa Distancia para Outros Estados;
2020-06-04 15:43:33;    ;5.0;Chamadas de Longa Distancia para Outros Estados;
2020-06-04 13:51:02;51  40030679;13.0;Chamadas de Longa Distancia para Outros Estados;
2020-06-04 13:37:31;    ;7.0;Chamadas de Longa Distancia para Outros Estados;
2020-06-04 08:40:28;    ;5.0;Chamadas de Longa Distancia para Outros Estados;
2020-06-04 08:13:10;    ;12.0;Chamadas de Longa Distancia para Outros Estados;
2020-06-03 08:43:56;    ;37.0;Chamadas de Longa Distancia para Outros Estados;
2020-06-02 15:25:31;    ;18.0;Chamadas de Longa Distancia para Outros Estados;
2020-06-02 14:31:15;    ;10.0;Chamadas de Longa Distancia para Outros Estados;
2020-06-02 09:59:59;    ;11.0;Chamadas de Longa Distancia para Outros Estados;
2020-06-02 09:42:53;    ;12.0;Chamadas de Longa Distancia para Outros Estados;
2020-06-02 08:56:00;    ;23.0;Chamadas de Longa Distancia para Outros Estados;
2020-06-01 20:01:58;51  33546316;5.0;Chamadas de Longa Distancia para Outros Estados;
2020-06-01 17:05:50;    ;18.0;Chamadas de Longa Distancia para Outros Estados;
2020-06-01 15:37:23;    ;7.0;Chamadas de Longa Distancia para Outros Estados;
2020-06-01 14:42:25;    ;19.0;Chamadas de Longa Distancia para Outros Estados;
2020-06-01 11:13:23;    ;8.0;Chamadas de Longa Distancia para Outros Estados;
2020-06-01 10:09:59;    ;13.0;Chamadas de Longa Distancia para Outros Estados;
2020-06-23 15:10:11;91  982922862;21.0;Para Celulares de Outras Operadoras;
2020-06-09 16:32:33;98  981308654;6.0;Para Celulares de Outras Operadoras;
2020-06-09 09:50:02;98  988691196;49.0;Para Celulares de Outras Operadoras;
2020-06-02 08:24:55;98  987159164;5.0;Para Celulares de Outras Operadoras;
2020-06-09 16:11:23;98  991504108;5.0;Para Celulares Vivo;
2020-06-09 13:12:00;98  991812146;15.0;Para Celulares Vivo;
2020-06-06 14:02:44;98  991504108;5.0;Para Celulares Vivo;
2020-06-01;"";93055.9;INTERNET MOVEL 2;0.00
2020-06-02;"";30771.3;INTERNET MOVEL 2;0.00
2020-06-03;"";62620.9;INTERNET MOVEL 2;0.00
2020-06-04;"";32965.0;INTERNET MOVEL 2;0.00
2020-06-05;"";51760.4;INTERNET MOVEL 2;0.00
2020-06-06;"";105441.9;INTERNET MOVEL 2;0.00
2020-06-07;"";126112.9;INTERNET MOVEL 2;0.00
2020-06-08;"";42792.7;INTERNET MOVEL 2;0.00
2020-06-09;"";60684.9;INTERNET MOVEL 2;0.00
2020-06-10;"";31155.3;INTERNET MOVEL 2;0.00
2020-06-11;"";72260.8;INTERNET MOVEL 2;0.00
2020-06-12;"";39105.3;INTERNET MOVEL 2;0.00
2020-06-13;"";19436.0;INTERNET MOVEL 2;0.00
2020-06-14;"";14388.0;INTERNET MOVEL 2;0.00
2020-06-15;"";47337.6;INTERNET MOVEL 2;0.00
2020-06-16;"";67262.3;INTERNET MOVEL 2;0.00
2020-06-17;"";43362.1;INTERNET MOVEL 2;0.00
2020-06-18;"";85619.6;INTERNET MOVEL 2;0.00
2020-06-19;"";128488.1;INTERNET MOVEL 2;0.00
2020-06-20;"";67353.4;INTERNET MOVEL 2;0.00
2020-06-21;"";130891.2;INTERNET MOVEL 2;0.00
2020-06-22;"";85843.4;INTERNET MOVEL 2;0.00
2020-06-23;"";65810.5;INTERNET MOVEL 2;0.00
2020-06-24;"";159775.0;INTERNET MOVEL 2;0.00
2020-06-25;"";131325.1;INTERNET MOVEL 2;0.00
2020-06-26;"";38323.9;INTERNET MOVEL 2;0.00
2020-06-27;"";82668.8;INTERNET MOVEL 2;0.00
2020-06-28;"";33479.2;INTERNET MOVEL 2;0.00
2020-06-29;"";14172.1;INTERNET MOVEL 2;0.00
2020-06-30;"";60091.5;INTERNET MOVEL 2;0.00
