data_hora_inicio;nro_telefone_chamado;duracao_ligacao;desc_categoria;valor_ligacao
2020-06-19 10:14:17;51985371028;1.0;GRATIS-SMS;0.00
2020-06-16 15:31:43;51981313471;1.0;GRATIS-SMS;0.00
2020-06-01 17:54:57;51  34211458;31.0;Para Fixo de Outras Operadoras;
2020-06-01 16:07:48;51  34841256;10.0;Para Fixo de Outras Operadoras;
2020-06-01 16:12:58;51  984929259;8.0;Para Celulares de Outras Operadoras;
2020-06-01 12:48:39;51  984929259;6.0;Para Celulares de Outras Operadoras;
2020-06-01 09:05:25;51  984929259;5.0;Para Celulares de Outras Operadoras;
2020-06-01 09:03:12;51  984929259;5.0;Para Celulares de Outras Operadoras;
2020-06-01 08:14:53;51  984431413;7.0;Para Celulares de Outras Operadoras;
2020-06-01 16:26:53;51  992447301;6.0;Para Celulares Vivo;
2020-06-01 16:15:20;51  996168535;8.0;Para Celulares Vivo;
2020-06-01 09:04:25;51  991026438;7.0;Para Celulares Vivo;
2020-06-01 07:19:56;51  996168535;5.0;Para Celulares Vivo;
2020-06-01 07:12:45;51  991026438;5.0;Para Celulares Vivo;
2020-06-18 13:31:16;47  34453304;21.0;Para Fixo de Outras Operadoras;
2020-06-30 07:44:08;*5  55;5.0;"";
2020-06-24 13:59:19;*5  55;33.0;"";
2020-06-23 15:21:04;*5  55;5.0;"";
2020-06-06 22:42:37;*5  55;5.0;"";
2020-06-23 12:36:12;51  33379758;6.0;Para Fixo de Outras Operadoras;
2020-06-23 12:33:46;51  33379758;6.0;Para Fixo de Outras Operadoras;
2020-06-23 12:23:46;51  34846634;13.0;Para Fixo de Outras Operadoras;
2020-06-30 13:28:29;51  984929259;5.0;Para Celulares de Outras Operadoras;
2020-06-30 10:45:53;51  984547713;10.0;Para Celulares de Outras Operadoras;
2020-06-30 10:18:11;51  984929259;14.0;Para Celulares de Outras Operadoras;
2020-06-30 07:56:57;51  984929259;5.0;Para Celulares de Outras Operadoras;
2020-06-29 17:10:40;51  998293932;5.0;Para Celulares de Outras Operadoras;
2020-06-29 08:44:24;51  989434872;8.0;Para Celulares de Outras Operadoras;
2020-06-29 07:45:11;51  994610494;7.0;Para Celulares de Outras Operadoras;
2020-06-29 07:34:23;51  984547713;17.0;Para Celulares de Outras Operadoras;
2020-06-26 14:11:37;51  984431413;33.0;Para Celulares de Outras Operadoras;
2020-06-26 13:41:26;51  984929259;5.0;Para Celulares de Outras Operadoras;
2020-06-26 13:21:03;51  989434872;8.0;Para Celulares de Outras Operadoras;
2020-06-26 08:20:53;51  984431413;19.0;Para Celulares de Outras Operadoras;
2020-06-26 08:11:36;51  984547713;9.0;Para Celulares de Outras Operadoras;
2020-06-26 08:04:32;51  993438384;9.0;Para Celulares de Outras Operadoras;
2020-06-25 13:53:43;51  991854580;5.0;Para Celulares de Outras Operadoras;
2020-06-25 07:50:48;51  991931287;36.0;Para Celulares de Outras Operadoras;
2020-06-24 13:55:09;51  993438384;15.0;Para Celulares de Outras Operadoras;
2020-06-24 10:48:52;51  982177347;6.0;Para Celulares de Outras Operadoras;
2020-06-23 13:10:40;51  993438384;7.0;Para Celulares de Outras Operadoras;
2020-06-23 10:54:19;51  989434872;6.0;Para Celulares de Outras Operadoras;
2020-06-23 10:33:28;51  982177347;10.0;Para Celulares de Outras Operadoras;
2020-06-23 08:06:43;51  989434872;5.0;Para Celulares de Outras Operadoras;
2020-06-23 07:35:02;51  993438384;7.0;Para Celulares de Outras Operadoras;
2020-06-23 07:07:31;51  989434872;13.0;Para Celulares de Outras Operadoras;
2020-06-22 10:09:52;51  994610494;5.0;Para Celulares de Outras Operadoras;
2020-06-19 15:16:39;51  984431413;5.0;Para Celulares de Outras Operadoras;
2020-06-19 13:57:22;51  993438384;8.0;Para Celulares de Outras Operadoras;
2020-06-19 11:49:43;51  994610494;162.0;Para Celulares de Outras Operadoras;
2020-06-19 10:09:51;51  984929259;5.0;Para Celulares de Outras Operadoras;
2020-06-19 09:11:15;51  989434872;10.0;Para Celulares de Outras Operadoras;
2020-06-19 08:55:11;51  993438384;10.0;Para Celulares de Outras Operadoras;
2020-06-18 11:09:06;51  994610494;43.0;Para Celulares de Outras Operadoras;
2020-06-18 11:05:02;51  989434872;6.0;Para Celulares de Outras Operadoras;
2020-06-17 20:45:49;51  994610494;90.0;Para Celulares de Outras Operadoras;
2020-06-17 15:09:13;51  989434872;5.0;Para Celulares de Outras Operadoras;
2020-06-17 13:10:38;51  989434872;13.0;Para Celulares de Outras Operadoras;
2020-06-17 10:35:34;51  993438384;5.0;Para Celulares de Outras Operadoras;
2020-06-17 10:32:56;51  993438384;14.0;Para Celulares de Outras Operadoras;
2020-06-17 07:35:23;51  993438384;5.0;Para Celulares de Outras Operadoras;
2020-06-16 16:45:01;51  981313471;26.0;Para Celulares de Outras Operadoras;
2020-06-16 16:27:58;51  981313471;16.0;Para Celulares de Outras Operadoras;
2020-06-16 12:32:22;51  984929259;12.0;Para Celulares de Outras Operadoras;
2020-06-16 12:14:29;51  981313471;138.0;Para Celulares de Outras Operadoras;
2020-06-16 11:18:14;51  984547713;10.0;Para Celulares de Outras Operadoras;
2020-06-16 10:02:31;51  991854580;5.0;Para Celulares de Outras Operadoras;
2020-06-16 08:31:52;51  994610494;5.0;Para Celulares de Outras Operadoras;
2020-06-16 08:29:31;51  984929259;6.0;Para Celulares de Outras Operadoras;
2020-06-15 16:33:26;51  984547713;5.0;Para Celulares de Outras Operadoras;
2020-06-15 09:39:39;51  994610494;5.0;Para Celulares de Outras Operadoras;
2020-06-15 08:12:04;51  984929259;10.0;Para Celulares de Outras Operadoras;
2020-06-15 08:10:58;51  982177347;5.0;Para Celulares de Outras Operadoras;
2020-06-15 08:07:59;51  996314131;5.0;Para Celulares de Outras Operadoras;
2020-06-15 08:02:50;51  984431413;12.0;Para Celulares de Outras Operadoras;
2020-06-11 12:11:45;51  982035011;5.0;Para Celulares de Outras Operadoras;
2020-06-11 09:51:46;51  982035011;17.0;Para Celulares de Outras Operadoras;
2020-06-10 16:09:39;51  993889435;7.0;Para Celulares de Outras Operadoras;
2020-06-10 16:05:57;51  984929259;5.0;Para Celulares de Outras Operadoras;
2020-06-10 13:49:00;51  984109419;5.0;Para Celulares de Outras Operadoras;
2020-06-10 10:03:12;51  994610494;5.0;Para Celulares de Outras Operadoras;
2020-06-10 09:56:51;51  984109419;6.0;Para Celulares de Outras Operadoras;
2020-06-09 14:54:05;51  984929259;5.0;Para Celulares de Outras Operadoras;
2020-06-09 14:48:31;51  982177347;22.0;Para Celulares de Outras Operadoras;
2020-06-09 13:39:22;51  984929259;15.0;Para Celulares de Outras Operadoras;
2020-06-08 17:04:03;51  984929259;5.0;Para Celulares de Outras Operadoras;
2020-06-08 16:36:52;51  994610494;5.0;Para Celulares de Outras Operadoras;
2020-06-08 15:01:59;51  984929259;5.0;Para Celulares de Outras Operadoras;
2020-06-05 14:52:51;51  996314131;8.0;Para Celulares de Outras Operadoras;
2020-06-05 12:21:42;51  984929259;5.0;Para Celulares de Outras Operadoras;
2020-06-05 12:17:53;51  984929259;9.0;Para Celulares de Outras Operadoras;
2020-06-04 16:01:49;51  994610494;5.0;Para Celulares de Outras Operadoras;
2020-06-03 13:45:07;51  994610494;5.0;Para Celulares de Outras Operadoras;
2020-06-03 10:50:52;51  993438384;5.0;Para Celulares de Outras Operadoras;
2020-06-03 10:20:05;51  984929259;13.0;Para Celulares de Outras Operadoras;
2020-06-02 14:13:52;51  994610494;10.0;Para Celulares de Outras Operadoras;
2020-06-02 13:30:12;51  984547713;9.0;Para Celulares de Outras Operadoras;
2020-06-02 08:17:23;51  996314131;6.0;Para Celulares de Outras Operadoras;
2020-06-02 07:58:17;51  984929259;5.0;Para Celulares de Outras Operadoras;
2020-06-30 06:21:36;51  985371028;5.0;Para Fixo Vivo;
2020-06-30 06:00:40;51  21313333;13.0;Para Fixo Vivo;
2020-06-29 11:17:46;51  985371028;5.0;Para Fixo Vivo;
2020-06-29 08:59:52;51  985371028;5.0;Para Fixo Vivo;
2020-06-26 11:08:07;51  985371028;5.0;Para Fixo Vivo;
2020-06-24 11:02:31;51  985371028;5.0;Para Fixo Vivo;
2020-06-23 10:20:27;51  985371028;5.0;Para Fixo Vivo;
2020-06-19 10:17:03;51  985371028;33.0;Para Fixo Vivo;
2020-06-18 11:03:08;51  985371028;7.0;Para Fixo Vivo;
2020-06-10 14:45:17;51  985371028;5.0;Para Fixo Vivo;
2020-06-08 11:06:42;51  985371028;5.0;Para Fixo Vivo;
2020-06-04 07:56:07;51  985371028;7.0;Para Fixo Vivo;
2020-06-03 16:26:40;51  985371028;5.0;Para Fixo Vivo;
2020-06-03 14:41:49;51  985371028;5.0;Para Fixo Vivo;
2020-06-30 07:55:18;51  995112258;5.0;Para Celulares Vivo;
2020-06-30 07:46:00;51  995112258;7.0;Para Celulares Vivo;
2020-06-30 06:07:32;51  995170505;12.0;Para Celulares Vivo;
2020-06-29 17:36:58;51  992447301;9.0;Para Celulares Vivo;
2020-06-29 16:51:29;51  998345200;6.0;Para Celulares Vivo;
2020-06-29 15:11:02;51  998345200;8.0;Para Celulares Vivo;
2020-06-29 08:20:30;51  995112258;5.0;Para Celulares Vivo;
2020-06-26 16:35:24;51  992447301;10.0;Para Celulares Vivo;
2020-06-26 16:06:15;51  995112258;10.0;Para Celulares Vivo;
2020-06-26 15:39:50;51  997990571;7.0;Para Celulares Vivo;
2020-06-26 10:58:16;51  996168535;5.0;Para Celulares Vivo;
2020-06-26 07:45:39;51  992518679;5.0;Para Celulares Vivo;
2020-06-25 14:12:50;51  995112258;5.0;Para Celulares Vivo;
2020-06-25 14:06:28;51  991943334;6.0;Para Celulares Vivo;
2020-06-25 13:50:10;51  998137123;23.0;Para Celulares Vivo;
2020-06-24 10:52:02;51  997077536;19.0;Para Celulares Vivo;
2020-06-24 10:10:16;51  998851856;126.0;Para Celulares Vivo;
2020-06-24 10:00:29;51  998137123;37.0;Para Celulares Vivo;
2020-06-24 08:09:10;51  991026438;10.0;Para Celulares Vivo;
2020-06-24 07:56:09;51  996168535;13.0;Para Celulares Vivo;
2020-06-24 06:59:25;51  995112258;5.0;Para Celulares Vivo;
2020-06-23 16:58:44;51  991916429;16.0;Para Celulares Vivo;
2020-06-23 16:47:49;51  999635346;33.0;Para Celulares Vivo;
2020-06-23 14:14:18;51  996168535;19.0;Para Celulares Vivo;
2020-06-23 08:37:00;51  989251967;5.0;Para Celulares Vivo;
2020-06-23 07:30:26;51  997360949;12.0;Para Celulares Vivo;
2020-06-22 17:19:45;51  996168535;5.0;Para Celulares Vivo;
2020-06-22 09:52:27;51  991943334;5.0;Para Celulares Vivo;
2020-06-22 09:41:30;51  995112258;5.0;Para Celulares Vivo;
2020-06-22 08:28:35;51  989028545;12.0;Para Celulares Vivo;
2020-06-19 17:11:13;51  992447301;20.0;Para Celulares Vivo;
2020-06-19 14:40:39;51  997360949;5.0;Para Celulares Vivo;
2020-06-19 14:15:50;51  998957118;43.0;Para Celulares Vivo;
2020-06-19 08:53:47;51  992518679;6.0;Para Celulares Vivo;
2020-06-19 08:13:49;51  992518671;8.0;Para Celulares Vivo;
2020-06-19 06:32:25;51  995170505;7.0;Para Celulares Vivo;
2020-06-18 14:23:02;51  995112258;5.0;Para Celulares Vivo;
2020-06-18 13:41:46;51  995112258;5.0;Para Celulares Vivo;
2020-06-18 10:53:47;51  996168535;5.0;Para Celulares Vivo;
2020-06-18 10:19:10;51  996168535;5.0;Para Celulares Vivo;
2020-06-17 17:43:44;51  992447301;8.0;Para Celulares Vivo;
2020-06-17 12:23:02;51  996168535;5.0;Para Celulares Vivo;
2020-06-17 09:29:59;51  995112258;5.0;Para Celulares Vivo;
2020-06-10 08:15:53;51  991026438;5.0;Para Celulares Vivo;
2020-06-10 07:41:41;51  991943334;6.0;Para Celulares Vivo;
2020-06-10 06:55:14;51  991026438;16.0;Para Celulares Vivo;
2020-06-09 17:39:39;51  991026438;5.0;Para Celulares Vivo;
2020-06-09 15:18:55;51  998137123;22.0;Para Celulares Vivo;
2020-06-09 08:13:11;51  991943334;5.0;Para Celulares Vivo;
2020-06-09 07:59:27;51  998137123;13.0;Para Celulares Vivo;
2020-06-09 07:19:50;51  995112258;5.0;Para Celulares Vivo;
2020-06-08 16:57:27;51  995112258;5.0;Para Celulares Vivo;
2020-06-08 14:56:11;51  995112258;5.0;Para Celulares Vivo;
2020-06-08 10:49:42;51  998851856;148.0;Para Celulares Vivo;
2020-06-08 10:48:24;51  991026438;9.0;Para Celulares Vivo;
2020-06-08 07:11:23;51  995112258;5.0;Para Celulares Vivo;
2020-06-05 10:03:42;51  995112258;7.0;Para Celulares Vivo;
2020-06-05 09:51:46;51  998137123;96.0;Para Celulares Vivo;
2020-06-05 09:40:03;51  998851856;57.0;Para Celulares Vivo;
2020-06-05 09:11:57;51  995112258;8.0;Para Celulares Vivo;
2020-06-05 07:24:02;51  995112258;7.0;Para Celulares Vivo;
2020-06-04 11:51:44;51  995112258;10.0;Para Celulares Vivo;
2020-06-04 07:51:28;51  996168535;5.0;Para Celulares Vivo;
2020-06-03 17:45:59;51  992447301;9.0;Para Celulares Vivo;
2020-06-03 16:52:46;51  991026438;6.0;Para Celulares Vivo;
2020-06-03 15:36:05;51  995112258;5.0;Para Celulares Vivo;
2020-06-03 09:13:13;51  998137123;173.0;Para Celulares Vivo;
2020-06-02 15:58:12;51  991943334;5.0;Para Celulares Vivo;
2020-06-02 14:15:05;51  980530481;44.0;Para Celulares Vivo;
2020-06-02 10:31:57;51  998137123;35.0;Para Celulares Vivo;
2020-06-02 07:11:43;51  996168535;5.0;Para Celulares Vivo;
