data_hora_inicio;nro_telefone_chamado;duracao_ligacao;desc_categoria;valor_ligacao
2020-06-01 09:25:01;51  992592817;22.0;Para Celulares Vivo;
2020-06-29 14:33:02;*5  55;5.0;"";
2020-06-30 11:44:00;51  32096188;13.0;Para Fixo de Outras Operadoras;
2020-06-30 11:04:19;51  34701178;5.0;Para Fixo de Outras Operadoras;
2020-06-30 08:51:12;51  32096188;17.0;Para Fixo de Outras Operadoras;
2020-06-11 09:30:53;51  40205376;28.0;Para Fixo de Outras Operadoras;
2020-06-27 14:55:02;51  999183149;7.0;Para Celulares de Outras Operadoras;
2020-06-19 17:08:02;51  999128732;6.0;Para Celulares de Outras Operadoras;
2020-06-12 18:53:57;51  992994248;28.0;Para Celulares de Outras Operadoras;
2020-06-19 09:31:00;51  21313333;23.0;Para Fixo Vivo;
2020-06-16 16:16:46;51  30133266;5.0;Para Fixo Vivo;
2020-06-11 09:29:07;51  40011515;14.0;Para Fixo Vivo;
2020-06-02 08:37:32;51  21313306;5.0;Para Fixo Vivo;
2020-06-24 08:12:36;51  999244269;303.0;Para Celulares Vivo;
2020-06-18 12:18:13;51  999640833;5.0;Para Celulares Vivo;
2020-06-01;"";2689.0;INTERNET MOVEL 2;0.00
2020-06-02;"";119638.8;INTERNET MOVEL 2;0.00
2020-06-03;"";881.0;INTERNET MOVEL 2;0.00
2020-06-04;"";1711.4;INTERNET MOVEL 2;0.00
2020-06-05;"";1137.0;INTERNET MOVEL 2;0.00
2020-06-06;"";75.0;INTERNET MOVEL 2;0.00
2020-06-07;"";1195.0;INTERNET MOVEL 2;0.00
2020-06-08;"";1346.0;INTERNET MOVEL 2;0.00
2020-06-09;"";13666.8;INTERNET MOVEL 2;0.00
2020-06-10;"";1199.0;INTERNET MOVEL 2;0.00
2020-06-11;"";1501.0;INTERNET MOVEL 2;0.00
2020-06-12;"";10894.0;INTERNET MOVEL 2;0.00
2020-06-13;"";465.0;INTERNET MOVEL 2;0.00
2020-06-14;"";3049.2;INTERNET MOVEL 2;0.00
2020-06-15;"";2836.6;INTERNET MOVEL 2;0.00
2020-06-16;"";12466.8;INTERNET MOVEL 2;0.00
2020-06-17;"";630.0;INTERNET MOVEL 2;0.00
2020-06-18;"";560.0;INTERNET MOVEL 2;0.00
2020-06-19;"";21601.1;INTERNET MOVEL 2;0.00
2020-06-20;"";5389.6;INTERNET MOVEL 2;0.00
2020-06-21;"";277.0;INTERNET MOVEL 2;0.00
2020-06-22;"";2085.0;INTERNET MOVEL 2;0.00
2020-06-23;"";1283.0;INTERNET MOVEL 2;0.00
2020-06-24;"";189.0;INTERNET MOVEL 2;0.00
2020-06-25;"";283.0;INTERNET MOVEL 2;0.00
2020-06-26;"";3065.4;INTERNET MOVEL 2;0.00
2020-06-27;"";149.0;INTERNET MOVEL 2;0.00
2020-06-28;"";1510.0;INTERNET MOVEL 2;0.00
2020-06-29;"";266.0;INTERNET MOVEL 2;0.00
2020-06-30;"";297.0;INTERNET MOVEL 2;0.00
2020-07-01;"";12.0;INTERNET MOVEL 2;0.00
