data_hora_inicio;nro_telefone_chamado;duracao_ligacao;desc_categoria;valor_ligacao
2020-06-30 16:47:37;13981188560;1.0;GRATIS-SMS;0.00
2020-06-30 10:29:12;13981188560;1.0;GRATIS-SMS;0.00
2020-06-26 15:26:02;67992957542;1.0;GRATIS-SMS;0.00
2020-06-26 08:43:13;67992099064;1.0;GRATIS-SMS;0.00
2020-06-25 09:20:18;51989028545;1.0;GRATIS-SMS;0.00
2020-06-23 18:21:41;13996933489;1.0;GRATIS-SMS;0.00
2020-06-23 18:20:27;67999815372;1.0;GRATIS-SMS;0.00
2020-06-23 18:20:18;67999815372;1.0;GRATIS-SMS;0.00
2020-06-23 18:20:01;67999815372;1.0;GRATIS-SMS;0.00
2020-06-19 17:06:03;67991707261;1.0;GRATIS-SMS;0.00
2020-06-19 11:27:34;13981258905;1.0;GRATIS-SMS;0.00
2020-06-17 13:31:29;27992941280;1.0;GRATIS-SMS;0.00
2020-06-17 10:51:01;27992941280;1.0;GRATIS-SMS;0.00
2020-06-17 10:50:59;27992941280;1.0;GRATIS-SMS;0.00
2020-06-17 10:50:56;27992941280;1.0;GRATIS-SMS;0.00
2020-06-15 20:48:07;47999279503;1.0;GRATIS-SMS;0.00
2020-06-15 18:08:56;47999279503;1.0;GRATIS-SMS;0.00
2020-06-15 17:45:47;47999279503;1.0;GRATIS-SMS;0.00
2020-06-15 17:45:45;47999279503;1.0;GRATIS-SMS;0.00
2020-06-15 11:38:05;47999279503;1.0;GRATIS-SMS;0.00
2020-06-09 16:47:43;51992592850;1.0;GRATIS-SMS;0.00
2020-06-09 16:19:03;51992592850;1.0;GRATIS-SMS;0.00
2020-06-08 10:25:45;67992957542;1.0;GRATIS-SMS;0.00
2020-06-03 17:57:49;51992067522;1.0;GRATIS-SMS;0.00
2020-06-03 08:59:12;31987759645;1.0;GRATIS-SMS;0.00
2020-06-01 15:14:45;51  982216760;10.0;Para Celulares de Outras Operadoras;
2020-06-01 19:18:12;51  999601808;7.0;Para Celulares Vivo;
2020-06-01 15:24:02;51  992592154;23.0;Para Celulares Vivo;
2020-06-01 12:05:40;51  993320477;6.0;Para Celulares Vivo;
2020-06-01 11:52:47;51  989028545;13.0;Para Celulares Vivo;
2020-06-24 15:27:35;59  899214900;10.0;"";
2020-06-24 15:26:34;59  899214900;10.0;"";
2020-06-24 13:57:49;59  899214900;10.0;"";
2020-06-24 13:55:24;59  845446183;13.0;"";
2020-06-24 13:50:46;59  899214900;10.0;"";
2020-06-26 17:20:28;11  998187569;5.0;Para Celulares de Outras Operadoras;
2020-06-24 16:38:29;31  999257900;5.0;Para Celulares de Outras Operadoras;
2020-06-24 16:11:25;11  976787210;5.0;Para Celulares de Outras Operadoras;
2020-06-24 10:35:42;67  992898382;111.0;Para Celulares de Outras Operadoras;
2020-06-24 09:43:43;67  992340866;106.0;Para Celulares de Outras Operadoras;
2020-06-22 18:51:24;67  992898382;96.0;Para Celulares de Outras Operadoras;
2020-06-20 12:23:18;41  999721167;119.0;Para Celulares de Outras Operadoras;
2020-06-20 12:18:16;41  999721167;31.0;Para Celulares de Outras Operadoras;
2020-06-18 15:45:40;41  999781341;153.0;Para Celulares de Outras Operadoras;
2020-06-18 15:04:36;41  999781341;5.0;Para Celulares de Outras Operadoras;
2020-06-18 13:34:21;49  999802557;28.0;Para Celulares de Outras Operadoras;
2020-06-17 15:47:17;41  996562813;5.0;Para Celulares de Outras Operadoras;
2020-06-17 15:43:46;41  996562813;17.0;Para Celulares de Outras Operadoras;
2020-06-15 17:36:37;11  999328990;70.0;Para Celulares de Outras Operadoras;
2020-06-13 15:41:24;71  987713200;139.0;Para Celulares de Outras Operadoras;
2020-06-10 14:55:15;71  987713200;225.0;Para Celulares de Outras Operadoras;
2020-06-10 11:18:10;11  976787210;125.0;Para Celulares de Outras Operadoras;
2020-06-09 16:57:06;11  976787210;76.0;Para Celulares de Outras Operadoras;
2020-06-09 16:20:14;11  976787210;22.0;Para Celulares de Outras Operadoras;
2020-06-08 19:58:33;67  992898382;89.0;Para Celulares de Outras Operadoras;
2020-06-08 16:23:51;41  999951791;112.0;Para Celulares de Outras Operadoras;
2020-06-03 15:47:26;67  992957542;92.0;Para Celulares de Outras Operadoras;
2020-06-03 15:41:07;67  992957542;61.0;Para Celulares de Outras Operadoras;
2020-06-03 09:44:51;67  991707261;25.0;Para Celulares de Outras Operadoras;
2020-06-02 10:33:39;67  992898382;5.0;Para Celulares de Outras Operadoras;
2020-06-02 09:16:55;31  984721338;5.0;Para Celulares de Outras Operadoras;
2020-06-01 17:39:14;11  976787210;134.0;Para Celulares de Outras Operadoras;
2020-06-22 16:20:49;13  33081800;9.0;Para Fixo Vivo;
2020-06-29 10:10:29;47  999279503;6.0;Para Celulares Vivo;
2020-06-27 16:16:04;31  987759645;34.0;Para Celulares Vivo;
2020-06-26 12:28:36;13  996432204;49.0;Para Celulares Vivo;
2020-06-25 09:13:12;31  987759645;97.0;Para Celulares Vivo;
2020-06-24 18:27:27;31  987759645;71.0;Para Celulares Vivo;
2020-06-24 17:15:01;31  987759645;189.0;Para Celulares Vivo;
2020-06-24 16:34:42;31  987759645;5.0;Para Celulares Vivo;
2020-06-24 10:17:21;47  999279503;7.0;Para Celulares Vivo;
2020-06-24 10:13:39;47  999279503;5.0;Para Celulares Vivo;
2020-06-24 09:55:01;47  999279503;153.0;Para Celulares Vivo;
2020-06-23 18:22:29;31  987759645;275.0;Para Celulares Vivo;
2020-06-23 17:37:26;47  999279503;199.0;Para Celulares Vivo;
2020-06-22 14:15:34;11  950425576;306.0;Para Celulares Vivo;
2020-06-22 11:56:21;11  950425576;5.0;Para Celulares Vivo;
2020-06-19 12:32:17;13  981258905;56.0;Para Celulares Vivo;
2020-06-19 10:09:48;31  983934517;10.0;Para Celulares Vivo;
2020-06-18 12:17:57;92  993002545;16.0;Para Celulares Vivo;
2020-06-16 18:38:51;61  999510206;13.0;Para Celulares Vivo;
2020-06-16 10:51:12;31  987759645;68.0;Para Celulares Vivo;
2020-06-16 10:00:17;61  999510206;70.0;Para Celulares Vivo;
2020-06-08 15:20:33;31  987759645;88.0;Para Celulares Vivo;
2020-06-08 12:24:30;92  993002545;108.0;Para Celulares Vivo;
2020-06-08 10:49:43;13  981188560;5.0;Para Celulares Vivo;
2020-06-08 10:37:44;61  999510206;39.0;Para Celulares Vivo;
2020-06-05 16:10:44;11  997433291;5.0;Para Celulares Vivo;
2020-06-05 16:06:22;11  997433291;14.0;Para Celulares Vivo;
2020-06-05 14:46:33;31  983934517;10.0;Para Celulares Vivo;
2020-06-02 10:48:17;31  987759645;240.0;Para Celulares Vivo;
2020-06-02 09:17:34;31  983934517;150.0;Para Celulares Vivo;
2020-06-01 17:34:43;31  997649947;40.0;Para Celulares Vivo;
2020-06-01 15:26:37;31  987759645;120.0;Para Celulares Vivo;
2020-06-01 15:18:52;31  999088059;16.0;Para Celulares Vivo;
2020-06-13 11:37:15;54  32113099;76.0;Para Fixo de Outras Operadoras;
2020-06-16 14:10:26;54  999714048;12.0;Para Celulares Vivo;
2020-06-10 12:31:02;54  999714048;34.0;Para Celulares Vivo;
2020-06-09 13:08:35;*5  55;5.0;"";
2020-06-30 15:06:39;51  33732350;5.0;Para Fixo de Outras Operadoras;
2020-06-30 14:32:31;51  40033001;10.0;Para Fixo de Outras Operadoras;
2020-06-30 14:31:03;51  40033001;10.0;Para Fixo de Outras Operadoras;
2020-06-30 14:29:57;51  40033001;9.0;Para Fixo de Outras Operadoras;
2020-06-30 14:19:21;51  40040001;65.0;Para Fixo de Outras Operadoras;
2020-06-30 14:16:23;51  40033001;12.0;Para Fixo de Outras Operadoras;
2020-06-30 14:14:40;51  40033001;14.0;Para Fixo de Outras Operadoras;
2020-06-30 11:58:39;51  40033001;91.0;Para Fixo de Outras Operadoras;
2020-06-30 11:57:34;51  40040001;10.0;Para Fixo de Outras Operadoras;
2020-06-24 10:21:45;51  40048844;5.0;Para Fixo de Outras Operadoras;
2020-06-23 13:19:45;51  40048844;226.0;Para Fixo de Outras Operadoras;
2020-06-23 09:19:28;51  40048844;359.0;Para Fixo de Outras Operadoras;
2020-06-23 09:03:04;51  33746803;5.0;Para Fixo de Outras Operadoras;
2020-06-19 10:56:32;51  30033448;403.0;Para Fixo de Outras Operadoras;
2020-06-19 10:50:28;51  31912001;12.0;Para Fixo de Outras Operadoras;
2020-06-18 16:13:27;51  33745133;13.0;Para Fixo de Outras Operadoras;
2020-06-18 15:40:47;51  32229099;16.0;Para Fixo de Outras Operadoras;
2020-06-05 15:07:27;51  40039004;344.0;Para Fixo de Outras Operadoras;
2020-06-24 14:16:40;51  991253936;42.0;Para Celulares de Outras Operadoras;
2020-06-24 14:13:57;51  985758648;23.0;Para Celulares de Outras Operadoras;
2020-06-10 15:19:22;51  984536685;5.0;Para Celulares de Outras Operadoras;
2020-06-09 09:52:22;51  983300915;86.0;Para Celulares de Outras Operadoras;
2020-06-03 09:48:03;51  993505599;38.0;Para Celulares de Outras Operadoras;
2020-06-02 13:56:58;51  982216760;12.0;Para Celulares de Outras Operadoras;
2020-06-23 20:02:34;51  992861221;48.0;Para Fixo Vivo;
2020-06-22 08:56:59;51  30332817;5.0;Para Fixo Vivo;
2020-06-18 17:41:40;51  32122005;9.0;Para Fixo Vivo;
2020-06-18 17:41:01;51  32122005;5.0;Para Fixo Vivo;
2020-06-13 10:32:41;51  32122005;130.0;Para Fixo Vivo;
2020-06-02 11:35:08;51  34750225;5.0;Para Fixo Vivo;
2020-06-30 14:52:04;51  989028545;7.0;Para Celulares Vivo;
2020-06-29 20:18:40;51  999601808;5.0;Para Celulares Vivo;
2020-06-29 17:19:50;51  992518654;5.0;Para Celulares Vivo;
2020-06-29 15:02:05;51  995991698;48.0;Para Celulares Vivo;
2020-06-29 10:50:42;51  995991698;16.0;Para Celulares Vivo;
2020-06-27 11:05:48;51  999889890;5.0;Para Celulares Vivo;
2020-06-26 17:02:13;51  992580847;22.0;Para Celulares Vivo;
2020-06-26 16:44:55;51  993320477;6.0;Para Celulares Vivo;
2020-06-26 15:57:11;51  993320477;40.0;Para Celulares Vivo;
2020-06-26 12:25:04;51  989028545;30.0;Para Celulares Vivo;
2020-06-26 11:31:43;51  992518654;14.0;Para Celulares Vivo;
2020-06-25 14:28:55;51  989028545;98.0;Para Celulares Vivo;
2020-06-25 09:57:23;51  989028545;54.0;Para Celulares Vivo;
2020-06-24 19:44:27;51  991034807;24.0;Para Celulares Vivo;
2020-06-24 18:37:38;51  992592887;152.0;Para Celulares Vivo;
2020-06-24 18:24:08;51  998664267;19.0;Para Celulares Vivo;
2020-06-24 14:21:16;51  993320477;76.0;Para Celulares Vivo;
2020-06-23 16:20:50;51  989028545;32.0;Para Celulares Vivo;
2020-06-22 09:41:18;51  993320477;6.0;Para Celulares Vivo;
2020-06-22 09:27:49;51  993320477;5.0;Para Celulares Vivo;
2020-06-22 09:02:05;51  993320477;7.0;Para Celulares Vivo;
2020-06-22 08:40:03;51  989028545;17.0;Para Celulares Vivo;
2020-06-19 10:25:48;51  989028545;141.0;Para Celulares Vivo;
2020-06-19 09:39:20;51  989028545;57.0;Para Celulares Vivo;
2020-06-19 09:08:31;51  991034807;230.0;Para Celulares Vivo;
2020-06-19 09:07:20;51  991034807;6.0;Para Celulares Vivo;
2020-06-18 19:58:44;51  992592803;48.0;Para Celulares Vivo;
2020-06-18 19:54:23;51  992518654;16.0;Para Celulares Vivo;
2020-06-18 18:53:09;51  992518654;5.0;Para Celulares Vivo;
2020-06-18 18:15:29;51  992518654;15.0;Para Celulares Vivo;
2020-06-18 18:12:44;51  999601808;13.0;Para Celulares Vivo;
2020-06-18 18:05:59;51  992518654;59.0;Para Celulares Vivo;
2020-06-18 18:04:42;51  992592803;5.0;Para Celulares Vivo;
2020-06-18 17:58:31;51  989028545;57.0;Para Celulares Vivo;
2020-06-18 17:47:48;51  992518654;7.0;Para Celulares Vivo;
2020-06-18 16:01:31;51  999601808;7.0;Para Celulares Vivo;
2020-06-18 15:08:42;51  995991698;36.0;Para Celulares Vivo;
2020-06-18 13:30:46;51  995991698;30.0;Para Celulares Vivo;
2020-06-18 12:19:44;51  989028545;23.0;Para Celulares Vivo;
2020-06-18 09:53:38;51  992592154;48.0;Para Celulares Vivo;
2020-06-17 16:49:21;51  992592953;116.0;Para Celulares Vivo;
2020-06-17 10:53:06;51  995991698;103.0;Para Celulares Vivo;
2020-06-17 10:29:12;51  989028545;16.0;Para Celulares Vivo;
2020-06-16 17:44:29;51  992592869;266.0;Para Celulares Vivo;
2020-06-16 16:49:48;51  992067522;288.0;Para Celulares Vivo;
2020-06-16 16:22:28;51  995991698;250.0;Para Celulares Vivo;
2020-06-16 15:51:29;51  992592972;195.0;Para Celulares Vivo;
2020-06-13 16:31:31;51  996476284;9.0;Para Celulares Vivo;
2020-06-12 18:30:25;51  999601808;5.0;Para Celulares Vivo;
2020-06-12 17:43:47;51  999601808;13.0;Para Celulares Vivo;
2020-06-12 17:34:04;51  992518654;12.0;Para Celulares Vivo;
2020-06-10 16:05:53;51  989028545;33.0;Para Celulares Vivo;
2020-06-10 12:26:06;51  995991698;8.0;Para Celulares Vivo;
2020-06-10 12:24:21;51  995991698;15.0;Para Celulares Vivo;
2020-06-10 11:50:21;51  992518654;21.0;Para Celulares Vivo;
2020-06-09 19:07:15;51  995991698;34.0;Para Celulares Vivo;
2020-06-09 18:43:02;51  981516377;5.0;Para Celulares Vivo;
2020-06-09 16:46:05;51  995991698;11.0;Para Celulares Vivo;
2020-06-09 15:17:06;51  989028545;10.0;Para Celulares Vivo;
2020-06-09 12:20:55;51  992518654;15.0;Para Celulares Vivo;
2020-06-08 12:40:10;51  989028545;27.0;Para Celulares Vivo;
2020-06-08 11:36:02;51  992592953;368.0;Para Celulares Vivo;
2020-06-05 12:43:55;51  993320477;13.0;Para Celulares Vivo;
2020-06-05 11:44:13;51  992592803;5.0;Para Celulares Vivo;
2020-06-04 17:59:32;51  992592845;59.0;Para Celulares Vivo;
2020-06-04 17:54:15;51  992592850;50.0;Para Celulares Vivo;
2020-06-04 16:52:07;51  989028545;39.0;Para Celulares Vivo;
2020-06-04 14:18:41;51  992592845;19.0;Para Celulares Vivo;
2020-06-03 19:01:39;51  993320477;104.0;Para Celulares Vivo;
2020-06-03 15:58:44;51  992592953;509.0;Para Celulares Vivo;
2020-06-03 10:01:49;51  992592953;27.0;Para Celulares Vivo;
2020-06-02 15:31:32;51  999601808;8.0;Para Celulares Vivo;
2020-06-02 15:14:42;51  992518654;5.0;Para Celulares Vivo;
2020-06-02 14:51:35;51  989028545;18.0;Para Celulares Vivo;
2020-06-02 14:50:18;51  993320477;7.0;Para Celulares Vivo;
2020-06-02 14:48:28;51  992518654;5.0;Para Celulares Vivo;
2020-06-02 11:54:03;51  984274504;82.0;Para Celulares Vivo;
2020-06-02 09:32:57;51  993320477;36.0;Para Celulares Vivo;
2020-06-02 09:13:08;51  993320477;14.0;Para Celulares Vivo;
2020-06-01;"";1650.0;INTERNET MOVEL 2;0.00
2020-06-02;"";6534.4;INTERNET MOVEL 2;0.00
2020-06-03;"";2346.3;INTERNET MOVEL 2;0.00
2020-06-04;"";13786.7;INTERNET MOVEL 2;0.00
2020-06-05;"";66959.4;INTERNET MOVEL 2;0.00
2020-06-06;"";51410.1;INTERNET MOVEL 2;0.00
2020-06-07;"";25747.6;INTERNET MOVEL 2;0.00
2020-06-08;"";3303.4;INTERNET MOVEL 2;0.00
2020-06-09;"";2514.3;INTERNET MOVEL 2;0.00
2020-06-10;"";86788.0;INTERNET MOVEL 2;0.00
2020-06-11;"";177925.9;INTERNET MOVEL 2;0.00
2020-06-12;"";146412.9;INTERNET MOVEL 2;0.00
2020-06-13;"";2903.6;INTERNET MOVEL 2;0.00
2020-06-14;"";22797.5;INTERNET MOVEL 2;0.00
2020-06-15;"";61597.8;INTERNET MOVEL 2;0.00
2020-06-16;"";15023.7;INTERNET MOVEL 2;0.00
2020-06-17;"";52005.3;INTERNET MOVEL 2;0.00
2020-06-18;"";209789.3;INTERNET MOVEL 2;0.00
2020-06-19;"";37956.3;INTERNET MOVEL 2;0.00
2020-06-20;"";27957.0;INTERNET MOVEL 2;0.00
2020-06-21;"";50019.4;INTERNET MOVEL 2;0.00
2020-06-22;"";43314.8;INTERNET MOVEL 2;0.00
2020-06-23;"";3589.4;INTERNET MOVEL 2;0.00
2020-06-24;"";15181.0;INTERNET MOVEL 2;0.00
2020-06-25;"";4838.6;INTERNET MOVEL 2;0.00
2020-06-26;"";9902.0;INTERNET MOVEL 2;0.00
2020-06-27;"";9201.6;INTERNET MOVEL 2;0.00
2020-06-28;"";63177.4;INTERNET MOVEL 2;0.00
2020-06-29;"";73404.6;INTERNET MOVEL 2;0.00
2020-06-30;"";4584.3;INTERNET MOVEL 2;0.00
2020-07-01;"";41.0;INTERNET MOVEL 2;0.00
