data_hora_inicio;nro_telefone_chamado;duracao_ligacao;desc_categoria;valor_ligacao
2020-06-20 16:25:04;"";1.0;ADICIONAL;0.00
2020-06-19 13:50:33;"";1.0;ADICIONAL;0.00
2020-06-18 17:41:04;"";1.0;ADICIONAL;0.00
2020-06-18 16:03:18;"";1.0;ADICIONAL;0.00
2020-06-18 15:48:35;"";1.0;ADICIONAL;0.00
2020-06-18 10:21:53;"";1.0;ADICIONAL;0.00
2020-06-17 15:04:36;"";1.0;ADICIONAL;0.00
2020-06-16 15:43:03;"";1.0;ADICIONAL;0.00
2020-06-12 12:09:08;"";1.0;ADICIONAL;0.00
2020-06-12 10:35:19;"";1.0;ADICIONAL;0.00
2020-06-29 13:18:26;13996550195;1.0;GRATIS-SMS;0.00
2020-06-26 10:12:31;31987759645;1.0;GRATIS-SMS;0.00
2020-06-15 11:30:57;51999682349;1.0;GRATIS-SMS;0.00
2020-06-04 10:21:26;51993319514;1.0;GRATIS-SMS;0.00
2020-06-04 10:10:53;98991730576;1.0;GRATIS-SMS;0.00
2020-06-01 12:18:57;51  995863683;41.0;Para Celulares Vivo;
2020-06-17 16:12:08;41  34201307;189.0;Para Fixo de Outras Operadoras;
2020-06-19 15:13:46;31  987759645;9.0;Para Celulares Vivo;
2020-06-17 14:50:46;51  992592842;132.0;Para Celulares Vivo;
2020-06-17 14:42:56;51  993319478;73.0;Para Celulares Vivo;
2020-06-17 14:30:40;51  998545903;115.0;Para Celulares Vivo;
2020-06-15 19:03:45;98  991730576;15.0;Para Celulares Vivo;
2020-06-19 15:13:46;31  987759645;0.0;Adicional por Ligacoes Realizadas;
2020-06-17 16:12:08;41  34201307;0.0;Adicional por Ligacoes Realizadas;
2020-06-17 14:50:46;51  992592842;0.0;Adicional por Ligacoes Realizadas;
2020-06-17 14:42:56;51  993319478;0.0;Adicional por Ligacoes Realizadas;
2020-06-17 14:30:40;51  998545903;0.0;Adicional por Ligacoes Realizadas;
2020-06-15 19:03:45;98  991730576;0.0;Adicional por Ligacoes Realizadas;
2020-06-08 18:18:51;98  999912971;41.0;Para Celulares de Outras Operadoras;
2020-06-23 09:32:07;31  987759645;6.0;Para Celulares Vivo;
2020-06-22 18:11:14;31  987759645;24.0;Para Celulares Vivo;
2020-06-09 15:28:51;98  991730576;5.0;Para Celulares Vivo;
2020-06-08 18:26:54;98  991730576;36.0;Para Celulares Vivo;
2020-06-08 14:12:24;98  991730576;8.0;Para Celulares Vivo;
2020-06-05 17:42:05;98  991730576;19.0;Para Celulares Vivo;
2020-06-05 10:28:53;98  991730576;17.0;Para Celulares Vivo;
2020-06-04 12:09:57;98  991730576;8.0;Para Celulares Vivo;
2020-06-20 16:25:04;    ;5.0;Chamadas de Longa Distancia para Outros Estados;
2020-06-19 13:50:33;    ;14.0;Chamadas de Longa Distancia para Outros Estados;
2020-06-18 17:41:04;    ;27.0;Chamadas de Longa Distancia para Outros Estados;
2020-06-18 16:03:18;    ;5.0;Chamadas de Longa Distancia para Outros Estados;
2020-06-18 15:48:35;    ;29.0;Chamadas de Longa Distancia para Outros Estados;
2020-06-18 10:21:53;    ;95.0;Chamadas de Longa Distancia para Outros Estados;
2020-06-17 15:04:36;    ;17.0;Chamadas de Longa Distancia para Outros Estados;
2020-06-16 15:43:03;    ;15.0;Chamadas de Longa Distancia para Outros Estados;
2020-06-12 12:09:08;    ;40.0;Chamadas de Longa Distancia para Outros Estados;
2020-06-12 10:35:19;    ;92.0;Chamadas de Longa Distancia para Outros Estados;
2020-06-11 07:57:27;51  35929023;5.0;Para Fixo Vivo;
2020-06-30 11:27:18;51  998447472;21.0;Para Celulares Vivo;
2020-06-29 20:54:49;51  995943973;34.0;Para Celulares Vivo;
2020-06-26 15:41:34;51  992592835;24.0;Para Celulares Vivo;
2020-06-25 15:25:59;51  995863683;9.0;Para Celulares Vivo;
2020-06-24 16:19:33;51  998525944;33.0;Para Celulares Vivo;
2020-06-23 15:08:34;51  993319478;33.0;Para Celulares Vivo;
2020-06-10 19:19:33;51  995863683;79.0;Para Celulares Vivo;
2020-06-09 18:22:30;51  993320327;22.0;Para Celulares Vivo;
2020-06-07 10:19:17;51  995943973;52.0;Para Celulares Vivo;
2020-06-04 16:02:50;51  989028545;5.0;Para Celulares Vivo;
2020-06-04 15:34:49;51  995863683;15.0;Para Celulares Vivo;
2020-06-04 14:41:57;51  995863683;13.0;Para Celulares Vivo;
2020-06-04 10:56:55;51  995863683;44.0;Para Celulares Vivo;
2020-06-01;"";5670.0;INTERNET MOVEL 2;0.00
2020-06-02;"";1161.0;INTERNET MOVEL 2;0.00
2020-06-03;"";64.0;INTERNET MOVEL 2;0.00
2020-06-04;"";3009.0;INTERNET MOVEL 2;0.00
2020-06-05;"";62.0;INTERNET MOVEL 2;0.00
2020-06-06;"";13887.3;INTERNET MOVEL 2;0.00
2020-06-07;"";25418.7;INTERNET MOVEL 2;0.00
2020-06-08;"";3624.0;INTERNET MOVEL 2;0.00
2020-06-09;"";953.0;INTERNET MOVEL 2;0.00
2020-06-10;"";53.0;INTERNET MOVEL 2;0.00
2020-06-11;"";111328.5;INTERNET MOVEL 2;0.00
2020-06-12;"";143949.3;INTERNET MOVEL 2;0.00
2020-06-13;"";49781.4;INTERNET MOVEL 2;0.00
2020-06-14;"";86782.1;INTERNET MOVEL 2;0.00
2020-06-15;"";8743.2;INTERNET MOVEL 2;0.00
2020-06-16;"";92851.7;INTERNET MOVEL 2;0.00
2020-06-17;"";117088.6;INTERNET MOVEL 2;0.00
2020-06-18;"";93922.4;INTERNET MOVEL 2;0.00
2020-06-19;"";155720.1;INTERNET MOVEL 2;0.00
2020-06-20;"";50982.6;INTERNET MOVEL 2;0.00
2020-06-21;"";67161.4;INTERNET MOVEL 2;0.00
2020-06-22;"";47816.3;INTERNET MOVEL 2;0.00
2020-06-23;"";53640.1;INTERNET MOVEL 2;0.00
2020-06-24;"";17036.6;INTERNET MOVEL 2;0.00
2020-06-25;"";19642.2;INTERNET MOVEL 2;0.00
2020-06-26;"";83213.3;INTERNET MOVEL 2;0.00
2020-06-27;"";80325.2;INTERNET MOVEL 2;0.00
2020-06-28;"";8716.9;INTERNET MOVEL 2;0.00
2020-06-29;"";20428.7;INTERNET MOVEL 2;0.00
2020-06-30;"";53318.3;INTERNET MOVEL 2;0.00
