data_hora_inicio;nro_telefone_chamado;duracao_ligacao;desc_categoria;valor_ligacao
2020-06-15 10:50:13;51981326355;1.0;GRATIS-SMS;0.00
2020-06-05 14:31:59;51999551346;1.0;GRATIS-SMS;0.00
2020-06-05 14:31:50;51999551346;1.0;GRATIS-SMS;0.00
2020-06-01 14:55:35;51  32760444;17.0;Para Fixo de Outras Operadoras;
2020-06-01 14:03:15;51  994532832;93.0;Para Celulares de Outras Operadoras;
2020-06-01 14:41:44;51  992592148;46.0;Para Celulares Vivo;
2020-06-01 09:22:06;51  998062033;7.0;Para Celulares Vivo;
2020-06-01 09:18:45;51  992592148;7.0;Para Celulares Vivo;
2020-06-01 09:01:03;51  992592148;5.0;Para Celulares Vivo;
2020-06-01 07:58:06;51  999844804;11.0;Para Celulares Vivo;
2020-06-30 14:54:23;51  33328142;5.0;Para Fixo de Outras Operadoras;
2020-06-25 09:45:46;51  33328142;5.0;Para Fixo de Outras Operadoras;
2020-06-23 17:20:13;51  33328720;23.0;Para Fixo de Outras Operadoras;
2020-06-23 09:37:49;51  36539700;19.0;Para Fixo de Outras Operadoras;
2020-06-23 09:36:08;51  36533128;13.0;Para Fixo de Outras Operadoras;
2020-06-20 18:32:41;51  36896497;6.0;Para Fixo de Outras Operadoras;
2020-06-19 11:10:13;51  32477400;8.0;Para Fixo de Outras Operadoras;
2020-06-18 12:52:45;51  33328142;9.0;Para Fixo de Outras Operadoras;
2020-06-17 08:46:31;51  33317617;26.0;Para Fixo de Outras Operadoras;
2020-06-16 15:03:33;51  32477400;8.0;Para Fixo de Outras Operadoras;
2020-06-16 14:54:07;51  33319606;18.0;Para Fixo de Outras Operadoras;
2020-06-12 18:01:05;51  33328720;23.0;Para Fixo de Outras Operadoras;
2020-06-12 08:44:04;51  33317617;39.0;Para Fixo de Outras Operadoras;
2020-06-12 08:37:25;51  36531230;9.0;Para Fixo de Outras Operadoras;
2020-06-11 11:25:43;51  33328142;7.0;Para Fixo de Outras Operadoras;
2020-06-10 16:50:03;51  33112938;9.0;Para Fixo de Outras Operadoras;
2020-06-10 13:01:13;51  33431252;7.0;Para Fixo de Outras Operadoras;
2020-06-10 11:32:25;51  33112938;15.0;Para Fixo de Outras Operadoras;
2020-06-10 11:23:11;51  33259185;7.0;Para Fixo de Outras Operadoras;
2020-06-08 14:03:58;51  33328142;18.0;Para Fixo de Outras Operadoras;
2020-06-08 09:26:28;51  33320250;5.0;Para Fixo de Outras Operadoras;
2020-06-07 09:45:10;51  33328142;20.0;Para Fixo de Outras Operadoras;
2020-06-03 12:51:13;51  33317617;19.0;Para Fixo de Outras Operadoras;
2020-06-02 15:41:46;51  33321140;22.0;Para Fixo de Outras Operadoras;
2020-06-02 15:05:29;51  33327884;14.0;Para Fixo de Outras Operadoras;
2020-06-29 17:56:21;51  999623344;10.0;Para Celulares de Outras Operadoras;
2020-06-25 13:43:24;51  993173269;47.0;Para Celulares de Outras Operadoras;
2020-06-24 09:29:20;51  993173269;38.0;Para Celulares de Outras Operadoras;
2020-06-23 16:06:36;51  999623344;50.0;Para Celulares de Outras Operadoras;
2020-06-23 16:01:41;51  999623344;5.0;Para Celulares de Outras Operadoras;
2020-06-23 10:16:01;51  999623344;58.0;Para Celulares de Outras Operadoras;
2020-06-22 14:14:06;51  985447670;14.0;Para Celulares de Outras Operadoras;
2020-06-22 09:43:56;51  996942251;34.0;Para Celulares de Outras Operadoras;
2020-06-21 20:11:54;51  985447670;5.0;Para Celulares de Outras Operadoras;
2020-06-20 10:55:56;51  981588888;5.0;Para Celulares de Outras Operadoras;
2020-06-19 16:12:15;51  993173269;21.0;Para Celulares de Outras Operadoras;
2020-06-17 20:27:59;51  993216347;66.0;Para Celulares de Outras Operadoras;
2020-06-17 11:14:22;51  993187895;5.0;Para Celulares de Outras Operadoras;
2020-06-17 11:12:06;51  992835862;19.0;Para Celulares de Outras Operadoras;
2020-06-12 18:07:30;51  996500766;17.0;Para Celulares de Outras Operadoras;
2020-06-10 17:11:57;51  984168616;290.0;Para Celulares de Outras Operadoras;
2020-06-10 13:04:32;51  984016505;23.0;Para Celulares de Outras Operadoras;
2020-06-09 16:35:53;51  993173269;20.0;Para Celulares de Outras Operadoras;
2020-06-09 15:56:57;51  985436649;23.0;Para Celulares de Outras Operadoras;
2020-06-07 10:19:21;51  999123183;10.0;Para Celulares de Outras Operadoras;
2020-06-06 10:15:56;51  999123183;7.0;Para Celulares de Outras Operadoras;
2020-06-05 15:42:46;51  999123183;7.0;Para Celulares de Outras Operadoras;
2020-06-05 15:30:21;51  999123183;5.0;Para Celulares de Outras Operadoras;
2020-06-05 15:29:38;51  999123183;5.0;Para Celulares de Outras Operadoras;
2020-06-05 14:23:05;51  993173269;52.0;Para Celulares de Outras Operadoras;
2020-06-02 18:01:07;51  993173269;6.0;Para Celulares de Outras Operadoras;
2020-06-14 12:02:13;51  30127878;5.0;Para Fixo Vivo;
2020-06-11 11:45:24;51  30127878;35.0;Para Fixo Vivo;
2020-06-11 11:26:52;51  30127878;9.0;Para Fixo Vivo;
2020-06-11 11:22:08;51  30127878;5.0;Para Fixo Vivo;
2020-06-30 14:01:00;51  992592848;13.0;Para Celulares Vivo;
2020-06-30 11:42:16;51  992592803;38.0;Para Celulares Vivo;
2020-06-25 13:37:22;51  992592803;7.0;Para Celulares Vivo;
2020-06-24 16:44:40;51  992592148;11.0;Para Celulares Vivo;
2020-06-24 15:11:29;51  999332428;88.0;Para Celulares Vivo;
2020-06-24 09:49:13;51  992592848;7.0;Para Celulares Vivo;
2020-06-24 07:36:05;51  992592148;24.0;Para Celulares Vivo;
2020-06-23 21:27:37;51  992592803;53.0;Para Celulares Vivo;
2020-06-23 19:16:53;51  998980236;27.0;Para Celulares Vivo;
2020-06-23 19:16:35;51  998980236;5.0;Para Celulares Vivo;
2020-06-23 17:10:19;51  998980236;18.0;Para Celulares Vivo;
2020-06-23 15:12:30;51  996176280;5.0;Para Celulares Vivo;
2020-06-23 10:02:56;51  992592148;40.0;Para Celulares Vivo;
2020-06-22 19:50:25;51  992592818;76.0;Para Celulares Vivo;
2020-06-22 18:14:58;51  992592148;34.0;Para Celulares Vivo;
2020-06-22 15:53:58;51  999936246;9.0;Para Celulares Vivo;
2020-06-22 14:34:06;51  999844804;8.0;Para Celulares Vivo;
2020-06-22 09:01:26;51  996072559;19.0;Para Celulares Vivo;
2020-06-21 20:54:37;51  996330062;161.0;Para Celulares Vivo;
2020-06-20 18:17:39;51  998062033;28.0;Para Celulares Vivo;
2020-06-20 11:36:36;51  996072559;7.0;Para Celulares Vivo;
2020-06-19 09:57:27;51  992592148;5.0;Para Celulares Vivo;
2020-06-19 08:10:56;51  992592148;34.0;Para Celulares Vivo;
2020-06-18 11:04:47;51  996330062;5.0;Para Celulares Vivo;
2020-06-18 11:04:32;51  996330062;5.0;Para Celulares Vivo;
2020-06-18 07:54:54;51  992592148;11.0;Para Celulares Vivo;
2020-06-17 20:16:13;51  998980236;44.0;Para Celulares Vivo;
2020-06-17 17:39:48;51  996560861;25.0;Para Celulares Vivo;
2020-06-17 08:18:18;51  995874437;5.0;Para Celulares Vivo;
2020-06-17 07:22:33;51  996176280;25.0;Para Celulares Vivo;
2020-06-17 06:48:16;51  992592148;12.0;Para Celulares Vivo;
2020-06-16 15:24:01;51  992592148;5.0;Para Celulares Vivo;
2020-06-16 14:49:07;51  998980236;43.0;Para Celulares Vivo;
2020-06-16 14:33:05;51  996176280;12.0;Para Celulares Vivo;
2020-06-15 13:14:18;51  998062033;34.0;Para Celulares Vivo;
2020-06-15 08:34:46;51  992592148;5.0;Para Celulares Vivo;
2020-06-14 09:49:47;51  992592803;33.0;Para Celulares Vivo;
2020-06-14 08:52:18;51  992592148;6.0;Para Celulares Vivo;
2020-06-13 11:25:16;51  996330062;5.0;Para Celulares Vivo;
2020-06-13 11:14:32;51  984188335;30.0;Para Celulares Vivo;
2020-06-13 09:54:52;51  992592148;6.0;Para Celulares Vivo;
2020-06-13 07:50:01;51  992592148;65.0;Para Celulares Vivo;
2020-06-12 17:55:29;51  998062033;5.0;Para Celulares Vivo;
2020-06-12 17:52:48;51  998062033;5.0;Para Celulares Vivo;
2020-06-12 13:24:17;51  998062033;47.0;Para Celulares Vivo;
2020-06-12 07:53:40;51  999844804;5.0;Para Celulares Vivo;
2020-06-11 16:16:14;51  992592818;7.0;Para Celulares Vivo;
2020-06-11 09:37:28;51  998062033;200.0;Para Celulares Vivo;
2020-06-10 09:42:46;51  992592148;21.0;Para Celulares Vivo;
2020-06-09 21:15:16;51  996861361;20.0;Para Celulares Vivo;
2020-06-09 16:33:19;51  992592148;18.0;Para Celulares Vivo;
2020-06-09 16:11:27;51  992592148;12.0;Para Celulares Vivo;
2020-06-09 16:07:26;51  992592148;37.0;Para Celulares Vivo;
2020-06-09 08:05:56;51  992592148;11.0;Para Celulares Vivo;
2020-06-08 11:48:57;51  996043229;13.0;Para Celulares Vivo;
2020-06-08 11:44:13;51  998062033;5.0;Para Celulares Vivo;
2020-06-08 08:44:07;51  992592148;13.0;Para Celulares Vivo;
2020-06-07 19:39:18;51  998980236;66.0;Para Celulares Vivo;
2020-06-06 16:24:59;51  999666597;5.0;Para Celulares Vivo;
2020-06-05 14:09:04;51  992592818;5.0;Para Celulares Vivo;
2020-06-05 13:42:01;51  999666597;5.0;Para Celulares Vivo;
2020-06-05 11:42:56;51  992592148;13.0;Para Celulares Vivo;
2020-06-05 09:10:24;51  992592148;15.0;Para Celulares Vivo;
2020-06-05 07:58:44;51  996861361;14.0;Para Celulares Vivo;
2020-06-05 07:56:02;51  996176280;7.0;Para Celulares Vivo;
2020-06-04 16:20:28;51  996176280;5.0;Para Celulares Vivo;
2020-06-04 12:25:58;51  996176280;5.0;Para Celulares Vivo;
2020-06-04 08:25:19;51  999844804;11.0;Para Celulares Vivo;
2020-06-03 20:32:18;51  999844804;7.0;Para Celulares Vivo;
2020-06-03 19:28:23;51  992592818;38.0;Para Celulares Vivo;
2020-06-03 19:26:39;51  992592148;9.0;Para Celulares Vivo;
2020-06-03 16:09:48;51  996176280;5.0;Para Celulares Vivo;
2020-06-03 15:21:25;51  996176280;5.0;Para Celulares Vivo;
2020-06-03 12:59:01;51  996176280;9.0;Para Celulares Vivo;
2020-06-03 08:09:29;51  996072559;15.0;Para Celulares Vivo;
2020-06-03 07:19:09;51  999844804;13.0;Para Celulares Vivo;
2020-06-02 16:58:31;51  992592848;29.0;Para Celulares Vivo;
2020-06-02 16:57:50;51  992592848;5.0;Para Celulares Vivo;
2020-06-02 16:10:32;51  992592148;5.0;Para Celulares Vivo;
2020-06-02 10:40:46;51  992592148;16.0;Para Celulares Vivo;
2020-06-02 09:42:47;51  992592148;8.0;Para Celulares Vivo;
2020-05-31;"";89803.9;INTERNET MOVEL 2;0.00
2020-06-01;"";59958.5;INTERNET MOVEL 2;0.00
2020-06-02;"";23689.0;INTERNET MOVEL 2;0.00
2020-06-03;"";126462.1;INTERNET MOVEL 2;0.00
2020-06-04;"";22012.9;INTERNET MOVEL 2;0.00
2020-06-05;"";7418.0;INTERNET MOVEL 2;0.00
2020-06-06;"";11444.3;INTERNET MOVEL 2;0.00
2020-06-07;"";27462.2;INTERNET MOVEL 2;0.00
2020-06-08;"";6591.3;INTERNET MOVEL 2;0.00
2020-06-09;"";85324.7;INTERNET MOVEL 2;0.00
2020-06-10;"";140190.8;INTERNET MOVEL 2;0.00
2020-06-11;"";50290.4;INTERNET MOVEL 2;0.00
2020-06-12;"";100030.3;INTERNET MOVEL 2;0.00
2020-06-13;"";197939.5;INTERNET MOVEL 2;0.00
2020-06-14;"";79358.4;INTERNET MOVEL 2;0.00
2020-06-15;"";34599.8;INTERNET MOVEL 2;0.00
2020-06-16;"";7882.2;INTERNET MOVEL 2;0.00
2020-06-17;"";7476.7;INTERNET MOVEL 2;0.00
2020-06-18;"";51454.0;INTERNET MOVEL 2;0.00
2020-06-19;"";4861.8;INTERNET MOVEL 2;0.00
2020-06-20;"";98541.2;INTERNET MOVEL 2;0.00
2020-06-21;"";27412.0;INTERNET MOVEL 2;0.00
2020-06-22;"";16500.5;INTERNET MOVEL 2;0.00
2020-06-23;"";86473.9;INTERNET MOVEL 2;0.00
2020-06-24;"";14732.0;INTERNET MOVEL 2;0.00
2020-06-25;"";149061.6;INTERNET MOVEL 2;0.00
2020-06-29;"";90404.8;INTERNET MOVEL 2;0.00
2020-06-30;"";11276.0;INTERNET MOVEL 2;0.00
2020-07-01;"";1792.0;INTERNET MOVEL 2;0.00
