data_hora_inicio;nro_telefone_chamado;duracao_ligacao;desc_categoria;valor_ligacao
2020-06-24 11:18:31;31975695760;1.0;GRATIS-SMS;0.00
2020-06-01 10:55:42;31  975695760;5.0;Para Celulares de Outras Operadoras;
2020-06-01 09:41:43;31  992641208;42.0;Para Celulares de Outras Operadoras;
2020-06-01 19:40:31;31  971299534;96.0;Para Celulares Vivo;
2020-06-01 16:44:31;31  984412830;37.0;Para Celulares Vivo;
2020-06-01 10:35:40;31  992064074;56.0;Para Celulares Vivo;
2020-06-01 08:36:10;31  999749527;10.0;Para Celulares Vivo;
2020-06-18 11:25:42;51  33744958;20.0;Para Fixo de Outras Operadoras;
2020-06-18 11:24:31;51  33744958;5.0;Para Fixo de Outras Operadoras;
2020-06-12 10:15:15;16  32441039;43.0;Para Fixo Vivo;
2020-06-08 14:10:22;11  21457800;24.0;Para Fixo Vivo;
2020-06-29 12:03:53;11  999133148;6.0;Para Celulares Vivo;
2020-06-29 11:46:06;11  999133148;10.0;Para Celulares Vivo;
2020-06-25 09:14:45;11  999133148;20.0;Para Celulares Vivo;
2020-06-24 18:58:44;11  999133148;99.0;Para Celulares Vivo;
2020-06-23 17:32:10;11  999133148;14.0;Para Celulares Vivo;
2020-06-22 18:57:50;11  999133148;57.0;Para Celulares Vivo;
2020-06-19 19:00:40;27  999529145;97.0;Para Celulares Vivo;
2020-06-18 18:28:03;11  999133148;12.0;Para Celulares Vivo;
2020-06-18 17:15:24;11  999133148;149.0;Para Celulares Vivo;
2020-06-18 16:52:03;11  999133148;54.0;Para Celulares Vivo;
2020-06-26 22:12:45;31  34856114;5.0;Para Fixo de Outras Operadoras;
2020-06-26 21:45:59;31  34856114;5.0;Para Fixo de Outras Operadoras;
2020-06-26 20:35:30;31  34856114;5.0;Para Fixo de Outras Operadoras;
2020-06-26 20:33:53;31  34856114;12.0;Para Fixo de Outras Operadoras;
2020-06-25 10:01:24;31  32220901;10.0;Para Fixo de Outras Operadoras;
2020-06-24 19:54:07;31  34882466;19.0;Para Fixo de Outras Operadoras;
2020-06-22 16:05:58;31  32825340;5.0;Para Fixo de Outras Operadoras;
2020-06-19 18:25:52;31  34845409;8.0;Para Fixo de Outras Operadoras;
2020-06-17 18:17:50;31  34841599;5.0;Para Fixo de Outras Operadoras;
2020-06-17 17:48:48;31  34845409;68.0;Para Fixo de Outras Operadoras;
2020-06-17 17:48:09;31  34845409;5.0;Para Fixo de Outras Operadoras;
2020-06-17 17:44:44;31  34845409;26.0;Para Fixo de Outras Operadoras;
2020-06-12 16:45:00;31  32825340;13.0;Para Fixo de Outras Operadoras;
2020-06-12 16:37:40;31  32825340;5.0;Para Fixo de Outras Operadoras;
2020-06-12 15:50:19;31  32825340;22.0;Para Fixo de Outras Operadoras;
2020-06-30 19:51:01;31  992641208;116.0;Para Celulares de Outras Operadoras;
2020-06-30 19:27:05;31  984525210;10.0;Para Celulares de Outras Operadoras;
2020-06-30 19:23:55;31  984525210;20.0;Para Celulares de Outras Operadoras;
2020-06-30 14:50:52;31  992641208;94.0;Para Celulares de Outras Operadoras;
2020-06-30 14:29:17;31  980541648;69.0;Para Celulares de Outras Operadoras;
2020-06-30 14:10:31;31  975695760;19.0;Para Celulares de Outras Operadoras;
2020-06-30 10:40:23;31  992641208;89.0;Para Celulares de Outras Operadoras;
2020-06-29 22:28:29;31  992641208;231.0;Para Celulares de Outras Operadoras;
2020-06-29 22:10:57;31  992641208;166.0;Para Celulares de Outras Operadoras;
2020-06-29 18:52:26;31  988862644;6.0;Para Celulares de Outras Operadoras;
2020-06-29 17:26:37;31  975695760;104.0;Para Celulares de Outras Operadoras;
2020-06-26 19:09:06;31  988056133;5.0;Para Celulares de Outras Operadoras;
2020-06-26 16:40:23;31  993376538;19.0;Para Celulares de Outras Operadoras;
2020-06-26 15:59:20;31  993376538;55.0;Para Celulares de Outras Operadoras;
2020-06-25 13:54:46;31  993376538;5.0;Para Celulares de Outras Operadoras;
2020-06-25 12:49:07;31  992641208;42.0;Para Celulares de Outras Operadoras;
2020-06-25 11:56:43;31  993376538;7.0;Para Celulares de Outras Operadoras;
2020-06-25 10:10:07;31  993376538;11.0;Para Celulares de Outras Operadoras;
2020-06-25 08:36:18;31  993376538;6.0;Para Celulares de Outras Operadoras;
2020-06-24 20:01:30;31  992641208;196.0;Para Celulares de Outras Operadoras;
2020-06-24 18:28:52;31  993376538;32.0;Para Celulares de Outras Operadoras;
2020-06-24 18:23:42;31  993376538;45.0;Para Celulares de Outras Operadoras;
2020-06-24 17:42:53;31  975695760;259.0;Para Celulares de Outras Operadoras;
2020-06-24 17:33:20;31  993376538;24.0;Para Celulares de Outras Operadoras;
2020-06-24 15:45:20;31  993376538;27.0;Para Celulares de Outras Operadoras;
2020-06-24 15:13:49;31  993376538;5.0;Para Celulares de Outras Operadoras;
2020-06-24 15:11:16;31  993376538;9.0;Para Celulares de Outras Operadoras;
2020-06-24 12:12:24;31  992641208;121.0;Para Celulares de Outras Operadoras;
2020-06-24 12:02:31;31  984525210;10.0;Para Celulares de Outras Operadoras;
2020-06-24 11:48:15;31  993376538;12.0;Para Celulares de Outras Operadoras;
2020-06-24 08:10:43;31  975695760;279.0;Para Celulares de Outras Operadoras;
2020-06-23 09:39:17;31  992641208;62.0;Para Celulares de Outras Operadoras;
2020-06-20 13:56:37;31  992641208;130.0;Para Celulares de Outras Operadoras;
2020-06-20 13:50:49;31  992641208;55.0;Para Celulares de Outras Operadoras;
2020-06-20 13:49:54;31  992641208;5.0;Para Celulares de Outras Operadoras;
2020-06-19 18:03:28;31  992641208;5.0;Para Celulares de Outras Operadoras;
2020-06-19 17:40:07;31  992641208;114.0;Para Celulares de Outras Operadoras;
2020-06-19 17:38:01;31  992641208;14.0;Para Celulares de Outras Operadoras;
2020-06-19 17:11:28;31  992641208;11.0;Para Celulares de Outras Operadoras;
2020-06-19 16:59:11;31  992641208;57.0;Para Celulares de Outras Operadoras;
2020-06-19 13:07:52;31  992641208;26.0;Para Celulares de Outras Operadoras;
2020-06-19 10:07:22;31  992641208;28.0;Para Celulares de Outras Operadoras;
2020-06-18 19:05:27;31  992641208;31.0;Para Celulares de Outras Operadoras;
2020-06-18 18:32:30;31  992641208;120.0;Para Celulares de Outras Operadoras;
2020-06-18 08:38:14;31  992641208;52.0;Para Celulares de Outras Operadoras;
2020-06-17 18:52:33;31  993459370;99.0;Para Celulares de Outras Operadoras;
2020-06-17 18:42:24;31  988056133;5.0;Para Celulares de Outras Operadoras;
2020-06-17 17:59:00;31  988056133;15.0;Para Celulares de Outras Operadoras;
2020-06-17 17:55:58;31  988862644;25.0;Para Celulares de Outras Operadoras;
2020-06-17 17:15:13;31  993376538;20.0;Para Celulares de Outras Operadoras;
2020-06-17 16:33:19;31  988511037;36.0;Para Celulares de Outras Operadoras;
2020-06-16 16:25:10;31  993376538;20.0;Para Celulares de Outras Operadoras;
2020-06-16 13:01:39;31  993376538;22.0;Para Celulares de Outras Operadoras;
2020-06-15 12:18:07;31  993376538;6.0;Para Celulares de Outras Operadoras;
2020-06-15 12:16:36;31  993376538;7.0;Para Celulares de Outras Operadoras;
2020-06-15 11:07:28;31  984525210;20.0;Para Celulares de Outras Operadoras;
2020-06-13 12:33:18;31  992641208;25.0;Para Celulares de Outras Operadoras;
2020-06-13 12:06:33;31  992641208;19.0;Para Celulares de Outras Operadoras;
2020-06-12 16:42:39;31  988862644;9.0;Para Celulares de Outras Operadoras;
2020-06-12 15:16:02;31  992641208;53.0;Para Celulares de Outras Operadoras;
2020-06-12 15:04:11;31  975695760;114.0;Para Celulares de Outras Operadoras;
2020-06-08 17:00:04;31  984281889;19.0;Para Celulares de Outras Operadoras;
2020-06-08 14:35:45;31  992641208;20.0;Para Celulares de Outras Operadoras;
2020-06-08 14:19:00;31  992641208;71.0;Para Celulares de Outras Operadoras;
2020-06-05 19:17:47;31  988806674;130.0;Para Celulares de Outras Operadoras;
2020-06-05 18:02:46;31  992641208;224.0;Para Celulares de Outras Operadoras;
2020-06-05 17:16:48;31  992641208;5.0;Para Celulares de Outras Operadoras;
2020-06-05 13:47:14;31  992641208;107.0;Para Celulares de Outras Operadoras;
2020-06-05 10:09:25;31  984525210;60.0;Para Celulares de Outras Operadoras;
2020-06-05 10:01:31;31  993079325;43.0;Para Celulares de Outras Operadoras;
2020-06-05 09:34:31;31  992641208;9.0;Para Celulares de Outras Operadoras;
2020-06-05 09:16:27;31  992641208;69.0;Para Celulares de Outras Operadoras;
2020-06-05 09:03:14;31  992641208;101.0;Para Celulares de Outras Operadoras;
2020-06-04 07:39:54;31  993376538;24.0;Para Celulares de Outras Operadoras;
2020-06-03 18:29:09;31  984525210;7.0;Para Celulares de Outras Operadoras;
2020-06-03 16:23:37;31  992641208;150.0;Para Celulares de Outras Operadoras;
2020-06-03 13:47:29;31  992641208;9.0;Para Celulares de Outras Operadoras;
2020-06-03 06:36:35;31  992641208;226.0;Para Celulares de Outras Operadoras;
2020-06-02 19:02:08;31  988862644;12.0;Para Celulares de Outras Operadoras;
2020-06-02 11:24:01;31  992641208;56.0;Para Celulares de Outras Operadoras;
2020-06-02 07:24:20;31  975695760;164.0;Para Celulares de Outras Operadoras;
2020-06-30 21:13:44;31  971299534;173.0;Para Celulares Vivo;
2020-06-30 21:08:58;31  999204077;5.0;Para Celulares Vivo;
2020-06-30 20:56:29;31  971299534;107.0;Para Celulares Vivo;
2020-06-30 19:49:17;31  999204077;9.0;Para Celulares Vivo;
2020-06-30 18:42:29;31  991093394;60.0;Para Celulares Vivo;
2020-06-30 17:12:53;31  984412830;21.0;Para Celulares Vivo;
2020-06-30 17:04:10;31  984412830;19.0;Para Celulares Vivo;
2020-06-30 13:33:08;31  993470096;43.0;Para Celulares Vivo;
2020-06-30 12:15:02;31  984412830;10.0;Para Celulares Vivo;
2020-06-29 21:13:15;31  987359070;327.0;Para Celulares Vivo;
2020-06-29 18:23:00;31  999204077;33.0;Para Celulares Vivo;
2020-06-29 11:59:45;31  993970052;13.0;Para Celulares Vivo;
2020-06-29 11:43:21;31  984412830;5.0;Para Celulares Vivo;
2020-06-29 11:41:38;31  984412830;12.0;Para Celulares Vivo;
2020-06-29 11:07:41;31  983934517;275.0;Para Celulares Vivo;
2020-06-29 11:02:01;31  984412830;40.0;Para Celulares Vivo;
2020-06-28 20:42:43;31  993970052;5.0;Para Celulares Vivo;
2020-06-28 20:39:24;31  999204077;20.0;Para Celulares Vivo;
2020-06-28 16:15:52;31  995024077;188.0;Para Celulares Vivo;
2020-06-27 11:23:54;31  999204077;6.0;Para Celulares Vivo;
2020-06-26 19:26:03;31  993970052;5.0;Para Celulares Vivo;
2020-06-26 18:12:11;31  993970052;11.0;Para Celulares Vivo;
2020-06-26 17:43:31;31  993970052;5.0;Para Celulares Vivo;
2020-06-26 15:40:10;31  997649947;16.0;Para Celulares Vivo;
2020-06-26 10:19:30;31  997649947;5.0;Para Celulares Vivo;
2020-06-26 08:11:44;31  983934517;47.0;Para Celulares Vivo;
2020-06-25 19:20:29;31  984412830;56.0;Para Celulares Vivo;
2020-06-25 19:09:43;31  992064074;104.0;Para Celulares Vivo;
2020-06-25 15:51:21;31  996445179;37.0;Para Celulares Vivo;
2020-06-25 11:58:38;31  983934517;104.0;Para Celulares Vivo;
2020-06-25 10:03:01;31  998588880;30.0;Para Celulares Vivo;
2020-06-25 09:10:59;31  992064074;12.0;Para Celulares Vivo;
2020-06-25 09:08:48;31  999538911;12.0;Para Celulares Vivo;
2020-06-24 20:27:18;31  993970052;5.0;Para Celulares Vivo;
2020-06-24 19:50:57;31  993970052;5.0;Para Celulares Vivo;
2020-06-24 16:03:35;31  984412830;13.0;Para Celulares Vivo;
2020-06-24 14:32:10;31  984412830;14.0;Para Celulares Vivo;
2020-06-24 12:05:58;31  991093394;58.0;Para Celulares Vivo;
2020-06-24 12:03:52;31  984412830;14.0;Para Celulares Vivo;
2020-06-24 11:26:13;31  992320041;104.0;Para Celulares Vivo;
2020-06-24 09:34:13;31  984412830;10.0;Para Celulares Vivo;
2020-06-23 18:47:59;31  993970052;5.0;Para Celulares Vivo;
2020-06-23 16:41:09;31  984412830;20.0;Para Celulares Vivo;
2020-06-23 12:12:01;31  984412830;10.0;Para Celulares Vivo;
2020-06-23 11:59:47;31  984412830;54.0;Para Celulares Vivo;
2020-06-23 08:13:21;31  999749527;6.0;Para Celulares Vivo;
2020-06-22 19:26:24;31  993970052;22.0;Para Celulares Vivo;
2020-06-22 17:23:50;31  984412830;129.0;Para Celulares Vivo;
2020-06-22 16:06:36;31  993970052;8.0;Para Celulares Vivo;
2020-06-22 14:39:26;31  999538911;93.0;Para Celulares Vivo;
2020-06-22 12:07:46;31  999538911;14.0;Para Celulares Vivo;
2020-06-19 18:27:32;31  993970052;16.0;Para Celulares Vivo;
2020-06-19 18:00:00;31  993970052;5.0;Para Celulares Vivo;
2020-06-19 17:56:25;31  995024077;9.0;Para Celulares Vivo;
2020-06-19 17:28:52;31  984412830;227.0;Para Celulares Vivo;
2020-06-19 17:05:44;31  984412830;11.0;Para Celulares Vivo;
2020-06-19 11:30:35;31  991093394;67.0;Para Celulares Vivo;
2020-06-19 10:11:50;31  984412830;10.0;Para Celulares Vivo;
2020-06-19 07:27:35;31  999538911;61.0;Para Celulares Vivo;
2020-06-19 07:21:22;31  984412830;16.0;Para Celulares Vivo;
2020-06-18 17:35:11;31  984412830;22.0;Para Celulares Vivo;
2020-06-18 17:04:15;31  999749527;38.0;Para Celulares Vivo;
2020-06-18 16:34:10;31  991093394;164.0;Para Celulares Vivo;
2020-06-18 16:31:09;31  991093394;28.0;Para Celulares Vivo;
2020-06-18 14:55:03;31  984412830;5.0;Para Celulares Vivo;
2020-06-18 12:09:24;31  999749527;19.0;Para Celulares Vivo;
2020-06-18 09:47:45;31  991093394;52.0;Para Celulares Vivo;
2020-06-17 19:03:09;31  991093394;29.0;Para Celulares Vivo;
2020-06-17 18:43:32;31  993970052;8.0;Para Celulares Vivo;
2020-06-17 18:02:40;31  998415053;74.0;Para Celulares Vivo;
2020-06-17 17:36:06;31  991093394;58.0;Para Celulares Vivo;
2020-06-17 16:17:01;31  998415053;5.0;Para Celulares Vivo;
2020-06-17 13:39:21;31  999749527;308.0;Para Celulares Vivo;
2020-06-17 11:41:09;31  991093394;86.0;Para Celulares Vivo;
2020-06-17 08:58:50;31  984412830;43.0;Para Celulares Vivo;
2020-06-17 08:34:35;31  999088059;9.0;Para Celulares Vivo;
2020-06-16 19:19:44;31  993970052;9.0;Para Celulares Vivo;
2020-06-16 11:31:10;31  992198346;41.0;Para Celulares Vivo;
2020-06-16 10:40:31;31  992198346;31.0;Para Celulares Vivo;
2020-06-15 19:23:25;31  983934517;168.0;Para Celulares Vivo;
2020-06-15 17:14:32;31  993970052;6.0;Para Celulares Vivo;
2020-06-15 16:52:29;31  991093394;6.0;Para Celulares Vivo;
2020-06-15 16:45:46;31  991093394;31.0;Para Celulares Vivo;
2020-06-15 11:03:16;31  999088059;26.0;Para Celulares Vivo;
2020-06-15 10:59:14;31  999088059;5.0;Para Celulares Vivo;
2020-06-15 10:54:30;31  984412830;20.0;Para Celulares Vivo;
2020-06-15 09:46:29;31  999749527;19.0;Para Celulares Vivo;
2020-06-15 07:13:11;31  993970052;5.0;Para Celulares Vivo;
2020-06-12 16:10:04;31  982033512;6.0;Para Celulares Vivo;
2020-06-12 16:06:06;31  984412830;9.0;Para Celulares Vivo;
2020-06-12 13:32:03;31  993970052;12.0;Para Celulares Vivo;
2020-06-12 12:33:08;31  999749527;21.0;Para Celulares Vivo;
2020-06-12 12:11:21;31  984412830;24.0;Para Celulares Vivo;
2020-06-12 12:04:28;31  984412830;5.0;Para Celulares Vivo;
2020-06-12 11:24:56;31  984412830;37.0;Para Celulares Vivo;
2020-06-12 09:57:53;31  996721712;20.0;Para Celulares Vivo;
2020-06-11 12:54:13;31  971299534;25.0;Para Celulares Vivo;
2020-06-10 20:28:39;31  993970052;11.0;Para Celulares Vivo;
2020-06-10 20:14:50;31  971299534;134.0;Para Celulares Vivo;
2020-06-10 17:36:37;31  993970052;13.0;Para Celulares Vivo;
2020-06-10 17:34:48;31  984412830;14.0;Para Celulares Vivo;
2020-06-10 08:48:40;31  984412830;51.0;Para Celulares Vivo;
2020-06-09 20:46:32;31  993970052;8.0;Para Celulares Vivo;
2020-06-09 16:18:32;31  999538911;20.0;Para Celulares Vivo;
2020-06-09 11:53:58;31  999538911;10.0;Para Celulares Vivo;
2020-06-09 11:41:37;31  999088059;108.0;Para Celulares Vivo;
2020-06-08 19:34:49;31  993970052;8.0;Para Celulares Vivo;
2020-06-08 18:36:14;31  999204077;5.0;Para Celulares Vivo;
2020-06-08 17:02:34;31  997452053;29.0;Para Celulares Vivo;
2020-06-08 16:23:46;31  982033512;23.0;Para Celulares Vivo;
2020-06-08 16:16:08;31  984412830;15.0;Para Celulares Vivo;
2020-06-08 12:12:35;31  991093394;6.0;Para Celulares Vivo;
2020-06-05 16:14:06;31  984412830;5.0;Para Celulares Vivo;
2020-06-05 15:19:40;31  984412830;6.0;Para Celulares Vivo;
2020-06-05 13:42:31;31  984412830;41.0;Para Celulares Vivo;
2020-06-05 09:37:08;31  984412830;20.0;Para Celulares Vivo;
2020-06-04 19:04:16;31  993970052;5.0;Para Celulares Vivo;
2020-06-04 18:57:11;31  993970052;10.0;Para Celulares Vivo;
2020-06-03 20:27:37;31  993970052;6.0;Para Celulares Vivo;
2020-06-03 20:22:41;31  971299534;8.0;Para Celulares Vivo;
2020-06-03 20:13:52;31  998588090;74.0;Para Celulares Vivo;
2020-06-03 19:03:36;31  999749527;41.0;Para Celulares Vivo;
2020-06-03 16:11:13;31  999749527;58.0;Para Celulares Vivo;
2020-06-03 11:13:33;31  984412830;11.0;Para Celulares Vivo;
2020-06-02 11:39:38;31  999088059;51.0;Para Celulares Vivo;
2020-06-02 11:12:51;31  984412830;104.0;Para Celulares Vivo;
2020-06-01;"";26089.0;INTERNET MOVEL 2;0.00
2020-06-02;"";3914.0;INTERNET MOVEL 2;0.00
2020-06-03;"";21900.8;INTERNET MOVEL 2;0.00
2020-06-04;"";80352.6;INTERNET MOVEL 2;0.00
2020-06-05;"";16228.5;INTERNET MOVEL 2;0.00
2020-06-06;"";34514.4;INTERNET MOVEL 2;0.00
2020-06-07;"";2724.0;INTERNET MOVEL 2;0.00
2020-06-08;"";8007.8;INTERNET MOVEL 2;0.00
2020-06-09;"";35262.2;INTERNET MOVEL 2;0.00
2020-06-10;"";64120.5;INTERNET MOVEL 2;0.00
2020-06-11;"";2741.9;INTERNET MOVEL 2;0.00
2020-06-12;"";39303.5;INTERNET MOVEL 2;0.00
2020-06-13;"";4219.2;INTERNET MOVEL 2;0.00
2020-06-14;"";2645.9;INTERNET MOVEL 2;0.00
2020-06-15;"";41378.7;INTERNET MOVEL 2;0.00
2020-06-16;"";54769.2;INTERNET MOVEL 2;0.00
2020-06-17;"";53616.7;INTERNET MOVEL 2;0.00
2020-06-18;"";46007.7;INTERNET MOVEL 2;0.00
2020-06-19;"";92552.3;INTERNET MOVEL 2;0.00
2020-06-20;"";42825.4;INTERNET MOVEL 2;0.00
2020-06-21;"";24475.4;INTERNET MOVEL 2;0.00
2020-06-22;"";99760.8;INTERNET MOVEL 2;0.00
2020-06-23;"";71606.0;INTERNET MOVEL 2;0.00
2020-06-24;"";28963.8;INTERNET MOVEL 2;0.00
2020-06-25;"";24151.9;INTERNET MOVEL 2;0.00
2020-06-26;"";12203.9;INTERNET MOVEL 2;0.00
2020-06-27;"";14484.0;INTERNET MOVEL 2;0.00
2020-06-28;"";20088.6;INTERNET MOVEL 2;0.00
2020-06-29;"";44588.9;INTERNET MOVEL 2;0.00
2020-06-30;"";24.0;INTERNET MOVEL 2;0.00
