data_hora_inicio;nro_telefone_chamado;duracao_ligacao;desc_categoria;valor_ligacao
2020-06-01 17:29:25;51  21313333;8.0;Para Fixo Vivo;
2020-06-01 11:10:42;51  992592887;59.0;Para Celulares Vivo;
2020-06-10 09:33:44;51  992592887;34.0;Para Celulares Vivo;
2020-06-15 14:49:08;48  35210375;7.0;Para Fixo de Outras Operadoras;
2020-06-19 15:22:55;55  34339500;86.0;Para Fixo de Outras Operadoras;
2020-06-19 11:26:54;55  34131492;5.0;Para Fixo de Outras Operadoras;
2020-06-15 10:04:33;55  33265000;5.0;Para Fixo de Outras Operadoras;
2020-06-04 09:19:48;54  33423011;14.0;Para Fixo de Outras Operadoras;
2020-06-15 15:41:49;55  981543888;98.0;Para Celulares de Outras Operadoras;
2020-06-12 11:24:20;55  992352285;157.0;Para Celulares de Outras Operadoras;
2020-06-03 10:29:17;54  996052315;97.0;Para Celulares de Outras Operadoras;
2020-06-30 09:47:57;53  981159545;58.0;Para Celulares Vivo;
2020-06-19 11:27:45;55  999776441;34.0;Para Celulares Vivo;
2020-06-01 10:26:51;54  996830220;81.0;Para Celulares Vivo;
2020-06-30 21:03:54;53  32433033;11.0;Para Fixo de Outras Operadoras;
2020-06-10 14:05:58;53  981159545;104.0;Para Celulares Vivo;
2020-06-26 15:22:13;51  34414150;15.0;Para Fixo de Outras Operadoras;
2020-06-26 15:11:32;51  33464766;29.0;Para Fixo de Outras Operadoras;
2020-06-15 10:05:21;51  33265000;16.0;Para Fixo de Outras Operadoras;
2020-06-04 17:03:14;51  33464766;23.0;Para Fixo de Outras Operadoras;
2020-06-25 17:52:11;51  994626209;125.0;Para Celulares de Outras Operadoras;
2020-06-21 20:05:13;51  993581912;557.0;Para Celulares de Outras Operadoras;
2020-06-17 17:45:32;51  981528262;94.0;Para Celulares de Outras Operadoras;
2020-06-17 17:37:14;51  994626209;67.0;Para Celulares de Outras Operadoras;
2020-06-15 15:52:05;51  983498181;65.0;Para Celulares de Outras Operadoras;
2020-06-08 17:24:08;51  994626209;5.0;Para Celulares de Outras Operadoras;
2020-06-08 10:08:31;51  983498181;130.0;Para Celulares de Outras Operadoras;
2020-06-02 10:13:53;51  991153364;29.0;Para Celulares de Outras Operadoras;
2020-06-24 14:31:43;51  30415871;18.0;Para Fixo Vivo;
2020-06-29 11:11:46;51  992592887;52.0;Para Celulares Vivo;
2020-06-24 14:44:42;51  996701713;5.0;Para Celulares Vivo;
2020-06-16 19:18:44;51  999051977;287.0;Para Celulares Vivo;
2020-06-01;"";280.0;INTERNET MOVEL 2;0.00
2020-06-02;"";311.0;INTERNET MOVEL 2;0.00
2020-06-03;"";252.0;INTERNET MOVEL 2;0.00
2020-06-04;"";194.0;INTERNET MOVEL 2;0.00
2020-06-05;"";9687.9;INTERNET MOVEL 2;0.00
2020-06-06;"";5271.9;INTERNET MOVEL 2;0.00
2020-06-07;"";2258.0;INTERNET MOVEL 2;0.00
2020-06-08;"";14999.6;INTERNET MOVEL 2;0.00
2020-06-09;"";55533.3;INTERNET MOVEL 2;0.00
2020-06-10;"";47499.6;INTERNET MOVEL 2;0.00
2020-06-11;"";183.0;INTERNET MOVEL 2;0.00
2020-06-12;"";366.0;INTERNET MOVEL 2;0.00
2020-06-13;"";144.0;INTERNET MOVEL 2;0.00
2020-06-14;"";272.0;INTERNET MOVEL 2;0.00
2020-06-15;"";291.0;INTERNET MOVEL 2;0.00
2020-06-16;"";2557.1;INTERNET MOVEL 2;0.00
2020-06-17;"";5200.2;INTERNET MOVEL 2;0.00
2020-06-18;"";435.0;INTERNET MOVEL 2;0.00
2020-06-19;"";291.0;INTERNET MOVEL 2;0.00
2020-06-20;"";189.0;INTERNET MOVEL 2;0.00
2020-06-21;"";111.0;INTERNET MOVEL 2;0.00
2020-06-22;"";261.0;INTERNET MOVEL 2;0.00
2020-06-23;"";211.0;INTERNET MOVEL 2;0.00
2020-06-24;"";251.0;INTERNET MOVEL 2;0.00
2020-06-25;"";115.0;INTERNET MOVEL 2;0.00
2020-06-26;"";8494.2;INTERNET MOVEL 2;0.00
2020-06-27;"";199.0;INTERNET MOVEL 2;0.00
2020-06-28;"";288.0;INTERNET MOVEL 2;0.00
2020-06-29;"";18473.6;INTERNET MOVEL 2;0.00
2020-06-30;"";14285.5;INTERNET MOVEL 2;0.00
