data_hora_inicio;nro_telefone_chamado;duracao_ligacao;desc_categoria;valor_ligacao
2020-06-19 15:37:23;51  991943334;79.0;Para Celulares Vivo;
2020-06-08 16:43:14;51  991943334;22.0;Para Celulares Vivo;
2020-05-31;"";13.0;INTERNET MOVEL 2;0.00
2020-06-01;"";753.0;INTERNET MOVEL 2;0.00
2020-06-02;"";783.0;INTERNET MOVEL 2;0.00
2020-06-03;"";2051.0;INTERNET MOVEL 2;0.00
2020-06-04;"";717.0;INTERNET MOVEL 2;0.00
2020-06-05;"";817.0;INTERNET MOVEL 2;0.00
2020-06-06;"";1048.0;INTERNET MOVEL 2;0.00
2020-06-07;"";1474.0;INTERNET MOVEL 2;0.00
2020-06-08;"";756.0;INTERNET MOVEL 2;0.00
2020-06-09;"";549.0;INTERNET MOVEL 2;0.00
2020-06-10;"";2250.9;INTERNET MOVEL 2;0.00
2020-06-11;"";548.0;INTERNET MOVEL 2;0.00
2020-06-12;"";15241.5;INTERNET MOVEL 2;0.00
2020-06-13;"";1324.0;INTERNET MOVEL 2;0.00
2020-06-14;"";1012.0;INTERNET MOVEL 2;0.00
2020-06-15;"";1173.0;INTERNET MOVEL 2;0.00
2020-06-16;"";885.0;INTERNET MOVEL 2;0.00
2020-06-17;"";2971.4;INTERNET MOVEL 2;0.00
2020-06-18;"";3201.0;INTERNET MOVEL 2;0.00
2020-06-19;"";1750.6;INTERNET MOVEL 2;0.00
2020-06-20;"";35478.7;INTERNET MOVEL 2;0.00
2020-06-21;"";667.0;INTERNET MOVEL 2;0.00
2020-06-22;"";5365.5;INTERNET MOVEL 2;0.00
2020-06-23;"";1099.0;INTERNET MOVEL 2;0.00
2020-06-24;"";1221.0;INTERNET MOVEL 2;0.00
2020-06-25;"";935.0;INTERNET MOVEL 2;0.00
2020-06-26;"";16210.4;INTERNET MOVEL 2;0.00
2020-06-27;"";995.0;INTERNET MOVEL 2;0.00
2020-06-28;"";715.0;INTERNET MOVEL 2;0.00
2020-06-29;"";3748.2;INTERNET MOVEL 2;0.00
2020-06-30;"";507.0;INTERNET MOVEL 2;0.00
