data_hora_inicio;nro_telefone_chamado;duracao_ligacao;desc_categoria;valor_ligacao
2020-06-30 11:59:25;"";1.0;ADICIONAL;0.00
2020-06-30 11:51:26;51  984468666;5.0;Para Fixo Vivo;
2020-06-30 12:27:57;51  991813564;12.0;Para Celulares Vivo;
2020-06-30 12:27:57;51  991813564;0.0;Adicional por Ligacoes Realizadas;
2020-06-30 11:51:26;51  984468666;0.0;Adicional por Ligacoes Realizadas;
2020-06-30 08:41:16;98  21080409;0.0;Adicional por Ligacoes Realizadas;
2020-06-10 12:20:42;94  988065573;182.0;Para Celulares de Outras Operadoras;
2020-06-16 14:40:52;98  991550560;32.0;Para Celulares Vivo;
2020-06-16 09:38:12;98  991550560;62.0;Para Celulares Vivo;
2020-06-10 14:22:20;98  991001745;29.0;Para Celulares Vivo;
2020-06-02 18:14:33;94  991184476;37.0;Para Celulares Vivo;
2020-06-23 18:27:35;55  997180526;358.0;Para Celulares Vivo;
2020-06-14 19:14:42;55  997180526;10.0;Para Celulares Vivo;
2020-06-30 11:59:25;    ;58.0;Chamadas de Longa Distancia para Outros Estados;
2020-06-30 08:41:16;98  21080409;30.0;Para Fixo de Outras Operadoras;
2020-06-24 09:23:29;51  981229973;8.0;Para Celulares de Outras Operadoras;
2020-06-22 16:06:10;51  992011324;9.0;Para Celulares de Outras Operadoras;
2020-06-26 16:57:25;51  992592845;223.0;Para Celulares Vivo;
2020-06-23 17:01:59;51  992067522;55.0;Para Celulares Vivo;
2020-06-23 13:49:24;51  992067522;88.0;Para Celulares Vivo;
2020-06-23 13:47:00;51  992592845;17.0;Para Celulares Vivo;
2020-06-23 11:14:43;51  992592752;224.0;Para Celulares Vivo;
2020-06-22 15:38:07;51  992592752;275.0;Para Celulares Vivo;
2020-06-19 18:30:00;51  997184944;41.0;Para Celulares Vivo;
2020-06-18 09:40:42;51  992067522;137.0;Para Celulares Vivo;
2020-06-17 14:43:30;51  991813564;29.0;Para Celulares Vivo;
2020-06-17 13:36:42;51  992067522;18.0;Para Celulares Vivo;
2020-06-16 09:55:00;51  992067522;126.0;Para Celulares Vivo;
2020-06-16 09:44:48;51  994054961;93.0;Para Celulares Vivo;
2020-06-13 11:05:29;51  991813564;182.0;Para Celulares Vivo;
2020-06-12 17:51:25;51  992592752;263.0;Para Celulares Vivo;
2020-06-11 18:50:29;51  991813564;716.0;Para Celulares Vivo;
2020-06-11 13:08:49;51  991813564;52.0;Para Celulares Vivo;
2020-06-09 18:53:29;51  991813564;479.0;Para Celulares Vivo;
2020-06-05 16:40:47;51  992592752;5.0;Para Celulares Vivo;
2020-06-05 16:29:37;51  993119416;107.0;Para Celulares Vivo;
2020-06-05 15:35:54;51  996922316;59.0;Para Celulares Vivo;
2020-06-04 11:58:28;51  993119416;112.0;Para Celulares Vivo;
2020-06-04 11:17:48;51  993119416;5.0;Para Celulares Vivo;
2020-06-04 10:35:02;51  998525944;21.0;Para Celulares Vivo;
2020-06-01;"";26815.4;INTERNET MOVEL 2;0.00
2020-06-03;"";33.0;INTERNET MOVEL 2;0.00
2020-06-04;"";4511.0;INTERNET MOVEL 2;0.00
2020-06-06;"";11670.7;INTERNET MOVEL 2;0.00
2020-06-07;"";8.0;INTERNET MOVEL 2;0.00
2020-06-09;"";24.0;INTERNET MOVEL 2;0.00
2020-06-10;"";13.0;INTERNET MOVEL 2;0.00
2020-06-11;"";8.0;INTERNET MOVEL 2;0.00
2020-06-12;"";45481.8;INTERNET MOVEL 2;0.00
2020-06-13;"";13803.3;INTERNET MOVEL 2;0.00
2020-06-14;"";1230.0;INTERNET MOVEL 2;0.00
2020-06-17;"";9.0;INTERNET MOVEL 2;0.00
2020-06-18;"";145.0;INTERNET MOVEL 2;0.00
2020-06-20;"";106805.6;INTERNET MOVEL 2;0.00
2020-06-21;"";1202.0;INTERNET MOVEL 2;0.00
2020-06-22;"";2315.0;INTERNET MOVEL 2;0.00
2020-06-23;"";40164.0;INTERNET MOVEL 2;0.00
2020-06-25;"";4579.3;INTERNET MOVEL 2;0.00
2020-06-26;"";11541.4;INTERNET MOVEL 2;0.00
2020-06-27;"";7118.4;INTERNET MOVEL 2;0.00
2020-06-29;"";177890.0;INTERNET MOVEL 2;0.00
2020-06-30;"";96761.8;INTERNET MOVEL 2;0.00
