data_hora_inicio;nro_telefone_chamado;duracao_ligacao;desc_categoria;valor_ligacao
2020-06-01 08:28:48;53  991701000;10.0;Para Celulares de Outras Operadoras;
2020-06-30 10:46:55;55  981438657;31.0;Para Celulares de Outras Operadoras;
2020-06-29 13:48:18;19  981633580;91.0;Para Celulares de Outras Operadoras;
2020-06-25 17:27:55;19  981633580;5.0;Para Celulares de Outras Operadoras;
2020-06-15 16:46:04;55  981438657;43.0;Para Celulares de Outras Operadoras;
2020-06-15 14:30:29;19  981633580;9.0;Para Celulares de Outras Operadoras;
2020-06-13 16:16:03;19  981633580;8.0;Para Celulares de Outras Operadoras;
2020-06-13 13:02:23;19  981633580;8.0;Para Celulares de Outras Operadoras;
2020-06-12 10:49:16;12  982640005;22.0;Para Celulares de Outras Operadoras;
2020-06-10 21:34:58;12  982640005;11.0;Para Celulares de Outras Operadoras;
2020-06-10 17:34:50;19  981633580;5.0;Para Celulares de Outras Operadoras;
2020-06-10 08:27:29;13  991318049;18.0;Para Celulares de Outras Operadoras;
2020-06-09 14:17:19;13  991318049;5.0;Para Celulares de Outras Operadoras;
2020-06-08 17:18:20;19  981633580;5.0;Para Celulares de Outras Operadoras;
2020-06-06 10:45:53;55  981438657;405.0;Para Celulares de Outras Operadoras;
2020-06-05 11:38:37;13  991318049;5.0;Para Celulares de Outras Operadoras;
2020-06-04 16:49:51;19  981633580;29.0;Para Celulares de Outras Operadoras;
2020-06-02 18:31:31;55  981438657;5.0;Para Celulares de Outras Operadoras;
2020-06-02 18:30:30;55  981438657;5.0;Para Celulares de Outras Operadoras;
2020-06-02 16:28:12;19  981633580;5.0;Para Celulares de Outras Operadoras;
2020-06-26 15:51:51;11  950425576;90.0;Para Celulares Vivo;
2020-06-26 15:18:48;11  997222456;66.0;Para Celulares Vivo;
2020-06-24 14:27:42;51  992592629;147.0;Para Celulares Vivo;
2020-06-24 14:09:14;11  984229596;63.0;Para Celulares Vivo;
2020-06-24 10:53:59;11  984229596;5.0;Para Celulares Vivo;
2020-06-23 15:05:05;51  992592629;96.0;Para Celulares Vivo;
2020-06-22 14:14:12;11  997222456;60.0;Para Celulares Vivo;
2020-06-15 11:21:24;11  984229596;27.0;Para Celulares Vivo;
2020-06-10 10:19:46;11  950425576;28.0;Para Celulares Vivo;
2020-06-09 15:08:31;11  950425576;5.0;Para Celulares Vivo;
2020-06-09 15:06:24;51  992592629;13.0;Para Celulares Vivo;
2020-06-09 14:38:54;11  984229596;5.0;Para Celulares Vivo;
2020-06-08 17:03:44;11  974234886;62.0;Para Celulares Vivo;
2020-06-08 17:02:42;11  974234886;7.0;Para Celulares Vivo;
2020-06-03 11:22:43;51  996820018;5.0;Para Celulares Vivo;
2020-06-03 11:14:17;51  996820018;5.0;Para Celulares Vivo;
2020-06-01 15:54:14;51  994054961;30.0;Para Celulares Vivo;
2020-06-01 11:27:07;11  997222456;31.0;Para Celulares Vivo;
2020-06-30 16:48:01;53  984038363;13.0;Para Celulares de Outras Operadoras;
2020-06-30 16:03:41;53  991498616;5.0;Para Celulares de Outras Operadoras;
2020-06-22 15:11:00;53  991498616;5.0;Para Celulares de Outras Operadoras;
2020-06-22 09:28:35;53  991701000;5.0;Para Celulares de Outras Operadoras;
2020-06-16 15:52:54;53  991644738;9.0;Para Celulares de Outras Operadoras;
2020-06-16 15:19:51;53  991498616;5.0;Para Celulares de Outras Operadoras;
2020-06-15 16:43:31;53  991383332;13.0;Para Celulares de Outras Operadoras;
2020-06-15 13:33:58;53  991498616;12.0;Para Celulares de Outras Operadoras;
2020-06-15 13:03:00;53  984354921;5.0;Para Celulares de Outras Operadoras;
2020-06-15 11:54:23;53  981209814;5.0;Para Celulares de Outras Operadoras;
2020-06-13 09:30:06;53  991644738;5.0;Para Celulares de Outras Operadoras;
2020-06-10 10:31:55;53  991498616;5.0;Para Celulares de Outras Operadoras;
2020-06-09 10:00:17;53  991644738;5.0;Para Celulares de Outras Operadoras;
2020-06-02 16:26:18;53  991644738;5.0;Para Celulares de Outras Operadoras;
2020-06-02 07:49:45;53  991644738;5.0;Para Celulares de Outras Operadoras;
2020-06-30 20:08:33;53  981384416;5.0;Para Fixo Vivo;
2020-06-26 08:45:29;53  999567919;5.0;Para Celulares Vivo;
2020-06-19 08:32:46;53  999567919;5.0;Para Celulares Vivo;
2020-06-13 09:08:19;53  999567919;5.0;Para Celulares Vivo;
2020-06-05 08:37:29;53  999567919;5.0;Para Celulares Vivo;
2020-06-04 08:38:47;53  999567919;5.0;Para Celulares Vivo;
2020-06-01;"";5134.0;INTERNET MOVEL 2;0.00
2020-06-02;"";6538.2;INTERNET MOVEL 2;0.00
2020-06-03;"";6826.7;INTERNET MOVEL 2;0.00
2020-06-04;"";6922.4;INTERNET MOVEL 2;0.00
2020-06-05;"";24240.8;INTERNET MOVEL 2;0.00
2020-06-06;"";7402.5;INTERNET MOVEL 2;0.00
2020-06-07;"";6345.1;INTERNET MOVEL 2;0.00
2020-06-08;"";15033.0;INTERNET MOVEL 2;0.00
2020-06-09;"";16966.7;INTERNET MOVEL 2;0.00
2020-06-10;"";6657.2;INTERNET MOVEL 2;0.00
2020-06-11;"";8489.9;INTERNET MOVEL 2;0.00
2020-06-12;"";4775.9;INTERNET MOVEL 2;0.00
2020-06-13;"";7036.3;INTERNET MOVEL 2;0.00
2020-06-14;"";4123.6;INTERNET MOVEL 2;0.00
2020-06-15;"";16094.9;INTERNET MOVEL 2;0.00
2020-06-16;"";6553.0;INTERNET MOVEL 2;0.00
2020-06-17;"";3484.4;INTERNET MOVEL 2;0.00
2020-06-18;"";9637.4;INTERNET MOVEL 2;0.00
2020-06-19;"";5564.6;INTERNET MOVEL 2;0.00
2020-06-20;"";15458.0;INTERNET MOVEL 2;0.00
2020-06-21;"";4178.2;INTERNET MOVEL 2;0.00
2020-06-22;"";5820.4;INTERNET MOVEL 2;0.00
2020-06-23;"";8166.3;INTERNET MOVEL 2;0.00
2020-06-24;"";5361.1;INTERNET MOVEL 2;0.00
2020-06-25;"";5754.4;INTERNET MOVEL 2;0.00
2020-06-26;"";14387.2;INTERNET MOVEL 2;0.00
2020-06-27;"";4796.2;INTERNET MOVEL 2;0.00
2020-06-28;"";1534.8;INTERNET MOVEL 2;0.00
2020-06-29;"";8601.6;INTERNET MOVEL 2;0.00
2020-06-30;"";8448.0;INTERNET MOVEL 2;0.00
