data_hora_inicio;nro_telefone_chamado;duracao_ligacao;desc_categoria;valor_ligacao
2020-06-19 22:09:19;51  34684249;5.0;Para Fixo de Outras Operadoras;
2020-06-02;"";87.0;INTERNET MOVEL 2;0.00
2020-06-03;"";117.0;INTERNET MOVEL 2;0.00
2020-06-04;"";35.0;INTERNET MOVEL 2;0.00
2020-06-05;"";52850.4;INTERNET MOVEL 2;0.00
2020-06-06;"";204.0;INTERNET MOVEL 2;0.00
2020-06-09;"";215.0;INTERNET MOVEL 2;0.00
2020-06-10;"";283.0;INTERNET MOVEL 2;0.00
2020-06-11;"";118.0;INTERNET MOVEL 2;0.00
2020-06-12;"";10875.4;INTERNET MOVEL 2;0.00
2020-06-13;"";238.0;INTERNET MOVEL 2;0.00
2020-06-14;"";163.0;INTERNET MOVEL 2;0.00
2020-06-15;"";145.0;INTERNET MOVEL 2;0.00
2020-06-16;"";58.0;INTERNET MOVEL 2;0.00
2020-06-17;"";179.0;INTERNET MOVEL 2;0.00
2020-06-18;"";87.0;INTERNET MOVEL 2;0.00
2020-06-19;"";5663.3;INTERNET MOVEL 2;0.00
2020-06-20;"";110.0;INTERNET MOVEL 2;0.00
2020-06-22;"";35.0;INTERNET MOVEL 2;0.00
2020-06-24;"";6675.4;INTERNET MOVEL 2;0.00
2020-06-25;"";32.0;INTERNET MOVEL 2;0.00
2020-06-27;"";97.0;INTERNET MOVEL 2;0.00
2020-06-30;"";12572.9;INTERNET MOVEL 2;0.00
2020-07-01;"";176.0;INTERNET MOVEL 2;0.00
