data_hora_inicio;nro_telefone_chamado;duracao_ligacao;desc_categoria;valor_ligacao
2020-06-01;"";135778.8;INTERNET MOVEL 2;0.00
2020-06-02;"";207698.8;INTERNET MOVEL 2;0.00
2020-06-03;"";346715.6;INTERNET MOVEL 2;0.00
2020-06-04;"";342739.4;INTERNET MOVEL 2;0.00
2020-06-05;"";227386.3;INTERNET MOVEL 2;0.00
2020-06-06;"";76772.4;INTERNET MOVEL 2;0.00
2020-06-07;"";88277.2;INTERNET MOVEL 2;0.00
2020-06-08;"";66921.5;INTERNET MOVEL 2;0.00
2020-06-09;"";96874.7;INTERNET MOVEL 2;0.00
2020-06-10;"";46087.7;INTERNET MOVEL 2;0.00
2020-06-11;"";51445.1;INTERNET MOVEL 2;0.00
2020-06-12;"";60664.5;INTERNET MOVEL 2;0.00
2020-06-13;"";72017.5;INTERNET MOVEL 2;0.00
2020-06-14;"";31300.3;INTERNET MOVEL 2;0.00
2020-06-15;"";75370.1;INTERNET MOVEL 2;0.00
2020-06-16;"";74998.5;INTERNET MOVEL 2;0.00
2020-06-17;"";54086.3;INTERNET MOVEL 2;0.00
2020-06-18;"";85427.7;INTERNET MOVEL 2;0.00
2020-06-19;"";174726.2;INTERNET MOVEL 2;0.00
2020-06-20;"";151903.1;INTERNET MOVEL 2;0.00
2020-06-21;"";4645.0;INTERNET MOVEL 2;0.00
2020-06-22;"";73434.7;INTERNET MOVEL 2;0.00
2020-06-23;"";110048.5;INTERNET MOVEL 2;0.00
2020-06-24;"";50841.1;INTERNET MOVEL 2;0.00
2020-06-25;"";43798.5;INTERNET MOVEL 2;0.00
2020-06-26;"";57413.4;INTERNET MOVEL 2;0.00
2020-06-27;"";43225.7;INTERNET MOVEL 2;0.00
2020-06-28;"";6563.0;INTERNET MOVEL 2;0.00
2020-06-29;"";269387.9;INTERNET MOVEL 2;0.00
2020-06-30;"";36486.6;INTERNET MOVEL 2;0.00
2020-07-01;"";2188.0;INTERNET MOVEL 2;0.00
