data_hora_inicio;nro_telefone_chamado;duracao_ligacao;desc_categoria;valor_ligacao
2020-06-26 11:43:35;51982170567;1.0;GRATIS-SMS;0.00
2020-06-25 15:20:24;51999738153;1.0;GRATIS-SMS;0.00
2020-06-23 14:49:16;51997856636;1.0;GRATIS-SMS;0.00
2020-06-03 14:48:17;51  30196877;32.0;Para Fixo de Outras Operadoras;
2020-06-03 14:30:38;51  30196877;20.0;Para Fixo de Outras Operadoras;
2020-06-03 14:13:43;51  30196877;14.0;Para Fixo de Outras Operadoras;
2020-06-02 14:50:18;51  30196877;5.0;Para Fixo de Outras Operadoras;
2020-06-02 14:40:22;51  30196877;36.0;Para Fixo de Outras Operadoras;
2020-06-02 14:35:52;51  30196877;6.0;Para Fixo de Outras Operadoras;
2020-06-02 13:28:31;51  30196877;5.0;Para Fixo de Outras Operadoras;
2020-06-02 11:12:54;51  30196877;18.0;Para Fixo de Outras Operadoras;
2020-06-30 14:26:39;51  984803864;5.0;Para Celulares de Outras Operadoras;
2020-06-30 13:06:39;51  992255947;5.0;Para Celulares de Outras Operadoras;
2020-06-30 12:17:20;51  992255947;139.0;Para Celulares de Outras Operadoras;
2020-06-30 11:39:20;51  984803864;13.0;Para Celulares de Outras Operadoras;
2020-06-29 18:29:22;51  992255947;5.0;Para Celulares de Outras Operadoras;
2020-06-29 18:10:14;51  992255947;5.0;Para Celulares de Outras Operadoras;
2020-06-29 16:10:03;51  981323737;212.0;Para Celulares de Outras Operadoras;
2020-06-29 13:11:41;51  985247613;5.0;Para Celulares de Outras Operadoras;
2020-06-29 10:42:09;51  985247613;5.0;Para Celulares de Outras Operadoras;
2020-06-29 08:11:45;51  992255947;5.0;Para Celulares de Outras Operadoras;
2020-06-28 17:27:17;51  991694329;123.0;Para Celulares de Outras Operadoras;
2020-06-28 12:05:42;51  992255947;5.0;Para Celulares de Outras Operadoras;
2020-06-28 11:36:04;51  991694329;99.0;Para Celulares de Outras Operadoras;
2020-06-26 11:44:51;51  992255947;5.0;Para Celulares de Outras Operadoras;
2020-06-24 19:54:45;51  992255947;5.0;Para Celulares de Outras Operadoras;
2020-06-24 19:40:24;51  994056000;14.0;Para Celulares de Outras Operadoras;
2020-06-24 09:47:24;51  992255947;5.0;Para Celulares de Outras Operadoras;
2020-06-23 20:05:44;51  992255947;5.0;Para Celulares de Outras Operadoras;
2020-06-23 12:27:48;51  992255947;5.0;Para Celulares de Outras Operadoras;
2020-06-22 18:46:04;51  992255947;5.0;Para Celulares de Outras Operadoras;
2020-06-22 11:40:02;51  992255947;12.0;Para Celulares de Outras Operadoras;
2020-06-20 19:51:05;51  991694329;54.0;Para Celulares de Outras Operadoras;
2020-06-19 09:52:59;51  992255947;5.0;Para Celulares de Outras Operadoras;
2020-06-18 19:54:00;51  992255947;5.0;Para Celulares de Outras Operadoras;
2020-06-17 17:50:24;51  984477007;5.0;Para Celulares de Outras Operadoras;
2020-06-17 16:13:04;51  981323737;21.0;Para Celulares de Outras Operadoras;
2020-06-16 18:22:54;51  992255947;5.0;Para Celulares de Outras Operadoras;
2020-06-15 12:19:54;51  992255947;5.0;Para Celulares de Outras Operadoras;
2020-06-14 13:18:01;51  992255947;5.0;Para Celulares de Outras Operadoras;
2020-06-14 12:59:07;51  992255947;11.0;Para Celulares de Outras Operadoras;
2020-06-14 10:52:53;51  992255947;5.0;Para Celulares de Outras Operadoras;
2020-06-14 10:43:06;51  992255947;5.0;Para Celulares de Outras Operadoras;
2020-06-14 10:21:42;51  991694329;6.0;Para Celulares de Outras Operadoras;
2020-06-14 10:15:30;51  991694329;14.0;Para Celulares de Outras Operadoras;
2020-06-14 09:43:04;51  992255947;5.0;Para Celulares de Outras Operadoras;
2020-06-14 09:35:34;51  992255947;45.0;Para Celulares de Outras Operadoras;
2020-06-13 20:50:43;51  991694329;8.0;Para Celulares de Outras Operadoras;
2020-06-13 19:30:35;51  991694329;60.0;Para Celulares de Outras Operadoras;
2020-06-13 16:05:06;51  992255947;7.0;Para Celulares de Outras Operadoras;
2020-06-13 15:37:12;51  992255947;7.0;Para Celulares de Outras Operadoras;
2020-06-11 23:48:54;51  992255947;5.0;Para Celulares de Outras Operadoras;
2020-06-11 19:46:37;51  992255947;16.0;Para Celulares de Outras Operadoras;
2020-06-10 20:11:12;51  992255947;6.0;Para Celulares de Outras Operadoras;
2020-06-10 09:55:02;51  992255947;5.0;Para Celulares de Outras Operadoras;
2020-06-09 18:05:32;51  992255947;5.0;Para Celulares de Outras Operadoras;
2020-06-09 17:52:06;51  992255947;7.0;Para Celulares de Outras Operadoras;
2020-06-09 14:02:50;51  992255947;16.0;Para Celulares de Outras Operadoras;
2020-06-09 10:50:52;51  992255947;106.0;Para Celulares de Outras Operadoras;
2020-06-08 13:56:07;51  981188069;26.0;Para Celulares de Outras Operadoras;
2020-06-08 10:56:26;51  999737123;10.0;Para Celulares de Outras Operadoras;
2020-06-05 10:25:15;51  992040185;18.0;Para Celulares de Outras Operadoras;
2020-06-05 09:00:24;51  991694329;22.0;Para Celulares de Outras Operadoras;
2020-06-04 19:27:12;51  991446210;745.0;Para Celulares de Outras Operadoras;
2020-06-04 17:49:42;51  991694329;155.0;Para Celulares de Outras Operadoras;
2020-06-04 17:36:38;51  992255947;11.0;Para Celulares de Outras Operadoras;
2020-06-04 15:26:45;51  993778797;66.0;Para Celulares de Outras Operadoras;
2020-06-04 15:25:11;51  993778797;11.0;Para Celulares de Outras Operadoras;
2020-06-04 14:50:56;51  992255947;5.0;Para Celulares de Outras Operadoras;
2020-06-04 10:08:22;51  985482739;5.0;Para Celulares de Outras Operadoras;
2020-06-03 22:59:55;51  992255947;9.0;Para Celulares de Outras Operadoras;
2020-06-03 21:53:14;51  992255947;19.0;Para Celulares de Outras Operadoras;
2020-06-03 12:26:03;51  985482739;11.0;Para Celulares de Outras Operadoras;
2020-06-03 09:47:25;51  993381411;7.0;Para Celulares de Outras Operadoras;
2020-06-03 08:58:56;51  991534846;7.0;Para Celulares de Outras Operadoras;
2020-06-03 08:50:53;51  992255947;5.0;Para Celulares de Outras Operadoras;
2020-06-02 16:14:21;51  985337865;5.0;Para Celulares de Outras Operadoras;
2020-06-02 14:13:11;51  993381411;10.0;Para Celulares de Outras Operadoras;
2020-06-02 14:05:35;51  993043054;5.0;Para Celulares de Outras Operadoras;
2020-06-02 11:15:45;51  992255947;56.0;Para Celulares de Outras Operadoras;
2020-06-02 10:59:03;51  991477774;15.0;Para Celulares de Outras Operadoras;
2020-06-27 17:07:10;51  30857500;8.0;Para Fixo Vivo;
2020-06-27 14:31:20;51  39070108;10.0;Para Fixo Vivo;
2020-06-27 13:50:19;51  30857500;16.0;Para Fixo Vivo;
2020-06-27 13:49:27;51  30857500;5.0;Para Fixo Vivo;
2020-06-19 10:02:42;51  30857500;5.0;Para Fixo Vivo;
2020-06-18 18:19:05;51  30857500;5.0;Para Fixo Vivo;
2020-06-18 18:17:47;51  30857500;5.0;Para Fixo Vivo;
2020-06-18 12:09:46;51  981081685;10.0;Para Fixo Vivo;
2020-06-16 15:11:11;51  985875838;50.0;Para Fixo Vivo;
2020-06-10 14:34:31;51  985064568;53.0;Para Fixo Vivo;
2020-06-10 10:59:09;51  30857500;25.0;Para Fixo Vivo;
2020-06-30 14:47:01;51  995703191;5.0;Para Celulares Vivo;
2020-06-29 21:39:04;51  992518679;35.0;Para Celulares Vivo;
2020-06-29 20:53:58;51  984471177;111.0;Para Celulares Vivo;
2020-06-29 16:00:36;51  982170567;92.0;Para Celulares Vivo;
2020-06-29 14:56:45;51  981310222;19.0;Para Celulares Vivo;
2020-06-29 13:03:28;51  999856858;8.0;Para Celulares Vivo;
2020-06-29 12:42:56;51  995164557;5.0;Para Celulares Vivo;
2020-06-29 11:44:31;51  995703191;5.0;Para Celulares Vivo;
2020-06-29 11:19:40;51  999402284;152.0;Para Celulares Vivo;
2020-06-29 11:17:45;51  999402284;13.0;Para Celulares Vivo;
2020-06-28 21:39:03;51  992518679;11.0;Para Celulares Vivo;
2020-06-28 18:35:31;51  984471177;101.0;Para Celulares Vivo;
2020-06-28 12:06:35;51  984471177;36.0;Para Celulares Vivo;
2020-06-27 20:25:33;51  984471177;93.0;Para Celulares Vivo;
2020-06-26 17:41:10;51  999738153;8.0;Para Celulares Vivo;
2020-06-26 17:38:23;51  999738153;25.0;Para Celulares Vivo;
2020-06-26 14:26:14;51  999856858;49.0;Para Celulares Vivo;
2020-06-26 12:31:07;51  984567966;128.0;Para Celulares Vivo;
2020-06-26 12:13:49;51  984471177;118.0;Para Celulares Vivo;
2020-06-24 23:12:18;51  984471177;54.0;Para Celulares Vivo;
2020-06-24 19:24:52;51  999402284;125.0;Para Celulares Vivo;
2020-06-24 18:36:05;51  999402284;5.0;Para Celulares Vivo;
2020-06-24 14:46:47;51  999402284;148.0;Para Celulares Vivo;
2020-06-24 13:43:54;51  999402284;16.0;Para Celulares Vivo;
2020-06-23 23:14:38;51  999402284;5.0;Para Celulares Vivo;
2020-06-23 22:56:19;51  984471177;18.0;Para Celulares Vivo;
2020-06-23 17:59:04;51  992518679;15.0;Para Celulares Vivo;
2020-06-23 17:31:19;51  997856636;273.0;Para Celulares Vivo;
2020-06-23 16:31:00;51  999402284;287.0;Para Celulares Vivo;
2020-06-23 14:25:47;51  999856858;71.0;Para Celulares Vivo;
2020-06-23 13:46:02;51  999402284;74.0;Para Celulares Vivo;
2020-06-23 10:39:27;51  999402284;120.0;Para Celulares Vivo;
2020-06-22 21:41:51;51  992518679;25.0;Para Celulares Vivo;
2020-06-22 16:49:37;51  999402284;6.0;Para Celulares Vivo;
2020-06-22 15:44:24;51  999402284;132.0;Para Celulares Vivo;
2020-06-22 15:27:30;51  999402284;129.0;Para Celulares Vivo;
2020-06-22 14:02:21;51  999402284;11.0;Para Celulares Vivo;
2020-06-22 12:39:05;51  982170567;58.0;Para Celulares Vivo;
2020-06-22 11:27:39;51  999856858;108.0;Para Celulares Vivo;
2020-06-21 21:25:09;51  984471177;171.0;Para Celulares Vivo;
2020-06-21 13:54:55;51  992518679;8.0;Para Celulares Vivo;
2020-06-21 11:04:20;51  992518679;13.0;Para Celulares Vivo;
2020-06-20 21:46:45;51  984471177;48.0;Para Celulares Vivo;
2020-06-20 20:54:44;51  992518679;10.0;Para Celulares Vivo;
2020-06-20 19:09:59;51  984471177;25.0;Para Celulares Vivo;
2020-06-20 18:55:02;51  984471177;21.0;Para Celulares Vivo;
2020-06-20 18:08:49;51  984471177;42.0;Para Celulares Vivo;
2020-06-19 19:46:37;51  992518679;5.0;Para Celulares Vivo;
2020-06-19 19:45:17;51  992518679;5.0;Para Celulares Vivo;
2020-06-19 15:03:19;51  999856858;11.0;Para Celulares Vivo;
2020-06-19 12:14:03;51  984471177;5.0;Para Celulares Vivo;
2020-06-18 20:10:41;51  992518679;22.0;Para Celulares Vivo;
2020-06-18 17:59:54;51  992518679;9.0;Para Celulares Vivo;
2020-06-18 17:59:01;51  992518679;5.0;Para Celulares Vivo;
2020-06-18 17:18:08;51  999359674;8.0;Para Celulares Vivo;
2020-06-18 12:00:25;51  995164557;7.0;Para Celulares Vivo;
2020-06-17 17:06:03;51  982170567;9.0;Para Celulares Vivo;
2020-06-17 12:27:56;51  999402284;14.0;Para Celulares Vivo;
2020-06-16 19:46:28;51  984471177;37.0;Para Celulares Vivo;
2020-06-16 16:07:16;51  999856858;34.0;Para Celulares Vivo;
2020-06-16 14:39:04;51  999856858;7.0;Para Celulares Vivo;
2020-06-16 11:10:29;51  992518679;34.0;Para Celulares Vivo;
2020-06-15 19:50:49;51  999402284;154.0;Para Celulares Vivo;
2020-06-15 19:39:37;51  999402284;104.0;Para Celulares Vivo;
2020-06-15 19:34:43;51  999856858;43.0;Para Celulares Vivo;
2020-06-14 21:00:26;51  992518679;70.0;Para Celulares Vivo;
2020-06-14 20:31:19;51  984471177;288.0;Para Celulares Vivo;
2020-06-14 20:07:32;51  984471177;234.0;Para Celulares Vivo;
2020-06-14 16:23:12;51  997856636;12.0;Para Celulares Vivo;
2020-06-14 10:17:23;51  997856636;10.0;Para Celulares Vivo;
2020-06-13 22:27:39;51  992518679;6.0;Para Celulares Vivo;
2020-06-13 14:20:45;51  992518679;29.0;Para Celulares Vivo;
2020-06-12 20:23:37;51  992518679;19.0;Para Celulares Vivo;
2020-06-12 17:15:46;51  992518679;10.0;Para Celulares Vivo;
2020-06-12 14:10:49;51  999198987;5.0;Para Celulares Vivo;
2020-06-12 13:39:42;51  984471177;44.0;Para Celulares Vivo;
2020-06-12 11:42:08;51  996176814;5.0;Para Celulares Vivo;
2020-06-12 11:18:58;51  996176814;5.0;Para Celulares Vivo;
2020-06-10 23:51:03;51  992518679;10.0;Para Celulares Vivo;
2020-06-10 23:36:08;51  992518679;19.0;Para Celulares Vivo;
2020-06-10 23:06:11;51  992518679;10.0;Para Celulares Vivo;
2020-06-10 21:46:42;51  992518679;7.0;Para Celulares Vivo;
2020-06-10 17:31:06;51  984471177;17.0;Para Celulares Vivo;
2020-06-10 14:20:41;51  995703191;9.0;Para Celulares Vivo;
2020-06-10 14:18:50;51  999856858;5.0;Para Celulares Vivo;
2020-06-10 14:03:30;51  995703191;5.0;Para Celulares Vivo;
2020-06-10 11:21:19;51  992518679;7.0;Para Celulares Vivo;
2020-06-10 11:17:42;51  999402284;33.0;Para Celulares Vivo;
2020-06-10 10:51:49;51  999856858;12.0;Para Celulares Vivo;
2020-06-10 10:04:06;51  994102552;5.0;Para Celulares Vivo;
2020-06-09 19:00:42;51  999856858;75.0;Para Celulares Vivo;
2020-06-09 18:48:17;51  999856858;20.0;Para Celulares Vivo;
2020-06-09 12:29:41;51  999402284;351.0;Para Celulares Vivo;
2020-06-09 10:15:15;51  999198987;17.0;Para Celulares Vivo;
2020-06-08 21:16:13;51  999856858;19.0;Para Celulares Vivo;
2020-06-08 18:53:34;51  992518679;76.0;Para Celulares Vivo;
2020-06-08 17:34:26;51  999856858;27.0;Para Celulares Vivo;
2020-06-08 17:28:05;51  996176814;24.0;Para Celulares Vivo;
2020-06-08 15:00:46;51  995256975;76.0;Para Celulares Vivo;
2020-06-08 14:37:33;51  999856858;12.0;Para Celulares Vivo;
2020-06-07 21:25:49;51  992518679;6.0;Para Celulares Vivo;
2020-06-07 16:21:57;51  992518679;10.0;Para Celulares Vivo;
2020-06-07 11:38:18;51  992518679;5.0;Para Celulares Vivo;
2020-06-06 18:48:24;51  984471177;8.0;Para Celulares Vivo;
2020-06-06 12:47:47;51  984471177;5.0;Para Celulares Vivo;
2020-06-06 10:07:02;51  999402284;5.0;Para Celulares Vivo;
2020-06-06 09:22:23;51  999856858;16.0;Para Celulares Vivo;
2020-06-05 19:47:29;51  992518679;18.0;Para Celulares Vivo;
2020-06-05 18:16:19;51  992518679;14.0;Para Celulares Vivo;
2020-06-01 17:38:26;51  982370870;19.0;Para Celulares de Outras Operadoras;
2020-06-01 17:14:22;51  996482767;19.0;Para Celulares de Outras Operadoras;
2020-06-01 15:37:49;51  996482767;20.0;Para Celulares de Outras Operadoras;
2020-06-01 11:04:46;51  991534846;5.0;Para Celulares de Outras Operadoras;
2020-06-01 11:47:02;51  33288677;7.0;Para Fixo Vivo;
2020-06-01 21:26:01;51  984471177;193.0;Para Celulares Vivo;
2020-06-01 17:53:31;51  999856858;11.0;Para Celulares Vivo;
2020-06-01 12:02:27;51  999402284;14.0;Para Celulares Vivo;
2020-06-01 10:28:00;51  984471177;223.0;Para Celulares Vivo;
2020-06-01 09:50:42;51  997934129;24.0;Para Celulares Vivo;
2020-06-01 09:47:05;51  999856858;30.0;Para Celulares Vivo;
2020-06-24 16:30:38;11  998885959;130.0;Para Celulares Vivo;
2020-06-24 16:28:29;11  998885959;5.0;Para Celulares Vivo;
2020-06-17 11:36:14;54  999736274;9.0;Para Celulares Vivo;
2020-06-15 08:36:11;54  999736274;14.0;Para Celulares Vivo;
2020-06-30 15:15:48;51  30610558;5.0;Para Fixo de Outras Operadoras;
2020-06-29 13:17:12;51  32683208;12.0;Para Fixo de Outras Operadoras;
2020-06-25 11:56:19;51  33391679;5.0;Para Fixo de Outras Operadoras;
2020-06-24 19:40:00;51  30868400;5.0;Para Fixo de Outras Operadoras;
2020-06-23 15:58:08;51  33598685;20.0;Para Fixo de Outras Operadoras;
2020-06-22 11:47:35;51  36003030;6.0;Para Fixo de Outras Operadoras;
2020-06-15 15:04:48;51  31312000;7.0;Para Fixo de Outras Operadoras;
2020-06-10 14:13:05;51  30127049;52.0;Para Fixo de Outras Operadoras;
2020-06-05 17:02:33;51  30196877;5.0;Para Fixo de Outras Operadoras;
2020-06-04 11:01:33;51  30196877;15.0;Para Fixo de Outras Operadoras;
2020-06-03 16:21:11;51  30196877;17.0;Para Fixo de Outras Operadoras;
2020-06-05 16:36:06;51  992518679;7.0;Para Celulares Vivo;
2020-06-05 12:40:49;51  999856858;8.0;Para Celulares Vivo;
2020-06-04 15:02:11;51  999738153;5.0;Para Celulares Vivo;
2020-06-04 12:57:33;51  999402284;5.0;Para Celulares Vivo;
2020-06-04 12:29:13;51  999402284;7.0;Para Celulares Vivo;
2020-06-04 12:26:13;51  999856858;25.0;Para Celulares Vivo;
2020-06-04 10:09:15;51  999402284;5.0;Para Celulares Vivo;
2020-06-03 22:41:16;51  992518679;25.0;Para Celulares Vivo;
2020-06-03 18:31:00;51  995152302;5.0;Para Celulares Vivo;
2020-06-03 13:39:27;51  997934129;5.0;Para Celulares Vivo;
2020-06-03 11:39:31;51  999402284;6.0;Para Celulares Vivo;
2020-06-03 11:35:52;51  999856858;21.0;Para Celulares Vivo;
2020-06-03 11:22:33;51  999402284;27.0;Para Celulares Vivo;
2020-06-03 11:13:49;51  997934129;47.0;Para Celulares Vivo;
2020-06-03 11:10:55;51  999402284;14.0;Para Celulares Vivo;
2020-06-03 11:06:51;51  999749655;6.0;Para Celulares Vivo;
2020-06-03 11:00:47;51  999402284;11.0;Para Celulares Vivo;
2020-06-03 09:48:25;51  999856858;24.0;Para Celulares Vivo;
2020-06-03 09:08:28;51  999198987;5.0;Para Celulares Vivo;
2020-06-02 21:13:55;51  992518679;6.0;Para Celulares Vivo;
2020-06-02 19:00:55;51  999856858;14.0;Para Celulares Vivo;
2020-06-02 17:57:36;51  992518679;6.0;Para Celulares Vivo;
2020-06-02 17:36:45;51  984471177;204.0;Para Celulares Vivo;
2020-06-02 16:26:39;51  997934129;70.0;Para Celulares Vivo;
2020-06-02 16:13:43;51  995703191;5.0;Para Celulares Vivo;
2020-06-02 16:10:28;51  999856858;5.0;Para Celulares Vivo;
2020-06-02 11:21:36;51  999856858;13.0;Para Celulares Vivo;
2020-06-02 10:35:05;51  984471177;233.0;Para Celulares Vivo;
2020-06-02 10:10:48;51  999892312;5.0;Para Celulares Vivo;
2020-06-02 09:54:34;51  999856858;145.0;Para Celulares Vivo;
2020-06-02 09:51:47;51  999856858;25.0;Para Celulares Vivo;
2020-06-01;"";7820.6;INTERNET MOVEL 2;0.00
2020-06-02;"";103867.9;INTERNET MOVEL 2;0.00
2020-06-03;"";89529.4;INTERNET MOVEL 2;0.00
2020-06-04;"";60509.3;INTERNET MOVEL 2;0.00
2020-06-05;"";140363.6;INTERNET MOVEL 2;0.00
2020-06-06;"";33404.6;INTERNET MOVEL 2;0.00
2020-06-07;"";16217.3;INTERNET MOVEL 2;0.00
2020-06-08;"";91983.3;INTERNET MOVEL 2;0.00
2020-06-09;"";20065.4;INTERNET MOVEL 2;0.00
2020-06-10;"";61620.0;INTERNET MOVEL 2;0.00
2020-06-11;"";93217.5;INTERNET MOVEL 2;0.00
2020-06-12;"";228614.2;INTERNET MOVEL 2;0.00
2020-06-13;"";30690.4;INTERNET MOVEL 2;0.00
2020-06-14;"";61381.2;INTERNET MOVEL 2;0.00
2020-06-15;"";212615.7;INTERNET MOVEL 2;0.00
2020-06-16;"";75557.7;INTERNET MOVEL 2;0.00
2020-06-17;"";22908.6;INTERNET MOVEL 2;0.00
2020-06-18;"";71351.0;INTERNET MOVEL 2;0.00
2020-06-19;"";60637.1;INTERNET MOVEL 2;0.00
2020-06-20;"";49306.3;INTERNET MOVEL 2;0.00
2020-06-21;"";469.0;INTERNET MOVEL 2;0.00
2020-06-22;"";83087.1;INTERNET MOVEL 2;0.00
2020-06-23;"";34588.7;INTERNET MOVEL 2;0.00
2020-06-24;"";80608.8;INTERNET MOVEL 2;0.00
2020-06-25;"";7080.0;INTERNET MOVEL 2;0.00
2020-06-26;"";188839.7;INTERNET MOVEL 2;0.00
2020-06-27;"";89318.4;INTERNET MOVEL 2;0.00
2020-06-28;"";95716.0;INTERNET MOVEL 2;0.00
2020-06-29;"";31203.8;INTERNET MOVEL 2;0.00
2020-06-30;"";27106.1;INTERNET MOVEL 2;0.00
2020-07-01;"";25.0;INTERNET MOVEL 2;0.00
