data_hora_inicio;nro_telefone_chamado;duracao_ligacao;desc_categoria;valor_ligacao
2020-06-01 13:05:10;5121186899;1.0;ADICIONAL;0.00
2020-06-30 16:04:26;5136897120;1.0;ADICIONAL;0.00
2020-06-29 15:11:33;3137681202;1.0;ADICIONAL;0.00
2020-06-24 17:16:55;"";1.0;ADICIONAL;0.00
2020-06-20 13:17:01;5140424189;1.0;ADICIONAL;0.00
2020-06-20 09:52:50;"";1.0;ADICIONAL;0.00
2020-06-09 16:36:13;"";1.0;ADICIONAL;0.00
2020-06-09 14:08:46;"";1.0;ADICIONAL;0.00
2020-06-09 09:28:46;"";1.0;ADICIONAL;0.00
2020-06-09 09:25:17;"";1.0;ADICIONAL;0.00
2020-06-03 15:40:31;"";1.0;ADICIONAL;0.00
2020-06-03 13:41:34;"";1.0;ADICIONAL;0.00
2020-06-02 11:07:28;5121186899;1.0;ADICIONAL;0.00
2020-06-02 10:44:33;"";1.0;ADICIONAL;0.00
2020-06-30 13:48:14;51  991223844;13.0;Para Celulares Vivo;
2020-06-20 05:59:25;51  992545119;5.0;Para Celulares Vivo;
2020-06-20 05:51:39;51  998115641;24.0;Para Celulares Vivo;
2020-06-10 08:12:52;51  991223844;14.0;Para Celulares Vivo;
2020-06-02 13:48:34;51  991223844;15.0;Para Celulares Vivo;
2020-06-30 13:48:14;51  991223844;0.0;Adicional por Ligacoes Realizadas;
2020-06-20 06:03:44;98  996029477;0.0;Adicional por Ligacoes Realizadas;
2020-06-20 05:59:25;51  992545119;0.0;Adicional por Ligacoes Realizadas;
2020-06-20 05:51:39;51  998115641;0.0;Adicional por Ligacoes Realizadas;
2020-06-10 08:12:52;51  991223844;0.0;Adicional por Ligacoes Realizadas;
2020-06-02 13:48:34;51  991223844;0.0;Adicional por Ligacoes Realizadas;
2020-06-30 16:04:26;51  36897120;5.0;Chamadas de Longa Distancia para Outros Estados;
2020-06-29 15:11:33;31  37681202;5.0;Chamadas de Longa Distancia para Outros Estados;
2020-06-24 17:16:55;    ;5.0;Chamadas de Longa Distancia para Outros Estados;
2020-06-20 13:17:01;51  40424189;5.0;Chamadas de Longa Distancia para Outros Estados;
2020-06-20 09:52:50;    ;5.0;Chamadas de Longa Distancia para Outros Estados;
2020-06-09 16:36:13;    ;34.0;Chamadas de Longa Distancia para Outros Estados;
2020-06-09 14:08:46;    ;7.0;Chamadas de Longa Distancia para Outros Estados;
2020-06-09 09:28:46;    ;12.0;Chamadas de Longa Distancia para Outros Estados;
2020-06-09 09:25:17;    ;20.0;Chamadas de Longa Distancia para Outros Estados;
2020-06-03 15:40:31;    ;5.0;Chamadas de Longa Distancia para Outros Estados;
2020-06-03 13:41:34;    ;7.0;Chamadas de Longa Distancia para Outros Estados;
2020-06-02 11:07:28;51  21186899;5.0;Chamadas de Longa Distancia para Outros Estados;
2020-06-02 10:44:33;    ;16.0;Chamadas de Longa Distancia para Outros Estados;
2020-06-01 13:05:10;51  21186899;5.0;Chamadas de Longa Distancia para Outros Estados;
2020-06-20 06:03:44;98  996029477;5.0;Para Celulares de Outras Operadoras;
2020-06-20;"";1.0;INTERNET MOVEL 2;0.00
