data_hora_inicio;nro_telefone_chamado;duracao_ligacao;desc_categoria;valor_ligacao
2020-06-01 15:17:21;51992592817;1.0;GRATIS-SMS;0.00
2020-06-03 10:46:39;51996820018;1.0;GRATIS-SMS;0.00
2020-06-12 18:44:34;51  992592752;22.0;Para Celulares Vivo;
2020-06-12 17:26:23;51  992592752;84.0;Para Celulares Vivo;
2020-06-12 17:16:11;51  993319514;22.0;Para Celulares Vivo;
2020-06-12 16:58:17;51  992592845;55.0;Para Celulares Vivo;
2020-06-10 20:26:00;55  999535577;55.0;Para Celulares Vivo;
2020-06-06 14:05:14;55  996705276;13.0;Para Celulares Vivo;
2020-06-21 14:11:38;51  991226771;21.0;Para Celulares de Outras Operadoras;
2020-06-02 14:53:25;51  33110333;6.0;Para Fixo Vivo;
2020-06-23 18:29:35;51  992592816;41.0;Para Celulares Vivo;
2020-06-22 14:52:46;51  992592803;15.0;Para Celulares Vivo;
2020-06-22 14:47:55;51  993320327;42.0;Para Celulares Vivo;
2020-06-09 20:40:16;51  998667056;194.0;Para Celulares Vivo;
2020-06-05 12:06:52;51  992592845;6.0;Para Celulares Vivo;
2020-06-05 09:45:31;51  996820018;139.0;Para Celulares Vivo;
2020-06-03 13:48:36;51  991813564;63.0;Para Celulares Vivo;
2020-06-01;"";22718.8;INTERNET MOVEL 2;0.00
2020-06-02;"";219094.7;INTERNET MOVEL 2;0.00
2020-06-03;"";76502.7;INTERNET MOVEL 2;0.00
2020-06-04;"";41681.8;INTERNET MOVEL 2;0.00
2020-06-05;"";10011.6;INTERNET MOVEL 2;0.00
2020-06-06;"";13721.6;INTERNET MOVEL 2;0.00
2020-06-07;"";1042.0;INTERNET MOVEL 2;0.00
2020-06-08;"";102798.3;INTERNET MOVEL 2;0.00
2020-06-09;"";221940.7;INTERNET MOVEL 2;0.00
2020-06-10;"";55146.9;INTERNET MOVEL 2;0.00
2020-06-11;"";174804.0;INTERNET MOVEL 2;0.00
2020-06-12;"";51941.9;INTERNET MOVEL 2;0.00
2020-06-13;"";40004.0;INTERNET MOVEL 2;0.00
2020-06-14;"";93925.1;INTERNET MOVEL 2;0.00
2020-06-15;"";19372.3;INTERNET MOVEL 2;0.00
2020-06-16;"";42723.8;INTERNET MOVEL 2;0.00
2020-06-17;"";73879.3;INTERNET MOVEL 2;0.00
2020-06-18;"";35157.5;INTERNET MOVEL 2;0.00
2020-06-19;"";18996.7;INTERNET MOVEL 2;0.00
2020-06-20;"";45764.4;INTERNET MOVEL 2;0.00
2020-06-21;"";38125.0;INTERNET MOVEL 2;0.00
2020-06-22;"";34844.1;INTERNET MOVEL 2;0.00
2020-06-23;"";59026.6;INTERNET MOVEL 2;0.00
2020-06-24;"";54104.6;INTERNET MOVEL 2;0.00
2020-06-25;"";41102.0;INTERNET MOVEL 2;0.00
2020-06-26;"";17336.1;INTERNET MOVEL 2;0.00
2020-06-27;"";1422.0;INTERNET MOVEL 2;0.00
2020-06-28;"";66845.3;INTERNET MOVEL 2;0.00
2020-06-29;"";61444.5;INTERNET MOVEL 2;0.00
2020-06-30;"";18345.1;INTERNET MOVEL 2;0.00
