data_hora_inicio;nro_telefone_chamado;duracao_ligacao;desc_categoria;valor_ligacao
2020-06-29 15:19:28;41  34205700;26.0;Para Fixo de Outras Operadoras;
2020-06-22 12:18:07;11  22180748;123.0;Para Fixo de Outras Operadoras;
2020-06-02 10:28:08;31  32383439;8.0;Para Fixo de Outras Operadoras;
2020-06-02 10:27:17;31  32383439;7.0;Para Fixo de Outras Operadoras;
2020-06-02 10:25:44;31  32383439;14.0;Para Fixo de Outras Operadoras;
2020-06-17 08:33:46;34  988620094;37.0;Para Celulares de Outras Operadoras;
2020-06-15 10:36:02;14  32814852;13.0;Para Fixo Vivo;
2020-06-15 08:33:03;14  32814852;23.0;Para Fixo Vivo;
2020-06-29 10:14:54;64  999892357;31.0;Para Celulares Vivo;
2020-06-16 16:06:57;14  997916964;5.0;Para Celulares Vivo;
2020-06-09 15:50:30;66  999858709;12.0;Para Celulares Vivo;
2020-06-02 17:33:25;66  999281710;41.0;Para Celulares Vivo;
2020-06-02 09:25:47;54  996148311;10.0;Para Celulares de Outras Operadoras;
2020-06-03 16:34:17;51  992024930;30.0;Para Celulares de Outras Operadoras;
2020-06-02;"";18985.1;INTERNET MOVEL 2;0.00
2020-06-03;"";3840.0;INTERNET MOVEL 2;0.00
2020-06-05;"";4033.0;INTERNET MOVEL 2;0.00
2020-06-09;"";4245.0;INTERNET MOVEL 2;0.00
2020-06-10;"";10257.7;INTERNET MOVEL 2;0.00
2020-06-15;"";13414.9;INTERNET MOVEL 2;0.00
2020-06-16;"";6411.0;INTERNET MOVEL 2;0.00
2020-06-17;"";3700.0;INTERNET MOVEL 2;0.00
2020-06-18;"";4843.0;INTERNET MOVEL 2;0.00
2020-06-19;"";2712.0;INTERNET MOVEL 2;0.00
2020-06-22;"";11765.8;INTERNET MOVEL 2;0.00
2020-06-23;"";3104.0;INTERNET MOVEL 2;0.00
2020-06-29;"";24474.1;INTERNET MOVEL 2;0.00
