data_hora_inicio;nro_telefone_chamado;duracao_ligacao;desc_categoria;valor_ligacao
2020-06-15 10:38:36;51999862525;1.0;GRATIS-SMS;0.00
2020-06-13 10:52:26;51  993187854;10.0;Para Celulares Vivo;
2020-06-25 14:58:22;44  35998590;57.0;Para Fixo de Outras Operadoras;
2020-06-29 17:10:54;44  999211414;40.0;Para Celulares de Outras Operadoras;
2020-06-12 10:44:26;54  35208800;123.0;Para Fixo de Outras Operadoras;
2020-06-29 10:14:15;51  33478484;19.0;Para Fixo de Outras Operadoras;
2020-06-24 14:24:32;51  33400100;15.0;Para Fixo de Outras Operadoras;
2020-06-23 17:33:05;51  30034667;10.0;Para Fixo de Outras Operadoras;
2020-06-19 10:48:20;51  33393311;15.0;Para Fixo de Outras Operadoras;
2020-06-19 10:39:17;51  33393311;27.0;Para Fixo de Outras Operadoras;
2020-06-24 10:34:27;51  984061889;70.0;Para Celulares de Outras Operadoras;
2020-06-18 11:14:05;51  984061889;89.0;Para Celulares de Outras Operadoras;
2020-06-17 15:09:01;51  984061889;41.0;Para Celulares de Outras Operadoras;
2020-06-16 16:59:27;51  984061889;77.0;Para Celulares de Outras Operadoras;
2020-06-04 16:34:05;51  31364259;17.0;Para Fixo Vivo;
2020-06-26 10:15:41;51  992592752;5.0;Para Celulares Vivo;
2020-06-25 16:14:28;51  996872609;24.0;Para Celulares Vivo;
2020-06-25 15:05:51;51  993320327;54.0;Para Celulares Vivo;
2020-06-22 15:48:40;51  993320327;9.0;Para Celulares Vivo;
2020-06-22 14:50:23;51  996872609;51.0;Para Celulares Vivo;
2020-06-22 09:29:48;51  993320327;89.0;Para Celulares Vivo;
2020-06-20 11:57:40;51  993187854;10.0;Para Celulares Vivo;
2020-06-19 11:28:08;51  999670458;50.0;Para Celulares Vivo;
2020-06-18 10:16:25;51  999012478;15.0;Para Celulares Vivo;
2020-06-17 13:06:41;51  993320327;14.0;Para Celulares Vivo;
2020-06-17 09:54:01;51  993320327;5.0;Para Celulares Vivo;
2020-06-17 08:40:27;51  993187854;48.0;Para Celulares Vivo;
2020-06-15 15:09:43;51  993320327;48.0;Para Celulares Vivo;
2020-06-15 11:19:11;51  999862525;135.0;Para Celulares Vivo;
2020-06-11 10:16:11;51  993187854;5.0;Para Celulares Vivo;
2020-06-09 10:37:22;51  993320327;60.0;Para Celulares Vivo;
2020-06-08 16:56:37;51  996872609;29.0;Para Celulares Vivo;
2020-06-08 15:22:34;51  993320327;33.0;Para Celulares Vivo;
2020-06-05 09:48:53;51  993320327;73.0;Para Celulares Vivo;
2020-06-01;"";2609.8;INTERNET MOVEL 2;0.00
2020-06-02;"";2662.0;INTERNET MOVEL 2;0.00
2020-06-03;"";2479.0;INTERNET MOVEL 2;0.00
2020-06-04;"";212.0;INTERNET MOVEL 2;0.00
2020-06-05;"";19134.3;INTERNET MOVEL 2;0.00
2020-06-06;"";10298.3;INTERNET MOVEL 2;0.00
2020-06-07;"";383.0;INTERNET MOVEL 2;0.00
2020-06-08;"";339.0;INTERNET MOVEL 2;0.00
2020-06-09;"";496.0;INTERNET MOVEL 2;0.00
2020-06-10;"";389.0;INTERNET MOVEL 2;0.00
2020-06-11;"";164375.5;INTERNET MOVEL 2;0.00
2020-06-12;"";54398.8;INTERNET MOVEL 2;0.00
2020-06-13;"";116440.3;INTERNET MOVEL 2;0.00
2020-06-14;"";65770.8;INTERNET MOVEL 2;0.00
2020-06-15;"";257.0;INTERNET MOVEL 2;0.00
2020-06-16;"";394.0;INTERNET MOVEL 2;0.00
2020-06-17;"";63236.0;INTERNET MOVEL 2;0.00
2020-06-18;"";156333.0;INTERNET MOVEL 2;0.00
2020-06-19;"";432.0;INTERNET MOVEL 2;0.00
2020-06-20;"";66766.8;INTERNET MOVEL 2;0.00
2020-06-21;"";3331.2;INTERNET MOVEL 2;0.00
2020-06-22;"";370.0;INTERNET MOVEL 2;0.00
2020-06-23;"";460.0;INTERNET MOVEL 2;0.00
2020-06-24;"";3808.7;INTERNET MOVEL 2;0.00
2020-06-25;"";17826.2;INTERNET MOVEL 2;0.00
2020-06-26;"";350.0;INTERNET MOVEL 2;0.00
2020-06-27;"";271.0;INTERNET MOVEL 2;0.00
2020-06-28;"";316.0;INTERNET MOVEL 2;0.00
2020-06-29;"";289.0;INTERNET MOVEL 2;0.00
2020-06-30;"";16030.4;INTERNET MOVEL 2;0.00
