data_hora_inicio;nro_telefone_chamado;duracao_ligacao;desc_categoria;valor_ligacao
2020-06-01 09:22:53;51  986033371;16.0;Para Celulares de Outras Operadoras;
2020-06-01 09:18:26;51  981555121;31.0;Para Celulares de Outras Operadoras;
2020-06-01 09:16:12;51  994386184;19.0;Para Celulares de Outras Operadoras;
2020-06-01 09:15:30;51  981555121;5.0;Para Celulares de Outras Operadoras;
2020-06-12 17:48:30;51  34902948;38.0;Para Fixo de Outras Operadoras;
2020-06-30 16:51:24;51  994386184;29.0;Para Celulares de Outras Operadoras;
2020-06-30 08:59:51;51  994386184;22.0;Para Celulares de Outras Operadoras;
2020-06-29 09:21:03;51  985645121;28.0;Para Celulares de Outras Operadoras;
2020-06-29 09:16:47;51  986033371;31.0;Para Celulares de Outras Operadoras;
2020-06-29 09:16:11;51  986033371;5.0;Para Celulares de Outras Operadoras;
2020-06-29 09:13:20;51  994386184;20.0;Para Celulares de Outras Operadoras;
2020-06-27 14:30:15;51  985645121;84.0;Para Celulares de Outras Operadoras;
2020-06-26 10:38:17;51  994386184;49.0;Para Celulares de Outras Operadoras;
2020-06-26 10:12:34;51  985645121;94.0;Para Celulares de Outras Operadoras;
2020-06-26 08:36:28;51  994386184;12.0;Para Celulares de Outras Operadoras;
2020-06-24 09:54:18;51  994386184;10.0;Para Celulares de Outras Operadoras;
2020-06-24 09:46:43;51  994386184;22.0;Para Celulares de Outras Operadoras;
2020-06-24 09:04:01;51  985645121;47.0;Para Celulares de Outras Operadoras;
2020-06-23 12:46:29;51  994386184;21.0;Para Celulares de Outras Operadoras;
2020-06-23 08:58:27;51  994386184;29.0;Para Celulares de Outras Operadoras;
2020-06-22 13:59:11;51  994386184;11.0;Para Celulares de Outras Operadoras;
2020-06-22 10:05:25;51  994386184;32.0;Para Celulares de Outras Operadoras;
2020-06-22 09:47:42;51  981555121;25.0;Para Celulares de Outras Operadoras;
2020-06-22 09:45:25;51  986033371;21.0;Para Celulares de Outras Operadoras;
2020-06-22 09:43:38;51  981555121;9.0;Para Celulares de Outras Operadoras;
2020-06-20 20:54:35;51  981555121;32.0;Para Celulares de Outras Operadoras;
2020-06-20 09:23:17;51  994386184;15.0;Para Celulares de Outras Operadoras;
2020-06-19 11:55:24;51  994386184;5.0;Para Celulares de Outras Operadoras;
2020-06-19 11:54:47;51  994386184;5.0;Para Celulares de Outras Operadoras;
2020-06-19 09:24:58;51  994386184;38.0;Para Celulares de Outras Operadoras;
2020-06-19 09:16:33;51  985962785;55.0;Para Celulares de Outras Operadoras;
2020-06-19 09:11:35;51  981555121;28.0;Para Celulares de Outras Operadoras;
2020-06-18 11:53:22;51  981555121;24.0;Para Celulares de Outras Operadoras;
2020-06-18 11:01:01;51  994386184;22.0;Para Celulares de Outras Operadoras;
2020-06-18 10:35:12;51  994386184;45.0;Para Celulares de Outras Operadoras;
2020-06-17 10:07:29;51  984929259;5.0;Para Celulares de Outras Operadoras;
2020-06-17 08:54:31;51  994386184;32.0;Para Celulares de Outras Operadoras;
2020-06-16 09:40:52;51  994386184;24.0;Para Celulares de Outras Operadoras;
2020-06-15 09:34:55;51  994386184;28.0;Para Celulares de Outras Operadoras;
2020-06-15 09:23:31;51  986033371;31.0;Para Celulares de Outras Operadoras;
2020-06-13 08:29:32;51  985962785;17.0;Para Celulares de Outras Operadoras;
2020-06-12 17:40:37;51  981555121;28.0;Para Celulares de Outras Operadoras;
2020-06-11 11:17:54;51  981555121;50.0;Para Celulares de Outras Operadoras;
2020-06-10 12:49:50;51  981555121;5.0;Para Celulares de Outras Operadoras;
2020-06-10 12:48:55;51  994386184;8.0;Para Celulares de Outras Operadoras;
2020-06-10 12:43:33;51  981555121;6.0;Para Celulares de Outras Operadoras;
2020-06-10 09:34:16;51  994386184;16.0;Para Celulares de Outras Operadoras;
2020-06-10 09:03:38;51  994386184;19.0;Para Celulares de Outras Operadoras;
2020-06-09 12:53:18;51  994386184;8.0;Para Celulares de Outras Operadoras;
2020-06-09 12:02:32;51  994386184;17.0;Para Celulares de Outras Operadoras;
2020-06-09 09:34:24;51  981555121;35.0;Para Celulares de Outras Operadoras;
2020-06-09 09:31:38;51  981555121;27.0;Para Celulares de Outras Operadoras;
2020-06-09 09:28:15;51  986033371;30.0;Para Celulares de Outras Operadoras;
2020-06-08 09:25:34;51  994386184;5.0;Para Celulares de Outras Operadoras;
2020-06-08 08:43:56;51  994386184;5.0;Para Celulares de Outras Operadoras;
2020-06-08 08:38:35;51  985962785;49.0;Para Celulares de Outras Operadoras;
2020-06-08 08:33:14;51  981555121;43.0;Para Celulares de Outras Operadoras;
2020-06-08 08:30:53;51  994386184;20.0;Para Celulares de Outras Operadoras;
2020-06-06 15:47:47;51  981555121;24.0;Para Celulares de Outras Operadoras;
2020-06-05 09:40:31;51  994386184;15.0;Para Celulares de Outras Operadoras;
2020-06-04 14:31:18;51  994386184;20.0;Para Celulares de Outras Operadoras;
2020-06-04 09:16:07;51  981555121;68.0;Para Celulares de Outras Operadoras;
2020-06-04 09:07:22;51  994386184;17.0;Para Celulares de Outras Operadoras;
2020-06-03 08:41:55;51  994386184;25.0;Para Celulares de Outras Operadoras;
2020-06-02 15:16:05;51  994386184;6.0;Para Celulares de Outras Operadoras;
2020-06-02 15:10:55;51  994386184;38.0;Para Celulares de Outras Operadoras;
2020-06-02 09:30:54;51  994386184;10.0;Para Celulares de Outras Operadoras;
2020-06-02 09:23:17;51  994386184;8.0;Para Celulares de Outras Operadoras;
2020-06-02 09:22:28;51  994386184;5.0;Para Celulares de Outras Operadoras;
2020-06-02 08:46:02;51  994386184;20.0;Para Celulares de Outras Operadoras;
2020-06-25 15:27:38;51  985371028;5.0;Para Fixo Vivo;
2020-06-22 10:14:51;51  993568917;5.0;Para Celulares Vivo;
2020-06-22 07:36:42;51  995112258;6.0;Para Celulares Vivo;
2020-06-21 10:23:07;51  993568917;33.0;Para Celulares Vivo;
2020-06-19 21:39:44;51  998957118;49.0;Para Celulares Vivo;
2020-06-19 10:11:55;51  991919823;12.0;Para Celulares Vivo;
2020-06-19 09:32:42;51  993568917;5.0;Para Celulares Vivo;
2020-06-19 09:09:10;51  991919823;19.0;Para Celulares Vivo;
2020-06-18 21:27:34;51  998957118;41.0;Para Celulares Vivo;
2020-06-18 10:34:20;51  995112258;5.0;Para Celulares Vivo;
2020-06-10 15:47:12;51  992592971;8.0;Para Celulares Vivo;
2020-06-09 16:48:53;51  995105815;5.0;Para Celulares Vivo;
2020-06-08;"";5.0;INTERNET MOVEL 2;0.00
2020-06-10;"";1.0;INTERNET MOVEL 2;0.00
2020-06-15;"";18.0;INTERNET MOVEL 2;0.00
2020-06-17;"";15.0;INTERNET MOVEL 2;0.00
2020-06-18;"";17.0;INTERNET MOVEL 2;0.00
2020-06-29;"";1.0;INTERNET MOVEL 2;0.00
