data_hora_inicio;nro_telefone_chamado;duracao_ligacao;desc_categoria;valor_ligacao
2020-06-01 09:33:58;51  992592803;6.0;Para Celulares Vivo;
2020-06-01 09:01:58;51  995593302;7.0;Para Celulares Vivo;
2020-06-29 10:51:15;47  999731420;49.0;Para Celulares de Outras Operadoras;
2020-06-10 20:19:24;81  999746988;13.0;Para Celulares de Outras Operadoras;
2020-06-25 15:16:33;51  33143434;26.0;Para Fixo de Outras Operadoras;
2020-06-19 16:00:05;51  33143434;47.0;Para Fixo de Outras Operadoras;
2020-06-19 15:56:42;51  33468581;8.0;Para Fixo de Outras Operadoras;
2020-06-12 14:12:07;51  32477400;42.0;Para Fixo de Outras Operadoras;
2020-06-09 13:34:03;51  32222620;11.0;Para Fixo de Outras Operadoras;
2020-06-09 11:18:05;51  32222620;11.0;Para Fixo de Outras Operadoras;
2020-06-08 15:42:27;51  33110671;8.0;Para Fixo de Outras Operadoras;
2020-06-05 17:28:07;51  30942934;5.0;Para Fixo de Outras Operadoras;
2020-06-03 08:49:19;51  33432090;19.0;Para Fixo de Outras Operadoras;
2020-06-12 15:18:39;51  30181802;22.0;Para Fixo Vivo;
2020-06-09 16:34:33;51  992592504;7.0;Para Celulares Vivo;
2020-06-02 13:13:52;51  992592803;5.0;Para Celulares Vivo;
2020-05-31;"";13886.4;INTERNET MOVEL 2;0.00
2020-06-01;"";90848.4;INTERNET MOVEL 2;0.00
2020-06-02;"";678.0;INTERNET MOVEL 2;0.00
2020-06-03;"";362.0;INTERNET MOVEL 2;0.00
2020-06-04;"";595.0;INTERNET MOVEL 2;0.00
2020-06-05;"";293.0;INTERNET MOVEL 2;0.00
2020-06-06;"";24802.7;INTERNET MOVEL 2;0.00
2020-06-07;"";82239.7;INTERNET MOVEL 2;0.00
2020-06-08;"";82078.6;INTERNET MOVEL 2;0.00
2020-06-09;"";22612.2;INTERNET MOVEL 2;0.00
2020-06-10;"";10202.1;INTERNET MOVEL 2;0.00
2020-06-11;"";6310.8;INTERNET MOVEL 2;0.00
2020-06-12;"";390.0;INTERNET MOVEL 2;0.00
2020-06-13;"";95410.5;INTERNET MOVEL 2;0.00
2020-06-14;"";814.0;INTERNET MOVEL 2;0.00
2020-06-15;"";100411.9;INTERNET MOVEL 2;0.00
2020-06-16;"";2137.2;INTERNET MOVEL 2;0.00
2020-06-17;"";1055.0;INTERNET MOVEL 2;0.00
2020-06-18;"";485.0;INTERNET MOVEL 2;0.00
2020-06-19;"";2867.0;INTERNET MOVEL 2;0.00
2020-06-20;"";30935.5;INTERNET MOVEL 2;0.00
2020-06-21;"";40871.4;INTERNET MOVEL 2;0.00
2020-06-22;"";136285.0;INTERNET MOVEL 2;0.00
2020-06-23;"";439.0;INTERNET MOVEL 2;0.00
2020-06-24;"";491.0;INTERNET MOVEL 2;0.00
2020-06-25;"";1674.0;INTERNET MOVEL 2;0.00
2020-06-26;"";2086.0;INTERNET MOVEL 2;0.00
2020-06-27;"";357.0;INTERNET MOVEL 2;0.00
2020-06-28;"";1564.0;INTERNET MOVEL 2;0.00
2020-06-29;"";32016.0;INTERNET MOVEL 2;0.00
2020-06-30;"";66885.2;INTERNET MOVEL 2;0.00
