data_hora_inicio;nro_telefone_chamado;duracao_ligacao;desc_categoria;valor_ligacao
2020-06-01 14:35:28;51  991330168;17.0;Para Celulares de Outras Operadoras;
2020-06-30 11:24:14;94  33525846;50.0;Para Fixo de Outras Operadoras;
2020-06-30 11:17:08;94  988067345;64.0;Para Celulares de Outras Operadoras;
2020-06-19 11:20:00;94  988067345;151.0;Para Celulares de Outras Operadoras;
2020-06-18 15:12:58;94  988067345;161.0;Para Celulares de Outras Operadoras;
2020-06-24 10:47:06;98  991139099;37.0;Para Celulares Vivo;
2020-06-23 18:41:25;98  991139099;36.0;Para Celulares Vivo;
2020-06-23 12:27:19;98  991139099;50.0;Para Celulares Vivo;
2020-06-23 14:25:51;53  999836061;12.0;Para Celulares de Outras Operadoras;
2020-06-23 11:51:23;53  999836061;45.0;Para Celulares de Outras Operadoras;
2020-06-04 10:50:09;51  31911000;9.0;Para Fixo de Outras Operadoras;
2020-06-16 12:04:02;51  991871228;117.0;Para Celulares de Outras Operadoras;
2020-06-04 15:02:34;51  993889435;12.0;Para Celulares de Outras Operadoras;
2020-06-04 11:06:11;51  993243022;6.0;Para Celulares de Outras Operadoras;
2020-06-17 10:29:09;51  32270607;22.0;Para Fixo Vivo;
2020-06-17 09:56:00;51  32270607;17.0;Para Fixo Vivo;
2020-06-09 10:32:52;51  30291772;53.0;Para Fixo Vivo;
2020-06-04 08:54:37;51  31789850;81.0;Para Fixo Vivo;
2020-06-29 17:00:34;51  991317721;32.0;Para Celulares Vivo;
2020-06-29 15:46:45;51  995447076;135.0;Para Celulares Vivo;
2020-06-29 14:37:00;51  991317721;85.0;Para Celulares Vivo;
2020-06-26 15:32:45;51  993189322;17.0;Para Celulares Vivo;
2020-06-26 14:57:01;51  991317721;17.0;Para Celulares Vivo;
2020-06-26 14:02:13;51  991317721;113.0;Para Celulares Vivo;
2020-06-25 12:28:42;51  991223844;13.0;Para Celulares Vivo;
2020-06-25 08:06:58;51  991317721;7.0;Para Celulares Vivo;
2020-06-24 09:30:58;51  992592867;31.0;Para Celulares Vivo;
2020-06-24 08:37:55;51  996922316;86.0;Para Celulares Vivo;
2020-06-23 18:45:37;51  996922316;43.0;Para Celulares Vivo;
2020-06-23 18:34:39;51  993394636;11.0;Para Celulares Vivo;
2020-06-23 18:11:32;51  993394636;32.0;Para Celulares Vivo;
2020-06-23 18:02:28;51  991223844;35.0;Para Celulares Vivo;
2020-06-23 16:38:07;51  995598942;136.0;Para Celulares Vivo;
2020-06-23 13:01:55;51  997077536;22.0;Para Celulares Vivo;
2020-06-23 12:12:22;51  991223844;99.0;Para Celulares Vivo;
2020-06-17 18:00:05;51  995568278;74.0;Para Celulares Vivo;
2020-06-17 09:58:22;51  992592752;47.0;Para Celulares Vivo;
2020-06-17 09:45:16;51  996922316;43.0;Para Celulares Vivo;
2020-06-16 15:06:25;51  991317721;129.0;Para Celulares Vivo;
2020-06-10 14:49:36;51  991317721;238.0;Para Celulares Vivo;
2020-06-09 09:43:14;51  991317721;40.0;Para Celulares Vivo;
2020-06-03 18:11:50;51  991317721;15.0;Para Celulares Vivo;
2020-06-02 17:37:15;51  991317721;10.0;Para Celulares Vivo;
2020-06-02 16:23:24;51  991317721;115.0;Para Celulares Vivo;
2020-06-02 16:17:15;51  991317721;59.0;Para Celulares Vivo;
2020-06-01;"";736.0;INTERNET MOVEL 2;0.00
2020-06-02;"";558.0;INTERNET MOVEL 2;0.00
2020-06-03;"";637.0;INTERNET MOVEL 2;0.00
2020-06-04;"";71523.4;INTERNET MOVEL 2;0.00
2020-06-05;"";59251.2;INTERNET MOVEL 2;0.00
2020-06-06;"";1245.4;INTERNET MOVEL 2;0.00
2020-06-07;"";39771.4;INTERNET MOVEL 2;0.00
2020-06-08;"";897.0;INTERNET MOVEL 2;0.00
2020-06-09;"";752.0;INTERNET MOVEL 2;0.00
2020-06-10;"";735.0;INTERNET MOVEL 2;0.00
2020-06-11;"";798.0;INTERNET MOVEL 2;0.00
2020-06-12;"";1085.0;INTERNET MOVEL 2;0.00
2020-06-13;"";631.0;INTERNET MOVEL 2;0.00
2020-06-14;"";942.0;INTERNET MOVEL 2;0.00
2020-06-15;"";743.0;INTERNET MOVEL 2;0.00
2020-06-16;"";865.0;INTERNET MOVEL 2;0.00
2020-06-17;"";3882.7;INTERNET MOVEL 2;0.00
2020-06-18;"";26473.6;INTERNET MOVEL;0.00
2020-06-18;"";3502.8;INTERNET MOVEL 2;0.00
2020-06-19;"";1782.1;INTERNET MOVEL 2;0.00
2020-06-22;"";7202.6;INTERNET MOVEL 2;0.00
2020-06-23;"";1053.0;INTERNET MOVEL 2;0.00
2020-06-24;"";956.0;INTERNET MOVEL 2;0.00
2020-06-25;"";726.0;INTERNET MOVEL 2;0.00
2020-06-26;"";2897.9;INTERNET MOVEL 2;0.00
2020-06-28;"";189.0;INTERNET MOVEL 2;0.00
2020-06-29;"";632.0;INTERNET MOVEL 2;0.00
2020-06-30;"";1518.0;INTERNET MOVEL 2;0.00
2020-07-01;"";980.0;INTERNET MOVEL 2;0.00
