data_hora_inicio;nro_telefone_chamado;duracao_ligacao;desc_categoria;valor_ligacao
2020-06-17 11:19:17;13  988252199;0.0;Adicional por Ligacoes Realizadas;
2020-06-17 11:02:25;48  991664588;0.0;Adicional por Ligacoes Realizadas;
2020-06-17 11:01:36;51  993320327;0.0;Adicional por Ligacoes Realizadas;
2020-06-17 10:19:37;51  996872609;0.0;Adicional por Ligacoes Realizadas;
2020-06-17 10:14:57;51  993320327;0.0;Adicional por Ligacoes Realizadas;
2020-06-17 10:14:12;51  994057331;0.0;Adicional por Ligacoes Realizadas;
2020-06-30 14:51:57;"";1.0;ADICIONAL;0.00
2020-06-29 11:09:59;"";1.0;ADICIONAL;0.00
2020-06-26 15:32:45;"";1.0;ADICIONAL;0.00
2020-06-25 10:35:48;"";1.0;ADICIONAL;0.00
2020-06-25 10:26:44;"";1.0;ADICIONAL;0.00
2020-06-25 08:38:00;"";1.0;ADICIONAL;0.00
2020-06-25 08:31:11;"";1.0;ADICIONAL;0.00
2020-06-24 19:14:22;"";1.0;ADICIONAL;0.00
2020-06-23 15:47:52;"";1.0;ADICIONAL;0.00
2020-06-22 16:17:29;5140617199;1.0;ADICIONAL;0.00
2020-06-22 11:36:01;"";1.0;ADICIONAL;0.00
2020-06-21 14:51:14;"";1.0;ADICIONAL;0.00
2020-06-21 14:48:22;"";1.0;ADICIONAL;0.00
2020-06-17 16:22:23;"";1.0;ADICIONAL;0.00
2020-06-17 09:34:02;"";1.0;ADICIONAL;0.00
2020-06-17 09:12:20;"";1.0;ADICIONAL;0.00
2020-06-17 08:12:14;"";1.0;ADICIONAL;0.00
2020-06-16 08:27:22;"";1.0;ADICIONAL;0.00
2020-06-12 16:33:32;"";1.0;ADICIONAL;0.00
2020-06-12 16:06:25;"";1.0;ADICIONAL;0.00
2020-06-12 15:57:43;"";1.0;ADICIONAL;0.00
2020-06-10 19:43:38;"";1.0;ADICIONAL;0.00
2020-06-10 14:14:06;"";1.0;ADICIONAL;0.00
2020-06-10 14:04:27;"";1.0;ADICIONAL;0.00
2020-06-09 12:18:30;"";1.0;ADICIONAL;0.00
2020-06-09 08:59:43;"";1.0;ADICIONAL;0.00
2020-06-08 15:27:36;"";1.0;ADICIONAL;0.00
2020-06-08 14:28:36;"";1.0;ADICIONAL;0.00
2020-06-08 14:02:28;"";1.0;ADICIONAL;0.00
2020-06-05 15:13:36;"";1.0;ADICIONAL;0.00
2020-06-03 09:56:22;"";1.0;ADICIONAL;0.00
2020-06-17 09:32:18;13  988252199;0.0;Adicional por Ligacoes Realizadas;
2020-06-16 14:48:34;41  34222149;0.0;Adicional por Ligacoes Realizadas;
2020-06-16 11:11:19;48  991664588;0.0;Adicional por Ligacoes Realizadas;
2020-06-16 08:25:40;48  991664588;0.0;Adicional por Ligacoes Realizadas;
2020-06-16 08:11:58;41  34231215;0.0;Adicional por Ligacoes Realizadas;
2020-06-15 17:37:23;41  34231929;0.0;Adicional por Ligacoes Realizadas;
2020-06-15 16:17:41;48  991664588;0.0;Adicional por Ligacoes Realizadas;
2020-06-15 10:15:42;41  34255160;0.0;Adicional por Ligacoes Realizadas;
2020-06-15 10:12:37;41  34201371;0.0;Adicional por Ligacoes Realizadas;
2020-06-14 13:32:23;41  40020022;0.0;Adicional por Ligacoes Realizadas;
2020-06-13 20:11:46;51  992592841;0.0;Adicional por Ligacoes Realizadas;
2020-06-13 18:35:25;41  996005707;0.0;Adicional por Ligacoes Realizadas;
2020-06-13 12:42:40;41  996005707;0.0;Adicional por Ligacoes Realizadas;
2020-06-12 17:02:07;41  34201222;0.0;Adicional por Ligacoes Realizadas;
2020-06-12 16:21:28;48  991664588;0.0;Adicional por Ligacoes Realizadas;
2020-06-12 15:52:45;48  991664588;0.0;Adicional por Ligacoes Realizadas;
2020-06-12 15:44:04;41  984522352;0.0;Adicional por Ligacoes Realizadas;
2020-06-12 14:46:02;41  991348913;0.0;Adicional por Ligacoes Realizadas;
2020-06-12 14:44:31;41  991348913;0.0;Adicional por Ligacoes Realizadas;
2020-06-12 14:11:29;48  991664588;0.0;Adicional por Ligacoes Realizadas;
2020-06-12 14:09:35;41  984522352;0.0;Adicional por Ligacoes Realizadas;
2020-06-12 08:23:24;51  996872609;0.0;Adicional por Ligacoes Realizadas;
2020-06-10 19:50:49;41  992118521;0.0;Adicional por Ligacoes Realizadas;
2020-06-10 19:41:05;41  984522352;0.0;Adicional por Ligacoes Realizadas;
2020-06-10 19:40:17;41  985340351;0.0;Adicional por Ligacoes Realizadas;
2020-06-10 17:54:13;41  992118521;0.0;Adicional por Ligacoes Realizadas;
2020-06-10 17:50:29;51  992592841;0.0;Adicional por Ligacoes Realizadas;
2020-06-10 15:42:52;48  991664588;0.0;Adicional por Ligacoes Realizadas;
2020-06-10 15:00:50;51  993394636;0.0;Adicional por Ligacoes Realizadas;
2020-06-10 14:56:12;41  992341409;0.0;Adicional por Ligacoes Realizadas;
2020-06-10 14:18:32;41  992341409;0.0;Adicional por Ligacoes Realizadas;
2020-06-10 14:10:38;48  991664588;0.0;Adicional por Ligacoes Realizadas;
2020-06-10 14:06:35;41  992341409;0.0;Adicional por Ligacoes Realizadas;
2020-06-10 14:02:49;51  992592841;0.0;Adicional por Ligacoes Realizadas;
2020-06-10 11:38:23;48  991664588;0.0;Adicional por Ligacoes Realizadas;
2020-06-10 09:28:50;41  34232929;0.0;Adicional por Ligacoes Realizadas;
2020-06-10 08:16:50;48  991664588;0.0;Adicional por Ligacoes Realizadas;
2020-06-10 08:10:56;48  991664588;0.0;Adicional por Ligacoes Realizadas;
2020-06-09 17:23:20;41  992118521;0.0;Adicional por Ligacoes Realizadas;
2020-06-09 14:05:21;41  34223411;0.0;Adicional por Ligacoes Realizadas;
2020-06-09 08:46:55;41  31891880;0.0;Adicional por Ligacoes Realizadas;
2020-06-09 08:38:59;41  34238009;0.0;Adicional por Ligacoes Realizadas;
2020-06-09 08:38:16;41  34238009;0.0;Adicional por Ligacoes Realizadas;
2020-06-09 08:35:29;41  34222434;0.0;Adicional por Ligacoes Realizadas;
2020-06-09 08:34:25;41  34223411;0.0;Adicional por Ligacoes Realizadas;
2020-06-09 08:33:11;41  34222434;0.0;Adicional por Ligacoes Realizadas;
2020-06-09 08:32:26;41  34222434;0.0;Adicional por Ligacoes Realizadas;
2020-06-09 08:31:10;41  34222434;0.0;Adicional por Ligacoes Realizadas;
2020-06-08 17:32:39;41  34222434;0.0;Adicional por Ligacoes Realizadas;
2020-06-08 17:31:22;41  34222434;0.0;Adicional por Ligacoes Realizadas;
2020-06-08 15:54:10;48  991664588;0.0;Adicional por Ligacoes Realizadas;
2020-06-08 15:49:09;51  992592841;0.0;Adicional por Ligacoes Realizadas;
2020-06-08 14:24:41;48  991664588;0.0;Adicional por Ligacoes Realizadas;
2020-06-08 12:14:52;48  991664588;0.0;Adicional por Ligacoes Realizadas;
2020-06-05 20:39:56;*5  55;0.0;Adicional por Ligacoes Realizadas;
2020-06-05 11:01:00;41  998103380;0.0;Adicional por Ligacoes Realizadas;
2020-06-05 10:59:40;41  998103380;0.0;Adicional por Ligacoes Realizadas;
2020-06-05 09:51:29;11  30030621;0.0;Adicional por Ligacoes Realizadas;
2020-06-05 09:46:50;11  30030621;0.0;Adicional por Ligacoes Realizadas;
2020-06-05 08:56:48;51  996872609;0.0;Adicional por Ligacoes Realizadas;
2020-06-05 08:52:46;13  988252199;0.0;Adicional por Ligacoes Realizadas;
2020-06-05 08:50:13;51  993320327;0.0;Adicional por Ligacoes Realizadas;
2020-06-05 08:49:20;51  991259818;0.0;Adicional por Ligacoes Realizadas;
2020-06-05 08:47:01;13  988252199;0.0;Adicional por Ligacoes Realizadas;
2020-06-05 08:19:53;13  988252199;0.0;Adicional por Ligacoes Realizadas;
2020-06-05 08:03:34;48  991664588;0.0;Adicional por Ligacoes Realizadas;
2020-06-04 17:55:15;41  34222434;0.0;Adicional por Ligacoes Realizadas;
2020-06-04 16:40:41;41  34259760;0.0;Adicional por Ligacoes Realizadas;
2020-06-04 15:59:58;41  34220038;0.0;Adicional por Ligacoes Realizadas;
2020-06-04 15:24:58;41  34207000;0.0;Adicional por Ligacoes Realizadas;
2020-06-04 14:37:46;48  991664588;0.0;Adicional por Ligacoes Realizadas;
2020-06-04 14:00:39;48  991664588;0.0;Adicional por Ligacoes Realizadas;
2020-06-04 13:58:32;48  991664588;0.0;Adicional por Ligacoes Realizadas;
2020-06-04 13:56:00;51  991200777;0.0;Adicional por Ligacoes Realizadas;
2020-06-04 13:53:55;51  993555430;0.0;Adicional por Ligacoes Realizadas;
2020-06-04 08:05:57;41  34222434;0.0;Adicional por Ligacoes Realizadas;
2020-06-02 18:53:10;41  997545207;0.0;Adicional por Ligacoes Realizadas;
2020-06-02 07:56:42;13  988252199;0.0;Adicional por Ligacoes Realizadas;
2020-06-02 07:34:07;13  988252199;0.0;Adicional por Ligacoes Realizadas;
2020-06-30 14:51:57;    ;5.0;Chamadas de Longa Distancia para Outros Estados;
2020-06-29 11:09:59;    ;14.0;Chamadas de Longa Distancia para Outros Estados;
2020-06-26 15:32:45;    ;17.0;Chamadas de Longa Distancia para Outros Estados;
2020-06-25 10:35:48;    ;5.0;Chamadas de Longa Distancia para Outros Estados;
2020-06-25 10:26:44;    ;28.0;Chamadas de Longa Distancia para Outros Estados;
2020-06-25 08:38:00;    ;5.0;Chamadas de Longa Distancia para Outros Estados;
2020-06-25 08:31:11;    ;49.0;Chamadas de Longa Distancia para Outros Estados;
2020-06-24 19:14:22;    ;5.0;Chamadas de Longa Distancia para Outros Estados;
2020-06-23 15:47:52;    ;20.0;Chamadas de Longa Distancia para Outros Estados;
2020-06-22 16:17:29;51  40617199;5.0;Chamadas de Longa Distancia para Outros Estados;
2020-06-22 11:36:01;    ;7.0;Chamadas de Longa Distancia para Outros Estados;
2020-06-21 14:51:14;    ;8.0;Chamadas de Longa Distancia para Outros Estados;
2020-06-21 14:48:22;    ;20.0;Chamadas de Longa Distancia para Outros Estados;
2020-06-17 16:22:23;    ;5.0;Chamadas de Longa Distancia para Outros Estados;
2020-06-17 09:34:02;    ;5.0;Chamadas de Longa Distancia para Outros Estados;
2020-06-17 09:12:20;    ;5.0;Chamadas de Longa Distancia para Outros Estados;
2020-06-17 08:12:14;    ;6.0;Chamadas de Longa Distancia para Outros Estados;
2020-06-16 08:27:22;    ;5.0;Chamadas de Longa Distancia para Outros Estados;
2020-06-12 16:33:32;    ;7.0;Chamadas de Longa Distancia para Outros Estados;
2020-06-12 16:06:25;    ;9.0;Chamadas de Longa Distancia para Outros Estados;
2020-06-12 15:57:43;    ;5.0;Chamadas de Longa Distancia para Outros Estados;
2020-06-10 19:43:38;    ;5.0;Chamadas de Longa Distancia para Outros Estados;
2020-06-10 14:14:06;    ;5.0;Chamadas de Longa Distancia para Outros Estados;
2020-06-10 14:04:27;    ;6.0;Chamadas de Longa Distancia para Outros Estados;
2020-06-09 12:18:30;    ;18.0;Chamadas de Longa Distancia para Outros Estados;
2020-06-09 08:59:43;    ;8.0;Chamadas de Longa Distancia para Outros Estados;
2020-06-08 15:27:36;    ;7.0;Chamadas de Longa Distancia para Outros Estados;
2020-06-08 14:28:36;    ;5.0;Chamadas de Longa Distancia para Outros Estados;
2020-06-08 14:02:28;    ;5.0;Chamadas de Longa Distancia para Outros Estados;
2020-06-05 15:13:36;    ;44.0;Chamadas de Longa Distancia para Outros Estados;
2020-06-03 09:56:22;    ;7.0;Chamadas de Longa Distancia para Outros Estados;
2020-06-05 20:39:56;*5  55;5.0;"";
2020-06-30 11:53:54;41  30041104;112.0;Para Fixo de Outras Operadoras;
2020-06-24 20:39:55;41  34234381;14.0;Para Fixo de Outras Operadoras;
2020-06-24 10:43:18;41  34222434;12.0;Para Fixo de Outras Operadoras;
2020-06-24 10:40:42;41  34222434;11.0;Para Fixo de Outras Operadoras;
2020-06-23 17:07:14;41  34222434;10.0;Para Fixo de Outras Operadoras;
2020-06-23 17:04:31;41  34222434;11.0;Para Fixo de Outras Operadoras;
2020-06-23 17:03:23;41  34222673;6.0;Para Fixo de Outras Operadoras;
2020-06-23 17:01:41;41  31891880;13.0;Para Fixo de Outras Operadoras;
2020-06-23 16:59:58;41  34222673;10.0;Para Fixo de Outras Operadoras;
2020-06-23 16:50:12;41  34232651;12.0;Para Fixo de Outras Operadoras;
2020-06-23 13:47:39;41  34274065;50.0;Para Fixo de Outras Operadoras;
2020-06-22 14:48:53;41  30220500;10.0;Para Fixo de Outras Operadoras;
2020-06-19 14:33:49;41  34226060;10.0;Para Fixo de Outras Operadoras;
2020-06-18 14:18:24;41  34231019;11.0;Para Fixo de Outras Operadoras;
2020-06-18 11:40:31;41  34202713;6.0;Para Fixo de Outras Operadoras;
2020-06-18 11:30:54;41  34226720;11.0;Para Fixo de Outras Operadoras;
2020-06-18 10:13:03;41  34231019;5.0;Para Fixo de Outras Operadoras;
2020-06-17 14:51:13;41  34231019;43.0;Para Fixo de Outras Operadoras;
2020-06-16 14:48:34;41  34222149;8.0;Para Fixo de Outras Operadoras;
2020-06-16 08:11:58;41  34231215;12.0;Para Fixo de Outras Operadoras;
2020-06-15 17:37:23;41  34231929;5.0;Para Fixo de Outras Operadoras;
2020-06-15 10:15:42;41  34255160;19.0;Para Fixo de Outras Operadoras;
2020-06-15 10:12:37;41  34201371;10.0;Para Fixo de Outras Operadoras;
2020-06-14 13:32:23;41  40020022;5.0;Para Fixo de Outras Operadoras;
2020-06-12 17:02:07;41  34201222;51.0;Para Fixo de Outras Operadoras;
2020-06-10 09:28:50;41  34232929;27.0;Para Fixo de Outras Operadoras;
2020-06-09 14:05:21;41  34223411;7.0;Para Fixo de Outras Operadoras;
2020-06-09 08:46:55;41  31891880;12.0;Para Fixo de Outras Operadoras;
2020-06-09 08:38:59;41  34238009;21.0;Para Fixo de Outras Operadoras;
2020-06-09 08:38:16;41  34238009;5.0;Para Fixo de Outras Operadoras;
2020-06-09 08:35:29;41  34222434;18.0;Para Fixo de Outras Operadoras;
2020-06-09 08:34:25;41  34223411;7.0;Para Fixo de Outras Operadoras;
2020-06-09 08:33:11;41  34222434;9.0;Para Fixo de Outras Operadoras;
2020-06-09 08:32:26;41  34222434;6.0;Para Fixo de Outras Operadoras;
2020-06-09 08:31:10;41  34222434;11.0;Para Fixo de Outras Operadoras;
2020-06-08 17:32:39;41  34222434;6.0;Para Fixo de Outras Operadoras;
2020-06-08 17:31:22;41  34222434;10.0;Para Fixo de Outras Operadoras;
2020-06-04 17:55:15;41  34222434;9.0;Para Fixo de Outras Operadoras;
2020-06-04 16:40:41;41  34259760;7.0;Para Fixo de Outras Operadoras;
2020-06-04 15:59:58;41  34220038;9.0;Para Fixo de Outras Operadoras;
2020-06-04 15:24:58;41  34207000;25.0;Para Fixo de Outras Operadoras;
2020-06-04 08:05:57;41  34222434;17.0;Para Fixo de Outras Operadoras;
2020-06-26 16:24:55;41  984656498;5.0;Para Celulares de Outras Operadoras;
2020-06-01 18:13:06;41  997545207;0.0;Adicional por Ligacoes Realizadas;
2020-06-01 18:13:06;41  997545207;7.0;Para Celulares de Outras Operadoras;
2020-06-05 09:51:29;11  30030621;33.0;Para Fixo de Outras Operadoras;
2020-06-05 09:46:50;11  30030621;23.0;Para Fixo de Outras Operadoras;
2020-06-30 08:11:17;13  988252199;5.0;Para Celulares de Outras Operadoras;
2020-06-21 14:28:28;12  981941676;5.0;Para Celulares de Outras Operadoras;
2020-06-18 14:56:06;13  988252199;21.0;Para Celulares de Outras Operadoras;
2020-06-17 12:59:22;13  988252199;5.0;Para Celulares de Outras Operadoras;
2020-06-17 11:19:17;13  988252199;5.0;Para Celulares de Outras Operadoras;
2020-06-17 09:32:18;13  988252199;5.0;Para Celulares de Outras Operadoras;
2020-06-05 08:52:46;13  988252199;5.0;Para Celulares de Outras Operadoras;
2020-06-05 08:47:01;13  988252199;13.0;Para Celulares de Outras Operadoras;
2020-06-05 08:19:53;13  988252199;15.0;Para Celulares de Outras Operadoras;
2020-06-04 13:53:55;51  993555430;16.0;Para Celulares de Outras Operadoras;
2020-06-02 07:56:42;13  988252199;6.0;Para Celulares de Outras Operadoras;
2020-06-02 07:34:07;13  988252199;11.0;Para Celulares de Outras Operadoras;
2020-06-24 15:05:55;51  994057331;22.0;Para Celulares Vivo;
2020-06-23 06:54:49;51  994057331;5.0;Para Celulares Vivo;
2020-06-22 17:45:42;51  994057331;5.0;Para Celulares Vivo;
2020-06-22 11:53:42;51  994057331;5.0;Para Celulares Vivo;
2020-06-22 11:49:17;51  994057331;5.0;Para Celulares Vivo;
2020-06-19 13:12:14;48  991664588;5.0;Para Celulares Vivo;
2020-06-18 15:21:06;51  991259818;24.0;Para Celulares Vivo;
2020-06-17 11:23:57;48  991664588;5.0;Para Celulares Vivo;
2020-06-17 11:02:25;48  991664588;9.0;Para Celulares Vivo;
2020-06-17 11:01:36;51  993320327;5.0;Para Celulares Vivo;
2020-06-17 10:19:37;51  996872609;15.0;Para Celulares Vivo;
2020-06-17 10:14:57;51  993320327;5.0;Para Celulares Vivo;
2020-06-17 10:14:12;51  994057331;5.0;Para Celulares Vivo;
2020-06-16 11:11:19;48  991664588;5.0;Para Celulares Vivo;
2020-06-16 08:25:40;48  991664588;9.0;Para Celulares Vivo;
2020-06-15 16:17:41;48  991664588;8.0;Para Celulares Vivo;
2020-06-13 20:11:46;51  992592841;5.0;Para Celulares Vivo;
2020-06-12 16:21:28;48  991664588;5.0;Para Celulares Vivo;
2020-06-12 15:52:45;48  991664588;5.0;Para Celulares Vivo;
2020-06-12 14:11:29;48  991664588;6.0;Para Celulares Vivo;
2020-06-12 08:23:24;51  996872609;6.0;Para Celulares Vivo;
2020-06-10 17:50:29;51  992592841;9.0;Para Celulares Vivo;
2020-06-10 15:42:52;48  991664588;17.0;Para Celulares Vivo;
2020-06-10 15:00:50;51  993394636;20.0;Para Celulares Vivo;
2020-06-10 14:10:38;48  991664588;18.0;Para Celulares Vivo;
2020-06-10 14:02:49;51  992592841;17.0;Para Celulares Vivo;
2020-06-10 11:38:23;48  991664588;5.0;Para Celulares Vivo;
2020-06-10 08:16:50;48  991664588;5.0;Para Celulares Vivo;
2020-06-10 08:10:56;48  991664588;5.0;Para Celulares Vivo;
2020-06-08 15:54:10;48  991664588;11.0;Para Celulares Vivo;
2020-06-08 15:49:09;51  992592841;8.0;Para Celulares Vivo;
2020-06-08 14:24:41;48  991664588;5.0;Para Celulares Vivo;
2020-06-08 12:14:52;48  991664588;5.0;Para Celulares Vivo;
2020-06-05 08:56:48;51  996872609;5.0;Para Celulares Vivo;
2020-06-05 08:50:13;51  993320327;7.0;Para Celulares Vivo;
2020-06-05 08:49:20;51  991259818;5.0;Para Celulares Vivo;
2020-06-05 08:03:34;48  991664588;5.0;Para Celulares Vivo;
2020-06-04 14:37:46;48  991664588;6.0;Para Celulares Vivo;
2020-06-04 14:00:39;48  991664588;5.0;Para Celulares Vivo;
2020-06-04 13:58:32;48  991664588;11.0;Para Celulares Vivo;
2020-06-04 13:56:00;51  991200777;17.0;Para Celulares Vivo;
2020-06-30 11:53:54;41  30041104;0.0;Adicional por Ligacoes Realizadas;
2020-06-30 08:11:17;13  988252199;0.0;Adicional por Ligacoes Realizadas;
2020-06-26 16:24:55;41  984656498;0.0;Adicional por Ligacoes Realizadas;
2020-06-26 14:24:36;41  984588404;0.0;Adicional por Ligacoes Realizadas;
2020-06-24 20:39:55;41  34234381;0.0;Adicional por Ligacoes Realizadas;
2020-06-24 19:05:10;41  997545207;0.0;Adicional por Ligacoes Realizadas;
2020-06-24 16:37:23;41  997545207;0.0;Adicional por Ligacoes Realizadas;
2020-06-24 16:25:05;41  997545207;0.0;Adicional por Ligacoes Realizadas;
2020-06-24 15:05:55;51  994057331;0.0;Adicional por Ligacoes Realizadas;
2020-06-24 13:53:55;41  997545207;0.0;Adicional por Ligacoes Realizadas;
2020-06-24 10:43:18;41  34222434;0.0;Adicional por Ligacoes Realizadas;
2020-06-24 10:40:42;41  34222434;0.0;Adicional por Ligacoes Realizadas;
2020-06-23 17:07:14;41  34222434;0.0;Adicional por Ligacoes Realizadas;
2020-06-23 17:04:31;41  34222434;0.0;Adicional por Ligacoes Realizadas;
2020-06-23 17:03:23;41  34222673;0.0;Adicional por Ligacoes Realizadas;
2020-06-23 17:01:41;41  31891880;0.0;Adicional por Ligacoes Realizadas;
2020-06-23 16:59:58;41  34222673;0.0;Adicional por Ligacoes Realizadas;
2020-06-23 16:50:12;41  34232651;0.0;Adicional por Ligacoes Realizadas;
2020-06-23 13:47:39;41  34274065;0.0;Adicional por Ligacoes Realizadas;
2020-06-23 13:44:46;41  984522352;0.0;Adicional por Ligacoes Realizadas;
2020-06-23 06:54:49;51  994057331;0.0;Adicional por Ligacoes Realizadas;
2020-06-22 17:45:42;51  994057331;0.0;Adicional por Ligacoes Realizadas;
2020-06-22 14:48:53;41  30220500;0.0;Adicional por Ligacoes Realizadas;
2020-06-22 11:53:42;51  994057331;0.0;Adicional por Ligacoes Realizadas;
2020-06-22 11:49:17;51  994057331;0.0;Adicional por Ligacoes Realizadas;
2020-06-21 14:28:28;12  981941676;0.0;Adicional por Ligacoes Realizadas;
2020-06-21 14:22:35;41  984979783;0.0;Adicional por Ligacoes Realizadas;
2020-06-21 03:32:54;41  997545207;0.0;Adicional por Ligacoes Realizadas;
2020-06-19 14:33:49;41  34226060;0.0;Adicional por Ligacoes Realizadas;
2020-06-19 13:12:14;48  991664588;0.0;Adicional por Ligacoes Realizadas;
2020-06-19 10:51:52;41  985051051;0.0;Adicional por Ligacoes Realizadas;
2020-06-19 08:50:00;41  984588404;0.0;Adicional por Ligacoes Realizadas;
2020-06-18 15:21:06;51  991259818;0.0;Adicional por Ligacoes Realizadas;
2020-06-18 14:56:06;13  988252199;0.0;Adicional por Ligacoes Realizadas;
2020-06-18 14:18:24;41  34231019;0.0;Adicional por Ligacoes Realizadas;
2020-06-18 14:10:53;41  984345933;0.0;Adicional por Ligacoes Realizadas;
2020-06-18 11:40:31;41  34202713;0.0;Adicional por Ligacoes Realizadas;
2020-06-18 11:30:54;41  34226720;0.0;Adicional por Ligacoes Realizadas;
2020-06-18 10:13:03;41  34231019;0.0;Adicional por Ligacoes Realizadas;
2020-06-18 08:31:34;41  984588404;0.0;Adicional por Ligacoes Realizadas;
2020-06-17 17:36:21;41  984656498;0.0;Adicional por Ligacoes Realizadas;
2020-06-17 16:13:37;41  984522352;0.0;Adicional por Ligacoes Realizadas;
2020-06-17 14:51:13;41  34231019;0.0;Adicional por Ligacoes Realizadas;
2020-06-17 12:59:22;13  988252199;0.0;Adicional por Ligacoes Realizadas;
2020-06-17 11:23:57;48  991664588;0.0;Adicional por Ligacoes Realizadas;
2020-06-26 14:24:36;41  984588404;11.0;Para Celulares de Outras Operadoras;
2020-06-24 19:05:10;41  997545207;5.0;Para Celulares de Outras Operadoras;
2020-06-24 16:37:23;41  997545207;15.0;Para Celulares de Outras Operadoras;
2020-06-24 16:25:05;41  997545207;5.0;Para Celulares de Outras Operadoras;
2020-06-24 13:53:55;41  997545207;22.0;Para Celulares de Outras Operadoras;
2020-06-23 13:44:46;41  984522352;7.0;Para Celulares de Outras Operadoras;
2020-06-21 14:22:35;41  984979783;6.0;Para Celulares de Outras Operadoras;
2020-06-21 03:32:54;41  997545207;5.0;Para Celulares de Outras Operadoras;
2020-06-19 10:51:52;41  985051051;7.0;Para Celulares de Outras Operadoras;
2020-06-19 08:50:00;41  984588404;33.0;Para Celulares de Outras Operadoras;
2020-06-18 14:10:53;41  984345933;9.0;Para Celulares de Outras Operadoras;
2020-06-18 08:31:34;41  984588404;17.0;Para Celulares de Outras Operadoras;
2020-06-17 17:36:21;41  984656498;5.0;Para Celulares de Outras Operadoras;
2020-06-17 16:13:37;41  984522352;9.0;Para Celulares de Outras Operadoras;
2020-06-13 18:35:25;41  996005707;5.0;Para Celulares de Outras Operadoras;
2020-06-13 12:42:40;41  996005707;7.0;Para Celulares de Outras Operadoras;
2020-06-12 15:44:04;41  984522352;5.0;Para Celulares de Outras Operadoras;
2020-06-12 14:09:35;41  984522352;5.0;Para Celulares de Outras Operadoras;
2020-06-10 19:41:05;41  984522352;5.0;Para Celulares de Outras Operadoras;
2020-06-10 19:40:17;41  985340351;5.0;Para Celulares de Outras Operadoras;
2020-06-05 11:01:00;41  998103380;5.0;Para Celulares de Outras Operadoras;
2020-06-05 10:59:40;41  998103380;5.0;Para Celulares de Outras Operadoras;
2020-06-02 18:53:10;41  997545207;5.0;Para Celulares de Outras Operadoras;
2020-06-12 14:46:02;41  991348913;5.0;Para Celulares Vivo;
2020-06-12 14:44:31;41  991348913;7.0;Para Celulares Vivo;
2020-06-10 19:50:49;41  992118521;5.0;Para Celulares Vivo;
2020-06-10 17:54:13;41  992118521;5.0;Para Celulares Vivo;
2020-06-10 14:56:12;41  992341409;18.0;Para Celulares Vivo;
2020-06-10 14:18:32;41  992341409;11.0;Para Celulares Vivo;
2020-06-10 14:06:35;41  992341409;12.0;Para Celulares Vivo;
2020-06-09 17:23:20;41  992118521;8.0;Para Celulares Vivo;
2020-06-01;"";2.0;INTERNET MOVEL 2;0.00
2020-06-02;"";4.0;INTERNET MOVEL 2;0.00
2020-06-04;"";6.0;INTERNET MOVEL 2;0.00
2020-06-05;"";4.0;INTERNET MOVEL 2;0.00
2020-06-06;"";6.0;INTERNET MOVEL 2;0.00
2020-06-07;"";1.0;INTERNET MOVEL 2;0.00
2020-06-08;"";4.0;INTERNET MOVEL 2;0.00
2020-06-09;"";2.0;INTERNET MOVEL 2;0.00
2020-06-10;"";3.0;INTERNET MOVEL 2;0.00
2020-06-11;"";1.0;INTERNET MOVEL 2;0.00
2020-06-12;"";93.0;INTERNET MOVEL 2;0.00
2020-06-13;"";1.0;INTERNET MOVEL 2;0.00
2020-06-14;"";1.0;INTERNET MOVEL 2;0.00
2020-06-16;"";51.0;INTERNET MOVEL 2;0.00
2020-06-17;"";12.0;INTERNET MOVEL 2;0.00
2020-06-18;"";1.0;INTERNET MOVEL 2;0.00
2020-06-19;"";58578.4;INTERNET MOVEL 2;0.00
2020-06-20;"";3.0;INTERNET MOVEL 2;0.00
2020-06-21;"";85.0;INTERNET MOVEL 2;0.00
2020-06-22;"";11.0;INTERNET MOVEL 2;0.00
2020-06-23;"";2.0;INTERNET MOVEL 2;0.00
2020-06-24;"";1.0;INTERNET MOVEL 2;0.00
2020-06-25;"";165.0;INTERNET MOVEL 2;0.00
2020-06-26;"";1055.0;INTERNET MOVEL 2;0.00
2020-06-27;"";5.0;INTERNET MOVEL 2;0.00
2020-06-28;"";7.0;INTERNET MOVEL 2;0.00
2020-06-29;"";2.0;INTERNET MOVEL 2;0.00
