data_hora_inicio;nro_telefone_chamado;duracao_ligacao;desc_categoria;valor_ligacao
2020-06-01 16:59:33;51  994610494;5.0;Para Celulares de Outras Operadoras;
2020-06-01 16:57:14;51  994610494;11.0;Para Celulares de Outras Operadoras;
2020-06-01 16:54:59;51  991919823;8.0;Para Celulares Vivo;
2020-06-01 16:24:06;51  995112258;6.0;Para Celulares Vivo;
2020-06-01 15:30:32;51  995112258;5.0;Para Celulares Vivo;
2020-06-01 13:46:26;51  992592757;5.0;Para Celulares Vivo;
2020-06-01 13:45:43;51  992592757;5.0;Para Celulares Vivo;
2020-06-01 13:35:39;51  992592701;5.0;Para Celulares Vivo;
2020-06-01 13:22:20;51  991034978;28.0;Para Celulares Vivo;
2020-06-01 09:08:54;51  992592757;40.0;Para Celulares Vivo;
2020-06-24 15:04:33;*5  55;5.0;"";
2020-06-02 08:42:05;*5  55;5.0;"";
2020-06-26 15:47:22;51  32161180;99.0;Para Fixo de Outras Operadoras;
2020-06-26 15:46:21;51  32161180;5.0;Para Fixo de Outras Operadoras;
2020-06-26 15:35:35;51  33279001;69.0;Para Fixo de Outras Operadoras;
2020-06-26 15:33:00;51  33279001;5.0;Para Fixo de Outras Operadoras;
2020-06-19 08:27:39;51  33445454;8.0;Para Fixo de Outras Operadoras;
2020-06-10 21:54:50;51  32767460;12.0;Para Fixo de Outras Operadoras;
2020-06-10 21:48:01;51  32767460;59.0;Para Fixo de Outras Operadoras;
2020-06-26 15:57:46;51  999156400;32.0;Para Celulares de Outras Operadoras;
2020-06-26 15:43:53;51  999156400;14.0;Para Celulares de Outras Operadoras;
2020-06-23 07:50:59;51  991931287;9.0;Para Celulares de Outras Operadoras;
2020-06-19 10:20:54;51  984109419;9.0;Para Celulares de Outras Operadoras;
2020-06-17 09:41:19;51  991931287;10.0;Para Celulares de Outras Operadoras;
2020-06-17 08:11:48;51  995346424;196.0;Para Celulares de Outras Operadoras;
2020-06-15 16:05:24;51  999630310;70.0;Para Celulares de Outras Operadoras;
2020-06-12 15:20:29;51  992255947;5.0;Para Celulares de Outras Operadoras;
2020-06-11 19:55:25;51  992255947;5.0;Para Celulares de Outras Operadoras;
2020-06-09 15:36:20;51  994610494;5.0;Para Celulares de Outras Operadoras;
2020-06-08 21:13:12;51  992255947;9.0;Para Celulares de Outras Operadoras;
2020-06-08 20:55:34;51  992255947;5.0;Para Celulares de Outras Operadoras;
2020-06-07 11:19:38;51  992255947;6.0;Para Celulares de Outras Operadoras;
2020-06-02 20:22:04;51  992255947;5.0;Para Celulares de Outras Operadoras;
2020-06-02 13:59:24;51  981211690;6.0;Para Celulares de Outras Operadoras;
2020-06-21 19:42:32;51  33871000;37.0;Para Fixo Vivo;
2020-06-18 15:17:38;51  984468666;17.0;Para Fixo Vivo;
2020-06-10 09:06:02;51  21313351;23.0;Para Fixo Vivo;
2020-06-30 15:47:04;51  991034978;5.0;Para Celulares Vivo;
2020-06-30 14:03:12;51  992592757;10.0;Para Celulares Vivo;
2020-06-30 14:01:15;51  992592757;6.0;Para Celulares Vivo;
2020-06-30 10:31:46;51  998851856;5.0;Para Celulares Vivo;
2020-06-30 09:44:27;51  992580847;7.0;Para Celulares Vivo;
2020-06-29 21:44:46;51  991034978;108.0;Para Celulares Vivo;
2020-06-29 18:31:13;51  991034978;17.0;Para Celulares Vivo;
2020-06-29 17:00:25;51  992592971;31.0;Para Celulares Vivo;
2020-06-29 15:31:33;51  995105815;5.0;Para Celulares Vivo;
2020-06-29 13:47:23;51  991919823;5.0;Para Celulares Vivo;
2020-06-29 13:41:31;51  989028545;5.0;Para Celulares Vivo;
2020-06-29 11:17:13;51  995105815;5.0;Para Celulares Vivo;
2020-06-29 11:16:41;51  995112258;5.0;Para Celulares Vivo;
2020-06-29 10:34:47;51  995112258;5.0;Para Celulares Vivo;
2020-06-29 10:34:12;51  995105815;5.0;Para Celulares Vivo;
2020-06-29 07:59:00;51  991919823;5.0;Para Celulares Vivo;
2020-06-28 18:46:26;51  991034978;18.0;Para Celulares Vivo;
2020-06-28 15:14:27;51  991034978;5.0;Para Celulares Vivo;
2020-06-28 15:14:04;51  991034978;5.0;Para Celulares Vivo;
2020-06-27 20:56:49;51  991034978;16.0;Para Celulares Vivo;
2020-06-27 20:43:58;51  991034978;5.0;Para Celulares Vivo;
2020-06-27 20:43:22;51  991034978;5.0;Para Celulares Vivo;
2020-06-27 20:41:42;51  991034978;14.0;Para Celulares Vivo;
2020-06-26 20:54:03;51  991034978;36.0;Para Celulares Vivo;
2020-06-26 16:32:58;51  991034978;6.0;Para Celulares Vivo;
2020-06-26 14:45:34;51  991026438;5.0;Para Celulares Vivo;
2020-06-26 14:20:35;51  991026438;5.0;Para Celulares Vivo;
2020-06-26 10:52:41;51  993360720;5.0;Para Celulares Vivo;
2020-06-26 08:02:55;51  995105815;5.0;Para Celulares Vivo;
2020-06-25 18:56:47;51  991034978;5.0;Para Celulares Vivo;
2020-06-25 16:07:56;51  981119588;5.0;Para Celulares Vivo;
2020-06-25 08:32:49;51  991026438;11.0;Para Celulares Vivo;
2020-06-25 08:29:35;51  991026438;14.0;Para Celulares Vivo;
2020-06-24 23:02:01;51  991034978;24.0;Para Celulares Vivo;
2020-06-24 17:39:26;51  991034978;43.0;Para Celulares Vivo;
2020-06-24 08:03:13;51  991943334;5.0;Para Celulares Vivo;
2020-06-23 19:18:46;51  991034978;5.0;Para Celulares Vivo;
2020-06-23 13:46:50;51  995105815;15.0;Para Celulares Vivo;
2020-06-23 13:24:02;51  991034978;9.0;Para Celulares Vivo;
2020-06-23 13:02:11;51  991034978;7.0;Para Celulares Vivo;
2020-06-23 08:28:19;51  995105815;5.0;Para Celulares Vivo;
2020-06-22 22:16:42;51  991034978;5.0;Para Celulares Vivo;
2020-06-22 18:31:01;51  998311708;14.0;Para Celulares Vivo;
2020-06-22 18:27:31;51  992076689;26.0;Para Celulares Vivo;
2020-06-22 18:00:25;51  991034807;159.0;Para Celulares Vivo;
2020-06-22 17:55:39;51  991034807;45.0;Para Celulares Vivo;
2020-06-22 17:54:41;51  992076689;5.0;Para Celulares Vivo;
2020-06-22 15:21:01;51  991034978;5.0;Para Celulares Vivo;
2020-06-22 10:10:32;51  991026438;5.0;Para Celulares Vivo;
2020-06-22 08:03:20;51  991014112;5.0;Para Celulares Vivo;
2020-06-22 07:49:16;51  991026438;5.0;Para Celulares Vivo;
2020-06-20 20:59:17;51  991034978;5.0;Para Celulares Vivo;
2020-06-20 15:04:52;51  991034978;9.0;Para Celulares Vivo;
2020-06-19 23:40:47;51  991034978;32.0;Para Celulares Vivo;
2020-06-19 14:41:50;51  991034978;6.0;Para Celulares Vivo;
2020-06-18 18:24:34;51  991034978;5.0;Para Celulares Vivo;
2020-06-18 18:02:30;51  991034978;6.0;Para Celulares Vivo;
2020-06-18 17:41:04;51  993119416;27.0;Para Celulares Vivo;
2020-06-18 17:37:19;51  991034978;5.0;Para Celulares Vivo;
2020-06-18 15:19:38;51  992592816;53.0;Para Celulares Vivo;
2020-06-18 14:40:58;51  991034978;10.0;Para Celulares Vivo;
2020-06-18 10:19:12;51  991943334;5.0;Para Celulares Vivo;
2020-06-18 10:07:36;51  991943334;5.0;Para Celulares Vivo;
2020-06-18 09:46:54;51  992592816;110.0;Para Celulares Vivo;
2020-06-18 09:44:04;51  991943334;5.0;Para Celulares Vivo;
2020-06-17 17:33:11;51  991034978;6.0;Para Celulares Vivo;
2020-06-17 15:28:34;51  991943334;5.0;Para Celulares Vivo;
2020-06-16 18:03:23;51  991034978;5.0;Para Celulares Vivo;
2020-06-15 21:19:16;51  991034978;28.0;Para Celulares Vivo;
2020-06-15 14:10:06;51  995112258;16.0;Para Celulares Vivo;
2020-06-14 16:21:36;51  991034978;11.0;Para Celulares Vivo;
2020-06-10 21:54:20;51  991034978;5.0;Para Celulares Vivo;
2020-06-10 14:58:54;51  991911632;26.0;Para Celulares Vivo;
2020-06-10 11:16:11;51  991034978;8.0;Para Celulares Vivo;
2020-06-10 09:42:53;51  991026438;5.0;Para Celulares Vivo;
2020-06-10 09:34:03;51  991026438;5.0;Para Celulares Vivo;
2020-06-10 09:31:39;51  992580847;18.0;Para Celulares Vivo;
2020-06-10 09:08:44;51  992580847;15.0;Para Celulares Vivo;
2020-06-10 08:40:50;51  992580847;41.0;Para Celulares Vivo;
2020-06-09 23:06:12;51  991034978;63.0;Para Celulares Vivo;
2020-06-09 16:41:11;51  981119588;5.0;Para Celulares Vivo;
2020-06-09 13:55:53;51  991034978;51.0;Para Celulares Vivo;
2020-06-08 21:00:23;51  991034978;14.0;Para Celulares Vivo;
2020-06-08 20:31:33;51  991034978;5.0;Para Celulares Vivo;
2020-06-08 20:12:12;51  991034978;5.0;Para Celulares Vivo;
2020-06-08 15:01:07;51  991026438;5.0;Para Celulares Vivo;
2020-06-08 13:49:19;51  991034978;19.0;Para Celulares Vivo;
2020-06-08 10:35:31;51  991034807;9.0;Para Celulares Vivo;
2020-06-07 21:26:41;51  991034978;5.0;Para Celulares Vivo;
2020-06-06 17:54:16;51  991034978;11.0;Para Celulares Vivo;
2020-06-05 16:33:52;51  991034978;6.0;Para Celulares Vivo;
2020-06-05 16:14:16;51  991026438;6.0;Para Celulares Vivo;
2020-06-04 17:34:46;51  991034978;11.0;Para Celulares Vivo;
2020-06-03 09:20:53;51  991034978;70.0;Para Celulares Vivo;
2020-06-02 21:13:17;51  991034978;5.0;Para Celulares Vivo;
2020-06-02 14:33:06;51  991919823;5.0;Para Celulares Vivo;
2020-06-02 14:18:46;51  995112258;6.0;Para Celulares Vivo;
2020-06-02 10:18:25;51  991034978;33.0;Para Celulares Vivo;
2020-06-02 08:31:30;51  991034807;70.0;Para Celulares Vivo;
2020-06-01;"";107310.3;INTERNET MOVEL 2;0.00
2020-06-02;"";83093.2;INTERNET MOVEL 2;0.00
2020-06-03;"";208953.7;INTERNET MOVEL 2;0.00
2020-06-04;"";155432.4;INTERNET MOVEL 2;0.00
2020-06-05;"";269418.1;INTERNET MOVEL 2;0.00
2020-06-06;"";31966.4;INTERNET MOVEL 2;0.00
2020-06-07;"";18040.0;INTERNET MOVEL 2;0.00
2020-06-08;"";52848.4;INTERNET MOVEL 2;0.00
2020-06-09;"";100273.2;INTERNET MOVEL 2;0.00
2020-06-10;"";31803.8;INTERNET MOVEL 2;0.00
2020-06-11;"";350.0;INTERNET MOVEL 2;0.00
2020-06-12;"";125930.2;INTERNET MOVEL 2;0.00
2020-06-13;"";108510.8;INTERNET MOVEL 2;0.00
2020-06-14;"";39047.1;INTERNET MOVEL 2;0.00
2020-06-15;"";5123.5;INTERNET MOVEL 2;0.00
2020-06-16;"";3870.0;INTERNET MOVEL 2;0.00
2020-06-17;"";15086.2;INTERNET MOVEL 2;0.00
2020-06-18;"";34430.3;INTERNET MOVEL 2;0.00
2020-06-19;"";99937.1;INTERNET MOVEL 2;0.00
2020-06-20;"";11033.6;INTERNET MOVEL 2;0.00
2020-06-21;"";111294.7;INTERNET MOVEL 2;0.00
2020-06-22;"";61837.5;INTERNET MOVEL 2;0.00
2020-06-23;"";5952.4;INTERNET MOVEL 2;0.00
2020-06-24;"";55850.3;INTERNET MOVEL 2;0.00
2020-06-25;"";48451.0;INTERNET MOVEL 2;0.00
2020-06-26;"";54929.9;INTERNET MOVEL 2;0.00
2020-06-27;"";102567.4;INTERNET MOVEL 2;0.00
2020-06-28;"";72213.3;INTERNET MOVEL 2;0.00
2020-06-29;"";22819.5;INTERNET MOVEL 2;0.00
2020-06-30;"";144701.4;INTERNET MOVEL 2;0.00
2020-07-01;"";412.0;INTERNET MOVEL 2;0.00
