data_hora_inicio;nro_telefone_chamado;duracao_ligacao;desc_categoria;valor_ligacao
2020-06-01 18:06:14;"";1.0;ADICIONAL;0.00
2020-06-01 10:36:07;"";1.0;ADICIONAL;0.00
2020-06-01 07:46:17;"";1.0;ADICIONAL;0.00
2020-06-29 10:29:37;"";1.0;ADICIONAL;0.00
2020-06-29 10:00:51;"";1.0;ADICIONAL;0.00
2020-06-25 08:38:51;"";1.0;ADICIONAL;0.00
2020-06-23 14:33:52;"";1.0;ADICIONAL;0.00
2020-06-23 13:34:08;"";1.0;ADICIONAL;0.00
2020-06-23 08:56:13;"";1.0;ADICIONAL;0.00
2020-06-22 11:30:02;"";1.0;ADICIONAL;0.00
2020-06-22 10:14:40;"";1.0;ADICIONAL;0.00
2020-06-20 10:58:37;"";1.0;ADICIONAL;0.00
2020-06-18 11:57:47;"";1.0;ADICIONAL;0.00
2020-06-18 08:57:23;"";1.0;ADICIONAL;0.00
2020-06-15 11:32:50;"";1.0;ADICIONAL;0.00
2020-06-10 16:47:06;"";1.0;ADICIONAL;0.00
2020-06-10 15:20:11;"";1.0;ADICIONAL;0.00
2020-06-10 10:41:26;"";1.0;ADICIONAL;0.00
2020-06-10 07:43:45;"";1.0;ADICIONAL;0.00
2020-06-08 13:10:15;"";1.0;ADICIONAL;0.00
2020-06-05 14:21:10;"";1.0;ADICIONAL;0.00
2020-06-05 11:09:12;"";1.0;ADICIONAL;0.00
2020-06-03 08:27:12;"";1.0;ADICIONAL;0.00
2020-06-02 15:35:34;"";1.0;ADICIONAL;0.00
2020-06-02 09:55:12;"";1.0;ADICIONAL;0.00
2020-06-02 09:06:35;"";1.0;ADICIONAL;0.00
2020-06-02 07:39:35;"";1.0;ADICIONAL;0.00
2020-06-24 08:18:37;51  991317721;0.0;Adicional por Ligacoes Realizadas;
2020-06-23 14:50:23;51  991317721;0.0;Adicional por Ligacoes Realizadas;
2020-06-23 14:40:33;51  991317721;0.0;Adicional por Ligacoes Realizadas;
2020-06-23 08:26:13;51  991317721;0.0;Adicional por Ligacoes Realizadas;
2020-06-19 12:56:14;51  991317721;0.0;Adicional por Ligacoes Realizadas;
2020-06-19 12:48:16;51  992592870;0.0;Adicional por Ligacoes Realizadas;
2020-06-19 11:12:51;13  981463358;0.0;Adicional por Ligacoes Realizadas;
2020-06-19 09:09:15;51  991317721;0.0;Adicional por Ligacoes Realizadas;
2020-06-19 09:03:02;51  998331892;0.0;Adicional por Ligacoes Realizadas;
2020-06-19 08:12:57;51  991317721;0.0;Adicional por Ligacoes Realizadas;
2020-06-19 07:48:53;51  991317721;0.0;Adicional por Ligacoes Realizadas;
2020-06-18 21:13:17;51  992592870;0.0;Adicional por Ligacoes Realizadas;
2020-06-17 17:35:40;51  991202796;0.0;Adicional por Ligacoes Realizadas;
2020-06-15 15:08:12;13  32215858;0.0;Adicional por Ligacoes Realizadas;
2020-06-15 13:54:02;13  32215858;0.0;Adicional por Ligacoes Realizadas;
2020-06-15 10:57:28;51  995878281;0.0;Adicional por Ligacoes Realizadas;
2020-06-15 10:55:13;13  32215858;0.0;Adicional por Ligacoes Realizadas;
2020-06-12 13:51:50;11  997984703;0.0;Adicional por Ligacoes Realizadas;
2020-06-10 12:08:31;51  991317721;0.0;Adicional por Ligacoes Realizadas;
2020-06-08 15:48:40;13  32215858;0.0;Adicional por Ligacoes Realizadas;
2020-06-08 11:47:02;13  32215858;0.0;Adicional por Ligacoes Realizadas;
2020-06-08 11:41:50;13  32215858;0.0;Adicional por Ligacoes Realizadas;
2020-06-08 11:26:53;51  995878281;0.0;Adicional por Ligacoes Realizadas;
2020-06-08 11:20:55;13  32215858;0.0;Adicional por Ligacoes Realizadas;
2020-06-08 10:42:51;13  32215858;0.0;Adicional por Ligacoes Realizadas;
2020-06-08 09:51:07;13  32215858;0.0;Adicional por Ligacoes Realizadas;
2020-06-04 14:09:20;51  995878281;0.0;Adicional por Ligacoes Realizadas;
2020-06-04 10:53:14;13  32215858;0.0;Adicional por Ligacoes Realizadas;
2020-06-03 07:41:38;51  992592870;0.0;Adicional por Ligacoes Realizadas;
2020-06-02 15:42:44;11  36090241;0.0;Adicional por Ligacoes Realizadas;
2020-06-02 15:26:23;13  33214725;0.0;Adicional por Ligacoes Realizadas;
2020-06-02 08:30:16;51  992592870;0.0;Adicional por Ligacoes Realizadas;
2020-06-29 10:29:37;    ;20.0;Chamadas de Longa Distancia para Outros Estados;
2020-06-29 10:00:51;    ;10.0;Chamadas de Longa Distancia para Outros Estados;
2020-06-25 08:38:51;    ;10.0;Chamadas de Longa Distancia para Outros Estados;
2020-06-23 14:33:52;    ;52.0;Chamadas de Longa Distancia para Outros Estados;
2020-06-23 13:34:08;    ;27.0;Chamadas de Longa Distancia para Outros Estados;
2020-06-23 08:56:13;    ;84.0;Chamadas de Longa Distancia para Outros Estados;
2020-06-22 11:30:02;    ;59.0;Chamadas de Longa Distancia para Outros Estados;
2020-06-22 10:14:40;    ;64.0;Chamadas de Longa Distancia para Outros Estados;
2020-06-20 10:58:37;    ;33.0;Chamadas de Longa Distancia para Outros Estados;
2020-06-18 11:57:47;    ;5.0;Chamadas de Longa Distancia para Outros Estados;
2020-06-18 08:57:23;    ;5.0;Chamadas de Longa Distancia para Outros Estados;
2020-06-15 11:32:50;    ;5.0;Chamadas de Longa Distancia para Outros Estados;
2020-06-10 16:47:06;    ;5.0;Chamadas de Longa Distancia para Outros Estados;
2020-06-10 15:20:11;    ;26.0;Chamadas de Longa Distancia para Outros Estados;
2020-06-10 10:41:26;    ;22.0;Chamadas de Longa Distancia para Outros Estados;
2020-06-01 15:57:06;11  36090241;0.0;Adicional por Ligacoes Realizadas;
2020-06-01 11:30:19;13  33416015;0.0;Adicional por Ligacoes Realizadas;
2020-06-01 10:10:49;51  995878281;0.0;Adicional por Ligacoes Realizadas;
2020-06-01 11:30:19;13  33416015;12.0;Para Fixo de Outras Operadoras;
2020-06-02 15:42:44;11  36090241;16.0;Para Fixo Vivo;
2020-06-01 15:57:06;11  36090241;30.0;Para Fixo Vivo;
2020-06-29 11:52:32;51  991202796;5.0;Para Celulares Vivo;
2020-06-26 14:27:44;51  991317721;32.0;Para Celulares Vivo;
2020-06-25 08:04:48;51  995878281;19.0;Para Celulares Vivo;
2020-06-25 07:45:58;51  991317721;43.0;Para Celulares Vivo;
2020-06-24 11:14:21;51  991317721;88.0;Para Celulares Vivo;
2020-06-24 08:18:37;51  991317721;34.0;Para Celulares Vivo;
2020-06-23 14:50:23;51  991317721;16.0;Para Celulares Vivo;
2020-06-23 14:40:33;51  991317721;10.0;Para Celulares Vivo;
2020-06-23 08:26:13;51  991317721;158.0;Para Celulares Vivo;
2020-06-19 12:56:14;51  991317721;69.0;Para Celulares Vivo;
2020-06-19 12:48:16;51  992592870;52.0;Para Celulares Vivo;
2020-06-19 09:09:15;51  991317721;5.0;Para Celulares Vivo;
2020-06-19 09:03:02;51  998331892;8.0;Para Celulares Vivo;
2020-06-19 08:12:57;51  991317721;6.0;Para Celulares Vivo;
2020-06-19 07:48:53;51  991317721;13.0;Para Celulares Vivo;
2020-06-18 21:13:17;51  992592870;30.0;Para Celulares Vivo;
2020-06-17 17:35:40;51  991202796;7.0;Para Celulares Vivo;
2020-06-15 10:57:28;51  995878281;65.0;Para Celulares Vivo;
2020-06-12 13:51:50;11  997984703;38.0;Para Celulares Vivo;
2020-06-10 12:08:31;51  991317721;5.0;Para Celulares Vivo;
2020-06-08 11:26:53;51  995878281;99.0;Para Celulares Vivo;
2020-06-04 14:09:20;51  995878281;84.0;Para Celulares Vivo;
2020-06-03 07:41:38;51  992592870;6.0;Para Celulares Vivo;
2020-06-02 08:30:16;51  992592870;26.0;Para Celulares Vivo;
2020-06-01 10:10:49;51  995878281;35.0;Para Celulares Vivo;
2020-06-29 15:22:45;13  981463358;0.0;Adicional por Ligacoes Realizadas;
2020-06-29 14:19:51;13  997876095;0.0;Adicional por Ligacoes Realizadas;
2020-06-29 14:09:18;13  997876095;0.0;Adicional por Ligacoes Realizadas;
2020-06-29 11:52:32;51  991202796;0.0;Adicional por Ligacoes Realizadas;
2020-06-29 11:13:36;13  997876095;0.0;Adicional por Ligacoes Realizadas;
2020-06-29 08:16:25;13  997876095;0.0;Adicional por Ligacoes Realizadas;
2020-06-26 14:27:44;51  991317721;0.0;Adicional por Ligacoes Realizadas;
2020-06-26 13:06:38;13  997876095;0.0;Adicional por Ligacoes Realizadas;
2020-06-26 11:08:21;13  981463358;0.0;Adicional por Ligacoes Realizadas;
2020-06-25 08:04:48;51  995878281;0.0;Adicional por Ligacoes Realizadas;
2020-06-25 07:45:58;51  991317721;0.0;Adicional por Ligacoes Realizadas;
2020-06-24 11:14:21;51  991317721;0.0;Adicional por Ligacoes Realizadas;
2020-06-10 07:43:45;    ;56.0;Chamadas de Longa Distancia para Outros Estados;
2020-06-08 13:10:15;    ;6.0;Chamadas de Longa Distancia para Outros Estados;
2020-06-05 14:21:10;    ;14.0;Chamadas de Longa Distancia para Outros Estados;
2020-06-05 11:09:12;    ;31.0;Chamadas de Longa Distancia para Outros Estados;
2020-06-03 08:27:12;    ;9.0;Chamadas de Longa Distancia para Outros Estados;
2020-06-02 15:35:34;    ;12.0;Chamadas de Longa Distancia para Outros Estados;
2020-06-02 09:55:12;    ;11.0;Chamadas de Longa Distancia para Outros Estados;
2020-06-02 09:06:35;    ;7.0;Chamadas de Longa Distancia para Outros Estados;
2020-06-02 07:39:35;    ;6.0;Chamadas de Longa Distancia para Outros Estados;
2020-06-01 18:06:14;    ;5.0;Chamadas de Longa Distancia para Outros Estados;
2020-06-01 10:36:07;    ;22.0;Chamadas de Longa Distancia para Outros Estados;
2020-06-01 07:46:17;    ;29.0;Chamadas de Longa Distancia para Outros Estados;
2020-06-02 15:26:23;13  33214725;32.0;Para Fixo de Outras Operadoras;
2020-06-29 15:22:45;13  981463358;38.0;Para Celulares de Outras Operadoras;
2020-06-26 11:08:21;13  981463358;20.0;Para Celulares de Outras Operadoras;
2020-06-19 11:12:51;13  981463358;15.0;Para Celulares de Outras Operadoras;
2020-06-15 15:08:12;13  32215858;31.0;Para Fixo Vivo;
2020-06-15 13:54:02;13  32215858;10.0;Para Fixo Vivo;
2020-06-15 10:55:13;13  32215858;15.0;Para Fixo Vivo;
2020-06-08 15:48:40;13  32215858;8.0;Para Fixo Vivo;
2020-06-08 11:47:02;13  32215858;5.0;Para Fixo Vivo;
2020-06-08 11:41:50;13  32215858;7.0;Para Fixo Vivo;
2020-06-08 11:20:55;13  32215858;56.0;Para Fixo Vivo;
2020-06-08 10:42:51;13  32215858;16.0;Para Fixo Vivo;
2020-06-08 09:51:07;13  32215858;41.0;Para Fixo Vivo;
2020-06-04 10:53:14;13  32215858;8.0;Para Fixo Vivo;
2020-06-29 14:19:51;13  997876095;12.0;Para Celulares Vivo;
2020-06-29 14:09:18;13  997876095;52.0;Para Celulares Vivo;
2020-06-29 11:13:36;13  997876095;36.0;Para Celulares Vivo;
2020-06-29 08:16:25;13  997876095;45.0;Para Celulares Vivo;
2020-06-26 13:06:38;13  997876095;135.0;Para Celulares Vivo;
2020-06-01;"";267.0;INTERNET MOVEL 2;0.00
2020-06-02;"";318.0;INTERNET MOVEL 2;0.00
2020-06-03;"";331.0;INTERNET MOVEL 2;0.00
2020-06-04;"";185.0;INTERNET MOVEL 2;0.00
2020-06-05;"";337.0;INTERNET MOVEL 2;0.00
2020-06-06;"";354.0;INTERNET MOVEL 2;0.00
2020-06-07;"";252.0;INTERNET MOVEL 2;0.00
2020-06-08;"";211.0;INTERNET MOVEL 2;0.00
2020-06-09;"";361.0;INTERNET MOVEL 2;0.00
2020-06-10;"";355.0;INTERNET MOVEL 2;0.00
2020-06-11;"";419.0;INTERNET MOVEL 2;0.00
2020-06-12;"";462.0;INTERNET MOVEL 2;0.00
2020-06-13;"";429.0;INTERNET MOVEL 2;0.00
2020-06-14;"";462.0;INTERNET MOVEL 2;0.00
2020-06-15;"";458.0;INTERNET MOVEL 2;0.00
2020-06-16;"";277.0;INTERNET MOVEL 2;0.00
2020-06-17;"";430.0;INTERNET MOVEL 2;0.00
2020-06-18;"";492.0;INTERNET MOVEL 2;0.00
2020-06-19;"";262.0;INTERNET MOVEL 2;0.00
2020-06-20;"";315.0;INTERNET MOVEL 2;0.00
2020-06-21;"";486.0;INTERNET MOVEL 2;0.00
2020-06-22;"";291.0;INTERNET MOVEL 2;0.00
2020-06-23;"";459.0;INTERNET MOVEL 2;0.00
2020-06-24;"";447.0;INTERNET MOVEL 2;0.00
2020-06-25;"";383.0;INTERNET MOVEL 2;0.00
2020-06-26;"";208.0;INTERNET MOVEL 2;0.00
2020-06-27;"";412.0;INTERNET MOVEL 2;0.00
2020-06-28;"";20.0;INTERNET MOVEL 2;0.00
2020-06-29;"";247.0;INTERNET MOVEL 2;0.00
2020-06-30;"";267.0;INTERNET MOVEL 2;0.00
