data_hora_inicio;nro_telefone_chamado;duracao_ligacao;desc_categoria;valor_ligacao
2020-06-26 08:43:49;31  992382249;11.0;Para Celulares Vivo;
2020-06-25 10:07:39;31  992382249;7.0;Para Celulares Vivo;
2020-06-09 11:02:27;*5  55;5.0;"";
2020-06-25 17:01:00;51  992592817;159.0;Para Celulares Vivo;
2020-06-19 11:16:22;51  992592887;5.0;Para Celulares Vivo;
2020-06-17 18:02:30;51  992592887;8.0;Para Celulares Vivo;
2020-06-17 17:57:45;51  992592818;37.0;Para Celulares Vivo;
2020-06-15 18:50:34;51  992592887;116.0;Para Celulares Vivo;
2020-06-05 11:29:46;51  992592887;85.0;Para Celulares Vivo;
2020-06-01;"";185.0;INTERNET MOVEL 2;0.00
2020-06-02;"";190.0;INTERNET MOVEL 2;0.00
2020-06-03;"";134.0;INTERNET MOVEL 2;0.00
2020-06-04;"";307.0;INTERNET MOVEL 2;0.00
2020-06-05;"";208.0;INTERNET MOVEL 2;0.00
2020-06-06;"";162.0;INTERNET MOVEL 2;0.00
2020-06-08;"";246.0;INTERNET MOVEL 2;0.00
2020-06-09;"";248.0;INTERNET MOVEL 2;0.00
2020-06-10;"";250.0;INTERNET MOVEL 2;0.00
2020-06-11;"";91.0;INTERNET MOVEL 2;0.00
2020-06-12;"";200.0;INTERNET MOVEL 2;0.00
2020-06-15;"";228.0;INTERNET MOVEL 2;0.00
2020-06-16;"";595.0;INTERNET MOVEL 2;0.00
2020-06-17;"";327.0;INTERNET MOVEL 2;0.00
2020-06-18;"";359.0;INTERNET MOVEL 2;0.00
2020-06-19;"";224.0;INTERNET MOVEL 2;0.00
2020-06-20;"";2.0;INTERNET MOVEL 2;0.00
2020-06-21;"";146.0;INTERNET MOVEL 2;0.00
2020-06-22;"";236.0;INTERNET MOVEL 2;0.00
2020-06-23;"";154.0;INTERNET MOVEL 2;0.00
2020-06-24;"";243.0;INTERNET MOVEL 2;0.00
2020-06-25;"";185.0;INTERNET MOVEL 2;0.00
2020-06-26;"";242.0;INTERNET MOVEL 2;0.00
2020-06-29;"";152.0;INTERNET MOVEL 2;0.00
2020-06-30;"";82.0;INTERNET MOVEL 2;0.00
