data_hora_inicio;nro_telefone_chamado;duracao_ligacao;desc_categoria;valor_ligacao
2020-06-23 18:47:54;51  980397719;5.0;Para Celulares de Outras Operadoras;
2020-06-15 17:39:22;51  985077245;137.0;Para Celulares de Outras Operadoras;
2020-06-12 10:37:25;51  33464069;7.0;Para Fixo Vivo;
2020-06-29 17:28:59;51  992592870;586.0;Para Celulares Vivo;
2020-06-25 14:56:32;51  991317721;18.0;Para Celulares Vivo;
2020-06-24 16:57:33;51  996436633;172.0;Para Celulares Vivo;
2020-06-22 15:47:16;51  991317721;22.0;Para Celulares Vivo;
2020-06-18 13:54:51;51  991317721;159.0;Para Celulares Vivo;
2020-06-15 10:15:44;51  996436633;141.0;Para Celulares Vivo;
2020-06-10 18:33:57;51  998708515;11.0;Para Celulares Vivo;
2020-06-07 11:41:54;51  996436633;117.0;Para Celulares Vivo;
2020-05-31;"";19.0;INTERNET MOVEL 2;0.00
2020-06-01;"";326.0;INTERNET MOVEL 2;0.00
2020-06-02;"";520.0;INTERNET MOVEL 2;0.00
2020-06-03;"";38143.2;INTERNET MOVEL 2;0.00
2020-06-04;"";278.0;INTERNET MOVEL 2;0.00
2020-06-05;"";1226.0;INTERNET MOVEL 2;0.00
2020-06-06;"";136779.5;INTERNET MOVEL 2;0.00
2020-06-07;"";463.0;INTERNET MOVEL 2;0.00
2020-06-08;"";1441.0;INTERNET MOVEL 2;0.00
2020-06-09;"";318.0;INTERNET MOVEL 2;0.00
2020-06-10;"";120853.3;INTERNET MOVEL 2;0.00
2020-06-11;"";554.0;INTERNET MOVEL 2;0.00
2020-06-12;"";26102.6;INTERNET MOVEL 2;0.00
2020-06-13;"";378.0;INTERNET MOVEL 2;0.00
2020-06-14;"";37948.0;INTERNET MOVEL 2;0.00
2020-06-15;"";331.0;INTERNET MOVEL 2;0.00
2020-06-16;"";1909.0;INTERNET MOVEL 2;0.00
2020-06-17;"";331.0;INTERNET MOVEL 2;0.00
2020-06-18;"";3443.8;INTERNET MOVEL 2;0.00
2020-06-19;"";27041.1;INTERNET MOVEL 2;0.00
2020-06-20;"";12478.7;INTERNET MOVEL 2;0.00
2020-06-21;"";21831.8;INTERNET MOVEL 2;0.00
2020-06-22;"";353.0;INTERNET MOVEL 2;0.00
2020-06-23;"";51794.5;INTERNET MOVEL 2;0.00
2020-06-24;"";1310.0;INTERNET MOVEL 2;0.00
2020-06-25;"";466.0;INTERNET MOVEL 2;0.00
2020-06-26;"";967.0;INTERNET MOVEL 2;0.00
2020-06-27;"";35100.6;INTERNET MOVEL 2;0.00
2020-06-28;"";49223.4;INTERNET MOVEL 2;0.00
2020-06-29;"";337.0;INTERNET MOVEL 2;0.00
2020-06-30;"";214.0;INTERNET MOVEL 2;0.00
