data_hora_inicio;nro_telefone_chamado;duracao_ligacao;desc_categoria;valor_ligacao
2020-06-26 15:54:34;55  981293913;35.0;Para Fixo Vivo;
2020-06-28 10:14:26;51  34593797;5.0;Para Fixo de Outras Operadoras;
2020-06-15 12:07:32;51  34593797;12.0;Para Fixo de Outras Operadoras;
2020-06-30 21:58:56;51  982684054;13.0;Para Celulares de Outras Operadoras;
2020-06-28 10:30:59;51  982684054;5.0;Para Celulares de Outras Operadoras;
2020-06-26 19:40:26;51  985161705;83.0;Para Celulares de Outras Operadoras;
2020-06-17 17:43:54;51  982684054;5.0;Para Celulares de Outras Operadoras;
2020-06-10 18:33:00;51  982684054;6.0;Para Celulares de Outras Operadoras;
2020-06-03 10:36:27;51  984155402;78.0;Para Celulares de Outras Operadoras;
2020-06-03 10:28:16;51  984155402;5.0;Para Celulares de Outras Operadoras;
2020-06-30 11:34:16;51  997152427;6.0;Para Celulares Vivo;
2020-06-29 15:45:35;51  996684577;144.0;Para Celulares Vivo;
2020-06-29 11:16:24;51  996684577;37.0;Para Celulares Vivo;
2020-06-28 11:23:25;51  997152427;17.0;Para Celulares Vivo;
2020-06-28 10:32:07;51  997152427;10.0;Para Celulares Vivo;
2020-06-28 10:29:08;51  997152427;10.0;Para Celulares Vivo;
2020-06-26 11:37:52;51  996684577;13.0;Para Celulares Vivo;
2020-06-26 11:20:23;51  992592701;58.0;Para Celulares Vivo;
2020-06-26 11:17:07;51  996684577;21.0;Para Celulares Vivo;
2020-06-26 11:11:53;51  996684577;33.0;Para Celulares Vivo;
2020-06-21 10:42:19;51  997152427;37.0;Para Celulares Vivo;
2020-06-17 15:39:49;51  992592701;128.0;Para Celulares Vivo;
2020-06-17 12:39:36;51  992592701;21.0;Para Celulares Vivo;
2020-06-17 12:33:15;51  992592701;11.0;Para Celulares Vivo;
2020-06-17 09:24:10;51  992592701;65.0;Para Celulares Vivo;
2020-06-17 08:50:01;51  992592701;29.0;Para Celulares Vivo;
2020-06-15 12:03:30;51  997152427;5.0;Para Celulares Vivo;
2020-06-12 12:28:46;51  997152427;7.0;Para Celulares Vivo;
2020-06-10 16:37:26;51  992592701;97.0;Para Celulares Vivo;
2020-06-10 16:11:16;51  992592701;196.0;Para Celulares Vivo;
2020-06-10 15:46:01;51  991943334;5.0;Para Celulares Vivo;
2020-06-10 14:39:11;51  991943334;13.0;Para Celulares Vivo;
2020-06-10 11:23:52;51  992592701;52.0;Para Celulares Vivo;
2020-06-11;"";1.0;INTERNET MOVEL 2;0.00
2020-06-12;"";1.0;INTERNET MOVEL 2;0.00
2020-06-18;"";1.0;INTERNET MOVEL 2;0.00
2020-06-24;"";16.0;INTERNET MOVEL 2;0.00
2020-06-25;"";1.0;INTERNET MOVEL 2;0.00
2020-06-28;"";1.0;INTERNET MOVEL 2;0.00
2020-06-30;"";2.0;INTERNET MOVEL 2;0.00
