data_hora_inicio;nro_telefone_chamado;duracao_ligacao;desc_categoria;valor_ligacao
2020-05-31;"";220.0;INTERNET MOVEL 2;0.00
2020-06-01;"";3729.7;INTERNET MOVEL 2;0.00
2020-06-02;"";1514.0;INTERNET MOVEL 2;0.00
2020-06-03;"";27852.0;INTERNET MOVEL 2;0.00
2020-06-04;"";158201.0;INTERNET MOVEL 2;0.00
2020-06-05;"";63279.4;INTERNET MOVEL 2;0.00
2020-06-06;"";53176.3;INTERNET MOVEL 2;0.00
2020-06-07;"";3362.6;INTERNET MOVEL 2;0.00
2020-06-08;"";15504.3;INTERNET MOVEL 2;0.00
2020-06-09;"";60751.2;INTERNET MOVEL 2;0.00
2020-06-10;"";3905.7;INTERNET MOVEL 2;0.00
2020-06-11;"";65774.2;INTERNET MOVEL 2;0.00
2020-06-12;"";31749.2;INTERNET MOVEL 2;0.00
2020-06-13;"";2316.0;INTERNET MOVEL 2;0.00
2020-06-14;"";28910.7;INTERNET MOVEL 2;0.00
2020-06-15;"";14129.0;INTERNET MOVEL 2;0.00
2020-06-16;"";73735.0;INTERNET MOVEL 2;0.00
2020-06-17;"";33597.4;INTERNET MOVEL 2;0.00
2020-06-18;"";3696.4;INTERNET MOVEL 2;0.00
2020-06-19;"";41892.0;INTERNET MOVEL 2;0.00
2020-06-20;"";2810.2;INTERNET MOVEL 2;0.00
2020-06-21;"";1514.0;INTERNET MOVEL 2;0.00
2020-06-22;"";2344.0;INTERNET MOVEL 2;0.00
2020-06-23;"";23266.4;INTERNET MOVEL 2;0.00
2020-06-24;"";13309.1;INTERNET MOVEL 2;0.00
2020-06-25;"";68116.3;INTERNET MOVEL 2;0.00
2020-06-26;"";82416.6;INTERNET MOVEL 2;0.00
2020-06-27;"";17990.3;INTERNET MOVEL 2;0.00
2020-06-28;"";1001.0;INTERNET MOVEL 2;0.00
2020-06-29;"";104570.8;INTERNET MOVEL 2;0.00
2020-06-30;"";2952.4;INTERNET MOVEL 2;0.00
2020-07-01;"";5.0;INTERNET MOVEL 2;0.00
