data_hora_inicio;nro_telefone_chamado;duracao_ligacao;desc_categoria;valor_ligacao
2020-06-10 17:06:05;12982640005;1.0;GRATIS-SMS;0.00
2020-06-10 16:56:24;12982640005;1.0;GRATIS-SMS;0.00
2020-06-01 10:57:43;11  984719726;54.0;Para Celulares Vivo;
2020-06-16 15:42:19;31  988954288;269.0;Para Celulares de Outras Operadoras;
2020-06-05 14:20:01;31  991290350;174.0;Para Celulares de Outras Operadoras;
2020-06-02 10:27:47;31  988954288;191.0;Para Celulares de Outras Operadoras;
2020-06-29 12:08:07;31  984720469;40.0;Para Celulares Vivo;
2020-06-16 16:30:25;51  998447472;93.0;Para Celulares Vivo;
2020-06-10 17:08:09;51  991035458;52.0;Para Celulares Vivo;
2020-06-10 12:04:57;51  991035458;33.0;Para Celulares Vivo;
2020-06-09 16:17:40;51  991035458;65.0;Para Celulares Vivo;
2020-06-08 17:23:06;51  991035458;25.0;Para Celulares Vivo;
2020-06-08 11:09:20;51  991035458;60.0;Para Celulares Vivo;
2020-06-05 11:21:26;51  991035458;19.0;Para Celulares Vivo;
2020-06-17 16:45:00;11  988827319;8.0;Para Celulares de Outras Operadoras;
2020-06-27 17:49:06;11  999757711;36.0;Para Celulares Vivo;
2020-06-24 11:56:41;11  996856715;199.0;Para Celulares Vivo;
2020-06-01;"";228.0;INTERNET MOVEL 2;0.00
2020-06-02;"";423.0;INTERNET MOVEL;0.00
2020-06-02;"";441.0;INTERNET MOVEL 2;0.00
2020-06-03;"";124.0;INTERNET MOVEL 2;0.00
2020-06-04;"";248.0;INTERNET MOVEL 2;0.00
2020-06-05;"";385.0;INTERNET MOVEL 2;0.00
2020-06-06;"";362.0;INTERNET MOVEL 2;0.00
2020-06-07;"";324.0;INTERNET MOVEL 2;0.00
2020-06-08;"";299.0;INTERNET MOVEL 2;0.00
2020-06-09;"";379.0;INTERNET MOVEL 2;0.00
2020-06-10;"";319.0;INTERNET MOVEL 2;0.00
2020-06-11;"";248.0;INTERNET MOVEL 2;0.00
2020-06-12;"";376.0;INTERNET MOVEL 2;0.00
2020-06-13;"";16037.8;INTERNET MOVEL 2;0.00
2020-06-14;"";411.0;INTERNET MOVEL 2;0.00
2020-06-15;"";362.0;INTERNET MOVEL 2;0.00
2020-06-16;"";39103.0;INTERNET MOVEL 2;0.00
2020-06-17;"";409.0;INTERNET MOVEL 2;0.00
2020-06-18;"";319.0;INTERNET MOVEL 2;0.00
2020-06-19;"";451.0;INTERNET MOVEL 2;0.00
2020-06-20;"";438.0;INTERNET MOVEL 2;0.00
2020-06-21;"";402.0;INTERNET MOVEL 2;0.00
2020-06-22;"";291.0;INTERNET MOVEL 2;0.00
2020-06-23;"";561.0;INTERNET MOVEL 2;0.00
2020-06-24;"";575.0;INTERNET MOVEL 2;0.00
2020-06-25;"";766.0;INTERNET MOVEL 2;0.00
2020-06-26;"";5511.4;INTERNET MOVEL 2;0.00
2020-06-27;"";270.0;INTERNET MOVEL 2;0.00
2020-06-28;"";181.0;INTERNET MOVEL 2;0.00
2020-06-29;"";2171.0;INTERNET MOVEL 2;0.00
2020-06-30;"";43.0;INTERNET MOVEL 2;0.00
