data_hora_inicio;nro_telefone_chamado;duracao_ligacao;desc_categoria;valor_ligacao
2020-06-01 16:44:26;"";1.0;ADICIONAL;0.00
2020-06-30 07:41:43;"";1.0;ADICIONAL;0.00
2020-06-23 10:30:30;"";1.0;ADICIONAL;0.00
2020-06-23 07:54:35;"";1.0;ADICIONAL;0.00
2020-06-22 14:09:42;"";1.0;ADICIONAL;0.00
2020-06-22 10:51:44;"";1.0;ADICIONAL;0.00
2020-06-22 10:22:32;"";1.0;ADICIONAL;0.00
2020-06-22 10:03:34;"";1.0;ADICIONAL;0.00
2020-06-22 09:29:52;"";1.0;ADICIONAL;0.00
2020-06-22 08:32:54;"";1.0;ADICIONAL;0.00
2020-06-18 08:33:57;"";1.0;ADICIONAL;0.00
2020-06-18 07:49:22;"";1.0;ADICIONAL;0.00
2020-06-18 07:47:38;"";1.0;ADICIONAL;0.00
2020-06-17 19:13:13;"";1.0;ADICIONAL;0.00
2020-06-17 18:52:41;"";1.0;ADICIONAL;0.00
2020-06-17 18:39:37;"";1.0;ADICIONAL;0.00
2020-06-17 17:57:49;"";1.0;ADICIONAL;0.00
2020-06-17 17:49:13;"";1.0;ADICIONAL;0.00
2020-06-17 17:34:29;"";1.0;ADICIONAL;0.00
2020-06-17 17:03:23;"";1.0;ADICIONAL;0.00
2020-06-17 16:39:07;"";1.0;ADICIONAL;0.00
2020-06-17 11:27:33;"";1.0;ADICIONAL;0.00
2020-06-17 11:04:25;"";1.0;ADICIONAL;0.00
2020-06-17 10:55:55;"";1.0;ADICIONAL;0.00
2020-06-17 10:41:01;"";1.0;ADICIONAL;0.00
2020-06-17 10:30:21;"";1.0;ADICIONAL;0.00
2020-06-17 10:08:13;"";1.0;ADICIONAL;0.00
2020-06-17 08:50:54;"";1.0;ADICIONAL;0.00
2020-06-16 09:19:38;"";1.0;ADICIONAL;0.00
2020-06-15 16:54:44;"";1.0;ADICIONAL;0.00
2020-06-15 16:19:49;"";1.0;ADICIONAL;0.00
2020-06-15 15:32:08;"";1.0;ADICIONAL;0.00
2020-06-15 15:20:18;"";1.0;ADICIONAL;0.00
2020-06-09 18:56:24;"";1.0;ADICIONAL;0.00
2020-06-04 11:01:08;"";1.0;ADICIONAL;0.00
2020-06-03 12:11:19;"";1.0;ADICIONAL;0.00
2020-06-24 08:55:55;51  993394636;70.0;Para Celulares Vivo;
2020-06-22 10:12:02;51  996781699;5.0;Para Celulares Vivo;
2020-06-22 10:07:10;51  996781699;15.0;Para Celulares Vivo;
2020-06-22 08:55:54;51  996781699;41.0;Para Celulares Vivo;
2020-06-22 08:37:22;51  996781699;159.0;Para Celulares Vivo;
2020-06-20 12:04:01;51  996781699;63.0;Para Celulares Vivo;
2020-06-20 11:57:09;51  993394636;48.0;Para Celulares Vivo;
2020-06-18 11:24:43;51  993394636;84.0;Para Celulares Vivo;
2020-06-18 07:55:37;51  996781699;45.0;Para Celulares Vivo;
2020-06-17 19:22:17;51  996781699;113.0;Para Celulares Vivo;
2020-06-17 18:46:01;51  996781699;5.0;Para Celulares Vivo;
2020-06-17 17:41:16;51  996781699;74.0;Para Celulares Vivo;
2020-06-17 17:39:22;51  996781699;15.0;Para Celulares Vivo;
2020-06-17 16:53:24;51  996781699;44.0;Para Celulares Vivo;
2020-06-17 16:45:19;51  996781699;12.0;Para Celulares Vivo;
2020-06-17 16:34:27;51  996781699;5.0;Para Celulares Vivo;
2020-06-17 09:57:43;51  996781699;53.0;Para Celulares Vivo;
2020-06-17 09:50:22;51  996781699;43.0;Para Celulares Vivo;
2020-06-17 09:23:51;51  996781699;79.0;Para Celulares Vivo;
2020-06-15 16:35:55;51  993394636;26.0;Para Celulares Vivo;
2020-06-15 16:10:16;51  993394636;7.0;Para Celulares Vivo;
2020-06-15 15:43:14;51  993394636;183.0;Para Celulares Vivo;
2020-06-15 14:56:10;51  995838788;43.0;Para Celulares Vivo;
2020-06-15 14:22:01;51  995838788;52.0;Para Celulares Vivo;
2020-06-15 06:38:52;51  991259818;5.0;Para Celulares Vivo;
2020-06-15 06:36:40;48  991664588;8.0;Para Celulares Vivo;
2020-06-13 08:54:24;48  991664588;5.0;Para Celulares Vivo;
2020-06-13 08:53:05;51  993394636;6.0;Para Celulares Vivo;
2020-06-10 16:43:39;51  993394636;17.0;Para Celulares Vivo;
2020-06-09 07:49:56;51  993394636;7.0;Para Celulares Vivo;
2020-06-05 10:19:56;51  992592629;35.0;Para Celulares Vivo;
2020-06-04 11:06:18;51  992592841;14.0;Para Celulares Vivo;
2020-06-04 08:19:16;51  992592841;5.0;Para Celulares Vivo;
2020-06-02 15:52:52;51  995838788;62.0;Para Celulares Vivo;
2020-06-24 08:55:55;51  993394636;0.0;Adicional por Ligacoes Realizadas;
2020-06-22 10:12:02;51  996781699;0.0;Adicional por Ligacoes Realizadas;
2020-06-22 10:07:10;51  996781699;0.0;Adicional por Ligacoes Realizadas;
2020-06-22 08:55:54;51  996781699;0.0;Adicional por Ligacoes Realizadas;
2020-06-22 08:37:22;51  996781699;0.0;Adicional por Ligacoes Realizadas;
2020-06-20 12:04:01;51  996781699;0.0;Adicional por Ligacoes Realizadas;
2020-06-20 11:57:09;51  993394636;0.0;Adicional por Ligacoes Realizadas;
2020-06-18 11:24:43;51  993394636;0.0;Adicional por Ligacoes Realizadas;
2020-06-18 07:55:37;51  996781699;0.0;Adicional por Ligacoes Realizadas;
2020-06-17 19:22:17;51  996781699;0.0;Adicional por Ligacoes Realizadas;
2020-06-17 18:46:01;51  996781699;0.0;Adicional por Ligacoes Realizadas;
2020-06-17 17:41:16;51  996781699;0.0;Adicional por Ligacoes Realizadas;
2020-06-17 17:39:22;51  996781699;0.0;Adicional por Ligacoes Realizadas;
2020-06-17 16:53:24;51  996781699;0.0;Adicional por Ligacoes Realizadas;
2020-06-17 16:45:19;51  996781699;0.0;Adicional por Ligacoes Realizadas;
2020-06-17 16:34:27;51  996781699;0.0;Adicional por Ligacoes Realizadas;
2020-06-17 09:57:43;51  996781699;0.0;Adicional por Ligacoes Realizadas;
2020-06-17 09:50:22;51  996781699;0.0;Adicional por Ligacoes Realizadas;
2020-06-17 09:23:51;51  996781699;0.0;Adicional por Ligacoes Realizadas;
2020-06-16 08:58:56;08  007737373;0.0;Adicional por Ligacoes Realizadas;
2020-06-16 08:51:06;15  853182799;0.0;Adicional por Ligacoes Realizadas;
2020-06-15 16:35:55;51  993394636;0.0;Adicional por Ligacoes Realizadas;
2020-06-15 16:10:16;51  993394636;0.0;Adicional por Ligacoes Realizadas;
2020-06-15 15:43:14;51  993394636;0.0;Adicional por Ligacoes Realizadas;
2020-06-15 14:56:10;51  995838788;0.0;Adicional por Ligacoes Realizadas;
2020-06-15 14:22:01;51  995838788;0.0;Adicional por Ligacoes Realizadas;
2020-06-15 06:38:52;51  991259818;0.0;Adicional por Ligacoes Realizadas;
2020-06-15 06:36:40;48  991664588;0.0;Adicional por Ligacoes Realizadas;
2020-06-13 08:54:24;48  991664588;0.0;Adicional por Ligacoes Realizadas;
2020-06-13 08:53:05;51  993394636;0.0;Adicional por Ligacoes Realizadas;
2020-06-10 16:43:39;51  993394636;0.0;Adicional por Ligacoes Realizadas;
2020-06-09 07:49:56;51  993394636;0.0;Adicional por Ligacoes Realizadas;
2020-06-05 10:19:56;51  992592629;0.0;Adicional por Ligacoes Realizadas;
2020-06-04 11:06:18;51  992592841;0.0;Adicional por Ligacoes Realizadas;
2020-06-04 08:19:16;51  992592841;0.0;Adicional por Ligacoes Realizadas;
2020-06-03 16:44:30;41  985079902;0.0;Adicional por Ligacoes Realizadas;
2020-06-02 15:52:52;51  995838788;0.0;Adicional por Ligacoes Realizadas;
2020-06-16 08:51:06;15  853182799;10.0;"";
2020-06-16 08:58:56;08  007737373;5.0;"";
2020-06-30 07:41:43;    ;54.0;Chamadas de Longa Distancia para Outros Estados;
2020-06-23 10:30:30;    ;138.0;Chamadas de Longa Distancia para Outros Estados;
2020-06-23 07:54:35;    ;9.0;Chamadas de Longa Distancia para Outros Estados;
2020-06-22 14:09:42;    ;43.0;Chamadas de Longa Distancia para Outros Estados;
2020-06-22 10:51:44;    ;7.0;Chamadas de Longa Distancia para Outros Estados;
2020-06-22 10:22:32;    ;110.0;Chamadas de Longa Distancia para Outros Estados;
2020-06-22 10:03:34;    ;5.0;Chamadas de Longa Distancia para Outros Estados;
2020-06-22 09:29:52;    ;5.0;Chamadas de Longa Distancia para Outros Estados;
2020-06-22 08:32:54;    ;8.0;Chamadas de Longa Distancia para Outros Estados;
2020-06-18 08:33:57;    ;9.0;Chamadas de Longa Distancia para Outros Estados;
2020-06-18 07:49:22;    ;10.0;Chamadas de Longa Distancia para Outros Estados;
2020-06-18 07:47:38;    ;14.0;Chamadas de Longa Distancia para Outros Estados;
2020-06-17 19:13:13;    ;84.0;Chamadas de Longa Distancia para Outros Estados;
2020-06-17 18:52:41;    ;100.0;Chamadas de Longa Distancia para Outros Estados;
2020-06-17 18:39:37;    ;41.0;Chamadas de Longa Distancia para Outros Estados;
2020-06-17 17:57:49;    ;10.0;Chamadas de Longa Distancia para Outros Estados;
2020-06-17 17:49:13;    ;6.0;Chamadas de Longa Distancia para Outros Estados;
2020-06-17 17:34:29;    ;37.0;Chamadas de Longa Distancia para Outros Estados;
2020-06-17 17:03:23;    ;175.0;Chamadas de Longa Distancia para Outros Estados;
2020-06-17 16:39:07;    ;57.0;Chamadas de Longa Distancia para Outros Estados;
2020-06-17 11:27:33;    ;28.0;Chamadas de Longa Distancia para Outros Estados;
2020-06-17 11:04:25;    ;54.0;Chamadas de Longa Distancia para Outros Estados;
2020-06-17 10:55:55;    ;17.0;Chamadas de Longa Distancia para Outros Estados;
2020-06-17 10:41:01;    ;133.0;Chamadas de Longa Distancia para Outros Estados;
2020-06-17 10:30:21;    ;56.0;Chamadas de Longa Distancia para Outros Estados;
2020-06-17 10:08:13;    ;161.0;Chamadas de Longa Distancia para Outros Estados;
2020-06-17 08:50:54;    ;308.0;Chamadas de Longa Distancia para Outros Estados;
2020-06-16 09:19:38;    ;12.0;Chamadas de Longa Distancia para Outros Estados;
2020-06-15 16:54:44;    ;14.0;Chamadas de Longa Distancia para Outros Estados;
2020-06-15 16:19:49;    ;95.0;Chamadas de Longa Distancia para Outros Estados;
2020-06-15 15:32:08;    ;36.0;Chamadas de Longa Distancia para Outros Estados;
2020-06-15 15:20:18;    ;75.0;Chamadas de Longa Distancia para Outros Estados;
2020-06-09 18:56:24;    ;5.0;Chamadas de Longa Distancia para Outros Estados;
2020-06-04 11:01:08;    ;15.0;Chamadas de Longa Distancia para Outros Estados;
2020-06-03 12:11:19;    ;5.0;Chamadas de Longa Distancia para Outros Estados;
2020-06-01 16:44:26;    ;83.0;Chamadas de Longa Distancia para Outros Estados;
2020-06-03 16:44:30;41  985079902;8.0;Para Celulares de Outras Operadoras;
2020-05-31;"";24986.5;INTERNET MOVEL 2;0.00
2020-06-01;"";92824.3;INTERNET MOVEL 2;0.00
2020-06-02;"";10308.6;INTERNET MOVEL 2;0.00
2020-06-03;"";16155.2;INTERNET MOVEL 2;0.00
2020-06-04;"";2935.0;INTERNET MOVEL 2;0.00
2020-06-05;"";3404.9;INTERNET MOVEL 2;0.00
2020-06-06;"";426.0;INTERNET MOVEL 2;0.00
2020-06-07;"";328.0;INTERNET MOVEL 2;0.00
2020-06-08;"";64303.5;INTERNET MOVEL 2;0.00
2020-06-09;"";53497.0;INTERNET MOVEL 2;0.00
2020-06-10;"";25375.3;INTERNET MOVEL 2;0.00
2020-06-11;"";452.0;INTERNET MOVEL 2;0.00
2020-06-12;"";187476.2;INTERNET MOVEL 2;0.00
2020-06-13;"";79016.2;INTERNET MOVEL 2;0.00
2020-06-14;"";191461.7;INTERNET MOVEL 2;0.00
2020-06-15;"";40227.9;INTERNET MOVEL 2;0.00
2020-06-16;"";204409.6;INTERNET MOVEL 2;0.00
2020-06-17;"";115115.7;INTERNET MOVEL 2;0.00
2020-06-18;"";10397.0;INTERNET MOVEL 2;0.00
2020-06-19;"";99329.7;INTERNET MOVEL 2;0.00
2020-06-20;"";10787.0;INTERNET MOVEL 2;0.00
2020-06-21;"";11483.0;INTERNET MOVEL 2;0.00
2020-06-22;"";49752.7;INTERNET MOVEL 2;0.00
2020-06-23;"";75974.2;INTERNET MOVEL 2;0.00
2020-06-24;"";104541.0;INTERNET MOVEL 2;0.00
2020-06-25;"";53655.2;INTERNET MOVEL 2;0.00
2020-06-26;"";2558.0;INTERNET MOVEL 2;0.00
2020-06-27;"";475.0;INTERNET MOVEL 2;0.00
2020-06-28;"";7717.0;INTERNET MOVEL 2;0.00
2020-06-29;"";48399.3;INTERNET MOVEL 2;0.00
2020-06-30;"";26311.0;INTERNET MOVEL 2;0.00
