data_hora_inicio;nro_telefone_chamado;duracao_ligacao;desc_categoria;valor_ligacao
2020-06-01 19:47:34;"";1.0;ADICIONAL;0.00
2020-06-30 16:15:18;"";1.0;ADICIONAL;0.00
2020-06-27 12:49:12;7130443701;1.0;ADICIONAL;0.00
2020-06-25 07:39:13;"";1.0;ADICIONAL;0.00
2020-06-24 10:58:42;"";1.0;ADICIONAL;0.00
2020-06-24 10:46:29;"";1.0;ADICIONAL;0.00
2020-06-24 10:28:38;"";1.0;ADICIONAL;0.00
2020-06-24 08:13:56;"";1.0;ADICIONAL;0.00
2020-06-23 12:48:12;"";1.0;ADICIONAL;0.00
2020-06-23 11:11:25;1141184930;1.0;ADICIONAL;0.00
2020-06-23 10:03:59;"";1.0;ADICIONAL;0.00
2020-06-23 09:56:48;"";1.0;ADICIONAL;0.00
2020-06-20 10:00:55;"";1.0;ADICIONAL;0.00
2020-06-19 16:32:32;"";1.0;ADICIONAL;0.00
2020-06-18 17:49:10;"";1.0;ADICIONAL;0.00
2020-06-18 17:47:54;"";1.0;ADICIONAL;0.00
2020-06-17 16:06:20;"";1.0;ADICIONAL;0.00
2020-06-17 14:30:39;"";1.0;ADICIONAL;0.00
2020-06-17 09:19:49;3425893636;1.0;ADICIONAL;0.00
2020-06-16 13:59:03;"";1.0;ADICIONAL;0.00
2020-06-16 10:05:28;"";1.0;ADICIONAL;0.00
2020-06-15 18:58:45;"";1.0;ADICIONAL;0.00
2020-06-15 10:20:11;"";1.0;ADICIONAL;0.00
2020-06-10 15:33:37;8131405501;1.0;ADICIONAL;0.00
2020-06-05 16:31:54;"";1.0;ADICIONAL;0.00
2020-06-05 12:18:48;"";1.0;ADICIONAL;0.00
2020-06-04 18:20:30;"";1.0;ADICIONAL;0.00
2020-06-03 17:42:13;"";1.0;ADICIONAL;0.00
2020-06-02 15:56:28;"";1.0;ADICIONAL;0.00
2020-06-02 12:03:25;"";1.0;ADICIONAL;0.00
2020-06-02 11:32:08;1121616681;1.0;ADICIONAL;0.00
2020-06-30 17:17:01;51995863683;1.0;GRATIS-SMS;0.00
2020-06-01 09:59:45;51  995863683;0.0;Adicional por Ligacoes Realizadas;
2020-06-01 11:11:01;46  35241520;9.0;Para Fixo Vivo;
2020-06-01 10:02:14;46  35241520;5.0;Para Fixo Vivo;
2020-06-29 08:40:25;63  992239925;192.0;Para Celulares de Outras Operadoras;
2020-06-24 12:42:27;43  996336496;90.0;Para Celulares de Outras Operadoras;
2020-06-17 12:10:24;46  984067401;41.0;Para Celulares de Outras Operadoras;
2020-06-06 08:52:25;46  984067401;11.0;Para Celulares de Outras Operadoras;
2020-06-29 14:40:49;46  35241520;16.0;Para Fixo Vivo;
2020-06-23 15:35:04;53  991216767;116.0;Para Fixo Vivo;
2020-06-30 16:17:28;51  995863683;62.0;Para Celulares Vivo;
2020-06-30 09:01:32;51  995863683;66.0;Para Celulares Vivo;
2020-06-30 08:14:17;51  995863683;100.0;Para Celulares Vivo;
2020-06-26 08:57:22;51  995863683;76.0;Para Celulares Vivo;
2020-06-24 16:00:58;51  995863683;32.0;Para Celulares Vivo;
2020-06-23 17:07:55;51  995863683;21.0;Para Celulares Vivo;
2020-06-23 16:40:06;46  991025062;28.0;Para Celulares Vivo;
2020-06-23 10:10:38;51  995863683;60.0;Para Celulares Vivo;
2020-06-23 09:23:28;51  995863683;17.0;Para Celulares Vivo;
2020-06-23 08:55:26;51  995863683;39.0;Para Celulares Vivo;
2020-06-23 08:14:31;51  995863683;32.0;Para Celulares Vivo;
2020-06-18 10:25:40;51  995863683;40.0;Para Celulares Vivo;
2020-06-16 07:52:20;51  993319478;33.0;Para Celulares Vivo;
2020-06-12 13:47:25;51  995863683;127.0;Para Celulares Vivo;
2020-06-05 16:19:21;51  995863683;123.0;Para Celulares Vivo;
2020-06-01 09:59:45;51  995863683;18.0;Para Celulares Vivo;
2020-06-30 16:17:28;51  995863683;0.0;Adicional por Ligacoes Realizadas;
2020-06-30 09:01:32;51  995863683;0.0;Adicional por Ligacoes Realizadas;
2020-06-30 08:14:17;51  995863683;0.0;Adicional por Ligacoes Realizadas;
2020-06-29 18:27:37;67  996681204;0.0;Adicional por Ligacoes Realizadas;
2020-06-29 14:40:49;46  35241520;0.0;Adicional por Ligacoes Realizadas;
2020-06-29 10:45:50;67  32723076;0.0;Adicional por Ligacoes Realizadas;
2020-06-29 08:40:25;63  992239925;0.0;Adicional por Ligacoes Realizadas;
2020-06-26 08:57:22;51  995863683;0.0;Adicional por Ligacoes Realizadas;
2020-06-24 16:00:58;51  995863683;0.0;Adicional por Ligacoes Realizadas;
2020-06-24 12:42:27;43  996336496;0.0;Adicional por Ligacoes Realizadas;
2020-06-23 17:07:55;51  995863683;0.0;Adicional por Ligacoes Realizadas;
2020-06-23 16:40:06;46  991025062;0.0;Adicional por Ligacoes Realizadas;
2020-06-23 15:35:04;53  991216767;0.0;Adicional por Ligacoes Realizadas;
2020-06-23 10:10:38;51  995863683;0.0;Adicional por Ligacoes Realizadas;
2020-06-23 09:23:28;51  995863683;0.0;Adicional por Ligacoes Realizadas;
2020-06-23 08:55:26;51  995863683;0.0;Adicional por Ligacoes Realizadas;
2020-06-23 08:14:31;51  995863683;0.0;Adicional por Ligacoes Realizadas;
2020-06-21 15:13:20;46  991025062;0.0;Adicional por Ligacoes Realizadas;
2020-06-20 11:48:53;46  35241520;0.0;Adicional por Ligacoes Realizadas;
2020-06-18 10:25:40;51  995863683;0.0;Adicional por Ligacoes Realizadas;
2020-06-17 12:10:24;46  984067401;0.0;Adicional por Ligacoes Realizadas;
2020-06-16 07:52:20;51  993319478;0.0;Adicional por Ligacoes Realizadas;
2020-06-15 09:33:00;46  999204990;0.0;Adicional por Ligacoes Realizadas;
2020-06-13 10:52:57;46  984067401;0.0;Adicional por Ligacoes Realizadas;
2020-06-13 10:46:34;46  984067401;0.0;Adicional por Ligacoes Realizadas;
2020-06-13 10:25:53;46  984067401;0.0;Adicional por Ligacoes Realizadas;
2020-06-12 13:47:25;51  995863683;0.0;Adicional por Ligacoes Realizadas;
2020-06-10 09:24:05;46  35234083;0.0;Adicional por Ligacoes Realizadas;
2020-06-06 08:52:25;46  984067401;0.0;Adicional por Ligacoes Realizadas;
2020-06-05 16:19:21;51  995863683;0.0;Adicional por Ligacoes Realizadas;
2020-06-30 16:15:18;    ;10.0;Chamadas de Longa Distancia para Outros Estados;
2020-06-27 12:49:12;71  30443701;5.0;Chamadas de Longa Distancia para Outros Estados;
2020-06-25 07:39:13;    ;29.0;Chamadas de Longa Distancia para Outros Estados;
2020-06-24 10:58:42;    ;6.0;Chamadas de Longa Distancia para Outros Estados;
2020-06-24 10:46:29;    ;101.0;Chamadas de Longa Distancia para Outros Estados;
2020-06-24 10:28:38;    ;35.0;Chamadas de Longa Distancia para Outros Estados;
2020-06-24 08:13:56;    ;59.0;Chamadas de Longa Distancia para Outros Estados;
2020-06-23 12:48:12;    ;24.0;Chamadas de Longa Distancia para Outros Estados;
2020-06-23 11:11:25;11  41184930;113.0;Chamadas de Longa Distancia para Outros Estados;
2020-06-01 11:11:01;46  35241520;0.0;Adicional por Ligacoes Realizadas;
2020-06-01 10:02:14;46  35241520;0.0;Adicional por Ligacoes Realizadas;
2020-06-23 10:03:59;    ;16.0;Chamadas de Longa Distancia para Outros Estados;
2020-06-23 09:56:48;    ;28.0;Chamadas de Longa Distancia para Outros Estados;
2020-06-20 10:00:55;    ;14.0;Chamadas de Longa Distancia para Outros Estados;
2020-06-19 16:32:32;    ;55.0;Chamadas de Longa Distancia para Outros Estados;
2020-06-18 17:49:10;    ;95.0;Chamadas de Longa Distancia para Outros Estados;
2020-06-18 17:47:54;    ;9.0;Chamadas de Longa Distancia para Outros Estados;
2020-06-17 16:06:20;    ;158.0;Chamadas de Longa Distancia para Outros Estados;
2020-06-17 14:30:39;    ;115.0;Chamadas de Longa Distancia para Outros Estados;
2020-06-17 09:19:49;34  25893636;5.0;Chamadas de Longa Distancia para Outros Estados;
2020-06-16 13:59:03;    ;89.0;Chamadas de Longa Distancia para Outros Estados;
2020-06-16 10:05:28;    ;30.0;Chamadas de Longa Distancia para Outros Estados;
2020-06-15 18:58:45;    ;28.0;Chamadas de Longa Distancia para Outros Estados;
2020-06-15 10:20:11;    ;58.0;Chamadas de Longa Distancia para Outros Estados;
2020-06-10 15:33:37;81  31405501;35.0;Chamadas de Longa Distancia para Outros Estados;
2020-06-05 16:31:54;    ;20.0;Chamadas de Longa Distancia para Outros Estados;
2020-06-05 12:18:48;    ;37.0;Chamadas de Longa Distancia para Outros Estados;
2020-06-04 18:20:30;    ;142.0;Chamadas de Longa Distancia para Outros Estados;
2020-06-03 17:42:13;    ;122.0;Chamadas de Longa Distancia para Outros Estados;
2020-06-02 15:56:28;    ;25.0;Chamadas de Longa Distancia para Outros Estados;
2020-06-02 12:03:25;    ;67.0;Chamadas de Longa Distancia para Outros Estados;
2020-06-02 11:32:08;11  21616681;9.0;Chamadas de Longa Distancia para Outros Estados;
2020-06-01 19:47:34;    ;28.0;Chamadas de Longa Distancia para Outros Estados;
2020-06-29 10:45:50;67  32723076;29.0;Para Fixo de Outras Operadoras;
2020-06-10 09:24:05;46  35234083;6.0;Para Fixo de Outras Operadoras;
2020-06-15 09:33:00;46  999204990;25.0;Para Celulares de Outras Operadoras;
2020-06-13 10:52:57;46  984067401;18.0;Para Celulares de Outras Operadoras;
2020-06-13 10:46:34;46  984067401;5.0;Para Celulares de Outras Operadoras;
2020-06-13 10:25:53;46  984067401;5.0;Para Celulares de Outras Operadoras;
2020-06-20 11:48:53;46  35241520;5.0;Para Fixo Vivo;
2020-06-29 18:27:37;67  996681204;13.0;Para Celulares Vivo;
2020-06-21 15:13:20;46  991025062;7.0;Para Celulares Vivo;
2020-06-01;"";39664.3;INTERNET MOVEL 2;0.00
2020-06-02;"";330557.6;INTERNET MOVEL 2;0.00
2020-06-03;"";161300.4;INTERNET MOVEL 2;0.00
2020-06-04;"";79464.5;INTERNET MOVEL 2;0.00
2020-06-05;"";158142.9;INTERNET MOVEL 2;0.00
2020-06-06;"";301178.4;INTERNET MOVEL 2;0.00
2020-06-07;"";178019.0;INTERNET MOVEL 2;0.00
2020-06-08;"";45582.8;INTERNET MOVEL 2;0.00
2020-06-09;"";14012.0;INTERNET MOVEL 2;0.00
2020-06-10;"";3190.0;INTERNET MOVEL 2;0.00
2020-06-11;"";1165.0;INTERNET MOVEL 2;0.00
2020-06-13;"";87615.3;INTERNET MOVEL 2;0.00
2020-06-14;"";10770.9;INTERNET MOVEL 2;0.00
2020-06-16;"";141839.2;INTERNET MOVEL 2;0.00
2020-06-17;"";40206.5;INTERNET MOVEL 2;0.00
2020-06-18;"";38337.8;INTERNET MOVEL 2;0.00
2020-06-19;"";29114.3;INTERNET MOVEL 2;0.00
2020-06-20;"";1543.0;INTERNET MOVEL 2;0.00
2020-06-22;"";62891.0;INTERNET MOVEL 2;0.00
2020-06-23;"";143587.8;INTERNET MOVEL 2;0.00
2020-06-24;"";74311.7;INTERNET MOVEL 2;0.00
2020-06-25;"";67730.9;INTERNET MOVEL 2;0.00
2020-06-26;"";13239.3;INTERNET MOVEL 2;0.00
2020-06-27;"";10815.0;INTERNET MOVEL 2;0.00
2020-06-28;"";23234.5;INTERNET MOVEL 2;0.00
2020-06-29;"";108854.1;INTERNET MOVEL 2;0.00
2020-06-30;"";182543.3;INTERNET MOVEL 2;0.00
2020-07-01;"";175.0;INTERNET MOVEL 2;0.00
