data_hora_inicio;nro_telefone_chamado;duracao_ligacao;desc_categoria;valor_ligacao
2020-06-15 14:23:00;51991317721;1.0;GRATIS-SMS;0.00
2020-06-24 11:34:04;51  991317721;166.0;Para Celulares Vivo;
2020-06-17 09:24:02;51  991317721;51.0;Para Celulares Vivo;
2020-06-29 17:06:05;13  988610695;0.0;Adicional por Ligacoes Realizadas;
2020-06-29 14:44:35;13  981463358;0.0;Adicional por Ligacoes Realizadas;
2020-06-25 07:41:05;13  981463358;0.0;Adicional por Ligacoes Realizadas;
2020-06-24 11:34:04;51  991317721;0.0;Adicional por Ligacoes Realizadas;
2020-06-17 09:24:02;51  991317721;0.0;Adicional por Ligacoes Realizadas;
2020-06-29 17:06:05;13  988610695;65.0;Para Celulares de Outras Operadoras;
2020-06-29 14:44:35;13  981463358;18.0;Para Celulares de Outras Operadoras;
2020-06-25 07:41:05;13  981463358;13.0;Para Celulares de Outras Operadoras;
2020-06-01;"";63622.5;INTERNET MOVEL 2;0.00
2020-06-02;"";74243.6;INTERNET MOVEL 2;0.00
2020-06-03;"";206770.4;INTERNET MOVEL 2;0.00
2020-06-04;"";72070.4;INTERNET MOVEL 2;0.00
2020-06-05;"";45291.1;INTERNET MOVEL 2;0.00
2020-06-06;"";64028.1;INTERNET MOVEL 2;0.00
2020-06-07;"";84995.3;INTERNET MOVEL 2;0.00
2020-06-08;"";71333.1;INTERNET MOVEL 2;0.00
2020-06-09;"";50054.7;INTERNET MOVEL 2;0.00
2020-06-10;"";65158.8;INTERNET MOVEL 2;0.00
2020-06-11;"";100869.4;INTERNET MOVEL 2;0.00
2020-06-12;"";68255.1;INTERNET MOVEL 2;0.00
2020-06-13;"";67234.1;INTERNET MOVEL 2;0.00
2020-06-14;"";154834.3;INTERNET MOVEL 2;0.00
2020-06-15;"";100205.9;INTERNET MOVEL 2;0.00
2020-06-16;"";67465.5;INTERNET MOVEL 2;0.00
2020-06-17;"";77076.1;INTERNET MOVEL 2;0.00
2020-06-18;"";68811.7;INTERNET MOVEL 2;0.00
2020-06-19;"";54339.4;INTERNET MOVEL 2;0.00
2020-06-20;"";49610.5;INTERNET MOVEL 2;0.00
2020-06-21;"";10967.9;INTERNET MOVEL 2;0.00
2020-06-22;"";117398.6;INTERNET MOVEL 2;0.00
2020-06-23;"";61063.7;INTERNET MOVEL 2;0.00
2020-06-24;"";46693.2;INTERNET MOVEL 2;0.00
2020-06-25;"";51767.7;INTERNET MOVEL 2;0.00
2020-06-26;"";97802.9;INTERNET MOVEL 2;0.00
2020-06-27;"";63264.4;INTERNET MOVEL 2;0.00
2020-06-28;"";43716.8;INTERNET MOVEL 2;0.00
2020-06-29;"";88494.8;INTERNET MOVEL 2;0.00
2020-06-30;"";86916.8;INTERNET MOVEL 2;0.00
2020-07-01;"";3758.6;INTERNET MOVEL 2;0.00
