data_hora_inicio;nro_telefone_chamado;duracao_ligacao;desc_categoria;valor_ligacao
2020-06-01 17:03:50;51  994610494;5.0;Para Celulares de Outras Operadoras;
2020-06-30 15:03:37;11  40040030;5.0;Para Fixo de Outras Operadoras;
2020-06-30 09:15:31;51  30033030;19.0;Para Fixo de Outras Operadoras;
2020-06-29 20:15:17;51  30033030;33.0;Para Fixo de Outras Operadoras;
2020-06-19 08:18:49;51  34691095;66.0;Para Fixo de Outras Operadoras;
2020-06-26 13:04:09;51  994610494;40.0;Para Celulares de Outras Operadoras;
2020-06-24 12:20:56;51  989434872;5.0;Para Celulares de Outras Operadoras;
2020-06-24 08:57:10;51  989434872;5.0;Para Celulares de Outras Operadoras;
2020-06-24 08:11:59;51  989434872;5.0;Para Celulares de Outras Operadoras;
2020-06-23 14:07:32;51  989434872;5.0;Para Celulares de Outras Operadoras;
2020-06-23 11:10:26;51  989434872;5.0;Para Celulares de Outras Operadoras;
2020-06-22 12:34:42;51  989434872;5.0;Para Celulares de Outras Operadoras;
2020-06-19 10:57:35;51  989434872;22.0;Para Celulares de Outras Operadoras;
2020-06-18 10:33:30;51  991854580;5.0;Para Celulares de Outras Operadoras;
2020-06-16 15:39:43;51  989434872;5.0;Para Celulares de Outras Operadoras;
2020-06-16 13:15:12;51  989434872;10.0;Para Celulares de Outras Operadoras;
2020-06-16 13:01:22;51  985666828;5.0;Para Celulares de Outras Operadoras;
2020-06-16 12:58:08;51  985666828;11.0;Para Celulares de Outras Operadoras;
2020-06-16 07:53:24;51  989434872;5.0;Para Celulares de Outras Operadoras;
2020-06-15 14:43:11;51  984929259;5.0;Para Celulares de Outras Operadoras;
2020-06-09 12:09:42;51  981371136;16.0;Para Celulares de Outras Operadoras;
2020-06-08 15:45:21;51  984991305;6.0;Para Celulares de Outras Operadoras;
2020-06-07 10:29:34;51  991718676;11.0;Para Celulares de Outras Operadoras;
2020-06-07 10:25:12;51  991718676;9.0;Para Celulares de Outras Operadoras;
2020-06-04 16:37:43;51  985371028;5.0;Para Fixo Vivo;
2020-06-26 16:26:58;51  989251967;5.0;Para Celulares Vivo;
2020-06-26 13:08:39;51  995105815;5.0;Para Celulares Vivo;
2020-06-25 14:35:49;51  991026438;7.0;Para Celulares Vivo;
2020-06-22 09:04:24;51  995105815;5.0;Para Celulares Vivo;
2020-06-22 08:11:26;51  991026438;5.0;Para Celulares Vivo;
2020-06-22 07:20:14;51  991026438;5.0;Para Celulares Vivo;
2020-06-19 12:17:36;51  991026438;7.0;Para Celulares Vivo;
2020-06-17 14:58:18;51  991026438;5.0;Para Celulares Vivo;
2020-06-16 16:21:56;51  991026438;5.0;Para Celulares Vivo;
2020-06-08 12:49:36;51  991026438;6.0;Para Celulares Vivo;
2020-06-08 11:17:00;51  991026438;5.0;Para Celulares Vivo;
2020-06-05 12:20:01;51  995105815;14.0;Para Celulares Vivo;
2020-06-04 08:52:38;51  991026438;5.0;Para Celulares Vivo;
2020-06-03 12:57:37;51  995105815;6.0;Para Celulares Vivo;
2020-06-02 13:34:26;51  991026438;5.0;Para Celulares Vivo;
2020-06-01;"";5.0;INTERNET MOVEL 2;0.00
2020-06-02;"";71988.7;INTERNET MOVEL 2;0.00
2020-06-03;"";33677.6;INTERNET MOVEL 2;0.00
2020-06-04;"";22133.9;INTERNET MOVEL 2;0.00
2020-06-05;"";125632.9;INTERNET MOVEL 2;0.00
2020-06-06;"";233156.7;INTERNET MOVEL 2;0.00
2020-06-07;"";26691.4;INTERNET MOVEL 2;0.00
2020-06-08;"";22902.7;INTERNET MOVEL 2;0.00
2020-06-09;"";24051.8;INTERNET MOVEL 2;0.00
2020-06-10;"";54603.0;INTERNET MOVEL 2;0.00
2020-06-11;"";2566.0;INTERNET MOVEL 2;0.00
2020-06-12;"";3.0;INTERNET MOVEL 2;0.00
2020-06-13;"";1.0;INTERNET MOVEL 2;0.00
2020-06-14;"";51334.8;INTERNET MOVEL 2;0.00
2020-06-15;"";65515.4;INTERNET MOVEL 2;0.00
2020-06-16;"";29097.9;INTERNET MOVEL 2;0.00
2020-06-17;"";18364.6;INTERNET MOVEL 2;0.00
2020-06-18;"";45004.7;INTERNET MOVEL 2;0.00
2020-06-19;"";70480.8;INTERNET MOVEL 2;0.00
2020-06-20;"";64517.5;INTERNET MOVEL 2;0.00
2020-06-21;"";946.0;INTERNET MOVEL 2;0.00
2020-06-22;"";59229.9;INTERNET MOVEL 2;0.00
2020-06-23;"";18297.5;INTERNET MOVEL 2;0.00
2020-06-24;"";70340.7;INTERNET MOVEL 2;0.00
2020-06-25;"";42789.8;INTERNET MOVEL 2;0.00
2020-06-26;"";57623.8;INTERNET MOVEL 2;0.00
2020-06-27;"";39456.9;INTERNET MOVEL 2;0.00
2020-06-28;"";77807.0;INTERNET MOVEL 2;0.00
2020-06-29;"";41467.3;INTERNET MOVEL 2;0.00
2020-06-30;"";14605.4;INTERNET MOVEL 2;0.00
