data_hora_inicio;nro_telefone_chamado;duracao_ligacao;desc_categoria;valor_ligacao
2020-06-01 08:08:47;51  998293932;12.0;Para Celulares de Outras Operadoras;
2020-06-01 16:36:52;51  21313326;36.0;Para Fixo Vivo;
2020-06-01 16:10:43;51  21313326;5.0;Para Fixo Vivo;
2020-06-01 17:21:09;51  981119588;21.0;Para Celulares Vivo;
2020-06-16 17:32:28;31  984559829;89.0;Para Celulares de Outras Operadoras;
2020-06-16 08:33:19;31  994681104;84.0;Para Celulares de Outras Operadoras;
2020-06-01 15:36:06;11  985855660;224.0;Para Celulares de Outras Operadoras;
2020-06-25 14:07:04;11  984719721;7.0;Para Celulares Vivo;
2020-06-17 10:21:57;31  971457569;125.0;Para Celulares Vivo;
2020-06-03 18:01:28;47  992897114;113.0;Para Celulares Vivo;
2020-06-22 19:20:11;54  999588848;124.0;Para Celulares Vivo;
2020-06-16 14:08:05;51  37851649;5.0;Para Fixo de Outras Operadoras;
2020-06-08 14:15:47;51  37851649;26.0;Para Fixo de Outras Operadoras;
2020-06-30 13:04:39;51  981211690;5.0;Para Celulares de Outras Operadoras;
2020-06-30 12:39:27;51  981211690;11.0;Para Celulares de Outras Operadoras;
2020-06-29 11:43:45;51  993448020;23.0;Para Celulares de Outras Operadoras;
2020-06-29 11:09:27;51  993448020;26.0;Para Celulares de Outras Operadoras;
2020-06-29 10:48:41;51  993448020;14.0;Para Celulares de Outras Operadoras;
2020-06-29 10:42:43;51  991330295;23.0;Para Celulares de Outras Operadoras;
2020-06-29 10:13:52;51  981211690;6.0;Para Celulares de Outras Operadoras;
2020-06-29 08:55:00;51  981211690;5.0;Para Celulares de Outras Operadoras;
2020-06-26 16:45:06;51  991992219;18.0;Para Celulares de Outras Operadoras;
2020-06-25 10:57:04;51  991992219;5.0;Para Celulares de Outras Operadoras;
2020-06-25 10:44:36;51  991992219;5.0;Para Celulares de Outras Operadoras;
2020-06-25 10:37:49;51  991992219;10.0;Para Celulares de Outras Operadoras;
2020-06-24 15:46:14;51  993448020;82.0;Para Celulares de Outras Operadoras;
2020-06-22 14:24:22;51  991330295;12.0;Para Celulares de Outras Operadoras;
2020-06-16 16:11:59;51  991854580;5.0;Para Celulares de Outras Operadoras;
2020-06-16 15:51:56;51  991330295;5.0;Para Celulares de Outras Operadoras;
2020-06-16 14:15:05;51  991330295;11.0;Para Celulares de Outras Operadoras;
2020-06-16 09:44:25;51  991771271;31.0;Para Celulares de Outras Operadoras;
2020-06-10 08:44:24;51  991992219;10.0;Para Celulares de Outras Operadoras;
2020-06-09 14:21:12;51  982177347;144.0;Para Celulares de Outras Operadoras;
2020-06-08 16:03:00;51  980408060;20.0;Para Celulares de Outras Operadoras;
2020-06-08 15:25:56;51  999505516;11.0;Para Celulares de Outras Operadoras;
2020-06-08 15:22:34;51  999505516;12.0;Para Celulares de Outras Operadoras;
2020-06-05 09:42:50;51  998293932;5.0;Para Celulares de Outras Operadoras;
2020-06-05 09:41:39;51  991992219;7.0;Para Celulares de Outras Operadoras;
2020-06-05 09:40:29;51  999557713;7.0;Para Celulares de Outras Operadoras;
2020-06-05 09:39:25;51  991854580;6.0;Para Celulares de Outras Operadoras;
2020-06-04 16:03:33;51  991992219;105.0;Para Celulares de Outras Operadoras;
2020-06-04 14:41:38;51  991992219;31.0;Para Celulares de Outras Operadoras;
2020-06-24 10:11:00;51  992943448;24.0;Para Fixo Vivo;
2020-06-24 07:59:58;51  992943448;9.0;Para Fixo Vivo;
2020-06-22 15:06:44;51  21313326;58.0;Para Fixo Vivo;
2020-06-16 11:18:14;51  992943448;46.0;Para Fixo Vivo;
2020-06-16 09:41:14;51  21313326;25.0;Para Fixo Vivo;
2020-06-04 10:57:48;51  21313375;14.0;Para Fixo Vivo;
2020-06-30 06:04:11;51  995105815;5.0;Para Celulares Vivo;
2020-06-29 11:27:31;51  991026438;13.0;Para Celulares Vivo;
2020-06-29 08:56:18;51  991014112;5.0;Para Celulares Vivo;
2020-06-26 10:42:30;51  992518679;41.0;Para Celulares Vivo;
2020-06-26 10:22:09;51  992592816;180.0;Para Celulares Vivo;
2020-06-25 11:13:49;51  998398916;5.0;Para Celulares Vivo;
2020-06-19 10:37:17;51  992592819;14.0;Para Celulares Vivo;
2020-06-18 15:53:14;51  998398916;47.0;Para Celulares Vivo;
2020-06-18 15:16:16;51  992518679;9.0;Para Celulares Vivo;
2020-06-18 13:28:24;51  992518679;38.0;Para Celulares Vivo;
2020-06-17 16:26:20;51  992592816;5.0;Para Celulares Vivo;
2020-06-16 14:55:02;51  999995108;119.0;Para Celulares Vivo;
2020-06-16 14:30:15;51  984077600;46.0;Para Celulares Vivo;
2020-06-16 09:05:15;51  998398916;37.0;Para Celulares Vivo;
2020-06-01 13:45:39;51992518679;1.0;GRATIS-SMS;0.00
2020-06-15 18:13:32;51  997930516;29.0;Para Celulares Vivo;
2020-06-09 14:20:19;51  980463198;5.0;Para Celulares Vivo;
2020-06-09 10:42:01;51  992518679;18.0;Para Celulares Vivo;
2020-06-09 09:42:49;51  995105815;30.0;Para Celulares Vivo;
2020-06-05 14:40:36;51  998664267;9.0;Para Celulares Vivo;
2020-06-04 17:10:12;51  992592819;71.0;Para Celulares Vivo;
2020-06-04 13:42:40;51  998398916;18.0;Para Celulares Vivo;
2020-06-04 09:10:08;51  981119588;37.0;Para Celulares Vivo;
2020-06-03 15:34:24;51  998398916;49.0;Para Celulares Vivo;
2020-06-03 08:20:21;51  992518679;93.0;Para Celulares Vivo;
2020-06-02 10:46:45;51  998398916;7.0;Para Celulares Vivo;
2020-06-01;"";1091.0;INTERNET MOVEL 2;0.00
2020-06-02;"";300.0;INTERNET MOVEL 2;0.00
2020-06-03;"";284.0;INTERNET MOVEL 2;0.00
2020-06-04;"";258.0;INTERNET MOVEL 2;0.00
2020-06-05;"";346.0;INTERNET MOVEL 2;0.00
2020-06-06;"";349.0;INTERNET MOVEL 2;0.00
2020-06-07;"";412.0;INTERNET MOVEL 2;0.00
2020-06-08;"";395.0;INTERNET MOVEL 2;0.00
2020-06-09;"";341.0;INTERNET MOVEL 2;0.00
2020-06-10;"";218.0;INTERNET MOVEL 2;0.00
2020-06-11;"";367.0;INTERNET MOVEL 2;0.00
2020-06-12;"";519.0;INTERNET MOVEL 2;0.00
2020-06-13;"";610.0;INTERNET MOVEL 2;0.00
2020-06-14;"";406.0;INTERNET MOVEL 2;0.00
2020-06-15;"";325.0;INTERNET MOVEL 2;0.00
2020-06-16;"";348.0;INTERNET MOVEL 2;0.00
2020-06-17;"";313.0;INTERNET MOVEL 2;0.00
2020-06-18;"";533.0;INTERNET MOVEL 2;0.00
2020-06-19;"";396.0;INTERNET MOVEL 2;0.00
2020-06-20;"";282.0;INTERNET MOVEL 2;0.00
2020-06-21;"";315.0;INTERNET MOVEL 2;0.00
2020-06-22;"";406.0;INTERNET MOVEL 2;0.00
2020-06-23;"";488.0;INTERNET MOVEL 2;0.00
2020-06-24;"";313.0;INTERNET MOVEL 2;0.00
2020-06-25;"";270.0;INTERNET MOVEL 2;0.00
2020-06-26;"";293.0;INTERNET MOVEL 2;0.00
2020-06-28;"";293.0;INTERNET MOVEL 2;0.00
2020-06-29;"";252.0;INTERNET MOVEL 2;0.00
2020-06-30;"";104.0;INTERNET MOVEL 2;0.00
