data_hora_inicio;nro_telefone_chamado;duracao_ligacao;desc_categoria;valor_ligacao
2020-06-01 18:06:14;51  991007551;0.0;Adicional por Ligacoes Realizadas;
2020-06-30 09:30:51;51  984348914;52.0;Para Celulares de Outras Operadoras;
2020-06-24 09:44:13;24  988817973;15.0;Para Celulares de Outras Operadoras;
2020-06-19 15:40:50;51  981111669;21.0;Para Celulares de Outras Operadoras;
2020-06-04 08:07:18;54  996263445;11.0;Para Celulares de Outras Operadoras;
2020-06-30 09:03:52;51  995590460;5.0;Para Celulares Vivo;
2020-06-29 17:10:18;51  991202796;5.0;Para Celulares Vivo;
2020-06-29 14:44:11;51  991202796;5.0;Para Celulares Vivo;
2020-06-29 14:32:42;51  991202796;7.0;Para Celulares Vivo;
2020-06-29 14:27:56;51  991202796;5.0;Para Celulares Vivo;
2020-06-29 14:19:51;51  998932684;6.0;Para Celulares Vivo;
2020-06-29 14:00:07;51  991317721;6.0;Para Celulares Vivo;
2020-06-29 11:32:51;51  998331892;10.0;Para Celulares Vivo;
2020-06-26 16:14:44;51  995590460;5.0;Para Celulares Vivo;
2020-06-26 15:29:15;51  995590187;10.0;Para Celulares Vivo;
2020-06-25 11:48:32;51  998932684;5.0;Para Celulares Vivo;
2020-06-25 09:27:37;51  995590187;5.0;Para Celulares Vivo;
2020-06-25 07:18:59;51  995590460;9.0;Para Celulares Vivo;
2020-06-24 15:54:57;51  994054961;5.0;Para Celulares Vivo;
2020-06-24 12:16:24;51  991317721;12.0;Para Celulares Vivo;
2020-06-23 15:12:31;54  999804066;30.0;Para Celulares Vivo;
2020-06-23 10:51:54;51  991202796;11.0;Para Celulares Vivo;
2020-06-23 10:50:34;51  991317721;8.0;Para Celulares Vivo;
2020-06-23 06:09:42;51  991202796;5.0;Para Celulares Vivo;
2020-06-22 17:07:39;51  991202796;7.0;Para Celulares Vivo;
2020-06-19 11:36:20;51  994054961;34.0;Para Celulares Vivo;
2020-06-19 07:53:26;51  991059183;5.0;Para Celulares Vivo;
2020-06-18 18:27:16;51  998331892;5.0;Para Celulares Vivo;
2020-06-18 16:21:09;51  991059183;12.0;Para Celulares Vivo;
2020-06-17 17:50:23;51  995590187;5.0;Para Celulares Vivo;
2020-06-17 17:49:47;51  998331892;5.0;Para Celulares Vivo;
2020-06-17 17:15:11;51  991202796;5.0;Para Celulares Vivo;
2020-06-17 17:14:04;51  991059183;5.0;Para Celulares Vivo;
2020-06-17 17:07:10;51  991059183;7.0;Para Celulares Vivo;
2020-06-17 17:05:50;51  991202796;8.0;Para Celulares Vivo;
2020-06-17 11:31:26;51  998331892;10.0;Para Celulares Vivo;
2020-06-17 10:23:20;51  991202796;5.0;Para Celulares Vivo;
2020-06-17 10:12:11;53  999782092;6.0;Para Celulares Vivo;
2020-06-17 07:10:08;53  999782092;10.0;Para Celulares Vivo;
2020-06-16 17:03:03;51  995590187;5.0;Para Celulares Vivo;
2020-06-16 12:22:20;51  998331892;5.0;Para Celulares Vivo;
2020-06-16 11:37:32;51  995590187;14.0;Para Celulares Vivo;
2020-06-16 10:09:58;51  995590187;10.0;Para Celulares Vivo;
2020-06-10 16:47:07;51  991007551;5.0;Para Celulares Vivo;
2020-06-10 11:00:48;51  992592870;8.0;Para Celulares Vivo;
2020-06-09 13:26:41;51  991317721;5.0;Para Celulares Vivo;
2020-06-09 07:44:06;15  996580266;5.0;Para Celulares Vivo;
2020-06-05 08:40:58;51  991202796;9.0;Para Celulares Vivo;
2020-06-03 17:01:53;51  991202796;5.0;Para Celulares Vivo;
2020-06-01 18:06:14;51  991007551;5.0;Para Celulares Vivo;
2020-06-30 09:30:51;51  984348914;0.0;Adicional por Ligacoes Realizadas;
2020-06-30 09:03:52;51  995590460;0.0;Adicional por Ligacoes Realizadas;
2020-06-29 17:10:18;51  991202796;0.0;Adicional por Ligacoes Realizadas;
2020-06-29 15:09:11;13  996930784;0.0;Adicional por Ligacoes Realizadas;
2020-06-29 14:44:11;51  991202796;0.0;Adicional por Ligacoes Realizadas;
2020-06-29 14:32:42;51  991202796;0.0;Adicional por Ligacoes Realizadas;
2020-06-29 14:27:56;51  991202796;0.0;Adicional por Ligacoes Realizadas;
2020-06-29 14:19:51;51  998932684;0.0;Adicional por Ligacoes Realizadas;
2020-06-29 14:00:07;51  991317721;0.0;Adicional por Ligacoes Realizadas;
2020-06-29 11:32:51;51  998331892;0.0;Adicional por Ligacoes Realizadas;
2020-06-26 16:14:44;51  995590460;0.0;Adicional por Ligacoes Realizadas;
2020-06-26 15:29:15;51  995590187;0.0;Adicional por Ligacoes Realizadas;
2020-06-26 11:48:52;13  988610695;0.0;Adicional por Ligacoes Realizadas;
2020-06-25 11:48:32;51  998932684;0.0;Adicional por Ligacoes Realizadas;
2020-06-25 09:27:37;51  995590187;0.0;Adicional por Ligacoes Realizadas;
2020-06-25 07:18:59;51  995590460;0.0;Adicional por Ligacoes Realizadas;
2020-06-24 15:54:57;51  994054961;0.0;Adicional por Ligacoes Realizadas;
2020-06-24 12:16:24;51  991317721;0.0;Adicional por Ligacoes Realizadas;
2020-06-24 09:44:13;24  988817973;0.0;Adicional por Ligacoes Realizadas;
2020-06-23 15:12:31;54  999804066;0.0;Adicional por Ligacoes Realizadas;
2020-06-23 14:56:49;13  996930784;0.0;Adicional por Ligacoes Realizadas;
2020-06-23 10:53:26;13  996930784;0.0;Adicional por Ligacoes Realizadas;
2020-06-23 10:51:54;51  991202796;0.0;Adicional por Ligacoes Realizadas;
2020-06-23 10:50:34;51  991317721;0.0;Adicional por Ligacoes Realizadas;
2020-06-15 10:01:27;13  32913808;0.0;Adicional por Ligacoes Realizadas;
2020-06-10 16:47:07;51  991007551;0.0;Adicional por Ligacoes Realizadas;
2020-06-10 11:00:48;51  992592870;0.0;Adicional por Ligacoes Realizadas;
2020-06-09 13:26:41;51  991317721;0.0;Adicional por Ligacoes Realizadas;
2020-06-09 08:15:18;13  991417146;0.0;Adicional por Ligacoes Realizadas;
2020-06-09 07:44:06;15  996580266;0.0;Adicional por Ligacoes Realizadas;
2020-06-08 16:39:59;13  32913808;0.0;Adicional por Ligacoes Realizadas;
2020-06-05 11:49:49;13  991026348;0.0;Adicional por Ligacoes Realizadas;
2020-06-05 08:40:58;51  991202796;0.0;Adicional por Ligacoes Realizadas;
2020-06-04 08:58:16;*5  55;0.0;Adicional por Ligacoes Realizadas;
2020-06-04 08:57:26;13  988529524;0.0;Adicional por Ligacoes Realizadas;
2020-06-04 08:40:36;13  988529524;0.0;Adicional por Ligacoes Realizadas;
2020-06-04 08:07:18;54  996263445;0.0;Adicional por Ligacoes Realizadas;
2020-06-03 17:01:53;51  991202796;0.0;Adicional por Ligacoes Realizadas;
2020-06-30 14:50:51;    ;101.0;Chamadas de Longa Distancia para Outros Estados;
2020-06-29 16:18:00;    ;13.0;Chamadas de Longa Distancia para Outros Estados;
2020-06-29 15:33:31;    ;6.0;Chamadas de Longa Distancia para Outros Estados;
2020-06-29 14:11:35;    ;11.0;Chamadas de Longa Distancia para Outros Estados;
2020-06-29 13:32:53;    ;8.0;Chamadas de Longa Distancia para Outros Estados;
2020-06-26 15:46:46;    ;14.0;Chamadas de Longa Distancia para Outros Estados;
2020-06-26 15:13:41;    ;8.0;Chamadas de Longa Distancia para Outros Estados;
2020-06-26 14:41:04;    ;5.0;Chamadas de Longa Distancia para Outros Estados;
2020-06-26 11:06:58;    ;7.0;Chamadas de Longa Distancia para Outros Estados;
2020-06-26 09:34:45;    ;36.0;Chamadas de Longa Distancia para Outros Estados;
2020-06-26 08:37:44;    ;17.0;Chamadas de Longa Distancia para Outros Estados;
2020-06-26 08:27:39;11  52134758;23.0;Chamadas de Longa Distancia para Outros Estados;
2020-06-25 17:51:08;    ;13.0;Chamadas de Longa Distancia para Outros Estados;
2020-06-24 09:47:17;    ;15.0;Chamadas de Longa Distancia para Outros Estados;
2020-06-24 08:04:18;    ;5.0;Chamadas de Longa Distancia para Outros Estados;
2020-06-23 15:10:27;    ;5.0;Chamadas de Longa Distancia para Outros Estados;
2020-06-23 11:28:57;    ;16.0;Chamadas de Longa Distancia para Outros Estados;
2020-06-22 13:58:16;    ;15.0;Chamadas de Longa Distancia para Outros Estados;
2020-06-01 18:35:54;"";1.0;ADICIONAL;0.00
2020-06-01 15:10:37;"";1.0;ADICIONAL;0.00
2020-06-30 14:50:51;"";1.0;ADICIONAL;0.00
2020-06-29 16:18:00;"";1.0;ADICIONAL;0.00
2020-06-29 15:33:31;"";1.0;ADICIONAL;0.00
2020-06-29 14:11:35;"";1.0;ADICIONAL;0.00
2020-06-29 13:32:53;"";1.0;ADICIONAL;0.00
2020-06-26 15:46:46;"";1.0;ADICIONAL;0.00
2020-06-26 15:13:41;"";1.0;ADICIONAL;0.00
2020-06-26 14:41:04;"";1.0;ADICIONAL;0.00
2020-06-26 11:06:58;"";1.0;ADICIONAL;0.00
2020-06-26 09:34:45;"";1.0;ADICIONAL;0.00
2020-06-26 08:37:44;"";1.0;ADICIONAL;0.00
2020-06-26 08:27:39;1152134758;1.0;ADICIONAL;0.00
2020-06-25 17:51:08;"";1.0;ADICIONAL;0.00
2020-06-24 09:47:17;"";1.0;ADICIONAL;0.00
2020-06-24 08:04:18;"";1.0;ADICIONAL;0.00
2020-06-23 15:10:27;"";1.0;ADICIONAL;0.00
2020-06-23 11:28:57;"";1.0;ADICIONAL;0.00
2020-06-22 13:58:16;"";1.0;ADICIONAL;0.00
2020-06-22 09:43:56;"";1.0;ADICIONAL;0.00
2020-06-22 08:37:57;"";1.0;ADICIONAL;0.00
2020-06-16 13:28:08;"";1.0;ADICIONAL;0.00
2020-06-16 10:56:19;"";1.0;ADICIONAL;0.00
2020-06-15 10:52:33;"";1.0;ADICIONAL;0.00
2020-06-10 10:07:41;"";1.0;ADICIONAL;0.00
2020-06-10 08:59:01;"";1.0;ADICIONAL;0.00
2020-06-08 13:46:57;"";1.0;ADICIONAL;0.00
2020-06-04 11:11:02;"";1.0;ADICIONAL;0.00
2020-06-04 08:56:17;"";1.0;ADICIONAL;0.00
2020-06-04 08:55:10;"";1.0;ADICIONAL;0.00
2020-06-04 08:17:49;"";1.0;ADICIONAL;0.00
2020-06-23 06:09:42;51  991202796;0.0;Adicional por Ligacoes Realizadas;
2020-06-22 18:14:54;13  992127373;0.0;Adicional por Ligacoes Realizadas;
2020-06-22 18:03:19;13  992127373;0.0;Adicional por Ligacoes Realizadas;
2020-06-22 17:07:39;51  991202796;0.0;Adicional por Ligacoes Realizadas;
2020-06-22 11:34:00;13  996930784;0.0;Adicional por Ligacoes Realizadas;
2020-06-19 15:40:50;51  981111669;0.0;Adicional por Ligacoes Realizadas;
2020-06-19 11:36:20;51  994054961;0.0;Adicional por Ligacoes Realizadas;
2020-06-19 07:53:26;51  991059183;0.0;Adicional por Ligacoes Realizadas;
2020-06-18 18:27:16;51  998331892;0.0;Adicional por Ligacoes Realizadas;
2020-06-18 16:21:09;51  991059183;0.0;Adicional por Ligacoes Realizadas;
2020-06-17 17:50:23;51  995590187;0.0;Adicional por Ligacoes Realizadas;
2020-06-17 17:49:47;51  998331892;0.0;Adicional por Ligacoes Realizadas;
2020-06-17 17:15:11;51  991202796;0.0;Adicional por Ligacoes Realizadas;
2020-06-17 17:14:04;51  991059183;0.0;Adicional por Ligacoes Realizadas;
2020-06-17 17:07:10;51  991059183;0.0;Adicional por Ligacoes Realizadas;
2020-06-17 17:05:50;51  991202796;0.0;Adicional por Ligacoes Realizadas;
2020-06-17 11:33:15;13  974075421;0.0;Adicional por Ligacoes Realizadas;
2020-06-17 11:31:26;51  998331892;0.0;Adicional por Ligacoes Realizadas;
2020-06-17 10:23:20;51  991202796;0.0;Adicional por Ligacoes Realizadas;
2020-06-17 10:12:11;53  999782092;0.0;Adicional por Ligacoes Realizadas;
2020-06-17 09:52:15;13  996930784;0.0;Adicional por Ligacoes Realizadas;
2020-06-17 07:10:08;53  999782092;0.0;Adicional por Ligacoes Realizadas;
2020-06-16 17:03:03;51  995590187;0.0;Adicional por Ligacoes Realizadas;
2020-06-16 12:41:50;13  991828267;0.0;Adicional por Ligacoes Realizadas;
2020-06-16 12:22:20;51  998331892;0.0;Adicional por Ligacoes Realizadas;
2020-06-16 11:37:32;51  995590187;0.0;Adicional por Ligacoes Realizadas;
2020-06-16 10:09:58;51  995590187;0.0;Adicional por Ligacoes Realizadas;
2020-06-22 09:43:56;    ;43.0;Chamadas de Longa Distancia para Outros Estados;
2020-06-22 08:37:57;    ;7.0;Chamadas de Longa Distancia para Outros Estados;
2020-06-16 13:28:08;    ;7.0;Chamadas de Longa Distancia para Outros Estados;
2020-06-16 10:56:19;    ;26.0;Chamadas de Longa Distancia para Outros Estados;
2020-06-15 10:52:33;    ;9.0;Chamadas de Longa Distancia para Outros Estados;
2020-06-10 10:07:41;    ;23.0;Chamadas de Longa Distancia para Outros Estados;
2020-06-10 08:59:01;    ;55.0;Chamadas de Longa Distancia para Outros Estados;
2020-06-08 13:46:57;    ;32.0;Chamadas de Longa Distancia para Outros Estados;
2020-06-04 11:11:02;    ;125.0;Chamadas de Longa Distancia para Outros Estados;
2020-06-04 08:56:17;    ;5.0;Chamadas de Longa Distancia para Outros Estados;
2020-06-04 08:55:10;    ;5.0;Chamadas de Longa Distancia para Outros Estados;
2020-06-04 08:17:49;    ;18.0;Chamadas de Longa Distancia para Outros Estados;
2020-06-01 18:35:54;    ;5.0;Chamadas de Longa Distancia para Outros Estados;
2020-06-01 15:10:37;    ;31.0;Chamadas de Longa Distancia para Outros Estados;
2020-06-04 08:58:16;*5  55;5.0;"";
2020-06-26 11:48:52;13  988610695;14.0;Para Celulares de Outras Operadoras;
2020-06-17 11:33:15;13  974075421;5.0;Para Celulares de Outras Operadoras;
2020-06-16 12:41:50;13  991828267;5.0;Para Celulares de Outras Operadoras;
2020-06-09 08:15:18;13  991417146;48.0;Para Celulares de Outras Operadoras;
2020-06-05 11:49:49;13  991026348;62.0;Para Celulares de Outras Operadoras;
2020-06-04 08:57:26;13  988529524;5.0;Para Celulares de Outras Operadoras;
2020-06-04 08:40:36;13  988529524;15.0;Para Celulares de Outras Operadoras;
2020-06-15 10:01:27;13  32913808;15.0;Para Fixo Vivo;
2020-06-08 16:39:59;13  32913808;24.0;Para Fixo Vivo;
2020-06-29 15:09:11;13  996930784;8.0;Para Celulares Vivo;
2020-06-23 14:56:49;13  996930784;6.0;Para Celulares Vivo;
2020-06-23 10:53:26;13  996930784;33.0;Para Celulares Vivo;
2020-06-22 18:14:54;13  992127373;5.0;Para Celulares Vivo;
2020-06-22 18:03:19;13  992127373;6.0;Para Celulares Vivo;
2020-06-22 11:34:00;13  996930784;5.0;Para Celulares Vivo;
2020-06-17 09:52:15;13  996930784;36.0;Para Celulares Vivo;
2020-06-02;"";3314.9;INTERNET MOVEL 2;0.00
2020-06-03;"";8345.5;INTERNET MOVEL 2;0.00
2020-06-05;"";11226.8;INTERNET MOVEL 2;0.00
2020-06-09;"";5105.4;INTERNET MOVEL 2;0.00
2020-06-11;"";4332.2;INTERNET MOVEL 2;0.00
2020-06-14;"";4386.1;INTERNET MOVEL 2;0.00
2020-06-16;"";133.0;INTERNET MOVEL 2;0.00
2020-06-17;"";2422.5;INTERNET MOVEL 2;0.00
2020-06-18;"";2428.0;INTERNET MOVEL 2;0.00
2020-06-19;"";88817.3;INTERNET MOVEL 2;0.00
2020-06-25;"";6726.2;INTERNET MOVEL 2;0.00
2020-06-29;"";2817.0;INTERNET MOVEL 2;0.00
