data_hora_inicio;nro_telefone_chamado;duracao_ligacao;desc_categoria;valor_ligacao
2020-06-01 21:21:52;51  999601808;14.0;Para Celulares Vivo;
2020-06-01 15:09:01;51  992518654;7.0;Para Celulares Vivo;
2020-06-01 14:11:00;51  992518654;49.0;Para Celulares Vivo;
2020-06-01 09:40:00;51  992518654;38.0;Para Celulares Vivo;
2020-06-28 19:26:52;51  34732233;10.0;Para Fixo de Outras Operadoras;
2020-06-28 19:26:22;51  34732233;5.0;Para Fixo de Outras Operadoras;
2020-06-05 19:04:51;51  34732233;20.0;Para Fixo de Outras Operadoras;
2020-06-26 10:54:52;51  992666297;146.0;Para Celulares de Outras Operadoras;
2020-06-24 09:29:45;51  997568878;48.0;Para Celulares de Outras Operadoras;
2020-06-17 16:34:16;51  993316661;25.0;Para Celulares de Outras Operadoras;
2020-06-12 11:06:16;51  997568878;25.0;Para Celulares de Outras Operadoras;
2020-06-17 13:37:19;51  30335008;9.0;Para Fixo Vivo;
2020-06-29 09:36:20;51  992518654;10.0;Para Celulares Vivo;
2020-06-26 17:57:27;51  992518654;11.0;Para Celulares Vivo;
2020-06-26 17:45:49;51  992518654;5.0;Para Celulares Vivo;
2020-06-24 16:34:51;51  992518654;6.0;Para Celulares Vivo;
2020-06-24 15:59:32;51  992518654;14.0;Para Celulares Vivo;
2020-06-24 10:07:48;51  992518654;40.0;Para Celulares Vivo;
2020-06-23 15:49:31;51  992518654;12.0;Para Celulares Vivo;
2020-06-23 15:48:45;51  992592817;5.0;Para Celulares Vivo;
2020-06-23 15:47:25;51  992518654;10.0;Para Celulares Vivo;
2020-06-22 18:18:37;51  992518654;5.0;Para Celulares Vivo;
2020-06-22 12:45:50;51  993158355;100.0;Para Celulares Vivo;
2020-06-22 09:16:55;51  992518654;31.0;Para Celulares Vivo;
2020-06-18 18:28:42;51  992592817;9.0;Para Celulares Vivo;
2020-06-18 12:11:21;51  992518654;29.0;Para Celulares Vivo;
2020-06-17 13:35:29;51  992518654;15.0;Para Celulares Vivo;
2020-06-15 09:40:56;51  992518654;41.0;Para Celulares Vivo;
2020-06-13 11:23:31;51  992518654;20.0;Para Celulares Vivo;
2020-06-09 19:12:32;51  999889890;5.0;Para Celulares Vivo;
2020-06-09 13:24:16;51  992518654;104.0;Para Celulares Vivo;
2020-06-09 10:16:25;51  992518654;12.0;Para Celulares Vivo;
2020-06-08 09:31:12;51  992518654;109.0;Para Celulares Vivo;
2020-06-06 17:32:55;51  992518654;5.0;Para Celulares Vivo;
2020-06-05 18:59:50;51  999889890;31.0;Para Celulares Vivo;
2020-06-05 17:35:35;51  992518654;38.0;Para Celulares Vivo;
2020-06-05 13:45:43;51  992518654;32.0;Para Celulares Vivo;
2020-06-05 11:11:26;51  992518654;95.0;Para Celulares Vivo;
2020-06-05 09:55:26;51  992518654;101.0;Para Celulares Vivo;
2020-06-04 16:44:15;51  992518654;5.0;Para Celulares Vivo;
2020-06-04 14:32:39;51  992518654;11.0;Para Celulares Vivo;
2020-06-04 13:54:24;51  992518654;49.0;Para Celulares Vivo;
2020-06-04 10:38:33;51  992518654;54.0;Para Celulares Vivo;
2020-06-03 10:57:20;51  992518654;38.0;Para Celulares Vivo;
2020-06-03 08:06:28;51  999889890;38.0;Para Celulares Vivo;
2020-06-01;"";146186.9;INTERNET MOVEL 2;0.00
2020-06-02;"";52317.7;INTERNET MOVEL 2;0.00
2020-06-03;"";100264.1;INTERNET MOVEL 2;0.00
2020-06-04;"";146247.6;INTERNET MOVEL 2;0.00
2020-06-05;"";62412.5;INTERNET MOVEL 2;0.00
2020-06-06;"";35583.8;INTERNET MOVEL 2;0.00
2020-06-07;"";106529.1;INTERNET MOVEL 2;0.00
2020-06-08;"";122269.7;INTERNET MOVEL 2;0.00
2020-06-09;"";76323.2;INTERNET MOVEL 2;0.00
2020-06-10;"";38003.1;INTERNET MOVEL 2;0.00
2020-06-11;"";158254.8;INTERNET MOVEL 2;0.00
2020-06-12;"";40519.9;INTERNET MOVEL 2;0.00
2020-06-13;"";100005.6;INTERNET MOVEL 2;0.00
2020-06-14;"";219800.6;INTERNET MOVEL 2;0.00
2020-06-15;"";243486.3;INTERNET MOVEL 2;0.00
2020-06-16;"";74827.4;INTERNET MOVEL 2;0.00
2020-06-17;"";75032.8;INTERNET MOVEL 2;0.00
2020-06-18;"";236014.9;INTERNET MOVEL 2;0.00
2020-06-19;"";57204.8;INTERNET MOVEL 2;0.00
2020-06-20;"";17036.4;INTERNET MOVEL 2;0.00
2020-06-21;"";220858.7;INTERNET MOVEL 2;0.00
2020-06-22;"";92719.9;INTERNET MOVEL 2;0.00
2020-06-23;"";114475.7;INTERNET MOVEL 2;0.00
2020-06-24;"";39456.4;INTERNET MOVEL 2;0.00
2020-06-25;"";57315.3;INTERNET MOVEL 2;0.00
2020-06-26;"";79481.7;INTERNET MOVEL 2;0.00
2020-06-27;"";120637.8;INTERNET MOVEL 2;0.00
2020-06-28;"";84032.7;INTERNET MOVEL 2;0.00
2020-06-29;"";46058.0;INTERNET MOVEL 2;0.00
2020-06-30;"";186118.7;INTERNET MOVEL 2;0.00
2020-07-01;"";186.0;INTERNET MOVEL 2;0.00
