data_hora_inicio;nro_telefone_chamado;duracao_ligacao;desc_categoria;valor_ligacao
2020-06-09 16:42:46;51992592817;1.0;GRATIS-SMS;0.00
2020-06-09 11:40:14;94  33520115;32.0;Para Fixo de Outras Operadoras;
2020-06-09 11:39:37;94  33520115;5.0;Para Fixo de Outras Operadoras;
2020-06-10 16:08:46;13  981188560;13.0;Para Celulares Vivo;
2020-06-10 15:09:17;91  991206185;57.0;Para Celulares Vivo;
2020-06-09 19:54:40;13  981188560;18.0;Para Celulares Vivo;
2020-06-09 11:20:12;91  992824041;178.0;Para Celulares Vivo;
2020-06-09 10:30:01;13  981188560;78.0;Para Celulares Vivo;
2020-06-08 11:10:45;13  981188560;20.0;Para Celulares Vivo;
2020-06-08 11:01:24;13  981188560;13.0;Para Celulares Vivo;
2020-06-08 10:13:29;13  981188560;5.0;Para Celulares Vivo;
2020-06-08 08:43:47;13  981188560;24.0;Para Celulares Vivo;
2020-06-05 15:27:27;13  981188560;26.0;Para Celulares Vivo;
2020-06-05 08:37:25;13  981188560;164.0;Para Celulares Vivo;
2020-06-30 09:18:47;53  32328708;5.0;Para Fixo Vivo;
2020-06-30 09:18:02;53  32328708;5.0;Para Fixo Vivo;
2020-06-08 14:47:19;53  32328708;14.0;Para Fixo Vivo;
2020-06-30 10:08:55;53  997081817;18.0;Para Celulares Vivo;
2020-06-29 14:38:28;53  997081817;20.0;Para Celulares Vivo;
2020-06-30 10:29:33;51  982074354;18.0;Para Celulares de Outras Operadoras;
2020-06-03 08:43:54;51  998347224;19.0;Para Celulares de Outras Operadoras;
2020-06-09 11:15:25;51  989028545;5.0;Para Celulares Vivo;
2020-06-08 08:36:12;51  989028545;23.0;Para Celulares Vivo;
2020-06-04 17:17:54;51  989028545;12.0;Para Celulares Vivo;
2020-06-04 15:40:29;51  992592817;5.0;Para Celulares Vivo;
