data_hora_inicio;nro_telefone_chamado;duracao_ligacao;desc_categoria;valor_ligacao
2020-06-01 14:41:11;51  984547713;5.0;Para Celulares de Outras Operadoras;
2020-06-01 08:39:47;51  991771271;40.0;Para Celulares de Outras Operadoras;
2020-06-01 08:25:02;51  40044461;18.0;Para Fixo Vivo;
2020-06-01 15:39:23;51  997437506;42.0;Para Celulares Vivo;
2020-06-01 12:17:24;51  995112258;6.0;Para Celulares Vivo;
2020-06-01 07:50:01;51  995105815;11.0;Para Celulares Vivo;
2020-06-03 13:28:13;51  21313333;8.0;Para Fixo Vivo;
2020-06-03 13:27:18;51  995112258;5.0;Para Celulares Vivo;
2020-06-02 14:13:12;11  41333591;15.0;Para Fixo Vivo;
2020-06-04 13:59:26;48  991101055;34.0;Para Celulares Vivo;
2020-06-10 17:12:19;03  001001213;5.0;"";
2020-06-09 19:07:25;*5  55;5.0;"";
2020-06-05 07:11:14;*5  55;5.0;"";
2020-06-24 20:56:36;51  30033030;36.0;Para Fixo de Outras Operadoras;
2020-06-21 14:05:00;51  30131100;5.0;Para Fixo de Outras Operadoras;
2020-06-21 13:42:43;51  30131100;22.0;Para Fixo de Outras Operadoras;
2020-06-21 13:36:57;51  30131100;17.0;Para Fixo de Outras Operadoras;
2020-06-21 12:49:57;51  33642030;5.0;Para Fixo de Outras Operadoras;
2020-06-12 15:15:14;51  34260803;11.0;Para Fixo de Outras Operadoras;
2020-06-12 09:55:17;51  34850292;47.0;Para Fixo de Outras Operadoras;
2020-06-30 11:03:41;51  989434872;21.0;Para Celulares de Outras Operadoras;
2020-06-30 10:59:50;51  992440986;34.0;Para Celulares de Outras Operadoras;
2020-06-30 09:39:55;51  989434872;19.0;Para Celulares de Outras Operadoras;
2020-06-30 05:52:57;51  991948262;6.0;Para Celulares de Outras Operadoras;
2020-06-29 16:11:06;51  984689289;44.0;Para Celulares de Outras Operadoras;
2020-06-29 10:08:35;51  989434872;8.0;Para Celulares de Outras Operadoras;
2020-06-27 10:57:37;51  989434872;22.0;Para Celulares de Outras Operadoras;
2020-06-26 16:40:17;51  984125445;7.0;Para Celulares de Outras Operadoras;
2020-06-26 15:31:22;51  993438384;18.0;Para Celulares de Outras Operadoras;
2020-06-26 15:29:19;51  989434872;17.0;Para Celulares de Outras Operadoras;
2020-06-26 14:48:15;51  989434872;6.0;Para Celulares de Outras Operadoras;
2020-06-26 13:28:42;51  981675493;22.0;Para Celulares de Outras Operadoras;
2020-06-26 11:06:48;51  993438384;36.0;Para Celulares de Outras Operadoras;
2020-06-26 10:49:55;51  993438384;26.0;Para Celulares de Outras Operadoras;
2020-06-26 10:06:47;51  993438384;11.0;Para Celulares de Outras Operadoras;
2020-06-26 09:01:15;51  993438384;10.0;Para Celulares de Outras Operadoras;
2020-06-25 13:55:55;51  982185268;26.0;Para Celulares de Outras Operadoras;
2020-06-25 12:39:49;51  981923597;18.0;Para Celulares de Outras Operadoras;
2020-06-25 08:24:07;51  989434872;5.0;Para Celulares de Outras Operadoras;
2020-06-24 17:36:30;51  982185268;6.0;Para Celulares de Outras Operadoras;
2020-06-24 16:17:38;51  985631775;7.0;Para Celulares de Outras Operadoras;
2020-06-24 13:29:01;51  993251349;7.0;Para Celulares de Outras Operadoras;
2020-06-24 10:59:43;51  985378285;61.0;Para Celulares de Outras Operadoras;
2020-06-24 08:11:00;51  991821279;19.0;Para Celulares de Outras Operadoras;
2020-06-23 15:50:35;51  984431413;11.0;Para Celulares de Outras Operadoras;
2020-06-23 07:05:04;51  993438384;12.0;Para Celulares de Outras Operadoras;
2020-06-22 17:55:48;51  982185268;10.0;Para Celulares de Outras Operadoras;
2020-06-22 16:14:55;51  992925708;13.0;Para Celulares de Outras Operadoras;
2020-06-22 08:05:48;51  993438384;35.0;Para Celulares de Outras Operadoras;
2020-06-22 07:51:15;51  993438384;24.0;Para Celulares de Outras Operadoras;
2020-06-21 14:21:24;51  984547713;5.0;Para Celulares de Outras Operadoras;
2020-06-21 14:10:15;51  993438384;5.0;Para Celulares de Outras Operadoras;
2020-06-21 10:31:48;51  984652480;16.0;Para Celulares de Outras Operadoras;
2020-06-21 09:25:30;51  993438384;9.0;Para Celulares de Outras Operadoras;
2020-06-19 16:38:01;51  982185268;6.0;Para Celulares de Outras Operadoras;
2020-06-19 14:07:23;51  993438384;45.0;Para Celulares de Outras Operadoras;
2020-06-19 12:41:17;51  989434872;8.0;Para Celulares de Outras Operadoras;
2020-06-19 10:03:04;51  993438384;17.0;Para Celulares de Outras Operadoras;
2020-06-18 14:02:43;51  985666828;8.0;Para Celulares de Outras Operadoras;
2020-06-17 14:21:14;51  982953101;25.0;Para Celulares de Outras Operadoras;
2020-06-17 11:45:28;51  985631775;33.0;Para Celulares de Outras Operadoras;
2020-06-17 09:55:25;51  993251349;24.0;Para Celulares de Outras Operadoras;
2020-06-16 08:47:17;51  993438384;15.0;Para Celulares de Outras Operadoras;
2020-06-16 08:38:39;51  993438384;9.0;Para Celulares de Outras Operadoras;
2020-06-16 08:24:51;51  985666828;11.0;Para Celulares de Outras Operadoras;
2020-06-15 17:06:53;51  984462360;14.0;Para Celulares de Outras Operadoras;
2020-06-15 09:27:00;51  993438384;15.0;Para Celulares de Outras Operadoras;
2020-06-15 08:55:37;51  989434872;8.0;Para Celulares de Outras Operadoras;
2020-06-15 08:41:48;51  993438384;11.0;Para Celulares de Outras Operadoras;
2020-06-13 15:57:28;51  992715740;61.0;Para Celulares de Outras Operadoras;
2020-06-13 15:25:47;51  992715740;57.0;Para Celulares de Outras Operadoras;
2020-06-13 13:47:11;51  994610494;5.0;Para Celulares de Outras Operadoras;
2020-06-13 11:33:26;51  984652480;20.0;Para Celulares de Outras Operadoras;
2020-06-10 14:57:00;51  993438384;10.0;Para Celulares de Outras Operadoras;
2020-06-10 14:53:42;51  993438384;22.0;Para Celulares de Outras Operadoras;
2020-06-10 14:15:43;51  993438384;21.0;Para Celulares de Outras Operadoras;
2020-06-10 10:42:51;51  984652480;5.0;Para Celulares de Outras Operadoras;
2020-06-08 07:55:49;51  981313471;80.0;Para Celulares de Outras Operadoras;
2020-06-07 15:35:00;51  984462360;15.0;Para Celulares de Outras Operadoras;
2020-06-07 13:40:45;51  985713730;5.0;Para Celulares de Outras Operadoras;
2020-06-06 18:50:17;51  984462360;15.0;Para Celulares de Outras Operadoras;
2020-06-06 14:31:18;51  982185268;9.0;Para Celulares de Outras Operadoras;
2020-06-06 14:27:21;51  982185268;19.0;Para Celulares de Outras Operadoras;
2020-06-05 14:14:23;51  984431413;6.0;Para Celulares de Outras Operadoras;
2020-06-05 13:50:02;51  993438384;41.0;Para Celulares de Outras Operadoras;
2020-06-04 13:21:33;51  993390183;25.0;Para Celulares de Outras Operadoras;
2020-06-04 08:10:17;51  994610494;6.0;Para Celulares de Outras Operadoras;
2020-06-04 07:17:31;51  981247107;5.0;Para Celulares de Outras Operadoras;
2020-06-03 16:39:59;51  993438384;21.0;Para Celulares de Outras Operadoras;
2020-06-03 16:32:03;51  994610494;5.0;Para Celulares de Outras Operadoras;
2020-06-03 16:19:35;51  993438384;39.0;Para Celulares de Outras Operadoras;
2020-06-03 08:44:24;51  984991305;5.0;Para Celulares de Outras Operadoras;
2020-06-29 08:20:23;51  992943448;18.0;Para Fixo Vivo;
2020-06-23 15:36:39;51  992943448;51.0;Para Fixo Vivo;
2020-06-21 16:29:18;51  981509217;5.0;Para Fixo Vivo;
2020-06-21 14:01:22;51  981509217;5.0;Para Fixo Vivo;
2020-06-15 17:33:27;51  981509217;5.0;Para Fixo Vivo;
2020-06-10 17:13:16;51  30033030;70.0;Para Fixo Vivo;
2020-06-10 15:52:47;51  985371028;5.0;Para Fixo Vivo;
2020-06-26 14:46:26;51  996168535;5.0;Para Celulares Vivo;
2020-06-23 10:14:40;51  995112258;19.0;Para Celulares Vivo;
2020-06-22 14:30:27;51  980530481;5.0;Para Celulares Vivo;
2020-06-22 09:36:09;51  997437506;9.0;Para Celulares Vivo;
2020-06-22 07:59:36;51  995112258;5.0;Para Celulares Vivo;
2020-06-21 14:16:47;51  997437506;5.0;Para Celulares Vivo;
2020-06-21 10:23:26;51  998851856;9.0;Para Celulares Vivo;
2020-06-21 08:00:46;51  980156069;5.0;Para Celulares Vivo;
2020-06-20 11:08:09;51  995112258;5.0;Para Celulares Vivo;
2020-06-20 07:25:39;51  995112258;5.0;Para Celulares Vivo;
2020-06-19 16:19:00;51  995112258;6.0;Para Celulares Vivo;
2020-06-19 16:09:27;51  997437506;60.0;Para Celulares Vivo;
2020-06-17 15:20:52;51  989251967;7.0;Para Celulares Vivo;
2020-06-17 13:21:20;51  995105815;5.0;Para Celulares Vivo;
2020-06-17 10:20:47;51  989251967;21.0;Para Celulares Vivo;
2020-06-16 16:44:48;51  995112258;8.0;Para Celulares Vivo;
2020-06-16 15:54:23;51  992518679;5.0;Para Celulares Vivo;
2020-06-16 14:59:40;51  997437506;11.0;Para Celulares Vivo;
2020-06-16 13:43:44;51  997437506;33.0;Para Celulares Vivo;
2020-06-16 09:05:33;51  991919823;7.0;Para Celulares Vivo;
2020-06-15 08:20:13;51  991400926;12.0;Para Celulares Vivo;
2020-06-10 19:20:21;51  999550973;19.0;Para Celulares Vivo;
2020-06-10 17:34:47;51  995112258;5.0;Para Celulares Vivo;
2020-06-06 16:42:37;51  999838046;14.0;Para Celulares Vivo;
2020-06-06 15:55:14;51  995112258;5.0;Para Celulares Vivo;
2020-06-05 13:19:11;51  995112258;5.0;Para Celulares Vivo;
2020-06-05 11:41:16;51  995112258;7.0;Para Celulares Vivo;
2020-06-04 12:08:25;51  997437506;9.0;Para Celulares Vivo;
2020-06-04 07:08:35;51  991919823;5.0;Para Celulares Vivo;
2020-06-03 11:27:38;51  992518679;5.0;Para Celulares Vivo;
2020-06-02 09:47:52;51  995112258;15.0;Para Celulares Vivo;
2020-06-01;"";66455.3;INTERNET MOVEL 2;0.00
2020-06-02;"";122874.7;INTERNET MOVEL 2;0.00
2020-06-03;"";169623.0;INTERNET MOVEL 2;0.00
2020-06-04;"";208236.9;INTERNET MOVEL 2;0.00
2020-06-05;"";186806.3;INTERNET MOVEL 2;0.00
2020-06-06;"";271121.4;INTERNET MOVEL 2;0.00
2020-06-07;"";27436.1;INTERNET MOVEL 2;0.00
2020-06-08;"";23168.6;INTERNET MOVEL 2;0.00
2020-06-09;"";96655.3;INTERNET MOVEL 2;0.00
2020-06-10;"";159327.5;INTERNET MOVEL 2;0.00
2020-06-11;"";5677.0;INTERNET MOVEL 2;0.00
2020-06-12;"";99706.4;INTERNET MOVEL 2;0.00
2020-06-13;"";2468.8;INTERNET MOVEL 2;0.00
2020-06-14;"";1656.0;INTERNET MOVEL 2;0.00
2020-06-15;"";128967.7;INTERNET MOVEL 2;0.00
2020-06-16;"";50154.4;INTERNET MOVEL 2;0.00
2020-06-17;"";125187.2;INTERNET MOVEL 2;0.00
2020-06-18;"";311087.6;INTERNET MOVEL 2;0.00
2020-06-19;"";98588.1;INTERNET MOVEL 2;0.00
2020-06-20;"";124001.2;INTERNET MOVEL 2;0.00
2020-06-21;"";58650.2;INTERNET MOVEL 2;0.00
2020-06-22;"";223054.8;INTERNET MOVEL 2;0.00
2020-06-23;"";37754.8;INTERNET MOVEL 2;0.00
2020-06-24;"";158306.8;INTERNET MOVEL 2;0.00
2020-06-25;"";97894.5;INTERNET MOVEL 2;0.00
2020-06-26;"";75969.6;INTERNET MOVEL 2;0.00
2020-06-27;"";95002.3;INTERNET MOVEL 2;0.00
2020-06-28;"";23441.8;INTERNET MOVEL 2;0.00
2020-06-29;"";63040.4;INTERNET MOVEL 2;0.00
2020-06-30;"";107366.8;INTERNET MOVEL 2;0.00
