data_hora_inicio;nro_telefone_chamado;duracao_ligacao;desc_categoria;valor_ligacao
2020-06-12 10:31:40;31988211505;1.0;GRATIS-SMS;0.00
2020-06-19 17:01:27;31  988566579;38.0;Para Celulares de Outras Operadoras;
2020-06-19 14:37:49;31  984789159;109.0;Para Celulares de Outras Operadoras;
2020-06-19 14:32:26;31  988566579;15.0;Para Celulares de Outras Operadoras;
2020-06-19 14:17:36;31  983273271;42.0;Para Celulares de Outras Operadoras;
2020-06-19 10:50:29;31  988566579;19.0;Para Celulares de Outras Operadoras;
2020-06-18 16:05:26;31  988566579;39.0;Para Celulares de Outras Operadoras;
2020-06-18 14:58:32;31  988566579;12.0;Para Celulares de Outras Operadoras;
2020-06-18 13:11:48;31  984789159;72.0;Para Celulares de Outras Operadoras;
2020-06-18 10:56:55;31  984789159;19.0;Para Celulares de Outras Operadoras;
2020-06-18 08:24:34;31  984789159;20.0;Para Celulares de Outras Operadoras;
2020-06-17 18:12:05;31  984789159;126.0;Para Celulares de Outras Operadoras;
2020-06-17 13:45:17;31  983273271;34.0;Para Celulares de Outras Operadoras;
2020-06-17 09:24:58;31  983273271;10.0;Para Celulares de Outras Operadoras;
2020-06-17 08:01:37;31  983273271;96.0;Para Celulares de Outras Operadoras;
2020-06-17 08:00:32;31  988566579;7.0;Para Celulares de Outras Operadoras;
2020-06-17 07:47:54;31  988566579;25.0;Para Celulares de Outras Operadoras;
2020-06-16 18:11:37;31  988566579;19.0;Para Celulares de Outras Operadoras;
2020-06-16 11:18:49;31  988566579;6.0;Para Celulares de Outras Operadoras;
2020-06-16 10:41:40;31  983273271;48.0;Para Celulares de Outras Operadoras;
2020-06-16 09:09:42;31  983273271;14.0;Para Celulares de Outras Operadoras;
2020-06-16 09:05:23;31  988566579;39.0;Para Celulares de Outras Operadoras;
2020-06-16 08:52:14;31  984789159;53.0;Para Celulares de Outras Operadoras;
2020-06-16 08:42:45;31  988566579;36.0;Para Celulares de Outras Operadoras;
2020-06-16 08:25:25;31  988566579;15.0;Para Celulares de Outras Operadoras;
2020-06-15 18:49:28;31  984789159;9.0;Para Celulares de Outras Operadoras;
2020-06-15 17:09:24;31  984789159;14.0;Para Celulares de Outras Operadoras;
2020-06-15 08:21:23;31  983273271;234.0;Para Celulares de Outras Operadoras;
2020-06-15 07:52:23;31  984789159;36.0;Para Celulares de Outras Operadoras;
2020-06-13 16:44:59;31  981195994;14.0;Para Celulares de Outras Operadoras;
2020-06-12 11:06:05;31  988211505;23.0;Para Celulares de Outras Operadoras;
2020-06-10 17:06:22;31  984789159;45.0;Para Celulares de Outras Operadoras;
2020-06-10 16:31:14;31  988566579;19.0;Para Celulares de Outras Operadoras;
2020-06-10 11:22:45;31  984789159;5.0;Para Celulares de Outras Operadoras;
2020-06-10 11:18:42;31  984789159;5.0;Para Celulares de Outras Operadoras;
2020-06-10 07:02:07;31  984789159;6.0;Para Celulares de Outras Operadoras;
2020-06-09 17:39:55;31  991271419;7.0;Para Celulares de Outras Operadoras;
2020-06-09 17:36:50;31  988566579;10.0;Para Celulares de Outras Operadoras;
2020-06-09 17:34:43;31  991271419;18.0;Para Celulares de Outras Operadoras;
2020-06-09 17:23:59;31  983273271;26.0;Para Celulares de Outras Operadoras;
2020-06-09 17:17:08;31  998143430;62.0;Para Celulares de Outras Operadoras;
2020-06-09 17:04:23;31  988566579;8.0;Para Celulares de Outras Operadoras;
2020-06-09 15:05:41;31  988566579;7.0;Para Celulares de Outras Operadoras;
2020-06-09 11:34:22;31  984789159;20.0;Para Celulares de Outras Operadoras;
2020-06-09 11:23:42;31  984721338;36.0;Para Celulares de Outras Operadoras;
2020-06-09 08:37:02;31  983273271;50.0;Para Celulares de Outras Operadoras;
2020-06-08 16:32:33;31  987461501;56.0;Para Celulares de Outras Operadoras;
2020-06-08 15:32:16;31  984789159;28.0;Para Celulares de Outras Operadoras;
2020-06-08 14:21:27;31  984721338;35.0;Para Celulares de Outras Operadoras;
2020-06-08 12:50:09;31  984789159;6.0;Para Celulares de Outras Operadoras;
2020-06-08 10:50:03;31  984789159;33.0;Para Celulares de Outras Operadoras;
2020-06-08 09:48:15;31  984789159;22.0;Para Celulares de Outras Operadoras;
2020-06-08 07:50:16;31  984789159;5.0;Para Celulares de Outras Operadoras;
2020-06-05 14:15:38;31  984789159;45.0;Para Celulares de Outras Operadoras;
2020-06-05 13:53:05;31  992566616;32.0;Para Celulares de Outras Operadoras;
2020-06-05 08:38:31;31  983273271;154.0;Para Celulares de Outras Operadoras;
2020-06-04 17:43:58;31  988211505;31.0;Para Celulares de Outras Operadoras;
2020-06-04 17:08:17;31  984789159;21.0;Para Celulares de Outras Operadoras;
2020-06-04 16:57:54;31  992566616;5.0;Para Celulares de Outras Operadoras;
2020-06-04 16:35:20;31  984789159;108.0;Para Celulares de Outras Operadoras;
2020-06-04 11:33:53;31  988566579;14.0;Para Celulares de Outras Operadoras;
2020-06-04 08:05:59;31  984789159;23.0;Para Celulares de Outras Operadoras;
2020-06-03 13:43:42;31  988566579;5.0;Para Celulares de Outras Operadoras;
2020-06-03 11:16:35;31  983273271;35.0;Para Celulares de Outras Operadoras;
2020-06-02 17:29:52;31  984789159;25.0;Para Celulares de Outras Operadoras;
2020-06-02 17:25:07;31  984789159;23.0;Para Celulares de Outras Operadoras;
2020-06-02 14:56:20;31  988566579;41.0;Para Celulares de Outras Operadoras;
2020-06-02 14:17:47;31  988566579;24.0;Para Celulares de Outras Operadoras;
2020-06-02 12:10:26;31  984789159;24.0;Para Celulares de Outras Operadoras;
2020-06-02 10:11:29;31  984789159;78.0;Para Celulares de Outras Operadoras;
2020-06-02 08:50:07;31  988566579;30.0;Para Celulares de Outras Operadoras;
2020-06-30 17:56:47;31  983934517;5.0;Para Celulares Vivo;
2020-06-30 17:50:03;31  987991474;8.0;Para Celulares Vivo;
2020-06-30 17:31:02;31  999730333;23.0;Para Celulares Vivo;
2020-06-29 17:35:39;31  987359105;318.0;Para Celulares Vivo;
2020-06-01 09:27:14;31  987359104;23.0;Para Celulares Vivo;
2020-06-05 17:53:59;51  998062704;8.0;Para Celulares de Outras Operadoras;
2020-06-25 14:23:39;51  999625085;22.0;Para Celulares Vivo;
2020-06-25 11:21:25;51  999625085;14.0;Para Celulares Vivo;
2020-06-24 14:47:17;51  999625085;9.0;Para Celulares Vivo;
2020-06-19 14:49:14;51  999625085;6.0;Para Celulares Vivo;
2020-06-19 14:34:20;51  999625085;12.0;Para Celulares Vivo;
2020-06-15 16:54:57;51  999625085;12.0;Para Celulares Vivo;
2020-06-08 15:35:28;51  999625085;7.0;Para Celulares Vivo;
2020-06-08 14:20:09;51  999625085;9.0;Para Celulares Vivo;
2020-06-08 10:44:42;51  999625085;8.0;Para Celulares Vivo;
2020-06-04 16:24:25;51  991034807;94.0;Para Celulares Vivo;
2020-06-29 11:05:01;31  34507376;54.0;Para Fixo de Outras Operadoras;
2020-06-29 10:07:17;31  31152050;33.0;Para Fixo de Outras Operadoras;
2020-06-19 14:23:27;31  30452900;85.0;Para Fixo de Outras Operadoras;
2020-06-19 11:05:48;31  30452900;21.0;Para Fixo de Outras Operadoras;
2020-06-12 11:20:57;31  34953093;5.0;Para Fixo de Outras Operadoras;
2020-06-03 11:45:23;31  35005555;18.0;Para Fixo de Outras Operadoras;
2020-06-30 16:57:55;31  984789159;26.0;Para Celulares de Outras Operadoras;
2020-06-30 09:22:50;31  988566579;39.0;Para Celulares de Outras Operadoras;
2020-06-29 17:05:05;31  984789159;38.0;Para Celulares de Outras Operadoras;
2020-06-29 13:20:08;31  984789159;16.0;Para Celulares de Outras Operadoras;
2020-06-29 10:50:34;31  984789159;5.0;Para Celulares de Outras Operadoras;
2020-06-29 09:08:04;31  984789159;97.0;Para Celulares de Outras Operadoras;
2020-06-26 15:54:31;31  988566579;5.0;Para Celulares de Outras Operadoras;
2020-06-26 15:51:04;31  988566579;5.0;Para Celulares de Outras Operadoras;
2020-06-25 19:27:58;31  984789159;60.0;Para Celulares de Outras Operadoras;
2020-06-25 13:12:33;31  988566579;10.0;Para Celulares de Outras Operadoras;
2020-06-25 10:56:57;31  988566579;8.0;Para Celulares de Outras Operadoras;
2020-06-25 09:48:15;31  984789159;11.0;Para Celulares de Outras Operadoras;
2020-06-24 11:07:46;31  984789159;8.0;Para Celulares de Outras Operadoras;
2020-06-24 10:22:51;31  984789159;154.0;Para Celulares de Outras Operadoras;
2020-06-24 09:46:43;31  984789159;13.0;Para Celulares de Outras Operadoras;
2020-06-24 08:58:56;31  983273271;209.0;Para Celulares de Outras Operadoras;
2020-06-23 17:36:19;31  984789159;5.0;Para Celulares de Outras Operadoras;
2020-06-23 17:31:57;31  992101887;9.0;Para Celulares de Outras Operadoras;
2020-06-23 16:54:43;31  988806674;72.0;Para Celulares de Outras Operadoras;
2020-06-23 16:15:03;31  988931204;5.0;Para Celulares de Outras Operadoras;
2020-06-23 15:58:05;31  988931204;137.0;Para Celulares de Outras Operadoras;
2020-06-23 09:04:02;31  993156978;50.0;Para Celulares de Outras Operadoras;
2020-06-22 15:27:32;31  983273271;46.0;Para Celulares de Outras Operadoras;
2020-06-22 13:53:55;31  988566579;7.0;Para Celulares de Outras Operadoras;
2020-06-22 09:23:47;31  984789159;8.0;Para Celulares de Outras Operadoras;
2020-06-22 08:06:07;31  988566579;16.0;Para Celulares de Outras Operadoras;
2020-06-19 18:14:28;31  988566579;5.0;Para Celulares de Outras Operadoras;
2020-06-19 17:57:44;31  983273271;164.0;Para Celulares de Outras Operadoras;
2020-06-19 17:06:00;31  988566579;6.0;Para Celulares de Outras Operadoras;
2020-06-27 11:15:58;31  983934517;13.0;Para Celulares Vivo;
2020-06-26 15:23:03;31  995788687;13.0;Para Celulares Vivo;
2020-06-25 15:33:00;31  987991474;5.0;Para Celulares Vivo;
2020-06-25 15:31:31;31  997791309;11.0;Para Celulares Vivo;
2020-06-24 15:39:41;31  987991474;10.0;Para Celulares Vivo;
2020-06-23 13:17:22;31  999730333;57.0;Para Celulares Vivo;
2020-06-19 10:53:04;31  999730333;65.0;Para Celulares Vivo;
2020-06-18 16:27:20;31  999749527;98.0;Para Celulares Vivo;
2020-06-18 14:52:47;31  983934517;52.0;Para Celulares Vivo;
2020-06-17 15:37:19;31  997759798;5.0;Para Celulares Vivo;
2020-06-16 10:47:06;31  983934517;76.0;Para Celulares Vivo;
2020-06-16 08:46:44;31  998247568;50.0;Para Celulares Vivo;
2020-06-15 16:29:54;31  987991474;9.0;Para Celulares Vivo;
2020-06-12 20:26:48;31  999730333;120.0;Para Celulares Vivo;
2020-06-12 14:29:05;31  987991474;31.0;Para Celulares Vivo;
2020-06-12 08:11:21;31  987359107;34.0;Para Celulares Vivo;
2020-06-12 08:00:27;31  997929946;6.0;Para Celulares Vivo;
2020-06-10 08:40:17;31  983934517;18.0;Para Celulares Vivo;
2020-06-09 14:55:14;31  987991474;15.0;Para Celulares Vivo;
2020-06-08 16:27:10;31  987991474;50.0;Para Celulares Vivo;
2020-06-08 11:51:42;31  987991474;12.0;Para Celulares Vivo;
2020-06-08 11:49:15;31  996840561;19.0;Para Celulares Vivo;
2020-06-05 17:02:30;31  987991474;5.0;Para Celulares Vivo;
2020-06-05 16:43:51;31  987991474;10.0;Para Celulares Vivo;
2020-06-04 17:15:21;31  988697424;18.0;Para Celulares Vivo;
2020-06-04 15:52:26;31  988697424;19.0;Para Celulares Vivo;
2020-06-04 15:04:32;31  999749527;5.0;Para Celulares Vivo;
2020-06-04 11:30:59;31  998247568;21.0;Para Celulares Vivo;
2020-06-03 10:25:06;31  988697424;13.0;Para Celulares Vivo;
2020-06-03 09:41:11;31  999730333;129.0;Para Celulares Vivo;
2020-06-02 10:57:40;31  998247568;14.0;Para Celulares Vivo;
