data_hora_inicio;nro_telefone_chamado;duracao_ligacao;desc_categoria;valor_ligacao
2020-06-01 22:32:41;51  989022933;14.0;Para Celulares de Outras Operadoras;
2020-06-01 19:47:53;51  980522512;8.0;Para Celulares Vivo;
2020-06-30 12:55:39;51  40203113;66.0;Para Fixo de Outras Operadoras;
2020-06-24 15:20:17;51  40203113;32.0;Para Fixo de Outras Operadoras;
2020-06-13 12:48:21;51  30323274;20.0;Para Fixo de Outras Operadoras;
2020-06-12 15:01:41;51  40203113;25.0;Para Fixo de Outras Operadoras;
2020-06-12 14:30:56;51  34774000;20.0;Para Fixo de Outras Operadoras;
2020-06-02 11:46:20;51  32904000;62.0;Para Fixo de Outras Operadoras;
2020-06-02 11:44:23;51  32904000;6.0;Para Fixo de Outras Operadoras;
2020-06-02 11:43:28;51  32904000;7.0;Para Fixo de Outras Operadoras;
2020-06-02 11:41:51;51  35940700;12.0;Para Fixo de Outras Operadoras;
2020-06-25 13:59:08;51  981795890;6.0;Para Celulares de Outras Operadoras;
2020-06-24 20:24:02;51  981795890;26.0;Para Celulares de Outras Operadoras;
2020-06-20 15:37:08;51  989022933;5.0;Para Celulares de Outras Operadoras;
2020-06-20 15:18:44;51  981795890;30.0;Para Celulares de Outras Operadoras;
2020-06-20 14:01:18;51  991743803;10.0;Para Celulares de Outras Operadoras;
2020-06-17 13:50:56;51  981795890;49.0;Para Celulares de Outras Operadoras;
2020-06-16 15:58:30;51  981795890;5.0;Para Celulares de Outras Operadoras;
2020-06-16 15:57:15;51  981795890;10.0;Para Celulares de Outras Operadoras;
2020-06-15 20:24:42;51  981795890;19.0;Para Celulares de Outras Operadoras;
2020-06-15 11:40:38;51  981609935;11.0;Para Celulares de Outras Operadoras;
2020-06-12 17:50:24;51  981795890;5.0;Para Celulares de Outras Operadoras;
2020-06-12 16:21:13;51  981795890;6.0;Para Celulares de Outras Operadoras;
2020-06-11 17:39:27;51  981795890;13.0;Para Celulares de Outras Operadoras;
2020-06-11 17:23:21;51  981795890;5.0;Para Celulares de Outras Operadoras;
2020-06-11 13:24:16;51  989022933;5.0;Para Celulares de Outras Operadoras;
2020-06-09 14:01:06;51  991743803;5.0;Para Celulares de Outras Operadoras;
2020-06-09 13:57:15;51  981795890;6.0;Para Celulares de Outras Operadoras;
2020-06-07 22:58:48;51  989022933;9.0;Para Celulares de Outras Operadoras;
2020-06-05 16:29:00;51  981844066;7.0;Para Celulares de Outras Operadoras;
2020-06-05 16:28:09;51  981844066;5.0;Para Celulares de Outras Operadoras;
2020-06-24 15:34:31;51  30620101;34.0;Para Fixo Vivo;
2020-06-02 16:07:16;51  33164646;5.0;Para Fixo Vivo;
2020-06-30 16:59:50;51  999337070;45.0;Para Celulares Vivo;
2020-06-30 16:11:03;51  989128836;5.0;Para Celulares Vivo;
2020-06-28 17:32:09;51  980522512;16.0;Para Celulares Vivo;
2020-06-24 17:07:14;51  989128836;5.0;Para Celulares Vivo;
2020-06-23 16:56:27;51  989128836;128.0;Para Celulares Vivo;
2020-06-23 16:46:39;51  989128836;95.0;Para Celulares Vivo;
2020-06-22 19:47:05;51  980522512;7.0;Para Celulares Vivo;
2020-06-19 16:41:48;51  991789219;173.0;Para Celulares Vivo;
2020-06-17 17:02:37;51  989128836;246.0;Para Celulares Vivo;
2020-06-17 16:05:16;51  999337070;66.0;Para Celulares Vivo;
2020-06-16 09:26:45;51  991654186;32.0;Para Celulares Vivo;
2020-06-15 17:25:25;51  980522512;5.0;Para Celulares Vivo;
2020-06-15 17:22:13;51  980522512;5.0;Para Celulares Vivo;
2020-06-12 17:48:43;51  999337070;8.0;Para Celulares Vivo;
2020-06-12 11:00:36;51  991654186;28.0;Para Celulares Vivo;
2020-06-09 18:58:21;51  997789759;13.0;Para Celulares Vivo;
2020-06-09 14:49:14;51  991654186;12.0;Para Celulares Vivo;
2020-06-09 14:05:37;51  980522512;5.0;Para Celulares Vivo;
2020-06-09 12:30:50;51  999183175;23.0;Para Celulares Vivo;
2020-06-09 12:24:31;51  991654186;25.0;Para Celulares Vivo;
2020-06-09 12:17:41;51  991654186;18.0;Para Celulares Vivo;
2020-06-09 12:04:19;51  991654186;27.0;Para Celulares Vivo;
2020-06-09 11:50:03;51  991654186;31.0;Para Celulares Vivo;
2020-06-09 11:44:03;51  991654186;28.0;Para Celulares Vivo;
2020-06-09 11:04:27;51  991654186;121.0;Para Celulares Vivo;
2020-06-08 18:02:01;51  980522512;14.0;Para Celulares Vivo;
2020-06-05 15:25:01;51  989128836;232.0;Para Celulares Vivo;
2020-06-02 17:55:48;51  991789219;157.0;Para Celulares Vivo;
2020-05-31;"";88092.4;INTERNET MOVEL 2;0.00
2020-06-01;"";77320.4;INTERNET MOVEL 2;0.00
2020-06-02;"";48346.9;INTERNET MOVEL 2;0.00
2020-06-03;"";121348.6;INTERNET MOVEL 2;0.00
2020-06-04;"";250213.6;INTERNET MOVEL 2;0.00
2020-06-05;"";56168.1;INTERNET MOVEL 2;0.00
2020-06-06;"";38286.2;INTERNET MOVEL 2;0.00
2020-06-07;"";1536.1;INTERNET MOVEL 2;0.00
2020-06-08;"";26211.6;INTERNET MOVEL 2;0.00
2020-06-09;"";164149.2;INTERNET MOVEL 2;0.00
2020-06-10;"";138720.2;INTERNET MOVEL 2;0.00
2020-06-11;"";66756.6;INTERNET MOVEL 2;0.00
2020-06-12;"";66112.2;INTERNET MOVEL 2;0.00
2020-06-13;"";9759.5;INTERNET MOVEL 2;0.00
2020-06-14;"";162751.5;INTERNET MOVEL 2;0.00
2020-06-15;"";54831.7;INTERNET MOVEL 2;0.00
2020-06-16;"";64577.8;INTERNET MOVEL 2;0.00
2020-06-17;"";80824.1;INTERNET MOVEL 2;0.00
2020-06-18;"";7377.6;INTERNET MOVEL 2;0.00
2020-06-19;"";44568.0;INTERNET MOVEL 2;0.00
2020-06-20;"";82971.3;INTERNET MOVEL 2;0.00
2020-06-21;"";85873.4;INTERNET MOVEL 2;0.00
2020-06-22;"";20879.7;INTERNET MOVEL 2;0.00
2020-06-23;"";69715.2;INTERNET MOVEL 2;0.00
2020-06-24;"";2509.0;INTERNET MOVEL 2;0.00
2020-06-25;"";59822.4;INTERNET MOVEL 2;0.00
2020-06-26;"";39504.8;INTERNET MOVEL 2;0.00
2020-06-27;"";17853.9;INTERNET MOVEL 2;0.00
2020-06-28;"";23508.9;INTERNET MOVEL 2;0.00
2020-06-29;"";1474.0;INTERNET MOVEL 2;0.00
2020-06-30;"";725.0;INTERNET MOVEL 2;0.00
