data_hora_inicio;nro_telefone_chamado;duracao_ligacao;desc_categoria;valor_ligacao
2020-06-30 21:28:53;"";1.0;ADICIONAL;0.00
2020-06-30 21:28:23;"";1.0;ADICIONAL;0.00
2020-06-30 17:53:13;"";1.0;ADICIONAL;0.00
2020-06-30 17:31:29;"";1.0;ADICIONAL;0.00
2020-06-30 15:27:47;"";1.0;ADICIONAL;0.00
2020-06-30 11:10:14;1121686520;1.0;ADICIONAL;0.00
2020-06-26 15:15:03;"";1.0;ADICIONAL;0.00
2020-06-26 11:31:17;"";1.0;ADICIONAL;0.00
2020-06-26 08:11:10;"";1.0;ADICIONAL;0.00
2020-06-25 16:14:28;"";1.0;ADICIONAL;0.00
2020-06-25 09:00:20;"";1.0;ADICIONAL;0.00
2020-06-25 08:48:21;"";1.0;ADICIONAL;0.00
2020-06-25 08:43:48;"";1.0;ADICIONAL;0.00
2020-06-22 14:50:22;"";1.0;ADICIONAL;0.00
2020-06-22 12:08:01;"";1.0;ADICIONAL;0.00
2020-06-17 13:36:14;"";1.0;ADICIONAL;0.00
2020-06-17 10:29:30;"";1.0;ADICIONAL;0.00
2020-06-17 10:19:37;"";1.0;ADICIONAL;0.00
2020-06-16 16:49:54;"";1.0;ADICIONAL;0.00
2020-06-15 14:17:14;4134232561;1.0;ADICIONAL;0.00
2020-06-12 08:23:24;"";1.0;ADICIONAL;0.00
2020-06-08 16:56:37;"";1.0;ADICIONAL;0.00
2020-06-08 06:51:22;"";1.0;ADICIONAL;0.00
2020-06-05 08:56:48;"";1.0;ADICIONAL;0.00
2020-06-05 08:46:53;"";1.0;ADICIONAL;0.00
2020-06-03 14:28:18;"";1.0;ADICIONAL;0.00
2020-06-30 17:51:59;51  993320327;9.0;Para Celulares Vivo;
2020-06-30 17:24:53;51  993320327;16.0;Para Celulares Vivo;
2020-06-29 11:41:31;49  991167976;33.0;Para Celulares Vivo;
2020-06-26 11:45:18;51  994054961;13.0;Para Celulares Vivo;
2020-06-25 09:23:08;51  992592752;19.0;Para Celulares Vivo;
2020-06-25 09:18:18;51  993320327;44.0;Para Celulares Vivo;
2020-06-25 08:40:04;51  993320327;12.0;Para Celulares Vivo;
2020-06-23 15:35:20;51  994057331;12.0;Para Celulares Vivo;
2020-06-23 07:53:55;51  992592752;118.0;Para Celulares Vivo;
2020-06-15 17:08:15;51  994057331;11.0;Para Celulares Vivo;
2020-06-30 17:51:59;51  993320327;0.0;Adicional por Ligacoes Realizadas;
2020-06-30 17:24:53;51  993320327;0.0;Adicional por Ligacoes Realizadas;
2020-06-29 11:41:31;49  991167976;0.0;Adicional por Ligacoes Realizadas;
2020-06-26 11:45:18;51  994054961;0.0;Adicional por Ligacoes Realizadas;
2020-06-25 09:23:08;51  992592752;0.0;Adicional por Ligacoes Realizadas;
2020-06-25 09:18:18;51  993320327;0.0;Adicional por Ligacoes Realizadas;
2020-06-25 08:40:04;51  993320327;0.0;Adicional por Ligacoes Realizadas;
2020-06-24 16:24:42;41  33723209;0.0;Adicional por Ligacoes Realizadas;
2020-06-23 15:35:20;51  994057331;0.0;Adicional por Ligacoes Realizadas;
2020-06-23 15:15:29;41  34222434;0.0;Adicional por Ligacoes Realizadas;
2020-06-23 07:53:55;51  992592752;0.0;Adicional por Ligacoes Realizadas;
2020-06-19 07:53:49;41  984588404;0.0;Adicional por Ligacoes Realizadas;
2020-06-15 17:08:15;51  994057331;0.0;Adicional por Ligacoes Realizadas;
2020-06-09 07:52:17;41  992353903;0.0;Adicional por Ligacoes Realizadas;
2020-06-09 06:35:12;41  997284353;0.0;Adicional por Ligacoes Realizadas;
2020-06-05 08:20:38;41  34231019;0.0;Adicional por Ligacoes Realizadas;
2020-06-02 17:13:22;41  997284353;0.0;Adicional por Ligacoes Realizadas;
2020-06-02 17:09:01;41  997284353;0.0;Adicional por Ligacoes Realizadas;
2020-06-30 21:28:53;    ;19.0;Chamadas de Longa Distancia para Outros Estados;
2020-06-30 21:28:23;    ;5.0;Chamadas de Longa Distancia para Outros Estados;
2020-06-30 17:53:13;    ;16.0;Chamadas de Longa Distancia para Outros Estados;
2020-06-30 17:31:29;    ;7.0;Chamadas de Longa Distancia para Outros Estados;
2020-06-30 15:27:47;    ;5.0;Chamadas de Longa Distancia para Outros Estados;
2020-06-30 11:10:14;11  21686520;13.0;Chamadas de Longa Distancia para Outros Estados;
2020-06-26 15:15:03;    ;41.0;Chamadas de Longa Distancia para Outros Estados;
2020-06-26 11:31:17;    ;36.0;Chamadas de Longa Distancia para Outros Estados;
2020-06-26 08:11:10;    ;22.0;Chamadas de Longa Distancia para Outros Estados;
2020-06-25 16:14:28;    ;24.0;Chamadas de Longa Distancia para Outros Estados;
2020-06-25 09:00:20;    ;21.0;Chamadas de Longa Distancia para Outros Estados;
2020-06-25 08:48:21;    ;24.0;Chamadas de Longa Distancia para Outros Estados;
2020-06-25 08:43:48;    ;37.0;Chamadas de Longa Distancia para Outros Estados;
2020-06-22 14:50:22;    ;51.0;Chamadas de Longa Distancia para Outros Estados;
2020-06-22 12:08:01;    ;19.0;Chamadas de Longa Distancia para Outros Estados;
2020-06-17 13:36:14;    ;5.0;Chamadas de Longa Distancia para Outros Estados;
2020-06-17 10:29:30;    ;46.0;Chamadas de Longa Distancia para Outros Estados;
2020-06-17 10:19:37;    ;15.0;Chamadas de Longa Distancia para Outros Estados;
2020-06-16 16:49:54;    ;5.0;Chamadas de Longa Distancia para Outros Estados;
2020-06-15 14:17:14;41  34232561;7.0;Chamadas de Longa Distancia para Outros Estados;
2020-06-12 08:23:24;    ;6.0;Chamadas de Longa Distancia para Outros Estados;
2020-06-08 16:56:37;    ;29.0;Chamadas de Longa Distancia para Outros Estados;
2020-06-08 06:51:22;    ;5.0;Chamadas de Longa Distancia para Outros Estados;
2020-06-05 08:56:48;    ;5.0;Chamadas de Longa Distancia para Outros Estados;
2020-06-05 08:46:53;    ;7.0;Chamadas de Longa Distancia para Outros Estados;
2020-06-03 14:28:18;    ;5.0;Chamadas de Longa Distancia para Outros Estados;
2020-06-23 15:15:29;41  34222434;22.0;Para Fixo de Outras Operadoras;
2020-06-05 08:20:38;41  34231019;10.0;Para Fixo de Outras Operadoras;
2020-06-19 07:53:49;41  984588404;14.0;Para Celulares de Outras Operadoras;
2020-06-24 16:24:42;41  33723209;71.0;Para Fixo Vivo;
2020-06-09 07:52:17;41  992353903;6.0;Para Celulares Vivo;
2020-06-09 06:35:12;41  997284353;5.0;Para Celulares Vivo;
2020-06-02 17:13:22;41  997284353;5.0;Para Celulares Vivo;
2020-06-02 17:09:01;41  997284353;5.0;Para Celulares Vivo;
2020-06-01;"";43655.0;INTERNET MOVEL 2;0.00
2020-06-02;"";24691.7;INTERNET MOVEL 2;0.00
2020-06-03;"";125020.1;INTERNET MOVEL 2;0.00
2020-06-04;"";157198.1;INTERNET MOVEL 2;0.00
2020-06-05;"";174308.5;INTERNET MOVEL 2;0.00
2020-06-06;"";154582.1;INTERNET MOVEL 2;0.00
2020-06-07;"";109976.6;INTERNET MOVEL 2;0.00
2020-06-08;"";94753.2;INTERNET MOVEL 2;0.00
2020-06-09;"";203461.2;INTERNET MOVEL 2;0.00
2020-06-10;"";138568.4;INTERNET MOVEL 2;0.00
2020-06-11;"";197397.5;INTERNET MOVEL 2;0.00
2020-06-16;"";122529.8;INTERNET MOVEL 2;0.00
2020-06-17;"";109577.6;INTERNET MOVEL 2;0.00
2020-06-18;"";102764.8;INTERNET MOVEL 2;0.00
2020-06-19;"";164180.7;INTERNET MOVEL 2;0.00
2020-06-20;"";130336.2;INTERNET MOVEL 2;0.00
2020-06-21;"";134864.3;INTERNET MOVEL 2;0.00
2020-06-22;"";184162.2;INTERNET MOVEL 2;0.00
2020-06-23;"";208317.1;INTERNET MOVEL 2;0.00
2020-06-24;"";7470.0;INTERNET MOVEL 2;0.00
2020-06-25;"";101022.3;INTERNET MOVEL 2;0.00
2020-06-30;"";115079.9;INTERNET MOVEL 2;0.00
