data_hora_inicio;nro_telefone_chamado;duracao_ligacao;desc_categoria;valor_ligacao
2020-06-01;"";154.0;INTERNET MOVEL 2;0.00
2020-06-02;"";27181.7;INTERNET MOVEL 2;0.00
2020-06-03;"";60524.0;INTERNET MOVEL 2;0.00
2020-06-04;"";5495.0;INTERNET MOVEL 2;0.00
2020-06-10;"";43668.3;INTERNET MOVEL 2;0.00
2020-06-19;"";66888.6;INTERNET MOVEL 2;0.00
2020-06-22;"";9736.9;INTERNET MOVEL 2;0.00
2020-06-23;"";48779.1;INTERNET MOVEL 2;0.00
2020-06-24;"";3283.0;INTERNET MOVEL 2;0.00
2020-06-25;"";44.0;INTERNET MOVEL 2;0.00
2020-06-27;"";89867.2;INTERNET MOVEL 2;0.00
2020-06-30;"";13.0;INTERNET MOVEL 2;0.00
