data_hora_inicio;nro_telefone_chamado;duracao_ligacao;desc_categoria;valor_ligacao
2020-06-01 14:13:55;"";1.0;ADICIONAL;0.00
2020-06-30 16:35:20;"";1.0;ADICIONAL;0.00
2020-06-30 16:02:19;"";1.0;ADICIONAL;0.00
2020-06-30 14:42:47;"";1.0;ADICIONAL;0.00
2020-06-30 14:32:17;"";1.0;ADICIONAL;0.00
2020-06-30 14:04:44;"";1.0;ADICIONAL;0.00
2020-06-30 08:50:46;"";1.0;ADICIONAL;0.00
2020-06-29 17:00:46;"";1.0;ADICIONAL;0.00
2020-06-29 15:48:13;"";1.0;ADICIONAL;0.00
2020-06-29 15:14:34;"";1.0;ADICIONAL;0.00
2020-06-29 14:52:55;"";1.0;ADICIONAL;0.00
2020-06-18 18:47:45;"";1.0;ADICIONAL;0.00
2020-06-18 18:35:26;"";1.0;ADICIONAL;0.00
2020-06-16 19:56:39;"";1.0;ADICIONAL;0.00
2020-06-16 17:34:26;"";1.0;ADICIONAL;0.00
2020-06-16 14:05:21;"";1.0;ADICIONAL;0.00
2020-06-16 13:07:00;"";1.0;ADICIONAL;0.00
2020-06-15 14:13:36;"";1.0;ADICIONAL;0.00
2020-06-15 13:51:24;"";1.0;ADICIONAL;0.00
2020-06-15 12:47:51;1633637800;1.0;ADICIONAL;0.00
2020-06-15 10:33:52;"";1.0;ADICIONAL;0.00
2020-06-13 16:30:21;11999694747;1.0;ADICIONAL;0.00
2020-06-13 15:29:47;1634057000;1.0;ADICIONAL;0.00
2020-06-13 14:29:13;1633637800;1.0;ADICIONAL;0.00
2020-06-13 12:51:05;1633637800;1.0;ADICIONAL;0.00
2020-06-13 11:45:47;1633637800;1.0;ADICIONAL;0.00
2020-06-13 10:42:59;1633637800;1.0;ADICIONAL;0.00
2020-06-12 19:39:47;"";1.0;ADICIONAL;0.00
2020-06-12 17:21:26;"";1.0;ADICIONAL;0.00
2020-06-12 17:13:07;"";1.0;ADICIONAL;0.00
2020-06-10 16:23:29;"";1.0;ADICIONAL;0.00
2020-06-10 13:38:13;"";1.0;ADICIONAL;0.00
2020-06-10 09:44:00;"";1.0;ADICIONAL;0.00
2020-06-09 20:04:33;"";1.0;ADICIONAL;0.00
2020-06-09 13:29:05;"";1.0;ADICIONAL;0.00
2020-06-09 10:51:36;"";1.0;ADICIONAL;0.00
2020-06-09 10:45:47;"";1.0;ADICIONAL;0.00
2020-06-09 08:41:51;"";1.0;ADICIONAL;0.00
2020-06-05 20:02:49;"";1.0;ADICIONAL;0.00
2020-06-05 12:18:33;"";1.0;ADICIONAL;0.00
2020-06-05 09:28:49;"";1.0;ADICIONAL;0.00
2020-06-04 20:02:08;"";1.0;ADICIONAL;0.00
2020-06-04 16:57:39;"";1.0;ADICIONAL;0.00
2020-06-04 15:53:27;"";1.0;ADICIONAL;0.00
2020-06-03 20:46:50;"";1.0;ADICIONAL;0.00
2020-06-03 20:36:22;"";1.0;ADICIONAL;0.00
2020-06-03 17:58:45;"";1.0;ADICIONAL;0.00
2020-06-02 20:29:19;"";1.0;ADICIONAL;0.00
2020-06-02 18:54:53;"";1.0;ADICIONAL;0.00
2020-06-02 17:50:06;"";1.0;ADICIONAL;0.00
2020-06-02 17:07:01;"";1.0;ADICIONAL;0.00
2020-06-02 14:51:39;"";1.0;ADICIONAL;0.00
2020-06-02 14:38:37;"";1.0;ADICIONAL;0.00
2020-06-02 13:54:45;"";1.0;ADICIONAL;0.00
2020-06-02 13:07:00;"";1.0;ADICIONAL;0.00
2020-06-02 12:57:52;"";1.0;ADICIONAL;0.00
2020-06-02 09:11:34;"";1.0;ADICIONAL;0.00
2020-06-19 17:53:09;64  999285719;7.0;Para Celulares Vivo;
2020-06-18 15:09:51;64  999956047;97.0;Para Celulares Vivo;
2020-06-18 14:37:05;64  999956047;19.0;Para Celulares Vivo;
2020-06-17 13:18:42;51  992592887;46.0;Para Celulares Vivo;
2020-06-16 16:30:15;61  998649525;5.0;Para Celulares Vivo;
2020-06-16 14:57:58;51  992592887;33.0;Para Celulares Vivo;
2020-06-16 13:19:53;51  992592887;62.0;Para Celulares Vivo;
2020-06-15 16:49:52;51  992592887;5.0;Para Celulares Vivo;
2020-06-15 14:50:49;51  992592887;113.0;Para Celulares Vivo;
2020-06-09 17:08:11;51  992592887;8.0;Para Celulares Vivo;
2020-06-09 08:08:43;61  999959637;26.0;Para Celulares Vivo;
2020-06-08 18:44:39;51  992592887;61.0;Para Celulares Vivo;
2020-06-03 15:05:07;15  998493684;24.0;Para Celulares Vivo;
2020-06-03 11:44:02;51  992592887;8.0;Para Celulares Vivo;
2020-06-03 09:28:05;51  992592887;35.0;Para Celulares Vivo;
2020-06-02 16:23:40;51  992592887;51.0;Para Celulares Vivo;
2020-06-02 15:21:40;34  991961609;9.0;Para Celulares Vivo;
2020-06-02 13:30:09;34  991961609;66.0;Para Celulares Vivo;
2020-06-02 10:16:49;51  992592888;101.0;Para Celulares Vivo;
2020-06-02 08:44:23;64  999956047;57.0;Para Celulares Vivo;
2020-06-30 15:46:20;67  998687248;0.0;Adicional por Ligacoes Realizadas;
2020-06-30 15:19:20;19  981331221;0.0;Adicional por Ligacoes Realizadas;
2020-06-30 14:59:56;51  992592887;0.0;Adicional por Ligacoes Realizadas;
2020-06-30 14:49:45;61  999413498;0.0;Adicional por Ligacoes Realizadas;
2020-06-30 08:14:03;61  996915341;0.0;Adicional por Ligacoes Realizadas;
2020-06-27 17:02:36;61  999413498;0.0;Adicional por Ligacoes Realizadas;
2020-06-26 15:17:15;66  999959321;0.0;Adicional por Ligacoes Realizadas;
2020-06-26 14:29:48;66  999959321;0.0;Adicional por Ligacoes Realizadas;
2020-06-26 09:28:08;51  992592887;0.0;Adicional por Ligacoes Realizadas;
2020-06-24 16:53:15;51  992592887;0.0;Adicional por Ligacoes Realizadas;
2020-06-23 09:20:28;65  996204551;0.0;Adicional por Ligacoes Realizadas;
2020-06-19 17:53:09;64  999285719;0.0;Adicional por Ligacoes Realizadas;
2020-06-19 15:52:53;53  981215118;0.0;Adicional por Ligacoes Realizadas;
2020-06-18 18:36:07;66  992420550;0.0;Adicional por Ligacoes Realizadas;
2020-06-18 15:09:51;64  999956047;0.0;Adicional por Ligacoes Realizadas;
2020-06-18 14:37:05;64  999956047;0.0;Adicional por Ligacoes Realizadas;
2020-06-17 18:07:25;*5  55;0.0;Adicional por Ligacoes Realizadas;
2020-06-17 13:18:42;51  992592887;0.0;Adicional por Ligacoes Realizadas;
2020-06-16 16:30:15;61  998649525;0.0;Adicional por Ligacoes Realizadas;
2020-06-16 14:57:58;51  992592887;0.0;Adicional por Ligacoes Realizadas;
2020-06-16 13:19:53;51  992592887;0.0;Adicional por Ligacoes Realizadas;
2020-06-15 16:49:52;51  992592887;0.0;Adicional por Ligacoes Realizadas;
2020-06-15 14:50:49;51  992592887;0.0;Adicional por Ligacoes Realizadas;
2020-06-09 17:08:11;51  992592887;0.0;Adicional por Ligacoes Realizadas;
2020-06-09 14:29:08;66  999994378;0.0;Adicional por Ligacoes Realizadas;
2020-06-09 08:08:43;61  999959637;0.0;Adicional por Ligacoes Realizadas;
2020-06-08 18:44:39;51  992592887;0.0;Adicional por Ligacoes Realizadas;
2020-06-04 14:45:37;66  996168541;0.0;Adicional por Ligacoes Realizadas;
2020-06-03 15:05:07;15  998493684;0.0;Adicional por Ligacoes Realizadas;
2020-06-03 11:44:02;51  992592887;0.0;Adicional por Ligacoes Realizadas;
2020-06-03 09:28:05;51  992592887;0.0;Adicional por Ligacoes Realizadas;
2020-06-02 16:23:40;51  992592887;0.0;Adicional por Ligacoes Realizadas;
2020-06-02 16:01:11;64  36114401;0.0;Adicional por Ligacoes Realizadas;
2020-06-02 15:21:40;34  991961609;0.0;Adicional por Ligacoes Realizadas;
2020-06-02 13:30:09;34  991961609;0.0;Adicional por Ligacoes Realizadas;
2020-06-02 10:16:49;51  992592888;0.0;Adicional por Ligacoes Realizadas;
2020-06-02 09:24:51;64  36114401;0.0;Adicional por Ligacoes Realizadas;
2020-06-02 08:58:21;64  36114401;0.0;Adicional por Ligacoes Realizadas;
2020-06-02 08:44:23;64  999956047;0.0;Adicional por Ligacoes Realizadas;
2020-06-30 16:35:20;    ;17.0;Chamadas de Longa Distancia para Outros Estados;
2020-06-30 16:02:19;    ;12.0;Chamadas de Longa Distancia para Outros Estados;
2020-06-30 14:42:47;    ;18.0;Chamadas de Longa Distancia para Outros Estados;
2020-06-30 14:32:17;    ;15.0;Chamadas de Longa Distancia para Outros Estados;
2020-06-30 14:04:44;    ;15.0;Chamadas de Longa Distancia para Outros Estados;
2020-06-30 08:50:46;    ;61.0;Chamadas de Longa Distancia para Outros Estados;
2020-06-29 17:00:46;    ;27.0;Chamadas de Longa Distancia para Outros Estados;
2020-06-29 15:48:13;    ;50.0;Chamadas de Longa Distancia para Outros Estados;
2020-06-29 15:14:34;    ;47.0;Chamadas de Longa Distancia para Outros Estados;
2020-06-29 14:52:55;    ;9.0;Chamadas de Longa Distancia para Outros Estados;
2020-06-29 08:15:01;    ;5.0;Chamadas de Longa Distancia para Outros Estados;
2020-06-29 08:11:10;    ;29.0;Chamadas de Longa Distancia para Outros Estados;
2020-06-27 16:36:36;    ;63.0;Chamadas de Longa Distancia para Outros Estados;
2020-06-27 09:26:22;    ;48.0;Chamadas de Longa Distancia para Outros Estados;
2020-06-26 14:26:55;    ;5.0;Chamadas de Longa Distancia para Outros Estados;
2020-06-26 13:29:44;    ;21.0;Chamadas de Longa Distancia para Outros Estados;
2020-06-26 13:11:45;    ;50.0;Chamadas de Longa Distancia para Outros Estados;
2020-06-26 11:49:40;    ;75.0;Chamadas de Longa Distancia para Outros Estados;
2020-06-26 11:38:06;    ;97.0;Chamadas de Longa Distancia para Outros Estados;
2020-06-26 08:59:29;    ;37.0;Chamadas de Longa Distancia para Outros Estados;
2020-06-25 11:49:39;    ;18.0;Chamadas de Longa Distancia para Outros Estados;
2020-06-24 16:48:09;    ;5.0;Chamadas de Longa Distancia para Outros Estados;
2020-06-24 14:28:28;    ;18.0;Chamadas de Longa Distancia para Outros Estados;
2020-06-24 08:38:38;    ;5.0;Chamadas de Longa Distancia para Outros Estados;
2020-06-23 15:55:16;    ;55.0;Chamadas de Longa Distancia para Outros Estados;
2020-06-23 15:41:31;    ;31.0;Chamadas de Longa Distancia para Outros Estados;
2020-06-23 14:50:08;    ;116.0;Chamadas de Longa Distancia para Outros Estados;
2020-06-23 10:25:13;    ;21.0;Chamadas de Longa Distancia para Outros Estados;
2020-06-23 09:48:29;    ;54.0;Chamadas de Longa Distancia para Outros Estados;
2020-06-23 09:37:09;    ;36.0;Chamadas de Longa Distancia para Outros Estados;
2020-06-19 09:11:55;    ;45.0;Chamadas de Longa Distancia para Outros Estados;
2020-06-18 18:47:45;    ;36.0;Chamadas de Longa Distancia para Outros Estados;
2020-06-18 18:35:26;    ;5.0;Chamadas de Longa Distancia para Outros Estados;
2020-06-16 19:56:39;    ;28.0;Chamadas de Longa Distancia para Outros Estados;
2020-06-16 17:34:26;    ;20.0;Chamadas de Longa Distancia para Outros Estados;
2020-06-16 14:05:21;    ;14.0;Chamadas de Longa Distancia para Outros Estados;
2020-06-16 13:07:00;    ;5.0;Chamadas de Longa Distancia para Outros Estados;
2020-06-15 14:13:36;    ;5.0;Chamadas de Longa Distancia para Outros Estados;
2020-06-15 13:51:24;    ;27.0;Chamadas de Longa Distancia para Outros Estados;
2020-06-15 12:47:51;16  33637800;5.0;Chamadas de Longa Distancia para Outros Estados;
2020-06-15 10:33:52;    ;284.0;Chamadas de Longa Distancia para Outros Estados;
2020-06-13 16:30:21;11  999694747;5.0;Chamadas de Longa Distancia para Outros Estados;
2020-06-13 15:29:47;16  34057000;5.0;Chamadas de Longa Distancia para Outros Estados;
2020-06-13 14:29:13;16  33637800;5.0;Chamadas de Longa Distancia para Outros Estados;
2020-06-13 12:51:05;16  33637800;5.0;Chamadas de Longa Distancia para Outros Estados;
2020-06-13 11:45:47;16  33637800;5.0;Chamadas de Longa Distancia para Outros Estados;
2020-06-13 10:42:59;16  33637800;6.0;Chamadas de Longa Distancia para Outros Estados;
2020-06-12 19:39:47;    ;8.0;Chamadas de Longa Distancia para Outros Estados;
2020-06-12 17:21:26;    ;5.0;Chamadas de Longa Distancia para Outros Estados;
2020-06-12 17:13:07;    ;41.0;Chamadas de Longa Distancia para Outros Estados;
2020-06-10 16:23:29;    ;62.0;Chamadas de Longa Distancia para Outros Estados;
2020-06-10 13:38:13;    ;74.0;Chamadas de Longa Distancia para Outros Estados;
2020-06-10 09:44:00;    ;33.0;Chamadas de Longa Distancia para Outros Estados;
2020-06-29 08:15:01;"";1.0;ADICIONAL;0.00
2020-06-29 08:11:10;"";1.0;ADICIONAL;0.00
2020-06-27 16:36:36;"";1.0;ADICIONAL;0.00
2020-06-27 09:26:22;"";1.0;ADICIONAL;0.00
2020-06-26 14:26:55;"";1.0;ADICIONAL;0.00
2020-06-26 13:29:44;"";1.0;ADICIONAL;0.00
2020-06-26 13:11:45;"";1.0;ADICIONAL;0.00
2020-06-26 11:49:40;"";1.0;ADICIONAL;0.00
2020-06-26 11:38:06;"";1.0;ADICIONAL;0.00
2020-06-26 08:59:29;"";1.0;ADICIONAL;0.00
2020-06-25 11:49:39;"";1.0;ADICIONAL;0.00
2020-06-24 16:48:09;"";1.0;ADICIONAL;0.00
2020-06-24 14:28:28;"";1.0;ADICIONAL;0.00
2020-06-24 08:38:38;"";1.0;ADICIONAL;0.00
2020-06-23 15:55:16;"";1.0;ADICIONAL;0.00
2020-06-23 15:41:31;"";1.0;ADICIONAL;0.00
2020-06-23 14:50:08;"";1.0;ADICIONAL;0.00
2020-06-23 10:25:13;"";1.0;ADICIONAL;0.00
2020-06-23 09:48:29;"";1.0;ADICIONAL;0.00
2020-06-23 09:37:09;"";1.0;ADICIONAL;0.00
2020-06-19 09:11:55;"";1.0;ADICIONAL;0.00
2020-06-16 16:41:37;19981331221;1.0;GRATIS-SMS;0.00
2020-06-10 14:22:41;15998493684;1.0;GRATIS-SMS;0.00
2020-06-01 15:57:46;65  992524768;0.0;Adicional por Ligacoes Realizadas;
2020-06-01 15:51:14;65  992524769;0.0;Adicional por Ligacoes Realizadas;
2020-06-01 13:44:09;63  992207734;0.0;Adicional por Ligacoes Realizadas;
2020-06-01 10:01:29;53  981215118;0.0;Adicional por Ligacoes Realizadas;
2020-06-02 16:01:11;64  36114401;106.0;Para Fixo de Outras Operadoras;
2020-06-02 09:24:51;64  36114401;16.0;Para Fixo de Outras Operadoras;
2020-06-02 08:58:21;64  36114401;6.0;Para Fixo de Outras Operadoras;
2020-06-30 15:19:20;19  981331221;16.0;Para Celulares de Outras Operadoras;
2020-06-01 15:57:46;65  992524768;8.0;Para Celulares de Outras Operadoras;
2020-06-01 15:51:14;65  992524769;12.0;Para Celulares de Outras Operadoras;
2020-06-01 13:44:09;63  992207734;130.0;Para Celulares de Outras Operadoras;
2020-06-19 15:52:53;53  981215118;25.0;Para Fixo Vivo;
2020-06-01 10:01:29;53  981215118;52.0;Para Fixo Vivo;
2020-06-30 15:46:20;67  998687248;34.0;Para Celulares Vivo;
2020-06-30 14:59:56;51  992592887;22.0;Para Celulares Vivo;
2020-06-30 14:49:45;61  999413498;16.0;Para Celulares Vivo;
2020-06-30 08:14:03;61  996915341;11.0;Para Celulares Vivo;
2020-06-27 17:02:36;61  999413498;64.0;Para Celulares Vivo;
2020-06-26 09:28:08;51  992592887;5.0;Para Celulares Vivo;
2020-06-24 16:53:15;51  992592887;5.0;Para Celulares Vivo;
2020-06-23 09:20:28;65  996204551;61.0;Para Celulares Vivo;
2020-06-09 20:04:33;    ;5.0;Chamadas de Longa Distancia para Outros Estados;
2020-06-09 13:29:05;    ;38.0;Chamadas de Longa Distancia para Outros Estados;
2020-06-09 10:51:36;    ;277.0;Chamadas de Longa Distancia para Outros Estados;
2020-06-09 10:45:47;    ;52.0;Chamadas de Longa Distancia para Outros Estados;
2020-06-09 08:41:51;    ;93.0;Chamadas de Longa Distancia para Outros Estados;
2020-06-05 20:02:49;    ;5.0;Chamadas de Longa Distancia para Outros Estados;
2020-06-05 12:18:33;    ;12.0;Chamadas de Longa Distancia para Outros Estados;
2020-06-05 09:28:49;    ;7.0;Chamadas de Longa Distancia para Outros Estados;
2020-06-04 20:02:08;    ;5.0;Chamadas de Longa Distancia para Outros Estados;
2020-06-04 16:57:39;    ;45.0;Chamadas de Longa Distancia para Outros Estados;
2020-06-04 15:53:27;    ;202.0;Chamadas de Longa Distancia para Outros Estados;
2020-06-03 20:46:50;    ;119.0;Chamadas de Longa Distancia para Outros Estados;
2020-06-03 20:36:22;    ;101.0;Chamadas de Longa Distancia para Outros Estados;
2020-06-03 17:58:45;    ;149.0;Chamadas de Longa Distancia para Outros Estados;
2020-06-02 20:29:19;    ;5.0;Chamadas de Longa Distancia para Outros Estados;
2020-06-02 18:54:53;    ;68.0;Chamadas de Longa Distancia para Outros Estados;
2020-06-02 17:50:06;    ;39.0;Chamadas de Longa Distancia para Outros Estados;
2020-06-02 17:07:01;    ;5.0;Chamadas de Longa Distancia para Outros Estados;
2020-06-02 14:51:39;    ;46.0;Chamadas de Longa Distancia para Outros Estados;
2020-06-02 14:38:37;    ;46.0;Chamadas de Longa Distancia para Outros Estados;
2020-06-02 13:54:45;    ;61.0;Chamadas de Longa Distancia para Outros Estados;
2020-06-02 13:07:00;    ;106.0;Chamadas de Longa Distancia para Outros Estados;
2020-06-02 12:57:52;    ;85.0;Chamadas de Longa Distancia para Outros Estados;
2020-06-02 09:11:34;    ;126.0;Chamadas de Longa Distancia para Outros Estados;
2020-06-01 14:13:55;    ;86.0;Chamadas de Longa Distancia para Outros Estados;
2020-06-17 18:07:25;*5  55;5.0;"";
2020-06-18 18:36:07;66  992420550;80.0;Para Celulares de Outras Operadoras;
2020-06-26 15:17:15;66  999959321;11.0;Para Celulares Vivo;
2020-06-26 14:29:48;66  999959321;27.0;Para Celulares Vivo;
2020-06-09 14:29:08;66  999994378;35.0;Para Celulares Vivo;
2020-06-04 14:45:37;66  996168541;44.0;Para Celulares Vivo;
2020-06-01;"";1580.0;INTERNET MOVEL 2;0.00
2020-06-02;"";570.0;INTERNET MOVEL 2;0.00
2020-06-03;"";466.0;INTERNET MOVEL 2;0.00
2020-06-04;"";487.0;INTERNET MOVEL 2;0.00
2020-06-05;"";641.0;INTERNET MOVEL 2;0.00
2020-06-06;"";868.0;INTERNET MOVEL 2;0.00
2020-06-07;"";875.0;INTERNET MOVEL 2;0.00
2020-06-08;"";10757.0;INTERNET MOVEL 2;0.00
2020-06-09;"";648.0;INTERNET MOVEL 2;0.00
2020-06-10;"";852.0;INTERNET MOVEL 2;0.00
2020-06-11;"";859.0;INTERNET MOVEL 2;0.00
2020-06-12;"";783.0;INTERNET MOVEL 2;0.00
2020-06-13;"";1144.0;INTERNET MOVEL 2;0.00
2020-06-14;"";974.0;INTERNET MOVEL 2;0.00
2020-06-15;"";814.0;INTERNET MOVEL 2;0.00
2020-06-16;"";758.0;INTERNET MOVEL 2;0.00
2020-06-17;"";895.0;INTERNET MOVEL 2;0.00
2020-06-18;"";856.0;INTERNET MOVEL 2;0.00
2020-06-19;"";538.0;INTERNET MOVEL 2;0.00
2020-06-20;"";763.0;INTERNET MOVEL 2;0.00
2020-06-21;"";123.0;INTERNET MOVEL 2;0.00
2020-06-23;"";822.0;INTERNET MOVEL 2;0.00
2020-06-24;"";713.0;INTERNET MOVEL 2;0.00
2020-06-25;"";468.0;INTERNET MOVEL 2;0.00
2020-06-26;"";467.0;INTERNET MOVEL 2;0.00
2020-06-27;"";576.0;INTERNET MOVEL 2;0.00
2020-06-28;"";772.0;INTERNET MOVEL 2;0.00
2020-06-29;"";589.0;INTERNET MOVEL 2;0.00
2020-06-30;"";493.0;INTERNET MOVEL 2;0.00
