data_hora_inicio;nro_telefone_chamado;duracao_ligacao;desc_categoria;valor_ligacao
2020-06-01 15:28:35;51  30312377;35.0;Para Fixo de Outras Operadoras;
2020-06-01 09:22:45;51  992592888;10.0;Para Celulares Vivo;
2020-06-30 15:25:32;51  33589494;77.0;Para Fixo de Outras Operadoras;
2020-06-13 10:51:52;51  33143434;22.0;Para Fixo de Outras Operadoras;
2020-06-18 14:35:28;51  993173269;10.0;Para Celulares de Outras Operadoras;
2020-06-25 12:47:48;51  998470403;13.0;Para Celulares Vivo;
2020-06-24 14:50:45;51  999013516;15.0;Para Celulares Vivo;
