data_hora_inicio;nro_telefone_chamado;duracao_ligacao;desc_categoria;valor_ligacao
2020-06-29 11:32:51;"";1.0;ADICIONAL;0.00
2020-06-26 11:34:33;"";1.0;ADICIONAL;0.00
2020-06-23 17:02:22;"";1.0;ADICIONAL;0.00
2020-06-23 11:56:43;"";1.0;ADICIONAL;0.00
2020-06-23 11:19:55;"";1.0;ADICIONAL;0.00
2020-06-23 09:20:03;"";1.0;ADICIONAL;0.00
2020-06-19 10:29:22;"";1.0;ADICIONAL;0.00
2020-06-19 09:27:48;"";1.0;ADICIONAL;0.00
2020-06-19 09:03:01;"";1.0;ADICIONAL;0.00
2020-06-18 18:27:15;"";1.0;ADICIONAL;0.00
2020-06-17 17:49:47;"";1.0;ADICIONAL;0.00
2020-06-17 11:31:26;"";1.0;ADICIONAL;0.00
2020-06-16 16:17:01;"";1.0;ADICIONAL;0.00
2020-06-16 16:12:59;"";1.0;ADICIONAL;0.00
2020-06-16 12:22:20;"";1.0;ADICIONAL;0.00
2020-06-10 10:47:20;"";1.0;ADICIONAL;0.00
2020-06-10 10:35:34;"";1.0;ADICIONAL;0.00
2020-06-09 15:53:43;"";1.0;ADICIONAL;0.00
2020-06-09 14:45:47;"";1.0;ADICIONAL;0.00
2020-06-05 15:43:58;"";1.0;ADICIONAL;0.00
2020-06-05 10:37:46;"";1.0;ADICIONAL;0.00
2020-06-05 10:30:27;"";1.0;ADICIONAL;0.00
2020-06-05 09:53:00;"";1.0;ADICIONAL;0.00
2020-06-05 09:49:46;"";1.0;ADICIONAL;0.00
2020-06-04 15:25:03;"";1.0;ADICIONAL;0.00
2020-06-03 10:16:30;"";1.0;ADICIONAL;0.00
2020-06-03 07:34:00;"";1.0;ADICIONAL;0.00
2020-06-09 10:37:23;11950140826;1.0;GRATIS-SMS;0.00
2020-06-05 19:15:23;11953259217;1.0;GRATIS-SMS;0.00
2020-06-24 16:14:56;51  992592870;15.0;Para Celulares Vivo;
2020-06-17 11:44:18;51  997930516;19.0;Para Celulares Vivo;
2020-06-08 13:10:15;51  991007551;6.0;Para Celulares Vivo;
2020-06-24 16:14:56;51  992592870;0.0;Adicional por Ligacoes Realizadas;
2020-06-17 11:44:18;51  997930516;0.0;Adicional por Ligacoes Realizadas;
2020-06-10 14:57:11;51  21313333;0.0;Adicional por Ligacoes Realizadas;
2020-06-10 14:54:28;51  21313333;0.0;Adicional por Ligacoes Realizadas;
2020-06-08 13:10:15;51  991007551;0.0;Adicional por Ligacoes Realizadas;
2020-06-10 14:57:11;51  21313333;97.0;Para Fixo Vivo;
2020-06-10 14:54:28;51  21313333;5.0;Para Fixo Vivo;
2020-06-29 11:32:51;    ;10.0;Chamadas de Longa Distancia para Outros Estados;
2020-06-26 11:34:33;    ;5.0;Chamadas de Longa Distancia para Outros Estados;
2020-06-23 17:02:22;    ;5.0;Chamadas de Longa Distancia para Outros Estados;
2020-06-23 11:56:43;    ;45.0;Chamadas de Longa Distancia para Outros Estados;
2020-06-23 11:19:55;    ;20.0;Chamadas de Longa Distancia para Outros Estados;
2020-06-23 09:20:03;    ;91.0;Chamadas de Longa Distancia para Outros Estados;
2020-06-19 10:29:22;    ;84.0;Chamadas de Longa Distancia para Outros Estados;
2020-06-19 09:27:48;    ;7.0;Chamadas de Longa Distancia para Outros Estados;
2020-06-19 09:03:01;    ;8.0;Chamadas de Longa Distancia para Outros Estados;
2020-06-18 18:27:15;    ;5.0;Chamadas de Longa Distancia para Outros Estados;
2020-06-17 17:49:47;    ;5.0;Chamadas de Longa Distancia para Outros Estados;
2020-06-17 11:31:26;    ;10.0;Chamadas de Longa Distancia para Outros Estados;
2020-06-16 16:17:01;    ;5.0;Chamadas de Longa Distancia para Outros Estados;
2020-06-16 16:12:59;    ;14.0;Chamadas de Longa Distancia para Outros Estados;
2020-06-16 12:22:20;    ;5.0;Chamadas de Longa Distancia para Outros Estados;
2020-06-10 10:47:20;    ;5.0;Chamadas de Longa Distancia para Outros Estados;
2020-06-10 10:35:34;    ;26.0;Chamadas de Longa Distancia para Outros Estados;
2020-06-09 15:53:43;    ;20.0;Chamadas de Longa Distancia para Outros Estados;
2020-06-09 14:45:47;    ;14.0;Chamadas de Longa Distancia para Outros Estados;
2020-06-05 15:43:58;    ;8.0;Chamadas de Longa Distancia para Outros Estados;
2020-06-05 10:37:46;    ;21.0;Chamadas de Longa Distancia para Outros Estados;
2020-06-05 10:30:27;    ;13.0;Chamadas de Longa Distancia para Outros Estados;
2020-06-05 09:53:00;    ;18.0;Chamadas de Longa Distancia para Outros Estados;
2020-06-05 09:49:46;    ;8.0;Chamadas de Longa Distancia para Outros Estados;
2020-06-04 15:25:03;    ;5.0;Chamadas de Longa Distancia para Outros Estados;
2020-06-03 10:16:30;    ;20.0;Chamadas de Longa Distancia para Outros Estados;
2020-06-03 07:34:00;    ;42.0;Chamadas de Longa Distancia para Outros Estados;
2020-06-01;"";26.0;INTERNET MOVEL 2;0.00
2020-06-02;"";239.0;INTERNET MOVEL 2;0.00
2020-06-03;"";333.0;INTERNET MOVEL 2;0.00
2020-06-04;"";502.0;INTERNET MOVEL 2;0.00
2020-06-05;"";82413.8;INTERNET MOVEL 2;0.00
2020-06-06;"";166245.3;INTERNET MOVEL 2;0.00
2020-06-07;"";88242.7;INTERNET MOVEL 2;0.00
2020-06-08;"";2038.0;INTERNET MOVEL 2;0.00
2020-06-09;"";83732.3;INTERNET MOVEL 2;0.00
2020-06-10;"";1253.0;INTERNET MOVEL 2;0.00
2020-06-11;"";1522.0;INTERNET MOVEL 2;0.00
2020-06-12;"";1787.0;INTERNET MOVEL 2;0.00
2020-06-13;"";1812.0;INTERNET MOVEL 2;0.00
2020-06-14;"";1274.0;INTERNET MOVEL 2;0.00
2020-06-15;"";6813.2;INTERNET MOVEL 2;0.00
2020-06-16;"";11835.7;INTERNET MOVEL 2;0.00
2020-06-17;"";16521.1;INTERNET MOVEL 2;0.00
2020-06-18;"";8675.0;INTERNET MOVEL 2;0.00
2020-06-19;"";7905.6;INTERNET MOVEL 2;0.00
2020-06-20;"";22734.9;INTERNET MOVEL 2;0.00
2020-06-21;"";489.0;INTERNET MOVEL 2;0.00
2020-06-22;"";191.0;INTERNET MOVEL 2;0.00
2020-06-23;"";5.0;INTERNET MOVEL 2;0.00
2020-06-24;"";1.0;INTERNET MOVEL 2;0.00
2020-06-25;"";2.0;INTERNET MOVEL 2;0.00
2020-06-26;"";2.0;INTERNET MOVEL 2;0.00
2020-06-29;"";6.0;INTERNET MOVEL 2;0.00
2020-06-30;"";6.0;INTERNET MOVEL 2;0.00
