data_hora_inicio;nro_telefone_chamado;duracao_ligacao;desc_categoria;valor_ligacao
2020-06-29 03:53:38;6120;1.0;INTERATIVIDADE SMS;5.99
2020-06-21 22:19:11;6120;1.0;INTERATIVIDADE SMS;5.99
2020-06-14 15:04:16;6120;1.0;INTERATIVIDADE SMS;5.99
2020-06-07 04:10:21;6120;1.0;INTERATIVIDADE SMS;5.99
2020-06-01 21:06:30;51  997596283;15.0;Para Celulares Vivo;
2020-06-01 21:05:20;51  999545971;6.0;Para Celulares Vivo;
2020-06-01 20:32:19;51  997596283;13.0;Para Celulares Vivo;
2020-06-01 19:08:08;51  995185729;20.0;Para Celulares Vivo;
2020-06-01 18:37:20;51  995185729;45.0;Para Celulares Vivo;
2020-06-01 18:00:12;51  997596283;28.0;Para Celulares Vivo;
2020-06-01 15:52:51;51  995185729;16.0;Para Celulares Vivo;
2020-06-01 13:12:24;51  997596283;5.0;Para Celulares Vivo;
2020-06-01 10:32:18;51  999545971;5.0;Para Celulares Vivo;
2020-06-01 10:14:48;51  995185729;6.0;Para Celulares Vivo;
2020-06-01 09:28:02;51  995185729;6.0;Para Celulares Vivo;
2020-06-26 19:17:33;51  984300973;19.0;Para Celulares de Outras Operadoras;
2020-06-10 23:27:08;51  996618412;109.0;Para Celulares de Outras Operadoras;
2020-06-10 18:45:10;51  994610494;27.0;Para Celulares de Outras Operadoras;
2020-06-06 15:55:56;51  981868090;10.0;Para Celulares de Outras Operadoras;
2020-06-06 15:54:24;51  983446667;5.0;Para Celulares de Outras Operadoras;
2020-06-05 01:01:52;51  985112807;6.0;Para Celulares de Outras Operadoras;
2020-06-27 22:19:39;51  33674749;5.0;Para Fixo Vivo;
2020-06-12 23:25:51;51  33674749;5.0;Para Fixo Vivo;
2020-06-05 01:00:39;51  21313333;5.0;Para Fixo Vivo;
2020-06-29 11:21:44;51  997596283;10.0;Para Celulares Vivo;
2020-06-28 19:20:08;51  997596283;9.0;Para Celulares Vivo;
2020-06-28 19:11:17;51  995185729;10.0;Para Celulares Vivo;
2020-06-27 21:22:08;51  999545971;5.0;Para Celulares Vivo;
2020-06-26 23:28:44;51  991943334;13.0;Para Celulares Vivo;
2020-06-24 13:28:35;51  997596283;106.0;Para Celulares Vivo;
2020-06-24 12:30:20;51  999545971;7.0;Para Celulares Vivo;
2020-06-24 12:18:10;51  999545971;8.0;Para Celulares Vivo;
2020-06-23 23:04:51;51  997360949;35.0;Para Celulares Vivo;
2020-06-23 21:15:44;51  999545971;58.0;Para Celulares Vivo;
2020-06-22 11:11:37;51  999545971;8.0;Para Celulares Vivo;
2020-06-18 23:06:08;51  999545971;19.0;Para Celulares Vivo;
2020-06-18 22:10:50;51  991943334;15.0;Para Celulares Vivo;
2020-06-17 21:30:09;51  991919823;10.0;Para Celulares Vivo;
2020-06-17 21:25:46;51  991919823;20.0;Para Celulares Vivo;
2020-06-16 17:48:43;51  997596283;18.0;Para Celulares Vivo;
2020-06-16 17:30:30;51  997596283;79.0;Para Celulares Vivo;
2020-06-15 14:09:55;51  997596283;10.0;Para Celulares Vivo;
2020-06-15 09:40:10;51  997596283;5.0;Para Celulares Vivo;
2020-06-15 09:30:21;51  997596283;5.0;Para Celulares Vivo;
2020-06-15 09:27:10;51  997596283;5.0;Para Celulares Vivo;
2020-06-13 11:06:57;51  997596283;28.0;Para Celulares Vivo;
2020-06-12 21:16:59;51  997360949;54.0;Para Celulares Vivo;
2020-06-12 20:12:46;51  999545971;17.0;Para Celulares Vivo;
2020-06-12 20:09:41;51  997596283;21.0;Para Celulares Vivo;
2020-06-12 16:30:47;51  999545971;51.0;Para Celulares Vivo;
2020-06-12 15:39:32;51  997596283;32.0;Para Celulares Vivo;
2020-06-12 12:15:01;51  997596283;5.0;Para Celulares Vivo;
2020-06-11 16:55:26;51  995185729;48.0;Para Celulares Vivo;
2020-06-11 10:26:16;51  997596283;11.0;Para Celulares Vivo;
2020-06-11 08:04:35;51  995185729;17.0;Para Celulares Vivo;
2020-06-10 22:19:07;51  999545971;90.0;Para Celulares Vivo;
2020-06-10 20:30:09;51  997596283;45.0;Para Celulares Vivo;
2020-06-10 19:37:56;51  995185729;60.0;Para Celulares Vivo;
2020-06-10 18:24:54;51  997360949;5.0;Para Celulares Vivo;
2020-06-10 18:03:29;51  997596283;16.0;Para Celulares Vivo;
2020-06-10 16:41:32;51  999545971;105.0;Para Celulares Vivo;
2020-06-09 21:30:42;51  999545971;88.0;Para Celulares Vivo;
2020-06-09 21:04:34;51  995185729;50.0;Para Celulares Vivo;
2020-06-09 20:35:18;51  997596283;11.0;Para Celulares Vivo;
2020-06-09 16:33:29;51  999545971;7.0;Para Celulares Vivo;
2020-06-09 16:27:20;51  999545971;58.0;Para Celulares Vivo;
2020-06-09 15:16:59;51  997596283;120.0;Para Celulares Vivo;
2020-06-09 12:32:38;51  995185729;37.0;Para Celulares Vivo;
2020-06-09 12:24:56;51  999545971;68.0;Para Celulares Vivo;
2020-06-09 08:36:42;51  997596283;104.0;Para Celulares Vivo;
2020-06-09 08:11:03;51  991026438;7.0;Para Celulares Vivo;
2020-06-08 21:07:47;51  999545971;67.0;Para Celulares Vivo;
2020-06-08 16:43:26;51  999545971;43.0;Para Celulares Vivo;
2020-06-08 11:00:56;51  999545971;49.0;Para Celulares Vivo;
2020-06-07 19:12:12;51  999545971;58.0;Para Celulares Vivo;
2020-06-07 12:22:18;51  997596283;175.0;Para Celulares Vivo;
2020-06-06 18:08:40;51  997596283;82.0;Para Celulares Vivo;
2020-06-05 23:45:23;51  999545971;20.0;Para Celulares Vivo;
2020-06-04 22:55:41;51  999545971;69.0;Para Celulares Vivo;
2020-06-04 14:07:07;51  997596283;92.0;Para Celulares Vivo;
2020-06-03 17:30:47;51  999545971;58.0;Para Celulares Vivo;
2020-06-03 09:46:01;51  997596283;71.0;Para Celulares Vivo;
2020-06-02 18:18:35;51  997596283;11.0;Para Celulares Vivo;
2020-06-02 15:21:55;51  999545971;5.0;Para Celulares Vivo;
2020-06-02 11:55:21;51  997596283;26.0;Para Celulares Vivo;
2020-06-01;"";99461.5;INTERNET MOVEL 2;0.00
2020-06-03;"";72304.6;INTERNET MOVEL 2;0.00
2020-06-05;"";77376.3;INTERNET MOVEL 2;0.00
2020-06-08;"";1023.0;INTERNET MOVEL 2;0.00
2020-06-09;"";100308.9;INTERNET MOVEL 2;0.00
2020-06-10;"";23280.6;INTERNET MOVEL 2;0.00
2020-06-11;"";25789.5;INTERNET MOVEL 2;0.00
2020-06-12;"";5172.7;INTERNET MOVEL 2;0.00
2020-06-13;"";35666.8;INTERNET MOVEL 2;0.00
2020-06-14;"";93992.8;INTERNET MOVEL 2;0.00
2020-06-15;"";139004.7;INTERNET MOVEL 2;0.00
2020-06-16;"";87460.6;INTERNET MOVEL 2;0.00
2020-06-17;"";8181.2;INTERNET MOVEL 2;0.00
2020-06-18;"";35176.7;INTERNET MOVEL 2;0.00
2020-06-19;"";23622.0;INTERNET MOVEL 2;0.00
2020-06-20;"";746.0;INTERNET MOVEL 2;0.00
2020-06-21;"";84020.5;INTERNET MOVEL 2;0.00
2020-06-22;"";55920.1;INTERNET MOVEL 2;0.00
2020-06-23;"";1082.0;INTERNET MOVEL 2;0.00
2020-06-24;"";20215.1;INTERNET MOVEL 2;0.00
2020-06-25;"";56318.9;INTERNET MOVEL 2;0.00
2020-06-26;"";3354.8;INTERNET MOVEL 2;0.00
2020-06-29;"";78057.2;INTERNET MOVEL 2;0.00
2020-06-30;"";1.0;INTERNET MOVEL 2;0.00
