data_hora_inicio;nro_telefone_chamado;duracao_ligacao;desc_categoria;valor_ligacao
2020-06-01 11:26:24;51  991722020;309.0;Para Celulares de Outras Operadoras;
2020-06-01 11:00:39;51  991722020;252.0;Para Celulares de Outras Operadoras;
2020-06-28 01:26:00;*5  55;5.0;"";
2020-06-28 09:08:18;51  33475675;5.0;Para Fixo de Outras Operadoras;
2020-06-28 09:05:23;51  33475675;22.0;Para Fixo de Outras Operadoras;
2020-06-21 09:33:55;51  33475675;6.0;Para Fixo de Outras Operadoras;
2020-06-14 09:45:56;51  33475675;19.0;Para Fixo de Outras Operadoras;
2020-06-07 09:03:57;51  33475675;6.0;Para Fixo de Outras Operadoras;
2020-06-23 14:48:57;51  991722020;317.0;Para Celulares de Outras Operadoras;
2020-06-19 09:12:19;51  991722020;79.0;Para Celulares de Outras Operadoras;
2020-06-17 15:52:04;51  991722020;44.0;Para Celulares de Outras Operadoras;
2020-06-17 14:02:58;51  991722020;54.0;Para Celulares de Outras Operadoras;
2020-06-16 16:07:18;51  991722020;112.0;Para Celulares de Outras Operadoras;
2020-06-15 09:24:55;51  991722020;28.0;Para Celulares de Outras Operadoras;
2020-06-22 15:09:00;51  32223539;5.0;Para Fixo Vivo;
2020-06-22 15:06:04;51  32223539;7.0;Para Fixo Vivo;
2020-06-19 17:49:42;51  32223539;5.0;Para Fixo Vivo;
2020-06-19 15:52:48;51  33408229;5.0;Para Fixo Vivo;
2020-06-08 09:38:56;51  32223539;25.0;Para Fixo Vivo;
2020-06-19 15:53:34;51  992592824;8.0;Para Celulares Vivo;
2020-06-19 09:10:08;51  993440142;5.0;Para Celulares Vivo;
2020-06-14 18:04:52;51  992592824;5.0;Para Celulares Vivo;
2020-06-06 18:55:36;51  992592824;5.0;Para Celulares Vivo;
2020-06-05 09:59:21;51  984274504;5.0;Para Celulares Vivo;
2020-06-04 17:35:39;51  993189630;158.0;Para Celulares Vivo;
2020-06-01;"";52044.8;INTERNET MOVEL 2;0.00
2020-06-02;"";177782.6;INTERNET MOVEL 2;0.00
2020-06-03;"";129055.4;INTERNET MOVEL 2;0.00
2020-06-04;"";10313.0;INTERNET MOVEL 2;0.00
2020-06-05;"";80604.2;INTERNET MOVEL 2;0.00
2020-06-06;"";69927.4;INTERNET MOVEL 2;0.00
2020-06-07;"";118081.4;INTERNET MOVEL 2;0.00
2020-06-08;"";109406.3;INTERNET MOVEL 2;0.00
2020-06-09;"";47731.3;INTERNET MOVEL 2;0.00
2020-06-10;"";15843.0;INTERNET MOVEL 2;0.00
2020-06-11;"";59077.9;INTERNET MOVEL 2;0.00
2020-06-12;"";7668.6;INTERNET MOVEL 2;0.00
2020-06-14;"";98003.1;INTERNET MOVEL 2;0.00
2020-06-15;"";25588.5;INTERNET MOVEL 2;0.00
2020-06-17;"";224.0;INTERNET MOVEL 2;0.00
2020-06-18;"";95468.3;INTERNET MOVEL 2;0.00
2020-06-19;"";16394.4;INTERNET MOVEL 2;0.00
2020-06-21;"";47795.0;INTERNET MOVEL 2;0.00
2020-06-22;"";17067.6;INTERNET MOVEL 2;0.00
2020-06-24;"";102901.0;INTERNET MOVEL 2;0.00
2020-06-25;"";9166.0;INTERNET MOVEL 2;0.00
2020-06-26;"";112600.0;INTERNET MOVEL 2;0.00
2020-06-27;"";111395.8;INTERNET MOVEL 2;0.00
2020-06-28;"";15093.8;INTERNET MOVEL 2;0.00
2020-06-29;"";48151.5;INTERNET MOVEL 2;0.00
2020-06-30;"";101425.6;INTERNET MOVEL 2;0.00
2020-07-01;"";364.0;INTERNET MOVEL 2;0.00
