data_hora_inicio;nro_telefone_chamado;duracao_ligacao;desc_categoria;valor_ligacao
2020-06-24 16:32:13;31  991153077;174.0;Para Celulares de Outras Operadoras;
2020-06-01;"";13570.0;INTERNET MOVEL 2;0.00
2020-06-02;"";202.0;INTERNET MOVEL 2;0.00
2020-06-03;"";382.0;INTERNET MOVEL 2;0.00
2020-06-04;"";407.0;INTERNET MOVEL 2;0.00
2020-06-05;"";298.0;INTERNET MOVEL 2;0.00
2020-06-08;"";875.0;INTERNET MOVEL 2;0.00
2020-06-09;"";238.0;INTERNET MOVEL 2;0.00
2020-06-10;"";393.0;INTERNET MOVEL 2;0.00
2020-06-15;"";1423.3;INTERNET MOVEL 2;0.00
2020-06-16;"";235.0;INTERNET MOVEL 2;0.00
2020-06-17;"";310.0;INTERNET MOVEL 2;0.00
2020-06-18;"";253.0;INTERNET MOVEL 2;0.00
2020-06-19;"";1679.3;INTERNET MOVEL 2;0.00
2020-06-22;"";1198.0;INTERNET MOVEL 2;0.00
2020-06-23;"";427.0;INTERNET MOVEL 2;0.00
2020-06-24;"";1.0;INTERNET MOVEL 2;0.00
2020-06-26;"";1.0;INTERNET MOVEL 2;0.00
2020-06-29;"";1.0;INTERNET MOVEL 2;0.00
2020-06-30;"";2.0;INTERNET MOVEL 2;0.00
