data_hora_inicio;nro_telefone_chamado;duracao_ligacao;desc_categoria;valor_ligacao
2020-06-01 09:40:15;51  984788705;6.0;Para Celulares de Outras Operadoras;
2020-06-29 20:59:00;53  991494946;199.0;Para Celulares de Outras Operadoras;
2020-06-16 20:40:19;53  991494946;168.0;Para Celulares de Outras Operadoras;
2020-06-11 12:04:12;53  991494946;120.0;Para Celulares de Outras Operadoras;
2020-06-02 20:21:30;53  991494946;108.0;Para Celulares de Outras Operadoras;
2020-06-02 20:20:35;53  991494946;5.0;Para Celulares de Outras Operadoras;
2020-06-30 09:24:19;51  32262525;5.0;Para Fixo de Outras Operadoras;
2020-06-30 09:18:49;51  32262525;5.0;Para Fixo de Outras Operadoras;
2020-06-25 11:22:02;51  32262525;25.0;Para Fixo de Outras Operadoras;
2020-06-25 09:00:18;51  32262525;69.0;Para Fixo de Outras Operadoras;
2020-06-24 09:53:02;51  32262525;39.0;Para Fixo de Outras Operadoras;
2020-06-04 16:41:08;51  32253911;55.0;Para Fixo de Outras Operadoras;
2020-06-29 09:39:15;51  984788705;13.0;Para Celulares de Outras Operadoras;
2020-06-28 13:02:01;51  984788705;5.0;Para Celulares de Outras Operadoras;
2020-06-25 20:36:44;51  984788705;28.0;Para Celulares de Outras Operadoras;
2020-06-23 11:47:30;51  984788705;62.0;Para Celulares de Outras Operadoras;
2020-06-21 12:09:14;51  984788705;6.0;Para Celulares de Outras Operadoras;
2020-06-16 13:32:39;51  984788705;29.0;Para Celulares de Outras Operadoras;
2020-06-16 11:02:46;51  984788705;7.0;Para Celulares de Outras Operadoras;
2020-06-11 17:13:21;51  984788705;9.0;Para Celulares de Outras Operadoras;
2020-06-10 11:13:24;51  984788705;70.0;Para Celulares de Outras Operadoras;
2020-06-23 18:04:27;51  992592847;11.0;Para Celulares Vivo;
2020-06-16 18:10:33;51  992592847;60.0;Para Celulares Vivo;
2020-06-10 14:51:49;51  992592847;11.0;Para Celulares Vivo;
2020-06-09 18:18:31;51  992592847;6.0;Para Celulares Vivo;
2020-06-02 18:30:30;51  992592847;11.0;Para Celulares Vivo;
2020-06-02 10:30:05;51  996822723;5.0;Para Celulares Vivo;
2020-05-31;"";143.0;INTERNET MOVEL 2;0.00
2020-06-01;"";779.0;INTERNET MOVEL 2;0.00
2020-06-02;"";5415.2;INTERNET MOVEL 2;0.00
2020-06-03;"";4104.0;INTERNET MOVEL 2;0.00
2020-06-04;"";18264.2;INTERNET MOVEL 2;0.00
2020-06-05;"";6484.1;INTERNET MOVEL 2;0.00
2020-06-06;"";13182.9;INTERNET MOVEL 2;0.00
2020-06-07;"";3681.3;INTERNET MOVEL 2;0.00
2020-06-08;"";4185.3;INTERNET MOVEL 2;0.00
2020-06-09;"";1779.0;INTERNET MOVEL 2;0.00
2020-06-10;"";1631.0;INTERNET MOVEL 2;0.00
2020-06-11;"";1773.0;INTERNET MOVEL 2;0.00
2020-06-12;"";3389.0;INTERNET MOVEL 2;0.00
2020-06-13;"";2119.0;INTERNET MOVEL 2;0.00
2020-06-14;"";3711.1;INTERNET MOVEL 2;0.00
2020-06-15;"";3612.0;INTERNET MOVEL 2;0.00
2020-06-16;"";2391.0;INTERNET MOVEL 2;0.00
2020-06-17;"";7030.2;INTERNET MOVEL 2;0.00
2020-06-18;"";33343.1;INTERNET MOVEL 2;0.00
2020-06-19;"";1081.0;INTERNET MOVEL 2;0.00
2020-06-20;"";4166.0;INTERNET MOVEL 2;0.00
2020-06-21;"";659.0;INTERNET MOVEL 2;0.00
2020-06-22;"";2543.0;INTERNET MOVEL 2;0.00
2020-06-23;"";8418.9;INTERNET MOVEL 2;0.00
2020-06-24;"";2282.9;INTERNET MOVEL 2;0.00
2020-06-25;"";1668.7;INTERNET MOVEL 2;0.00
2020-06-26;"";1300.0;INTERNET MOVEL 2;0.00
2020-06-27;"";973.0;INTERNET MOVEL 2;0.00
2020-06-28;"";2614.2;INTERNET MOVEL 2;0.00
2020-06-29;"";1945.9;INTERNET MOVEL 2;0.00
2020-06-30;"";2630.2;INTERNET MOVEL 2;0.00
