data_hora_inicio;nro_telefone_chamado;duracao_ligacao;desc_categoria;valor_ligacao
2020-06-27 18:20:35;31  34113983;61.0;Para Fixo de Outras Operadoras;
2020-06-26 22:10:08;31  996195056;14.0;Para Celulares de Outras Operadoras;
2020-06-20 18:21:19;31  983478228;10.0;Para Celulares de Outras Operadoras;
2020-06-18 15:48:39;31  988943641;48.0;Para Celulares de Outras Operadoras;
2020-06-28 19:02:50;31  997576705;19.0;Para Celulares Vivo;
2020-06-27 22:38:30;31  984253090;5.0;Para Celulares Vivo;
2020-06-27 22:26:01;31  984253090;5.0;Para Celulares Vivo;
2020-06-27 15:02:23;31  984253090;5.0;Para Celulares Vivo;
2020-06-27 10:01:05;31  995060904;25.0;Para Celulares Vivo;
2020-06-26 18:58:50;31  984253090;5.0;Para Celulares Vivo;
2020-06-26 18:52:19;31  984253090;10.0;Para Celulares Vivo;
2020-06-20 18:22:41;31  988922818;14.0;Para Celulares Vivo;
2020-06-17 12:58:00;31  998518491;170.0;Para Celulares Vivo;
2020-06-08 18:54:21;31  984253090;5.0;Para Celulares Vivo;
2020-06-07 01:12:40;31  984253090;5.0;Para Celulares Vivo;
2020-06-04 15:12:29;31  997940460;28.0;Para Celulares Vivo;
2020-06-02 12:57:26;31  995060904;21.0;Para Celulares Vivo;
2020-06-02 12:52:58;31  995060904;40.0;Para Celulares Vivo;
2020-06-02 11:22:32;31  995060904;17.0;Para Celulares Vivo;
2020-06-01;"";3962.0;INTERNET MOVEL 2;0.00
2020-06-02;"";413.0;INTERNET MOVEL 2;0.00
2020-06-03;"";2163.2;INTERNET MOVEL 2;0.00
2020-06-04;"";5488.3;INTERNET MOVEL 2;0.00
2020-06-05;"";2433.0;INTERNET MOVEL 2;0.00
2020-06-06;"";420.0;INTERNET MOVEL 2;0.00
2020-06-07;"";549.0;INTERNET MOVEL 2;0.00
2020-06-08;"";83307.0;INTERNET MOVEL 2;0.00
2020-06-09;"";63469.4;INTERNET MOVEL 2;0.00
2020-06-10;"";93128.0;INTERNET MOVEL 2;0.00
2020-06-12;"";112.0;INTERNET MOVEL 2;0.00
2020-06-15;"";37869.9;INTERNET MOVEL 2;0.00
2020-06-16;"";16216.8;INTERNET MOVEL 2;0.00
2020-06-17;"";3353.8;INTERNET MOVEL 2;0.00
2020-06-18;"";11423.5;INTERNET MOVEL 2;0.00
2020-06-19;"";2114.0;INTERNET MOVEL 2;0.00
2020-06-20;"";39.0;INTERNET MOVEL 2;0.00
2020-06-21;"";344.0;INTERNET MOVEL 2;0.00
2020-06-22;"";632.0;INTERNET MOVEL 2;0.00
2020-06-23;"";1081.0;INTERNET MOVEL 2;0.00
2020-06-24;"";31755.7;INTERNET MOVEL 2;0.00
2020-06-25;"";104817.8;INTERNET MOVEL 2;0.00
2020-06-26;"";16531.8;INTERNET MOVEL 2;0.00
2020-06-27;"";55236.6;INTERNET MOVEL 2;0.00
2020-06-28;"";2023.0;INTERNET MOVEL 2;0.00
2020-06-29;"";10008.2;INTERNET MOVEL 2;0.00
