data_hora_inicio;nro_telefone_chamado;duracao_ligacao;desc_categoria;valor_ligacao
2020-06-22 10:12:43;51991943334;1.0;GRATIS-SMS;0.00
2020-06-22 10:12:36;51991943334;1.0;GRATIS-SMS;0.00
2020-06-25 13:32:59;51  991943334;7.0;Para Celulares Vivo;
2020-06-19 15:35:47;51  991943334;7.0;Para Celulares Vivo;
2020-06-19 11:13:02;51  991943334;9.0;Para Celulares Vivo;
2020-06-19 11:12:39;51  991943334;5.0;Para Celulares Vivo;
2020-06-18 12:57:41;51  991943334;6.0;Para Celulares Vivo;
2020-06-09 15:12:23;51  995112258;5.0;Para Celulares Vivo;
