data_hora_inicio;nro_telefone_chamado;duracao_ligacao;desc_categoria;valor_ligacao
2020-06-29 11:07:12;1134882300;1.0;ADICIONAL;0.00
2020-06-25 09:36:07;"";1.0;ADICIONAL;0.00
2020-06-23 17:46:27;"";1.0;ADICIONAL;0.00
2020-06-23 17:43:41;"";1.0;ADICIONAL;0.00
2020-06-23 16:44:28;"";1.0;ADICIONAL;0.00
2020-06-23 16:17:14;"";1.0;ADICIONAL;0.00
2020-06-19 10:44:05;"";1.0;ADICIONAL;0.00
2020-06-16 17:19:08;"";1.0;ADICIONAL;0.00
2020-06-16 11:45:24;"";1.0;ADICIONAL;0.00
2020-06-10 15:11:25;"";1.0;ADICIONAL;0.00
2020-06-10 13:28:52;"";1.0;ADICIONAL;0.00
2020-06-10 12:45:44;"";1.0;ADICIONAL;0.00
2020-06-09 19:53:19;"";1.0;ADICIONAL;0.00
2020-06-09 10:15:31;"";1.0;ADICIONAL;0.00
2020-06-08 17:23:55;"";1.0;ADICIONAL;0.00
2020-06-04 12:39:40;"";1.0;ADICIONAL;0.00
2020-06-01 11:56:34;66  996606080;0.0;Adicional por Ligacoes Realizadas;
2020-06-01 11:56:34;66  996606080;33.0;Para Celulares Vivo;
2020-06-22 13:19:15;66  34711585;43.0;Para Fixo de Outras Operadoras;
2020-06-19 07:44:53;45  999031892;109.0;Para Celulares de Outras Operadoras;
2020-06-10 13:41:58;51  991153364;5.0;Para Celulares de Outras Operadoras;
2020-06-19 09:09:47;65  36827047;39.0;Para Fixo Vivo;
2020-06-29 08:19:37;51  992592842;5.0;Para Celulares Vivo;
2020-06-26 15:45:59;51  995863683;43.0;Para Celulares Vivo;
2020-06-23 09:47:31;51  995863683;43.0;Para Celulares Vivo;
2020-06-19 10:33:36;51  995863683;41.0;Para Celulares Vivo;
2020-06-19 07:57:19;64  999848111;11.0;Para Celulares Vivo;
2020-06-16 17:43:28;64  996415946;98.0;Para Celulares Vivo;
2020-06-03 21:00:05;64  999848111;16.0;Para Celulares Vivo;
2020-06-29 08:19:37;51  992592842;0.0;Adicional por Ligacoes Realizadas;
2020-06-26 15:45:59;51  995863683;0.0;Adicional por Ligacoes Realizadas;
2020-06-25 09:18:24;66  34711585;0.0;Adicional por Ligacoes Realizadas;
2020-06-24 14:23:04;66  34711585;0.0;Adicional por Ligacoes Realizadas;
2020-06-23 09:47:31;51  995863683;0.0;Adicional por Ligacoes Realizadas;
2020-06-23 08:32:16;66  34711585;0.0;Adicional por Ligacoes Realizadas;
2020-06-22 13:44:23;65  36231799;0.0;Adicional por Ligacoes Realizadas;
2020-06-22 13:42:16;65  30271403;0.0;Adicional por Ligacoes Realizadas;
2020-06-22 13:19:15;66  34711585;0.0;Adicional por Ligacoes Realizadas;
2020-06-19 10:33:36;51  995863683;0.0;Adicional por Ligacoes Realizadas;
2020-06-19 09:09:47;65  36827047;0.0;Adicional por Ligacoes Realizadas;
2020-06-19 08:52:57;65  36343449;0.0;Adicional por Ligacoes Realizadas;
2020-06-19 07:57:19;64  999848111;0.0;Adicional por Ligacoes Realizadas;
2020-06-19 07:44:53;45  999031892;0.0;Adicional por Ligacoes Realizadas;
2020-06-19 07:34:52;65  36343449;0.0;Adicional por Ligacoes Realizadas;
2020-06-17 10:11:24;66  34711585;0.0;Adicional por Ligacoes Realizadas;
2020-06-16 17:43:28;64  996415946;0.0;Adicional por Ligacoes Realizadas;
2020-06-15 09:40:35;65  36343449;0.0;Adicional por Ligacoes Realizadas;
2020-06-15 09:17:01;65  36343449;0.0;Adicional por Ligacoes Realizadas;
2020-06-15 08:16:50;65  36343449;0.0;Adicional por Ligacoes Realizadas;
2020-06-15 07:46:37;65  36343449;0.0;Adicional por Ligacoes Realizadas;
2020-06-10 13:41:58;51  991153364;0.0;Adicional por Ligacoes Realizadas;
2020-06-08 07:29:50;66  34711585;0.0;Adicional por Ligacoes Realizadas;
2020-06-04 18:10:53;66  997219337;0.0;Adicional por Ligacoes Realizadas;
2020-06-04 15:56:57;66  997219337;0.0;Adicional por Ligacoes Realizadas;
2020-06-03 21:00:05;64  999848111;0.0;Adicional por Ligacoes Realizadas;
2020-06-19 08:52:57;65  36343449;13.0;Para Fixo Vivo;
2020-06-19 07:34:52;65  36343449;6.0;Para Fixo Vivo;
2020-06-15 09:40:35;65  36343449;34.0;Para Fixo Vivo;
2020-06-15 09:17:01;65  36343449;16.0;Para Fixo Vivo;
2020-06-15 08:16:50;65  36343449;92.0;Para Fixo Vivo;
2020-06-15 07:46:37;65  36343449;18.0;Para Fixo Vivo;
2020-06-29 11:07:12;11  34882300;6.0;Chamadas de Longa Distancia para Outros Estados;
2020-06-25 09:36:07;    ;86.0;Chamadas de Longa Distancia para Outros Estados;
2020-06-23 17:46:27;    ;14.0;Chamadas de Longa Distancia para Outros Estados;
2020-06-23 17:43:41;    ;10.0;Chamadas de Longa Distancia para Outros Estados;
2020-06-23 16:44:28;    ;22.0;Chamadas de Longa Distancia para Outros Estados;
2020-06-23 16:17:14;    ;10.0;Chamadas de Longa Distancia para Outros Estados;
2020-06-19 10:44:05;    ;36.0;Chamadas de Longa Distancia para Outros Estados;
2020-06-16 17:19:08;    ;152.0;Chamadas de Longa Distancia para Outros Estados;
2020-06-16 11:45:24;    ;5.0;Chamadas de Longa Distancia para Outros Estados;
2020-06-10 15:11:25;    ;212.0;Chamadas de Longa Distancia para Outros Estados;
2020-06-10 13:28:52;    ;63.0;Chamadas de Longa Distancia para Outros Estados;
2020-06-10 12:45:44;    ;51.0;Chamadas de Longa Distancia para Outros Estados;
2020-06-09 19:53:19;    ;67.0;Chamadas de Longa Distancia para Outros Estados;
2020-06-09 19:53:19;    ;62.0;Chamadas de Longa Distancia para Outros Estados;
2020-06-09 10:15:31;    ;22.0;Chamadas de Longa Distancia para Outros Estados;
2020-06-08 17:23:55;    ;11.0;Chamadas de Longa Distancia para Outros Estados;
2020-06-04 12:39:40;    ;46.0;Chamadas de Longa Distancia para Outros Estados;
2020-06-25 09:18:24;66  34711585;39.0;Para Fixo de Outras Operadoras;
2020-06-24 14:23:04;66  34711585;26.0;Para Fixo de Outras Operadoras;
2020-06-23 08:32:16;66  34711585;29.0;Para Fixo de Outras Operadoras;
2020-06-17 10:11:24;66  34711585;42.0;Para Fixo de Outras Operadoras;
2020-06-08 07:29:50;66  34711585;41.0;Para Fixo de Outras Operadoras;
2020-06-22 13:44:23;65  36231799;55.0;Para Fixo Vivo;
2020-06-22 13:42:16;65  30271403;15.0;Para Fixo Vivo;
2020-06-04 18:10:53;66  997219337;35.0;Para Celulares Vivo;
2020-06-04 15:56:57;66  997219337;16.0;Para Celulares Vivo;
2020-06-01;"";100256.7;INTERNET MOVEL 2;0.00
2020-06-02;"";215760.4;INTERNET MOVEL 2;0.00
2020-06-03;"";136844.8;INTERNET MOVEL 2;0.00
2020-06-04;"";112278.2;INTERNET MOVEL 2;0.00
2020-06-05;"";90441.0;INTERNET MOVEL 2;0.00
2020-06-06;"";204405.5;INTERNET MOVEL 2;0.00
2020-06-07;"";65497.0;INTERNET MOVEL 2;0.00
2020-06-08;"";128983.8;INTERNET MOVEL 2;0.00
2020-06-09;"";69190.7;INTERNET MOVEL 2;0.00
2020-06-10;"";67868.0;INTERNET MOVEL 2;0.00
2020-06-11;"";40791.1;INTERNET MOVEL 2;0.00
2020-06-12;"";171857.8;INTERNET MOVEL 2;0.00
2020-06-13;"";44091.4;INTERNET MOVEL 2;0.00
2020-06-14;"";111430.0;INTERNET MOVEL 2;0.00
2020-06-15;"";59035.2;INTERNET MOVEL 2;0.00
2020-06-16;"";46605.4;INTERNET MOVEL 2;0.00
2020-06-17;"";41756.8;INTERNET MOVEL 2;0.00
2020-06-18;"";68730.9;INTERNET MOVEL 2;0.00
2020-06-19;"";69283.3;INTERNET MOVEL 2;0.00
2020-06-20;"";58098.6;INTERNET MOVEL 2;0.00
2020-06-21;"";37754.0;INTERNET MOVEL 2;0.00
2020-06-22;"";70058.1;INTERNET MOVEL 2;0.00
2020-06-23;"";116469.1;INTERNET MOVEL 2;0.00
2020-06-24;"";47695.7;INTERNET MOVEL 2;0.00
2020-06-25;"";34194.4;INTERNET MOVEL 2;0.00
2020-06-26;"";124878.0;INTERNET MOVEL 2;0.00
2020-06-27;"";138802.0;INTERNET MOVEL 2;0.00
2020-06-28;"";41974.7;INTERNET MOVEL 2;0.00
2020-06-29;"";107982.3;INTERNET MOVEL 2;0.00
2020-06-30;"";49339.0;INTERNET MOVEL 2;0.00
2020-07-01;"";4224.3;INTERNET MOVEL 2;0.00
