data_hora_inicio;nro_telefone_chamado;duracao_ligacao;desc_categoria;valor_ligacao
2020-06-01 17:33:26;51  992565566;540.0;Para Celulares de Outras Operadoras;
2020-06-01 19:27:00;51  999686311;11.0;Para Celulares Vivo;
2020-06-22 17:58:45;51  33365546;17.0;Para Fixo de Outras Operadoras;
2020-06-22 15:51:10;51  33365546;5.0;Para Fixo de Outras Operadoras;
2020-06-26 11:23:30;51  999580480;250.0;Para Celulares de Outras Operadoras;
2020-06-24 12:47:38;51  999580480;25.0;Para Celulares de Outras Operadoras;
2020-06-09 14:04:26;51  992565566;8.0;Para Celulares de Outras Operadoras;
2020-06-08 19:56:13;51  33728070;29.0;Para Fixo Vivo;
2020-06-28 15:46:39;51  999793450;6.0;Para Celulares Vivo;
2020-06-27 15:46:23;51  999587536;5.0;Para Celulares Vivo;
2020-06-22 17:26:53;51  999793450;44.0;Para Celulares Vivo;
2020-06-19 17:55:28;51  999793450;5.0;Para Celulares Vivo;
2020-06-13 15:34:54;51  999818946;10.0;Para Celulares Vivo;
2020-06-13 11:56:26;51  999793450;5.0;Para Celulares Vivo;
2020-06-13 11:07:04;51  991634373;5.0;Para Celulares Vivo;
2020-06-09 17:08:01;51  999676360;614.0;Para Celulares Vivo;
2020-06-07 17:17:20;51  999793450;13.0;Para Celulares Vivo;
2020-06-04 10:38:32;51  995079865;5.0;Para Celulares Vivo;
2020-06-04 09:43:16;51  991634373;5.0;Para Celulares Vivo;
2020-06-04 09:42:05;51  991634373;5.0;Para Celulares Vivo;
2020-06-04 09:40:55;51  991634373;5.0;Para Celulares Vivo;
2020-06-04 09:39:49;51  991634373;5.0;Para Celulares Vivo;
2020-06-02 17:12:10;51  999793450;5.0;Para Celulares Vivo;
2020-06-02 10:44:00;51  999676360;240.0;Para Celulares Vivo;
2020-06-01;"";3479.5;INTERNET MOVEL 2;0.00
2020-06-02;"";8219.1;INTERNET MOVEL 2;0.00
2020-06-03;"";5787.2;INTERNET MOVEL 2;0.00
2020-06-04;"";5728.7;INTERNET MOVEL 2;0.00
2020-06-05;"";5007.8;INTERNET MOVEL 2;0.00
2020-06-06;"";3180.6;INTERNET MOVEL 2;0.00
2020-06-07;"";26427.1;INTERNET MOVEL 2;0.00
2020-06-08;"";2531.7;INTERNET MOVEL 2;0.00
2020-06-09;"";2884.6;INTERNET MOVEL 2;0.00
2020-06-10;"";21999.1;INTERNET MOVEL 2;0.00
2020-06-11;"";41270.6;INTERNET MOVEL 2;0.00
2020-06-12;"";4697.8;INTERNET MOVEL 2;0.00
2020-06-13;"";87141.1;INTERNET MOVEL 2;0.00
2020-06-14;"";4967.9;INTERNET MOVEL 2;0.00
2020-06-15;"";2076.2;INTERNET MOVEL 2;0.00
2020-06-16;"";10089.7;INTERNET MOVEL 2;0.00
2020-06-17;"";4870.7;INTERNET MOVEL 2;0.00
2020-06-18;"";40477.9;INTERNET MOVEL 2;0.00
2020-06-19;"";57436.2;INTERNET MOVEL 2;0.00
2020-06-20;"";57022.6;INTERNET MOVEL 2;0.00
2020-06-21;"";3650.6;INTERNET MOVEL 2;0.00
2020-06-22;"";11908.1;INTERNET MOVEL 2;0.00
2020-06-23;"";22962.0;INTERNET MOVEL 2;0.00
2020-06-24;"";8595.1;INTERNET MOVEL 2;0.00
2020-06-25;"";9606.4;INTERNET MOVEL 2;0.00
2020-06-26;"";9352.8;INTERNET MOVEL 2;0.00
2020-06-27;"";3593.1;INTERNET MOVEL 2;0.00
2020-06-28;"";11366.8;INTERNET MOVEL 2;0.00
2020-06-29;"";3915.8;INTERNET MOVEL 2;0.00
2020-06-30;"";3675.1;INTERNET MOVEL 2;0.00
