data_hora_inicio;nro_telefone_chamado;duracao_ligacao;desc_categoria;valor_ligacao
2020-06-01 19:40:31;"";1.0;ADICIONAL;0.00
2020-06-01 18:36:28;"";1.0;ADICIONAL;0.00
2020-06-01 13:47:47;"";1.0;ADICIONAL;0.00
2020-06-01 12:50:15;"";1.0;ADICIONAL;0.00
2020-06-01 11:56:08;"";1.0;ADICIONAL;0.00
2020-06-29 08:27:19;31984526147;1.0;GRATIS-SMS;0.00
2020-06-01 19:53:11;31  984526147;0.0;Adicional por Ligacoes Realizadas;
2020-06-01 17:02:42;31  984526706;0.0;Adicional por Ligacoes Realizadas;
2020-06-01 16:57:00;31  997649947;0.0;Adicional por Ligacoes Realizadas;
2020-06-01 16:52:02;31  984721338;0.0;Adicional por Ligacoes Realizadas;
2020-06-01 16:05:11;31  984721338;0.0;Adicional por Ligacoes Realizadas;
2020-06-01 13:45:14;94  988033902;0.0;Adicional por Ligacoes Realizadas;
2020-06-01 10:52:31;31  997649947;0.0;Adicional por Ligacoes Realizadas;
2020-06-01 07:32:57;31  984721338;0.0;Adicional por Ligacoes Realizadas;
2020-06-01 13:45:14;94  988033902;8.0;Para Celulares de Outras Operadoras;
2020-06-01 16:52:02;31  984721338;47.0;Para Celulares de Outras Operadoras;
2020-06-01 16:05:11;31  984721338;18.0;Para Celulares de Outras Operadoras;
2020-06-01 07:32:57;31  984721338;40.0;Para Celulares de Outras Operadoras;
2020-06-01 19:53:11;31  984526147;75.0;Para Celulares Vivo;
2020-06-01 17:02:42;31  984526706;16.0;Para Celulares Vivo;
2020-06-01 16:57:00;31  997649947;38.0;Para Celulares Vivo;
2020-06-01 10:52:31;31  997649947;69.0;Para Celulares Vivo;
2020-06-24 14:49:37;41  996639314;23.0;Para Celulares de Outras Operadoras;
2020-06-24 11:34:20;51  993770979;49.0;Para Celulares de Outras Operadoras;
2020-06-04 19:36:27;*5  55;5.0;"";
2020-06-04 19:35:44;*5  55;5.0;"";
2020-06-14 15:35:04;31  988054991;269.0;Para Celulares de Outras Operadoras;
2020-06-03 20:57:20;31  988054991;10.0;Para Celulares de Outras Operadoras;
2020-06-29 08:36:05;31  984526147;18.0;Para Celulares Vivo;
2020-06-28 17:18:18;31  984526147;21.0;Para Celulares Vivo;
2020-06-04 09:07:33;31  988075665;9.0;Para Celulares Vivo;
2020-06-03 14:41:32;31  995518186;16.0;Para Celulares Vivo;
2020-06-03 14:28:11;31  988075665;8.0;Para Celulares Vivo;
2020-06-03 11:47:07;31  988075665;10.0;Para Celulares Vivo;
2020-05-31;"";3127.0;INTERNET MOVEL 2;0.00
2020-06-01;"";49900.5;INTERNET MOVEL 2;0.00
2020-06-02;"";131914.5;INTERNET MOVEL 2;0.00
2020-06-03;"";18.0;INTERNET MOVEL 2;0.00
2020-06-04;"";18935.0;INTERNET MOVEL 2;0.00
2020-06-05;"";25.0;INTERNET MOVEL 2;0.00
2020-06-06;"";18.0;INTERNET MOVEL 2;0.00
2020-06-07;"";14.0;INTERNET MOVEL 2;0.00
2020-06-08;"";15.0;INTERNET MOVEL 2;0.00
2020-06-09;"";1428.0;INTERNET MOVEL 2;0.00
2020-06-10;"";134.0;INTERNET MOVEL 2;0.00
2020-06-11;"";11.0;INTERNET MOVEL 2;0.00
2020-06-12;"";23.0;INTERNET MOVEL 2;0.00
2020-06-13;"";28.0;INTERNET MOVEL 2;0.00
2020-06-14;"";15.0;INTERNET MOVEL 2;0.00
2020-06-15;"";2.0;INTERNET MOVEL 2;0.00
2020-06-18;"";3.0;INTERNET MOVEL 2;0.00
2020-06-19;"";17.0;INTERNET MOVEL 2;0.00
2020-06-20;"";17.0;INTERNET MOVEL 2;0.00
2020-06-21;"";18.0;INTERNET MOVEL 2;0.00
2020-06-22;"";74.0;INTERNET MOVEL 2;0.00
2020-06-23;"";25.0;INTERNET MOVEL 2;0.00
2020-06-24;"";12.0;INTERNET MOVEL 2;0.00
2020-06-25;"";4074.0;INTERNET MOVEL 2;0.00
2020-06-26;"";15.0;INTERNET MOVEL 2;0.00
2020-06-27;"";16.0;INTERNET MOVEL 2;0.00
2020-06-28;"";20.0;INTERNET MOVEL 2;0.00
2020-06-29;"";49.0;INTERNET MOVEL 2;0.00
