data_hora_inicio;nro_telefone_chamado;duracao_ligacao;desc_categoria;valor_ligacao
2020-06-01 19:32:50;51  991034807;15.0;Para Celulares Vivo;
2020-06-01 12:04:14;51  993319514;106.0;Para Celulares Vivo;
2020-06-01 11:50:53;51  984274504;126.0;Para Celulares Vivo;
2020-06-04 08:23:57;54  9114425846;126.0;"";
2020-06-24 09:24:19;11  946005295;51.0;Para Celulares de Outras Operadoras;
2020-06-17 08:17:24;11  984719726;230.0;Para Celulares Vivo;
2020-06-17 08:16:32;11  984719726;5.0;Para Celulares Vivo;
2020-06-09 20:53:53;21  998667759;6.0;Para Celulares Vivo;
2020-06-08 21:05:05;11  996549739;85.0;Para Celulares Vivo;
2020-06-08 11:44:11;11  996549739;5.0;Para Celulares Vivo;
2020-06-02 20:41:00;11  996549739;122.0;Para Celulares Vivo;
2020-06-01 20:45:03;11  996549739;286.0;Para Celulares Vivo;
2020-06-25 23:32:42;*5  55;5.0;"";
2020-06-22 21:54:07;*5  55;5.0;"";
2020-06-18 00:40:25;*5  55;5.0;"";
2020-06-30 17:44:38;51  33846584;68.0;Para Fixo de Outras Operadoras;
2020-06-27 08:56:17;51  33317617;79.0;Para Fixo de Outras Operadoras;
2020-06-25 16:38:00;51  33317617;62.0;Para Fixo de Outras Operadoras;
2020-06-24 10:08:25;51  35579700;6.0;Para Fixo de Outras Operadoras;
2020-06-21 12:02:42;51  32587015;5.0;Para Fixo de Outras Operadoras;
2020-06-20 10:29:42;51  33789999;5.0;Para Fixo de Outras Operadoras;
2020-06-11 20:37:26;51  33464322;40.0;Para Fixo de Outras Operadoras;
2020-06-11 16:49:20;51  40033179;15.0;Para Fixo de Outras Operadoras;
2020-06-30 12:15:24;51  991899959;61.0;Para Celulares de Outras Operadoras;
2020-06-29 13:48:12;51  982688177;81.0;Para Celulares de Outras Operadoras;
2020-06-26 08:00:47;51  991899959;50.0;Para Celulares de Outras Operadoras;
2020-06-24 20:25:10;51  994610494;16.0;Para Celulares de Outras Operadoras;
2020-06-23 20:19:02;51  991253936;48.0;Para Celulares de Outras Operadoras;
2020-06-23 09:53:16;51  991899959;5.0;Para Celulares de Outras Operadoras;
2020-06-23 09:48:41;51  991899959;41.0;Para Celulares de Outras Operadoras;
2020-06-17 17:59:10;51  985003298;5.0;Para Celulares de Outras Operadoras;
2020-06-10 12:10:52;51  982221110;49.0;Para Celulares de Outras Operadoras;
2020-06-07 13:54:54;51  993144380;9.0;Para Celulares de Outras Operadoras;
2020-06-07 10:10:11;51  982688177;10.0;Para Celulares de Outras Operadoras;
2020-06-06 18:57:36;51  982688177;214.0;Para Celulares de Outras Operadoras;
2020-06-03 09:00:08;51  991899959;45.0;Para Celulares de Outras Operadoras;
2020-06-22 08:22:21;51  33789898;23.0;Para Fixo Vivo;
2020-06-30 15:04:01;51  992592817;5.0;Para Celulares Vivo;
2020-06-29 19:36:20;51  992592816;17.0;Para Celulares Vivo;
2020-06-29 19:17:15;51  992592818;46.0;Para Celulares Vivo;
2020-06-29 19:12:31;51  992592716;28.0;Para Celulares Vivo;
2020-06-29 17:33:41;51  992592817;70.0;Para Celulares Vivo;
2020-06-29 13:40:56;51  999578307;20.0;Para Celulares Vivo;
2020-06-26 13:54:16;51  998664267;10.0;Para Celulares Vivo;
2020-06-25 19:49:23;51  992592818;55.0;Para Celulares Vivo;
2020-06-24 20:32:01;51  992592818;66.0;Para Celulares Vivo;
2020-06-24 20:27:32;51  998447472;37.0;Para Celulares Vivo;
2020-06-24 20:21:20;51  992592819;18.0;Para Celulares Vivo;
2020-06-24 08:54:47;51  998630950;221.0;Para Celulares Vivo;
2020-06-23 20:42:19;51  982870505;90.0;Para Celulares Vivo;
2020-06-23 20:24:27;51  992592148;170.0;Para Celulares Vivo;
2020-06-23 16:21:13;51  980210679;65.0;Para Celulares Vivo;
2020-06-23 09:42:19;51  992592716;59.0;Para Celulares Vivo;
2020-06-23 09:32:53;51  992592148;88.0;Para Celulares Vivo;
2020-06-22 21:47:17;51  992592818;5.0;Para Celulares Vivo;
2020-06-22 20:52:20;51  992592843;5.0;Para Celulares Vivo;
2020-06-22 08:58:33;51  992592148;7.0;Para Celulares Vivo;
2020-06-20 15:48:42;51  982870505;160.0;Para Celulares Vivo;
2020-06-19 17:14:07;51  996072559;5.0;Para Celulares Vivo;
2020-06-19 09:12:54;51  992592869;116.0;Para Celulares Vivo;
2020-06-19 08:52:36;51  992592716;172.0;Para Celulares Vivo;
2020-06-18 21:15:25;51  992592818;39.0;Para Celulares Vivo;
2020-06-18 20:46:41;51  992592816;271.0;Para Celulares Vivo;
2020-06-18 17:54:24;51  992592873;8.0;Para Celulares Vivo;
2020-06-18 17:51:28;51  992592816;9.0;Para Celulares Vivo;
2020-06-18 09:04:09;51  992592818;185.0;Para Celulares Vivo;
2020-06-17 21:00:13;51  992592818;188.0;Para Celulares Vivo;
2020-06-17 10:16:36;51  992592816;9.0;Para Celulares Vivo;
2020-06-13 14:41:01;51  999844804;5.0;Para Celulares Vivo;
2020-06-12 18:47:09;51  992592818;65.0;Para Celulares Vivo;
2020-06-10 20:38:42;51  982870505;89.0;Para Celulares Vivo;
2020-06-10 09:57:16;51  980210679;228.0;Para Celulares Vivo;
2020-06-09 20:51:11;51  992592843;7.0;Para Celulares Vivo;
2020-06-09 20:39:29;51  992592818;78.0;Para Celulares Vivo;
2020-06-09 10:10:29;51  996072559;156.0;Para Celulares Vivo;
2020-06-09 10:06:01;51  996072559;8.0;Para Celulares Vivo;
2020-06-09 10:05:10;51  999844804;5.0;Para Celulares Vivo;
2020-06-09 10:04:16;51  992592716;5.0;Para Celulares Vivo;
2020-06-09 08:37:42;51  992592843;35.0;Para Celulares Vivo;
2020-06-08 17:58:13;51  989028545;98.0;Para Celulares Vivo;
2020-06-08 14:58:39;51  991014112;7.0;Para Celulares Vivo;
2020-06-05 20:59:59;51  992592716;39.0;Para Celulares Vivo;
2020-06-04 21:10:35;51  992592818;62.0;Para Celulares Vivo;
2020-06-04 20:50:43;51  981640193;189.0;Para Celulares Vivo;
2020-06-03 18:09:30;51  992592819;13.0;Para Celulares Vivo;
2020-06-03 15:16:04;51  980210679;17.0;Para Celulares Vivo;
2020-06-03 09:24:59;51  984274504;133.0;Para Celulares Vivo;
2020-06-03 09:14:04;51  999844804;93.0;Para Celulares Vivo;
2020-06-02 08:57:22;51  992592818;5.0;Para Celulares Vivo;
2020-05-31;"";60082.1;INTERNET MOVEL 2;0.00
2020-06-01;"";277830.7;INTERNET MOVEL 2;0.00
2020-06-02;"";172870.8;INTERNET MOVEL 2;0.00
2020-06-03;"";162699.5;INTERNET MOVEL 2;0.00
2020-06-04;"";21161.2;INTERNET MOVEL 2;0.00
2020-06-05;"";25030.2;INTERNET MOVEL 2;0.00
2020-06-06;"";186144.0;INTERNET MOVEL 2;0.00
2020-06-07;"";200555.5;INTERNET MOVEL 2;0.00
2020-06-08;"";111680.4;INTERNET MOVEL 2;0.00
2020-06-09;"";39586.3;INTERNET MOVEL 2;0.00
2020-06-10;"";11536.4;INTERNET MOVEL 2;0.00
2020-06-11;"";69918.7;INTERNET MOVEL 2;0.00
2020-06-12;"";965.0;INTERNET MOVEL 2;0.00
2020-06-13;"";4676.0;INTERNET MOVEL 2;0.00
2020-06-14;"";43002.6;INTERNET MOVEL 2;0.00
2020-06-15;"";6702.0;INTERNET MOVEL 2;0.00
2020-06-16;"";7740.8;INTERNET MOVEL 2;0.00
2020-06-17;"";4628.8;INTERNET MOVEL 2;0.00
2020-06-18;"";12725.0;INTERNET MOVEL 2;0.00
2020-06-19;"";17802.5;INTERNET MOVEL 2;0.00
2020-06-20;"";73616.0;INTERNET MOVEL 2;0.00
2020-06-21;"";154113.5;INTERNET MOVEL 2;0.00
2020-06-22;"";8438.7;INTERNET MOVEL 2;0.00
2020-06-23;"";14570.2;INTERNET MOVEL 2;0.00
2020-06-24;"";17591.3;INTERNET MOVEL 2;0.00
2020-06-25;"";102978.7;INTERNET MOVEL 2;0.00
2020-06-26;"";66904.8;INTERNET MOVEL 2;0.00
2020-06-27;"";17951.9;INTERNET MOVEL 2;0.00
2020-06-28;"";99712.7;INTERNET MOVEL 2;0.00
2020-06-29;"";114433.5;INTERNET MOVEL 2;0.00
2020-06-30;"";469.0;INTERNET MOVEL 2;0.00
