data_hora_inicio;nro_telefone_chamado;duracao_ligacao;desc_categoria;valor_ligacao
2020-06-30 15:37:35;"";1.0;ADICIONAL;0.00
2020-06-30 15:05:51;"";1.0;ADICIONAL;0.00
2020-06-30 09:01:18;"";1.0;ADICIONAL;0.00
2020-06-30 09:00:35;"";1.0;ADICIONAL;0.00
2020-06-30 08:54:50;"";1.0;ADICIONAL;0.00
2020-06-19 17:16:41;"";1.0;ADICIONAL;0.00
2020-06-03 08:59:27;49991274600;1.0;GRATIS-SMS;0.00
2020-06-29 11:42:04;49  999207816;102.0;Para Celulares de Outras Operadoras;
2020-06-30 13:24:37;51  995557024;99.0;Para Celulares Vivo;
2020-06-29 19:39:08;51  995557024;90.0;Para Celulares Vivo;
2020-06-29 14:39:13;85  981526021;30.0;Para Celulares Vivo;
2020-06-29 14:21:03;85  981526021;162.0;Para Celulares Vivo;
2020-06-29 14:11:38;85  981526021;30.0;Para Celulares Vivo;
2020-06-29 14:06:52;85  981526021;20.0;Para Celulares Vivo;
2020-06-29 14:05:32;85  981526021;5.0;Para Celulares Vivo;
2020-06-29 13:32:31;85  981526021;147.0;Para Celulares Vivo;
2020-06-29 13:21:09;85  981526021;106.0;Para Celulares Vivo;
2020-06-29 13:11:41;85  981526021;84.0;Para Celulares Vivo;
2020-06-30 13:24:37;51  995557024;0.0;Adicional por Ligacoes Realizadas;
2020-06-29 19:39:08;51  995557024;0.0;Adicional por Ligacoes Realizadas;
2020-06-10 16:31:04;41  33358274;7.0;Para Fixo de Outras Operadoras;
2020-06-22 09:59:59;49  999310520;139.0;Para Celulares de Outras Operadoras;
2020-06-18 10:19:21;47  999866867;6.0;Para Celulares de Outras Operadoras;
2020-06-09 11:51:26;41  998229393;117.0;Para Celulares de Outras Operadoras;
2020-06-05 09:34:43;44  999184946;5.0;Para Celulares de Outras Operadoras;
2020-06-04 15:42:17;44  998105479;98.0;Para Celulares de Outras Operadoras;
2020-06-04 15:12:16;49  984377409;43.0;Para Celulares de Outras Operadoras;
2020-06-04 09:16:20;49  999207816;32.0;Para Celulares de Outras Operadoras;
2020-06-09 09:45:00;11  31444053;6.0;Para Fixo Vivo;
2020-06-18 10:21:40;47  992916010;229.0;Para Celulares Vivo;
2020-06-17 10:27:34;47  992916010;5.0;Para Celulares Vivo;
2020-06-16 19:01:10;47  999760656;47.0;Para Celulares Vivo;
2020-06-16 17:05:44;47  991093391;254.0;Para Celulares Vivo;
2020-06-09 11:43:34;64  992796341;63.0;Para Celulares Vivo;
2020-06-05 09:10:47;41  992275540;82.0;Para Celulares Vivo;
2020-06-04 11:38:18;11  989649609;38.0;Para Celulares Vivo;
2020-06-08 18:04:33;54  999233130;73.0;Para Celulares Vivo;
2020-06-04 13:43:10;53  999768283;35.0;Para Celulares Vivo;
2020-06-04 11:42:54;53  999768283;5.0;Para Celulares Vivo;
2020-06-30 15:37:35;    ;18.0;Chamadas de Longa Distancia para Outros Estados;
2020-06-30 15:05:51;    ;37.0;Chamadas de Longa Distancia para Outros Estados;
2020-06-30 09:01:18;    ;194.0;Chamadas de Longa Distancia para Outros Estados;
2020-06-30 09:00:35;    ;5.0;Chamadas de Longa Distancia para Outros Estados;
2020-06-30 08:54:50;    ;54.0;Chamadas de Longa Distancia para Outros Estados;
2020-06-19 17:16:41;    ;84.0;Chamadas de Longa Distancia para Outros Estados;
2020-06-26 15:32:19;51  34706913;11.0;Para Fixo de Outras Operadoras;
2020-06-25 11:50:41;51  34702630;26.0;Para Fixo de Outras Operadoras;
2020-06-25 10:15:31;51  32203535;12.0;Para Fixo de Outras Operadoras;
2020-06-25 10:14:18;51  32203535;9.0;Para Fixo de Outras Operadoras;
2020-06-25 10:12:55;51  32203535;11.0;Para Fixo de Outras Operadoras;
2020-06-25 10:05:08;51  33400100;46.0;Para Fixo de Outras Operadoras;
2020-06-25 10:01:22;51  34883874;12.0;Para Fixo de Outras Operadoras;
2020-06-29 10:35:36;51  983233334;67.0;Para Celulares de Outras Operadoras;
2020-06-25 10:17:35;51  996262006;61.0;Para Celulares de Outras Operadoras;
2020-06-19 17:04:58;51  993581912;41.0;Para Celulares de Outras Operadoras;
2020-06-19 14:36:58;51  993581912;99.0;Para Celulares de Outras Operadoras;
2020-06-18 16:32:49;51  981242372;21.0;Para Celulares de Outras Operadoras;
2020-06-16 14:11:11;51  981242372;22.0;Para Celulares de Outras Operadoras;
2020-06-16 08:41:55;51  993581912;107.0;Para Celulares de Outras Operadoras;
2020-06-05 16:21:15;51  981881481;274.0;Para Celulares de Outras Operadoras;
2020-06-03 14:32:41;51  981881481;124.0;Para Celulares de Outras Operadoras;
2020-06-03 10:15:44;51  992799643;263.0;Para Celulares de Outras Operadoras;
2020-06-25 11:34:53;51  996489519;60.0;Para Celulares Vivo;
2020-06-15 14:51:24;51  980507855;27.0;Para Celulares Vivo;
2020-06-05 10:44:06;51  995943973;274.0;Para Celulares Vivo;
2020-06-03 18:58:45;51  980507855;149.0;Para Celulares Vivo;
2020-06-01;"";193.0;INTERNET MOVEL 2;0.00
2020-06-02;"";2545.8;INTERNET MOVEL 2;0.00
2020-06-03;"";490.0;INTERNET MOVEL 2;0.00
2020-06-04;"";114.0;INTERNET MOVEL 2;0.00
2020-06-05;"";2499.4;INTERNET MOVEL 2;0.00
2020-06-06;"";270.0;INTERNET MOVEL 2;0.00
2020-06-07;"";349.0;INTERNET MOVEL 2;0.00
2020-06-08;"";1651.0;INTERNET MOVEL 2;0.00
2020-06-09;"";7558.4;INTERNET MOVEL 2;0.00
2020-06-10;"";1232.0;INTERNET MOVEL 2;0.00
2020-06-11;"";7041.0;INTERNET MOVEL 2;0.00
2020-06-12;"";30434.6;INTERNET MOVEL 2;0.00
2020-06-13;"";3816.0;INTERNET MOVEL 2;0.00
2020-06-14;"";324.0;INTERNET MOVEL 2;0.00
2020-06-15;"";4475.9;INTERNET MOVEL 2;0.00
2020-06-16;"";380.0;INTERNET MOVEL 2;0.00
2020-06-17;"";20339.4;INTERNET MOVEL 2;0.00
2020-06-18;"";1523.0;INTERNET MOVEL 2;0.00
2020-06-19;"";34613.5;INTERNET MOVEL 2;0.00
2020-06-21;"";9483.3;INTERNET MOVEL 2;0.00
2020-06-22;"";366.0;INTERNET MOVEL 2;0.00
2020-06-23;"";6059.9;INTERNET MOVEL 2;0.00
2020-06-24;"";1507.0;INTERNET MOVEL 2;0.00
2020-06-25;"";5409.4;INTERNET MOVEL 2;0.00
2020-06-26;"";839.0;INTERNET MOVEL 2;0.00
2020-06-27;"";98.0;INTERNET MOVEL 2;0.00
2020-06-28;"";23486.0;INTERNET MOVEL 2;0.00
2020-06-29;"";30670.6;INTERNET MOVEL 2;0.00
2020-06-30;"";52793.5;INTERNET MOVEL 2;0.00
