data_hora_inicio;nro_telefone_chamado;duracao_ligacao;desc_categoria;valor_ligacao
2020-06-01 22:52:41;51  998735294;5.0;Para Celulares Vivo;
2020-06-01 22:03:44;51  998735294;30.0;Para Celulares Vivo;
2020-06-07 15:45:07;51  998735294;5.0;Para Celulares Vivo;
2020-06-07 08:21:28;11  941957628;6.0;Para Celulares de Outras Operadoras;
2020-06-26 10:22:31;*5  55;5.0;"";
2020-06-29 13:02:51;51  991655829;5.0;Para Celulares de Outras Operadoras;
2020-06-24 21:10:56;51  986444452;5.0;Para Celulares de Outras Operadoras;
2020-06-24 20:32:13;51  986444452;5.0;Para Celulares de Outras Operadoras;
2020-06-22 11:32:36;51  991655829;6.0;Para Celulares de Outras Operadoras;
2020-06-18 21:03:30;51  999212919;5.0;Para Celulares de Outras Operadoras;
2020-06-13 20:36:24;51  34665313;7.0;Para Fixo Vivo;
2020-06-30 21:55:28;51  998735294;73.0;Para Celulares Vivo;
2020-06-29 23:42:38;51  998735294;8.0;Para Celulares Vivo;
2020-06-29 22:36:08;51  998735294;8.0;Para Celulares Vivo;
2020-06-25 22:29:41;51  998735294;30.0;Para Celulares Vivo;
2020-06-24 23:23:57;51  998735294;51.0;Para Celulares Vivo;
2020-06-24 20:32:55;51  998735294;8.0;Para Celulares Vivo;
2020-06-23 23:58:36;51  998735294;5.0;Para Celulares Vivo;
2020-06-23 23:56:31;51  998735294;19.0;Para Celulares Vivo;
2020-06-22 23:28:10;51  998735294;9.0;Para Celulares Vivo;
2020-06-22 23:25:08;51  998735294;28.0;Para Celulares Vivo;
2020-06-22 23:19:37;51  998735294;52.0;Para Celulares Vivo;
2020-06-22 21:35:14;51  998735294;57.0;Para Celulares Vivo;
2020-06-20 17:34:05;51  998735294;8.0;Para Celulares Vivo;
2020-06-20 12:55:11;51  998735294;10.0;Para Celulares Vivo;
2020-06-19 13:22:28;51  992592819;17.0;Para Celulares Vivo;
2020-06-18 21:25:04;51  984024967;5.0;Para Celulares Vivo;
2020-06-17 23:04:22;51  998735294;63.0;Para Celulares Vivo;
2020-06-16 22:19:25;51  998735294;153.0;Para Celulares Vivo;
2020-06-15 22:10:17;51  998735294;74.0;Para Celulares Vivo;
2020-06-11 19:28:17;51  998735294;5.0;Para Celulares Vivo;
2020-06-10 23:01:32;51  998735294;32.0;Para Celulares Vivo;
2020-06-09 22:57:37;51  998735294;16.0;Para Celulares Vivo;
2020-06-09 22:48:16;51  998735294;92.0;Para Celulares Vivo;
2020-06-07 01:03:20;51  995877291;5.0;Para Celulares Vivo;
2020-06-06 20:27:52;51  992592819;15.0;Para Celulares Vivo;
2020-06-05 23:34:44;51  998735294;163.0;Para Celulares Vivo;
2020-06-03 23:24:43;51  998735294;5.0;Para Celulares Vivo;
2020-06-02 21:50:48;51  998735294;30.0;Para Celulares Vivo;
2020-06-01;"";593330.7;INTERNET MOVEL 2;0.00
2020-06-02;"";240149.3;INTERNET MOVEL 2;0.00
2020-06-03;"";682582.9;INTERNET MOVEL 2;0.00
2020-06-04;"";944487.5;INTERNET MOVEL 2;0.00
2020-06-05;"";733959.0;INTERNET MOVEL 2;0.00
2020-06-06;"";300679.8;INTERNET MOVEL 2;0.00
2020-06-07;"";150909.4;INTERNET MOVEL 2;0.00
2020-06-08;"";349256.5;INTERNET MOVEL 2;0.00
2020-06-09;"";202668.1;INTERNET MOVEL 2;0.00
2020-06-10;"";175794.4;INTERNET MOVEL 2;0.00
2020-06-11;"";164303.2;INTERNET MOVEL 2;0.00
2020-06-12;"";552304.2;INTERNET MOVEL 2;0.00
2020-06-13;"";67527.8;INTERNET MOVEL 2;0.00
2020-06-14;"";170499.0;INTERNET MOVEL 2;0.00
2020-06-15;"";351127.7;INTERNET MOVEL 2;0.00
2020-06-16;"";227623.3;INTERNET MOVEL 2;0.00
2020-06-17;"";107793.5;INTERNET MOVEL 2;0.00
2020-06-18;"";434077.8;INTERNET MOVEL 2;0.00
2020-06-19;"";209499.2;INTERNET MOVEL 2;0.00
2020-06-20;"";225925.2;INTERNET MOVEL 2;0.00
2020-06-21;"";199962.1;INTERNET MOVEL 2;0.00
2020-06-22;"";244827.0;INTERNET MOVEL 2;0.00
2020-06-23;"";179320.9;INTERNET MOVEL 2;0.00
2020-06-24;"";192255.0;INTERNET MOVEL 2;0.00
2020-06-25;"";193897.9;INTERNET MOVEL 2;0.00
2020-06-26;"";161708.3;INTERNET MOVEL 2;0.00
2020-06-27;"";160907.9;INTERNET MOVEL 2;0.00
2020-06-28;"";30139.6;INTERNET MOVEL 2;0.00
2020-06-29;"";194169.1;INTERNET MOVEL 2;0.00
2020-06-30;"";341573.5;INTERNET MOVEL 2;0.00
