data_hora_inicio;nro_telefone_chamado;duracao_ligacao;desc_categoria;valor_ligacao
2020-06-01 10:04:26;51991395658;1.0;GRATIS-SMS;0.00
2020-06-09 16:25:56;51991395658;1.0;GRATIS-SMS;0.00
2020-06-09 16:15:06;51991395658;1.0;GRATIS-SMS;0.00
2020-06-04 07:46:01;98984599903;1.0;GRATIS-SMS;0.00
2020-06-04 07:44:27;98988327499;1.0;GRATIS-SMS;0.00
2020-06-03 15:14:34;16997201953;1.0;GRATIS-SMS;0.00
2020-06-17 10:29:49;48  36570290;91.0;Para Fixo de Outras Operadoras;
2020-06-16 10:01:59;48  35831929;12.0;Para Fixo de Outras Operadoras;
2020-06-15 17:05:45;48  35831929;37.0;Para Fixo de Outras Operadoras;
2020-06-15 16:43:37;48  36262265;5.0;Para Fixo de Outras Operadoras;
2020-06-15 16:06:13;48  35339067;16.0;Para Fixo de Outras Operadoras;
2020-06-15 15:57:33;48  35339001;8.0;Para Fixo de Outras Operadoras;
2020-06-04 15:16:35;48  35830856;36.0;Para Fixo de Outras Operadoras;
2020-06-04 15:05:58;48  35333690;66.0;Para Fixo de Outras Operadoras;
2020-06-30 18:22:05;48  999007409;85.0;Para Celulares de Outras Operadoras;
2020-06-29 12:04:51;48  999667264;31.0;Para Celulares de Outras Operadoras;
2020-06-25 17:44:20;47  996231999;294.0;Para Celulares de Outras Operadoras;
2020-06-15 16:08:29;48  999285378;55.0;Para Celulares de Outras Operadoras;
2020-06-10 15:22:15;48  999667264;114.0;Para Celulares de Outras Operadoras;
2020-06-04 11:04:22;98  988327499;14.0;Para Celulares de Outras Operadoras;
2020-06-22 11:21:40;16  997201953;15.0;Para Celulares Vivo;
2020-06-16 15:04:52;48  991629472;8.0;Para Celulares Vivo;
2020-06-16 14:55:22;48  991629472;81.0;Para Celulares Vivo;
2020-06-15 15:18:27;16  997201953;24.0;Para Celulares Vivo;
2020-06-15 14:08:56;13  997414801;19.0;Para Celulares Vivo;
2020-06-02 14:30:38;91  980310006;30.0;Para Celulares Vivo;
2020-06-26 11:58:42;54  999933637;174.0;Para Celulares Vivo;
2020-06-10 11:38:24;54  999316378;5.0;Para Celulares Vivo;
2020-06-04 08:06:32;55  999518440;61.0;Para Celulares Vivo;
2020-06-23 11:20:21;51  30815600;40.0;Para Fixo de Outras Operadoras;
2020-06-10 09:46:05;51  991395658;35.0;Para Celulares de Outras Operadoras;
