data_hora_inicio;nro_telefone_chamado;duracao_ligacao;desc_categoria;valor_ligacao
2020-06-16 15:09:23;11  973590979;11.0;Para Celulares de Outras Operadoras;
2020-06-16 16:24:27;51  40040001;26.0;Para Fixo de Outras Operadoras;
2020-06-20 09:07:48;51  32204545;5.0;Para Fixo Vivo;
2020-06-20 09:06:42;51  32204545;7.0;Para Fixo Vivo;
2020-06-08 14:19:40;51  32188200;183.0;Para Fixo Vivo;
2020-06-08 14:11:18;51  32188200;80.0;Para Fixo Vivo;
2020-06-29 19:10:09;51  999854882;5.0;Para Celulares Vivo;
2020-06-12 10:04:33;51  992592802;5.0;Para Celulares Vivo;
2020-06-05 15:31:28;51  999854882;5.0;Para Celulares Vivo;
2020-06-01;"";435.0;INTERNET MOVEL 2;0.00
2020-06-02;"";162.0;INTERNET MOVEL 2;0.00
2020-06-03;"";1002.0;INTERNET MOVEL 2;0.00
2020-06-04;"";496.0;INTERNET MOVEL 2;0.00
2020-06-05;"";10949.0;INTERNET MOVEL 2;0.00
2020-06-06;"";9.0;INTERNET MOVEL 2;0.00
2020-06-07;"";741.0;INTERNET MOVEL 2;0.00
2020-06-08;"";499.0;INTERNET MOVEL 2;0.00
2020-06-09;"";591.0;INTERNET MOVEL 2;0.00
2020-06-10;"";2434.0;INTERNET MOVEL 2;0.00
2020-06-11;"";635.0;INTERNET MOVEL 2;0.00
2020-06-12;"";1200.0;INTERNET MOVEL 2;0.00
2020-06-13;"";316.0;INTERNET MOVEL 2;0.00
2020-06-14;"";21.0;INTERNET MOVEL 2;0.00
2020-06-15;"";370.0;INTERNET MOVEL 2;0.00
2020-06-16;"";566.0;INTERNET MOVEL 2;0.00
2020-06-17;"";264.0;INTERNET MOVEL 2;0.00
2020-06-18;"";504.0;INTERNET MOVEL 2;0.00
2020-06-19;"";756.0;INTERNET MOVEL 2;0.00
2020-06-20;"";337.0;INTERNET MOVEL 2;0.00
2020-06-21;"";659.0;INTERNET MOVEL 2;0.00
2020-06-22;"";443.0;INTERNET MOVEL 2;0.00
2020-06-23;"";237.0;INTERNET MOVEL 2;0.00
2020-06-24;"";503.0;INTERNET MOVEL 2;0.00
2020-06-25;"";390.0;INTERNET MOVEL 2;0.00
2020-06-26;"";447.0;INTERNET MOVEL 2;0.00
2020-06-27;"";510.0;INTERNET MOVEL 2;0.00
2020-06-28;"";702.0;INTERNET MOVEL 2;0.00
2020-06-29;"";1979.0;INTERNET MOVEL 2;0.00
2020-06-30;"";1.0;INTERNET MOVEL 2;0.00
