data_hora_inicio;nro_telefone_chamado;duracao_ligacao;desc_categoria;valor_ligacao
2020-06-01;"";5.0;INTERNET MOVEL 2;0.00
2020-06-02;"";196.0;INTERNET MOVEL 2;0.00
2020-06-03;"";127.0;INTERNET MOVEL 2;0.00
2020-06-04;"";119.0;INTERNET MOVEL 2;0.00
2020-06-05;"";345.0;INTERNET MOVEL 2;0.00
2020-06-06;"";234.0;INTERNET MOVEL 2;0.00
2020-06-07;"";12.0;INTERNET MOVEL 2;0.00
2020-06-08;"";1765.4;INTERNET MOVEL 2;0.00
2020-06-09;"";4141.3;INTERNET MOVEL 2;0.00
2020-06-10;"";259.0;INTERNET MOVEL 2;0.00
2020-06-11;"";438.0;INTERNET MOVEL 2;0.00
2020-06-12;"";462.0;INTERNET MOVEL 2;0.00
2020-06-13;"";413.0;INTERNET MOVEL 2;0.00
2020-06-14;"";376.0;INTERNET MOVEL 2;0.00
2020-06-15;"";344.0;INTERNET MOVEL 2;0.00
2020-06-16;"";318.0;INTERNET MOVEL 2;0.00
2020-06-17;"";654.0;INTERNET MOVEL 2;0.00
2020-06-18;"";593.0;INTERNET MOVEL 2;0.00
2020-06-19;"";521.0;INTERNET MOVEL 2;0.00
2020-06-20;"";741.0;INTERNET MOVEL 2;0.00
2020-06-21;"";1440.3;INTERNET MOVEL 2;0.00
2020-06-22;"";242.0;INTERNET MOVEL 2;0.00
2020-06-23;"";1568.0;INTERNET MOVEL 2;0.00
2020-06-24;"";508.0;INTERNET MOVEL 2;0.00
2020-06-25;"";240.0;INTERNET MOVEL 2;0.00
2020-06-26;"";167.0;INTERNET MOVEL 2;0.00
2020-06-27;"";227.0;INTERNET MOVEL 2;0.00
2020-06-28;"";460.0;INTERNET MOVEL 2;0.00
2020-06-29;"";298.0;INTERNET MOVEL 2;0.00
2020-06-30;"";373.0;INTERNET MOVEL 2;0.00
