data_hora_inicio;nro_telefone_chamado;duracao_ligacao;desc_categoria;valor_ligacao
2020-06-29 20:54:49;"";1.0;ADICIONAL;0.00
2020-06-25 08:02:42;"";1.0;ADICIONAL;0.00
2020-06-16 09:08:50;"";1.0;ADICIONAL;0.00
2020-06-23 19:09:48;88  992129773;200.0;Para Celulares de Outras Operadoras;
2020-06-23 16:46:53;41  987135785;10.0;Para Celulares de Outras Operadoras;
2020-06-29 20:42:14;51  993119416;114.0;Para Celulares Vivo;
2020-06-24 16:18:17;51  993320327;149.0;Para Celulares Vivo;
2020-06-24 09:25:49;51  993119416;71.0;Para Celulares Vivo;
2020-06-23 15:30:39;51  993119416;37.0;Para Celulares Vivo;
2020-06-29 20:42:14;51  993119416;0.0;Adicional por Ligacoes Realizadas;
2020-06-24 16:18:17;51  993320327;0.0;Adicional por Ligacoes Realizadas;
2020-06-24 09:25:49;51  993119416;0.0;Adicional por Ligacoes Realizadas;
2020-06-23 19:09:48;88  992129773;0.0;Adicional por Ligacoes Realizadas;
2020-06-23 16:46:53;41  987135785;0.0;Adicional por Ligacoes Realizadas;
2020-06-23 15:30:39;51  993119416;0.0;Adicional por Ligacoes Realizadas;
2020-06-29 20:54:49;    ;34.0;Chamadas de Longa Distancia para Outros Estados;
2020-06-25 08:02:42;    ;9.0;Chamadas de Longa Distancia para Outros Estados;
2020-06-16 09:08:50;    ;8.0;Chamadas de Longa Distancia para Outros Estados;
2020-06-12 12:09:08;51  993119416;40.0;Para Celulares Vivo;
2020-06-12 10:35:20;51  993119416;92.0;Para Celulares Vivo;
2020-06-05 17:31:26;51  993119416;91.0;Para Celulares Vivo;
2020-06-15;"";149684.9;INTERNET MOVEL 2;0.00
2020-06-16;"";17105.7;INTERNET MOVEL 2;0.00
2020-06-18;"";19079.4;INTERNET MOVEL 2;0.00
2020-06-19;"";120697.5;INTERNET MOVEL 2;0.00
2020-06-20;"";2142.0;INTERNET MOVEL 2;0.00
2020-06-21;"";42826.2;INTERNET MOVEL 2;0.00
2020-06-22;"";323442.7;INTERNET MOVEL 2;0.00
2020-06-23;"";349716.2;INTERNET MOVEL 2;0.00
2020-06-24;"";441014.9;INTERNET MOVEL 2;0.00
2020-06-25;"";64995.7;INTERNET MOVEL 2;0.00
2020-06-26;"";177618.7;INTERNET MOVEL 2;0.00
2020-06-27;"";42913.2;INTERNET MOVEL 2;0.00
2020-06-28;"";23791.5;INTERNET MOVEL 2;0.00
2020-06-30;"";14210.1;INTERNET MOVEL 2;0.00
