data_hora_inicio;nro_telefone_chamado;duracao_ligacao;desc_categoria;valor_ligacao
2020-06-09 17:49:28;"";1.0;ADICIONAL;0.00
2020-06-09 16:20:05;"";1.0;ADICIONAL;0.00
2020-06-09 14:22:34;"";1.0;ADICIONAL;0.00
2020-06-09 10:49:50;"";1.0;ADICIONAL;0.00
2020-06-09 10:48:12;"";1.0;ADICIONAL;0.00
2020-06-09 09:24:11;"";1.0;ADICIONAL;0.00
2020-06-09 09:18:05;"";1.0;ADICIONAL;0.00
2020-06-08 17:57:08;"";1.0;ADICIONAL;0.00
2020-06-08 16:35:07;"";1.0;ADICIONAL;0.00
2020-06-08 10:09:28;"";1.0;ADICIONAL;0.00
2020-06-08 08:10:43;"";1.0;ADICIONAL;0.00
2020-06-08 07:31:51;"";1.0;ADICIONAL;0.00
2020-06-05 14:40:31;"";1.0;ADICIONAL;0.00
2020-06-05 14:11:36;"";1.0;ADICIONAL;0.00
2020-06-05 10:19:32;"";1.0;ADICIONAL;0.00
2020-06-05 09:45:30;"";1.0;ADICIONAL;0.00
2020-06-04 16:39:21;"";1.0;ADICIONAL;0.00
2020-06-04 15:34:07;"";1.0;ADICIONAL;0.00
2020-06-04 15:27:01;"";1.0;ADICIONAL;0.00
2020-06-04 13:36:29;"";1.0;ADICIONAL;0.00
2020-06-04 10:56:14;"";1.0;ADICIONAL;0.00
2020-06-04 09:35:33;"";1.0;ADICIONAL;0.00
2020-06-03 18:38:42;"";1.0;ADICIONAL;0.00
2020-06-03 14:49:32;"";1.0;ADICIONAL;0.00
2020-06-03 11:14:17;"";1.0;ADICIONAL;0.00
2020-06-03 10:15:59;"";1.0;ADICIONAL;0.00
2020-06-03 08:59:23;"";1.0;ADICIONAL;0.00
2020-06-03 08:39:20;"";1.0;ADICIONAL;0.00
2020-06-03 07:34:28;"";1.0;ADICIONAL;0.00
2020-06-02 15:47:33;"";1.0;ADICIONAL;0.00
2020-06-02 15:09:39;"";1.0;ADICIONAL;0.00
2020-06-02 07:47:48;"";1.0;ADICIONAL;0.00
2020-06-01 16:13:11;51  997907511;0.0;Adicional por Ligacoes Realizadas;
2020-06-01 14:42:26;51  992592959;0.0;Adicional por Ligacoes Realizadas;
2020-06-01 13:44:00;91  993444455;0.0;Adicional por Ligacoes Realizadas;
2020-06-01 11:15:07;53  999782092;0.0;Adicional por Ligacoes Realizadas;
2020-06-01 10:58:59;31  992228609;0.0;Adicional por Ligacoes Realizadas;
2020-06-30 15:02:02;51  985419959;29.0;Para Celulares de Outras Operadoras;
2020-06-26 09:04:35;51  985665166;36.0;Para Celulares de Outras Operadoras;
2020-06-25 14:03:12;51  986111794;12.0;Para Celulares de Outras Operadoras;
2020-06-24 08:56:39;13  981997920;16.0;Para Celulares de Outras Operadoras;
2020-06-24 07:58:48;13  981997920;10.0;Para Celulares de Outras Operadoras;
2020-06-22 10:15:25;51  985419959;20.0;Para Celulares de Outras Operadoras;
2020-06-18 08:57:03;51  981111669;48.0;Para Celulares de Outras Operadoras;
2020-06-16 15:05:07;51  986111794;13.0;Para Celulares de Outras Operadoras;
2020-06-15 16:30:18;51  986111794;44.0;Para Celulares de Outras Operadoras;
2020-06-10 13:45:06;13  981257580;10.0;Para Celulares de Outras Operadoras;
2020-06-05 14:41:49;13  981257580;5.0;Para Celulares de Outras Operadoras;
2020-06-04 15:54:58;51  997907511;160.0;Para Celulares de Outras Operadoras;
2020-06-01 16:13:11;51  997907511;124.0;Para Celulares de Outras Operadoras;
2020-06-26 16:01:47;51  984468666;22.0;Para Fixo Vivo;
2020-06-23 07:59:15;51  984468666;115.0;Para Fixo Vivo;
2020-06-16 13:30:19;51  984468666;22.0;Para Fixo Vivo;
2020-06-05 13:22:46;51  984468666;38.0;Para Fixo Vivo;
2020-06-30 09:43:37;51  991223844;10.0;Para Celulares Vivo;
2020-06-26 14:06:22;51  991223844;12.0;Para Celulares Vivo;
2020-06-26 13:25:00;51  991223844;10.0;Para Celulares Vivo;
2020-06-25 16:32:03;51  995838788;23.0;Para Celulares Vivo;
2020-06-25 11:32:30;51  991223844;46.0;Para Celulares Vivo;
2020-06-24 07:22:07;51  991223844;9.0;Para Celulares Vivo;
2020-06-22 16:50:51;51  991223844;5.0;Para Celulares Vivo;
2020-06-22 11:35:15;51  998115641;5.0;Para Celulares Vivo;
2020-06-19 18:05:34;51  995838788;14.0;Para Celulares Vivo;
2020-06-19 12:07:28;51  992592629;42.0;Para Celulares Vivo;
2020-06-19 10:48:59;51  991223844;5.0;Para Celulares Vivo;
2020-06-19 08:34:26;51  995838788;6.0;Para Celulares Vivo;
2020-06-18 08:06:14;51  991223844;11.0;Para Celulares Vivo;
2020-06-16 14:28:21;51  995838788;8.0;Para Celulares Vivo;
2020-06-16 13:57:22;51  998115641;5.0;Para Celulares Vivo;
2020-06-15 14:49:03;51  998115641;5.0;Para Celulares Vivo;
2020-06-15 14:46:58;51  999625085;7.0;Para Celulares Vivo;
2020-06-15 12:12:19;51  995838788;5.0;Para Celulares Vivo;
2020-06-15 10:09:36;51  996922316;5.0;Para Celulares Vivo;
2020-06-15 10:06:03;51  996922316;19.0;Para Celulares Vivo;
2020-06-12 14:43:00;51  991223844;27.0;Para Celulares Vivo;
2020-06-12 14:25:12;51  996922316;13.0;Para Celulares Vivo;
2020-06-12 10:44:59;51  995838788;40.0;Para Celulares Vivo;
2020-06-11 10:59:17;51  991223844;29.0;Para Celulares Vivo;
2020-06-11 10:34:19;51  996922316;8.0;Para Celulares Vivo;
2020-06-11 10:29:18;51  991223844;16.0;Para Celulares Vivo;
2020-06-11 08:57:55;91  993444455;12.0;Para Celulares Vivo;
2020-06-10 09:41:57;51  991223844;18.0;Para Celulares Vivo;
2020-06-10 08:58:47;51  991223844;5.0;Para Celulares Vivo;
2020-06-10 08:54:52;51  991223844;8.0;Para Celulares Vivo;
2020-06-10 08:32:38;51  992592959;7.0;Para Celulares Vivo;
2020-06-09 10:27:21;51  991223844;8.0;Para Celulares Vivo;
2020-06-09 09:19:52;51  995838788;25.0;Para Celulares Vivo;
2020-06-09 09:15:38;51  991813564;9.0;Para Celulares Vivo;
2020-06-08 18:07:40;51  991223844;13.0;Para Celulares Vivo;
2020-06-08 13:21:45;51  995838788;29.0;Para Celulares Vivo;
2020-06-08 12:53:26;51  998115641;5.0;Para Celulares Vivo;
2020-06-07 10:47:27;51  992592959;11.0;Para Celulares Vivo;
2020-06-05 15:03:52;51  991223844;5.0;Para Celulares Vivo;
2020-06-05 14:16:14;51  991223844;9.0;Para Celulares Vivo;
2020-06-04 16:30:13;51  998115641;9.0;Para Celulares Vivo;
2020-06-04 08:40:28;51  992592959;5.0;Para Celulares Vivo;
2020-06-03 14:01:10;51  992592873;9.0;Para Celulares Vivo;
2020-06-03 11:42:12;51  991035458;63.0;Para Celulares Vivo;
2020-06-03 10:55:12;53  999782092;86.0;Para Celulares Vivo;
2020-06-02 14:57:42;51  991223844;19.0;Para Celulares Vivo;
2020-06-02 08:33:17;51  998525944;70.0;Para Celulares Vivo;
2020-06-02 06:56:31;51  999585286;5.0;Para Celulares Vivo;
2020-06-01 14:42:26;51  992592959;19.0;Para Celulares Vivo;
2020-06-01 13:44:00;91  993444455;14.0;Para Celulares Vivo;
2020-06-01 11:15:07;53  999782092;85.0;Para Celulares Vivo;
2020-06-01 10:58:59;31  992228609;103.0;Para Celulares Vivo;
2020-06-30 15:02:02;51  985419959;0.0;Adicional por Ligacoes Realizadas;
2020-06-30 09:52:23;98  996111923;0.0;Adicional por Ligacoes Realizadas;
2020-06-30 09:43:37;51  991223844;0.0;Adicional por Ligacoes Realizadas;
2020-06-26 16:01:47;51  984468666;0.0;Adicional por Ligacoes Realizadas;
2020-06-26 14:06:22;51  991223844;0.0;Adicional por Ligacoes Realizadas;
2020-06-26 13:25:00;51  991223844;0.0;Adicional por Ligacoes Realizadas;
2020-06-26 10:57:26;98  988011476;0.0;Adicional por Ligacoes Realizadas;
2020-06-26 10:54:16;98  988011476;0.0;Adicional por Ligacoes Realizadas;
2020-06-26 09:04:35;51  985665166;0.0;Adicional por Ligacoes Realizadas;
2020-06-25 16:32:03;51  995838788;0.0;Adicional por Ligacoes Realizadas;
2020-06-25 15:03:38;98  991669641;0.0;Adicional por Ligacoes Realizadas;
2020-06-25 14:03:12;51  986111794;0.0;Adicional por Ligacoes Realizadas;
2020-06-25 11:32:30;51  991223844;0.0;Adicional por Ligacoes Realizadas;
2020-06-24 10:28:09;98  999684362;0.0;Adicional por Ligacoes Realizadas;
2020-06-24 08:56:39;13  981997920;0.0;Adicional por Ligacoes Realizadas;
2020-06-24 07:58:48;13  981997920;0.0;Adicional por Ligacoes Realizadas;
2020-06-24 07:47:55;98  999684362;0.0;Adicional por Ligacoes Realizadas;
2020-06-24 07:22:07;51  991223844;0.0;Adicional por Ligacoes Realizadas;
2020-06-23 07:59:15;51  984468666;0.0;Adicional por Ligacoes Realizadas;
2020-06-22 16:50:51;51  991223844;0.0;Adicional por Ligacoes Realizadas;
2020-06-22 11:35:15;51  998115641;0.0;Adicional por Ligacoes Realizadas;
2020-06-22 10:15:25;51  985419959;0.0;Adicional por Ligacoes Realizadas;
2020-06-22 09:31:55;98  984708070;0.0;Adicional por Ligacoes Realizadas;
2020-06-19 18:05:34;51  995838788;0.0;Adicional por Ligacoes Realizadas;
2020-06-19 12:07:28;51  992592629;0.0;Adicional por Ligacoes Realizadas;
2020-06-19 10:48:59;51  991223844;0.0;Adicional por Ligacoes Realizadas;
2020-06-19 09:10:07;98  999684362;0.0;Adicional por Ligacoes Realizadas;
2020-06-19 08:34:26;51  995838788;0.0;Adicional por Ligacoes Realizadas;
2020-06-18 11:47:46;98  981308654;0.0;Adicional por Ligacoes Realizadas;
2020-06-18 08:57:03;51  981111669;0.0;Adicional por Ligacoes Realizadas;
2020-06-18 08:06:14;51  991223844;0.0;Adicional por Ligacoes Realizadas;
2020-06-01 15:59:13;"";1.0;ADICIONAL;0.00
2020-06-01 12:13:18;"";1.0;ADICIONAL;0.00
2020-06-01 12:12:03;"";1.0;ADICIONAL;0.00
2020-06-30 16:52:21;"";1.0;ADICIONAL;0.00
2020-06-30 16:50:10;"";1.0;ADICIONAL;0.00
2020-06-30 16:05:27;"";1.0;ADICIONAL;0.00
2020-06-30 15:46:59;"";1.0;ADICIONAL;0.00
2020-06-30 08:22:40;"";1.0;ADICIONAL;0.00
2020-06-30 07:57:58;"";1.0;ADICIONAL;0.00
2020-06-29 16:36:17;"";1.0;ADICIONAL;0.00
2020-06-29 16:25:07;"";1.0;ADICIONAL;0.00
2020-06-29 09:53:44;"";1.0;ADICIONAL;0.00
2020-06-29 09:51:33;"";1.0;ADICIONAL;0.00
2020-06-26 17:04:49;"";1.0;ADICIONAL;0.00
2020-06-26 15:21:52;"";1.0;ADICIONAL;0.00
2020-06-26 14:10:35;"";1.0;ADICIONAL;0.00
2020-06-26 13:29:39;"";1.0;ADICIONAL;0.00
2020-06-26 11:39:27;"";1.0;ADICIONAL;0.00
2020-06-26 11:16:50;"";1.0;ADICIONAL;0.00
2020-06-25 14:37:43;"";1.0;ADICIONAL;0.00
2020-06-24 19:08:56;"";1.0;ADICIONAL;0.00
2020-06-24 16:44:24;"";1.0;ADICIONAL;0.00
2020-06-24 15:14:06;"";1.0;ADICIONAL;0.00
2020-06-24 10:48:11;"";1.0;ADICIONAL;0.00
2020-06-24 10:45:00;"";1.0;ADICIONAL;0.00
2020-06-24 08:11:04;"";1.0;ADICIONAL;0.00
2020-06-23 11:57:43;"";1.0;ADICIONAL;0.00
2020-06-23 10:36:48;"";1.0;ADICIONAL;0.00
2020-06-22 17:12:29;"";1.0;ADICIONAL;0.00
2020-06-22 14:29:13;"";1.0;ADICIONAL;0.00
2020-06-22 11:30:34;"";1.0;ADICIONAL;0.00
2020-06-22 10:54:05;5141185334;1.0;ADICIONAL;0.00
2020-06-19 18:24:33;"";1.0;ADICIONAL;0.00
2020-06-19 18:10:34;"";1.0;ADICIONAL;0.00
2020-06-19 17:07:41;"";1.0;ADICIONAL;0.00
2020-06-19 14:21:25;"";1.0;ADICIONAL;0.00
2020-06-19 10:46:50;"";1.0;ADICIONAL;0.00
2020-06-19 10:23:06;"";1.0;ADICIONAL;0.00
2020-06-19 09:00:13;"";1.0;ADICIONAL;0.00
2020-06-19 08:55:07;"";1.0;ADICIONAL;0.00
2020-06-18 17:52:17;"";1.0;ADICIONAL;0.00
2020-06-18 17:48:33;"";1.0;ADICIONAL;0.00
2020-06-18 17:48:22;"";1.0;ADICIONAL;0.00
2020-06-18 09:44:13;"";1.0;ADICIONAL;0.00
2020-06-17 18:21:32;"";1.0;ADICIONAL;0.00
2020-06-17 16:15:51;"";1.0;ADICIONAL;0.00
2020-06-17 08:01:42;"";1.0;ADICIONAL;0.00
2020-06-16 09:05:08;"";1.0;ADICIONAL;0.00
2020-06-15 16:51:43;"";1.0;ADICIONAL;0.00
2020-06-15 11:04:41;"";1.0;ADICIONAL;0.00
2020-06-15 10:19:53;"";1.0;ADICIONAL;0.00
2020-06-15 10:07:54;"";1.0;ADICIONAL;0.00
2020-06-15 09:22:04;"";1.0;ADICIONAL;0.00
2020-06-15 08:49:14;"";1.0;ADICIONAL;0.00
2020-06-15 07:41:32;"";1.0;ADICIONAL;0.00
2020-06-13 11:15:26;"";1.0;ADICIONAL;0.00
2020-06-12 15:15:55;"";1.0;ADICIONAL;0.00
2020-06-12 09:10:12;"";1.0;ADICIONAL;0.00
2020-06-11 13:51:58;"";1.0;ADICIONAL;0.00
2020-06-11 13:37:43;"";1.0;ADICIONAL;0.00
2020-06-11 13:34:42;"";1.0;ADICIONAL;0.00
2020-06-11 09:26:35;"";1.0;ADICIONAL;0.00
2020-06-11 09:04:47;"";1.0;ADICIONAL;0.00
2020-06-11 08:27:24;"";1.0;ADICIONAL;0.00
2020-06-10 09:01:34;"";1.0;ADICIONAL;0.00
2020-06-10 08:43:35;"";1.0;ADICIONAL;0.00
2020-06-18 07:32:18;51  21313333;0.0;Adicional por Ligacoes Realizadas;
2020-06-17 18:23:53;98  988531073;0.0;Adicional por Ligacoes Realizadas;
2020-06-17 16:33:21;98  999684362;0.0;Adicional por Ligacoes Realizadas;
2020-06-17 11:31:22;98  981430176;0.0;Adicional por Ligacoes Realizadas;
2020-06-16 15:05:07;51  986111794;0.0;Adicional por Ligacoes Realizadas;
2020-06-16 14:28:21;51  995838788;0.0;Adicional por Ligacoes Realizadas;
2020-06-16 13:57:22;51  998115641;0.0;Adicional por Ligacoes Realizadas;
2020-06-16 13:30:19;51  984468666;0.0;Adicional por Ligacoes Realizadas;
2020-06-15 16:30:18;51  986111794;0.0;Adicional por Ligacoes Realizadas;
2020-06-15 14:49:03;51  998115641;0.0;Adicional por Ligacoes Realizadas;
2020-06-15 14:46:58;51  999625085;0.0;Adicional por Ligacoes Realizadas;
2020-06-15 12:12:19;51  995838788;0.0;Adicional por Ligacoes Realizadas;
2020-06-15 10:09:36;51  996922316;0.0;Adicional por Ligacoes Realizadas;
2020-06-15 10:06:03;51  996922316;0.0;Adicional por Ligacoes Realizadas;
2020-06-12 14:43:00;51  991223844;0.0;Adicional por Ligacoes Realizadas;
2020-06-12 14:25:12;51  996922316;0.0;Adicional por Ligacoes Realizadas;
2020-06-12 10:44:59;51  995838788;0.0;Adicional por Ligacoes Realizadas;
2020-06-12 09:26:15;98  985359275;0.0;Adicional por Ligacoes Realizadas;
2020-06-11 10:59:17;51  991223844;0.0;Adicional por Ligacoes Realizadas;
2020-06-11 10:34:19;51  996922316;0.0;Adicional por Ligacoes Realizadas;
2020-06-11 10:29:18;51  991223844;0.0;Adicional por Ligacoes Realizadas;
2020-06-11 08:57:55;91  993444455;0.0;Adicional por Ligacoes Realizadas;
2020-06-10 13:45:06;13  981257580;0.0;Adicional por Ligacoes Realizadas;
2020-06-10 09:41:57;51  991223844;0.0;Adicional por Ligacoes Realizadas;
2020-06-10 08:58:47;51  991223844;0.0;Adicional por Ligacoes Realizadas;
2020-06-10 08:54:52;51  991223844;0.0;Adicional por Ligacoes Realizadas;
2020-06-10 08:32:38;51  992592959;0.0;Adicional por Ligacoes Realizadas;
2020-06-09 15:28:19;98  999684362;0.0;Adicional por Ligacoes Realizadas;
2020-06-09 14:10:42;98  985359275;0.0;Adicional por Ligacoes Realizadas;
2020-06-09 13:18:15;98  999912971;0.0;Adicional por Ligacoes Realizadas;
2020-06-09 12:39:03;98  991730576;0.0;Adicional por Ligacoes Realizadas;
2020-06-09 12:30:35;98  985359275;0.0;Adicional por Ligacoes Realizadas;
2020-06-09 10:27:21;51  991223844;0.0;Adicional por Ligacoes Realizadas;
2020-06-09 09:27:16;98  999912971;0.0;Adicional por Ligacoes Realizadas;
2020-06-09 09:19:52;51  995838788;0.0;Adicional por Ligacoes Realizadas;
2020-06-09 09:15:38;51  991813564;0.0;Adicional por Ligacoes Realizadas;
2020-06-09 07:31:20;98  999684362;0.0;Adicional por Ligacoes Realizadas;
2020-06-08 18:07:40;51  991223844;0.0;Adicional por Ligacoes Realizadas;
2020-06-08 13:21:45;51  995838788;0.0;Adicional por Ligacoes Realizadas;
2020-06-08 12:53:26;51  998115641;0.0;Adicional por Ligacoes Realizadas;
2020-06-07 10:47:27;51  992592959;0.0;Adicional por Ligacoes Realizadas;
2020-06-06 20:55:26;98  984953699;0.0;Adicional por Ligacoes Realizadas;
2020-06-05 15:03:52;51  991223844;0.0;Adicional por Ligacoes Realizadas;
2020-06-05 14:41:49;13  981257580;0.0;Adicional por Ligacoes Realizadas;
2020-06-05 14:16:14;51  991223844;0.0;Adicional por Ligacoes Realizadas;
2020-06-05 13:22:46;51  984468666;0.0;Adicional por Ligacoes Realizadas;
2020-06-05 08:52:26;98  38784900;0.0;Adicional por Ligacoes Realizadas;
2020-06-04 16:30:13;51  998115641;0.0;Adicional por Ligacoes Realizadas;
2020-06-04 15:54:58;51  997907511;0.0;Adicional por Ligacoes Realizadas;
2020-06-04 14:01:13;98  32364000;0.0;Adicional por Ligacoes Realizadas;
2020-06-04 12:11:15;98  32588252;0.0;Adicional por Ligacoes Realizadas;
2020-06-04 12:09:53;98  32588252;0.0;Adicional por Ligacoes Realizadas;
2020-06-04 11:25:11;98  984708070;0.0;Adicional por Ligacoes Realizadas;
2020-06-04 08:40:28;51  992592959;0.0;Adicional por Ligacoes Realizadas;
2020-06-03 14:01:10;51  992592873;0.0;Adicional por Ligacoes Realizadas;
2020-06-03 11:42:12;51  991035458;0.0;Adicional por Ligacoes Realizadas;
2020-06-03 10:55:12;53  999782092;0.0;Adicional por Ligacoes Realizadas;
2020-06-02 14:57:42;51  991223844;0.0;Adicional por Ligacoes Realizadas;
2020-06-02 08:33:17;51  998525944;0.0;Adicional por Ligacoes Realizadas;
2020-06-02 06:56:31;51  999585286;0.0;Adicional por Ligacoes Realizadas;
2020-06-18 07:32:18;51  21313333;36.0;Para Fixo Vivo;
2020-06-30 16:52:21;    ;5.0;Chamadas de Longa Distancia para Outros Estados;
2020-06-30 16:50:10;    ;5.0;Chamadas de Longa Distancia para Outros Estados;
2020-06-30 16:05:27;    ;5.0;Chamadas de Longa Distancia para Outros Estados;
2020-06-30 15:46:59;    ;35.0;Chamadas de Longa Distancia para Outros Estados;
2020-06-30 08:22:40;    ;25.0;Chamadas de Longa Distancia para Outros Estados;
2020-06-30 07:57:58;    ;5.0;Chamadas de Longa Distancia para Outros Estados;
2020-06-29 16:36:17;    ;5.0;Chamadas de Longa Distancia para Outros Estados;
2020-06-29 16:25:07;    ;8.0;Chamadas de Longa Distancia para Outros Estados;
2020-06-29 09:53:44;    ;7.0;Chamadas de Longa Distancia para Outros Estados;
2020-06-29 09:51:33;    ;18.0;Chamadas de Longa Distancia para Outros Estados;
2020-06-26 17:04:49;    ;14.0;Chamadas de Longa Distancia para Outros Estados;
2020-06-26 15:21:52;    ;5.0;Chamadas de Longa Distancia para Outros Estados;
2020-06-26 14:10:35;    ;5.0;Chamadas de Longa Distancia para Outros Estados;
2020-06-26 13:29:39;    ;5.0;Chamadas de Longa Distancia para Outros Estados;
2020-06-26 11:39:27;    ;5.0;Chamadas de Longa Distancia para Outros Estados;
2020-06-26 11:16:50;    ;5.0;Chamadas de Longa Distancia para Outros Estados;
2020-06-25 14:37:43;    ;6.0;Chamadas de Longa Distancia para Outros Estados;
2020-06-24 19:08:56;    ;5.0;Chamadas de Longa Distancia para Outros Estados;
2020-06-24 16:44:24;    ;5.0;Chamadas de Longa Distancia para Outros Estados;
2020-06-24 15:14:06;    ;58.0;Chamadas de Longa Distancia para Outros Estados;
2020-06-24 10:48:11;    ;10.0;Chamadas de Longa Distancia para Outros Estados;
2020-06-24 10:45:00;    ;25.0;Chamadas de Longa Distancia para Outros Estados;
2020-06-24 08:11:04;    ;5.0;Chamadas de Longa Distancia para Outros Estados;
2020-06-23 11:57:43;    ;5.0;Chamadas de Longa Distancia para Outros Estados;
2020-06-23 10:36:48;    ;11.0;Chamadas de Longa Distancia para Outros Estados;
2020-06-22 17:12:29;    ;6.0;Chamadas de Longa Distancia para Outros Estados;
2020-06-22 14:29:13;    ;10.0;Chamadas de Longa Distancia para Outros Estados;
2020-06-22 11:30:34;    ;5.0;Chamadas de Longa Distancia para Outros Estados;
2020-06-22 10:54:05;51  41185334;5.0;Chamadas de Longa Distancia para Outros Estados;
2020-06-19 18:24:33;    ;10.0;Chamadas de Longa Distancia para Outros Estados;
2020-06-19 18:10:34;    ;5.0;Chamadas de Longa Distancia para Outros Estados;
2020-06-19 17:07:41;    ;6.0;Chamadas de Longa Distancia para Outros Estados;
2020-06-19 14:21:25;    ;9.0;Chamadas de Longa Distancia para Outros Estados;
2020-06-19 10:46:50;    ;5.0;Chamadas de Longa Distancia para Outros Estados;
2020-06-19 10:23:06;    ;18.0;Chamadas de Longa Distancia para Outros Estados;
2020-06-19 09:00:13;    ;7.0;Chamadas de Longa Distancia para Outros Estados;
2020-06-19 08:55:07;    ;5.0;Chamadas de Longa Distancia para Outros Estados;
2020-06-18 17:52:17;    ;9.0;Chamadas de Longa Distancia para Outros Estados;
2020-06-18 17:48:33;    ;5.0;Chamadas de Longa Distancia para Outros Estados;
2020-06-18 17:48:22;    ;5.0;Chamadas de Longa Distancia para Outros Estados;
2020-06-18 09:44:13;    ;38.0;Chamadas de Longa Distancia para Outros Estados;
2020-06-17 18:21:32;    ;9.0;Chamadas de Longa Distancia para Outros Estados;
2020-06-17 16:15:51;    ;5.0;Chamadas de Longa Distancia para Outros Estados;
2020-06-17 08:01:42;    ;140.0;Chamadas de Longa Distancia para Outros Estados;
2020-06-16 09:05:08;    ;61.0;Chamadas de Longa Distancia para Outros Estados;
2020-06-15 16:51:43;    ;7.0;Chamadas de Longa Distancia para Outros Estados;
2020-06-15 11:04:41;    ;8.0;Chamadas de Longa Distancia para Outros Estados;
2020-06-15 10:19:53;    ;5.0;Chamadas de Longa Distancia para Outros Estados;
2020-06-15 10:07:54;    ;13.0;Chamadas de Longa Distancia para Outros Estados;
2020-06-15 09:22:04;    ;10.0;Chamadas de Longa Distancia para Outros Estados;
2020-06-15 08:49:14;    ;99.0;Chamadas de Longa Distancia para Outros Estados;
2020-06-15 07:41:32;    ;8.0;Chamadas de Longa Distancia para Outros Estados;
2020-06-13 11:15:26;    ;35.0;Chamadas de Longa Distancia para Outros Estados;
2020-06-12 15:15:55;    ;7.0;Chamadas de Longa Distancia para Outros Estados;
2020-06-12 09:10:12;    ;21.0;Chamadas de Longa Distancia para Outros Estados;
2020-06-11 13:51:58;    ;5.0;Chamadas de Longa Distancia para Outros Estados;
2020-06-11 13:37:43;    ;47.0;Chamadas de Longa Distancia para Outros Estados;
2020-06-11 13:34:42;    ;15.0;Chamadas de Longa Distancia para Outros Estados;
2020-06-11 09:26:35;    ;6.0;Chamadas de Longa Distancia para Outros Estados;
2020-06-11 09:04:47;    ;51.0;Chamadas de Longa Distancia para Outros Estados;
2020-06-11 08:27:24;    ;5.0;Chamadas de Longa Distancia para Outros Estados;
2020-06-10 09:01:34;    ;6.0;Chamadas de Longa Distancia para Outros Estados;
2020-06-10 08:43:35;    ;9.0;Chamadas de Longa Distancia para Outros Estados;
2020-06-09 17:49:28;    ;5.0;Chamadas de Longa Distancia para Outros Estados;
2020-06-09 16:20:05;    ;9.0;Chamadas de Longa Distancia para Outros Estados;
2020-06-09 14:22:34;    ;18.0;Chamadas de Longa Distancia para Outros Estados;
2020-06-09 10:49:50;    ;8.0;Chamadas de Longa Distancia para Outros Estados;
2020-06-09 10:48:12;    ;7.0;Chamadas de Longa Distancia para Outros Estados;
2020-06-09 09:24:11;    ;5.0;Chamadas de Longa Distancia para Outros Estados;
2020-06-09 09:18:05;    ;14.0;Chamadas de Longa Distancia para Outros Estados;
2020-06-08 17:57:08;    ;5.0;Chamadas de Longa Distancia para Outros Estados;
2020-06-08 16:35:07;    ;5.0;Chamadas de Longa Distancia para Outros Estados;
2020-06-08 10:09:28;    ;102.0;Chamadas de Longa Distancia para Outros Estados;
2020-06-08 08:10:43;    ;9.0;Chamadas de Longa Distancia para Outros Estados;
2020-06-08 07:31:51;    ;7.0;Chamadas de Longa Distancia para Outros Estados;
2020-06-05 14:40:31;    ;5.0;Chamadas de Longa Distancia para Outros Estados;
2020-06-05 14:11:36;    ;6.0;Chamadas de Longa Distancia para Outros Estados;
2020-06-05 10:19:32;    ;5.0;Chamadas de Longa Distancia para Outros Estados;
2020-06-05 09:45:30;    ;139.0;Chamadas de Longa Distancia para Outros Estados;
2020-06-04 16:39:21;    ;5.0;Chamadas de Longa Distancia para Outros Estados;
2020-06-04 15:34:07;    ;35.0;Chamadas de Longa Distancia para Outros Estados;
2020-06-04 15:27:01;    ;5.0;Chamadas de Longa Distancia para Outros Estados;
2020-06-04 13:36:29;    ;23.0;Chamadas de Longa Distancia para Outros Estados;
2020-06-04 10:56:14;    ;5.0;Chamadas de Longa Distancia para Outros Estados;
2020-06-04 09:35:33;    ;9.0;Chamadas de Longa Distancia para Outros Estados;
2020-06-03 18:38:42;    ;5.0;Chamadas de Longa Distancia para Outros Estados;
2020-06-03 14:49:32;    ;15.0;Chamadas de Longa Distancia para Outros Estados;
2020-06-03 11:14:17;    ;5.0;Chamadas de Longa Distancia para Outros Estados;
2020-06-03 10:15:59;    ;54.0;Chamadas de Longa Distancia para Outros Estados;
2020-06-03 08:59:23;    ;5.0;Chamadas de Longa Distancia para Outros Estados;
2020-06-03 08:39:20;    ;78.0;Chamadas de Longa Distancia para Outros Estados;
2020-06-03 07:34:28;    ;11.0;Chamadas de Longa Distancia para Outros Estados;
2020-06-02 15:47:33;    ;14.0;Chamadas de Longa Distancia para Outros Estados;
2020-06-02 15:09:39;    ;10.0;Chamadas de Longa Distancia para Outros Estados;
2020-06-02 07:47:48;    ;108.0;Chamadas de Longa Distancia para Outros Estados;
2020-06-01 15:59:13;    ;8.0;Chamadas de Longa Distancia para Outros Estados;
2020-06-01 12:13:18;    ;26.0;Chamadas de Longa Distancia para Outros Estados;
2020-06-01 12:12:03;    ;6.0;Chamadas de Longa Distancia para Outros Estados;
2020-06-05 08:52:26;98  38784900;5.0;Para Fixo de Outras Operadoras;
2020-06-04 14:01:13;98  32364000;19.0;Para Fixo de Outras Operadoras;
2020-06-04 12:11:15;98  32588252;11.0;Para Fixo de Outras Operadoras;
2020-06-04 12:09:53;98  32588252;11.0;Para Fixo de Outras Operadoras;
2020-06-30 09:52:23;98  996111923;14.0;Para Celulares de Outras Operadoras;
2020-06-26 10:57:26;98  988011476;5.0;Para Celulares de Outras Operadoras;
2020-06-26 10:54:16;98  988011476;5.0;Para Celulares de Outras Operadoras;
2020-06-24 10:28:09;98  999684362;12.0;Para Celulares de Outras Operadoras;
2020-06-24 07:47:55;98  999684362;28.0;Para Celulares de Outras Operadoras;
2020-06-22 09:31:55;98  984708070;6.0;Para Celulares de Outras Operadoras;
2020-06-19 09:10:07;98  999684362;5.0;Para Celulares de Outras Operadoras;
2020-06-18 11:47:46;98  981308654;5.0;Para Celulares de Outras Operadoras;
2020-06-17 18:23:53;98  988531073;9.0;Para Celulares de Outras Operadoras;
2020-06-17 16:33:21;98  999684362;5.0;Para Celulares de Outras Operadoras;
2020-06-17 11:31:22;98  981430176;11.0;Para Celulares de Outras Operadoras;
2020-06-12 09:26:15;98  985359275;8.0;Para Celulares de Outras Operadoras;
2020-06-09 15:28:19;98  999684362;20.0;Para Celulares de Outras Operadoras;
2020-06-09 14:10:42;98  985359275;9.0;Para Celulares de Outras Operadoras;
2020-06-09 13:18:15;98  999912971;16.0;Para Celulares de Outras Operadoras;
2020-06-09 12:30:35;98  985359275;15.0;Para Celulares de Outras Operadoras;
2020-06-09 09:27:16;98  999912971;8.0;Para Celulares de Outras Operadoras;
2020-06-09 07:31:20;98  999684362;38.0;Para Celulares de Outras Operadoras;
2020-06-06 20:55:26;98  984953699;8.0;Para Celulares de Outras Operadoras;
2020-06-04 11:25:11;98  984708070;30.0;Para Celulares de Outras Operadoras;
2020-06-25 15:03:38;98  991669641;12.0;Para Celulares Vivo;
2020-06-09 12:39:03;98  991730576;11.0;Para Celulares Vivo;
