data_hora_inicio;nro_telefone_chamado;duracao_ligacao;desc_categoria;valor_ligacao
2020-06-30 16:19:55;"";1.0;ADICIONAL;0.00
2020-06-30 14:56:29;"";1.0;ADICIONAL;0.00
2020-06-30 08:43:12;"";1.0;ADICIONAL;0.00
2020-06-30 08:09:35;"";1.0;ADICIONAL;0.00
2020-06-28 11:42:43;"";1.0;ADICIONAL;0.00
2020-06-26 18:08:37;"";1.0;ADICIONAL;0.00
2020-06-26 06:57:28;"";1.0;ADICIONAL;0.00
2020-06-25 09:02:50;"";1.0;ADICIONAL;0.00
2020-06-25 09:02:12;"";1.0;ADICIONAL;0.00
2020-06-25 08:55:59;"";1.0;ADICIONAL;0.00
2020-06-25 08:53:51;"";1.0;ADICIONAL;0.00
2020-06-24 12:07:02;"";1.0;ADICIONAL;0.00
2020-06-24 12:05:56;"";1.0;ADICIONAL;0.00
2020-06-22 16:52:32;"";1.0;ADICIONAL;0.00
2020-06-22 16:51:46;"";1.0;ADICIONAL;0.00
2020-06-22 16:40:35;"";1.0;ADICIONAL;0.00
2020-06-22 11:44:05;"";1.0;ADICIONAL;0.00
2020-06-22 11:37:13;"";1.0;ADICIONAL;0.00
2020-06-22 08:47:13;"";1.0;ADICIONAL;0.00
2020-06-22 08:46:00;"";1.0;ADICIONAL;0.00
2020-06-18 15:21:05;"";1.0;ADICIONAL;0.00
2020-06-17 17:34:36;"";1.0;ADICIONAL;0.00
2020-06-16 09:18:07;"";1.0;ADICIONAL;0.00
2020-06-15 06:38:52;"";1.0;ADICIONAL;0.00
2020-06-14 15:09:37;"";1.0;ADICIONAL;0.00
2020-06-13 09:26:18;"";1.0;ADICIONAL;0.00
2020-06-08 19:35:37;"";1.0;ADICIONAL;0.00
2020-06-05 08:49:19;"";1.0;ADICIONAL;0.00
2020-06-28 12:24:37;41984275900;1.0;GRATIS-SMS;0.00
2020-06-01 16:08:36;41  34232277;0.0;Adicional por Ligacoes Realizadas;
2020-06-01 10:54:03;41  33623111;0.0;Adicional por Ligacoes Realizadas;
2020-06-01 10:25:22;41  30453031;0.0;Adicional por Ligacoes Realizadas;
2020-06-01 10:22:23;41  34258091;0.0;Adicional por Ligacoes Realizadas;
2020-06-01 10:19:37;41  34225912;0.0;Adicional por Ligacoes Realizadas;
2020-06-01 10:07:09;41  34232277;0.0;Adicional por Ligacoes Realizadas;
2020-06-01 09:30:41;41  997366717;0.0;Adicional por Ligacoes Realizadas;
2020-06-01 06:32:57;41  995987397;0.0;Adicional por Ligacoes Realizadas;
2020-06-01 16:42:10;41  30383066;32.0;Para Fixo de Outras Operadoras;
2020-06-01 16:08:36;41  34232277;10.0;Para Fixo de Outras Operadoras;
2020-06-01 10:54:03;41  33623111;47.0;Para Fixo de Outras Operadoras;
2020-06-01 10:25:22;41  30453031;22.0;Para Fixo de Outras Operadoras;
2020-06-01 10:22:23;41  34258091;11.0;Para Fixo de Outras Operadoras;
2020-06-01 10:19:37;41  34225912;14.0;Para Fixo de Outras Operadoras;
2020-06-01 10:07:09;41  34232277;20.0;Para Fixo de Outras Operadoras;
2020-06-01 09:30:41;41  997366717;10.0;Para Celulares de Outras Operadoras;
2020-06-01 06:32:57;41  995987397;5.0;Para Celulares de Outras Operadoras;
2020-06-15 14:25:59;98  987346022;5.0;Para Celulares de Outras Operadoras;
2020-06-15 07:57:46;98  987346022;6.0;Para Celulares de Outras Operadoras;
2020-06-30 17:31:29;51  996872609;7.0;Para Celulares Vivo;
2020-06-26 09:09:36;51  994057331;5.0;Para Celulares Vivo;
2020-06-26 06:58:54;51  994057331;5.0;Para Celulares Vivo;
2020-06-25 10:35:49;51  993189322;5.0;Para Celulares Vivo;
2020-06-24 15:19:07;51  995878281;238.0;Para Celulares Vivo;
2020-06-23 16:34:08;51  994057331;8.0;Para Celulares Vivo;
2020-06-22 12:17:16;51  995878281;26.0;Para Celulares Vivo;
2020-06-22 11:40:03;51  994057331;5.0;Para Celulares Vivo;
2020-06-20 17:12:41;48  991664588;8.0;Para Celulares Vivo;
2020-06-20 14:43:53;51  994057331;5.0;Para Celulares Vivo;
2020-06-17 20:02:16;51  994057331;29.0;Para Celulares Vivo;
2020-06-17 06:35:52;51  994057331;5.0;Para Celulares Vivo;
2020-06-13 11:15:09;48  991664588;5.0;Para Celulares Vivo;
2020-06-13 09:38:16;48  991664588;19.0;Para Celulares Vivo;
2020-06-13 09:36:57;48  991664588;5.0;Para Celulares Vivo;
2020-06-10 20:28:39;48  991664588;5.0;Para Celulares Vivo;
2020-06-10 20:25:45;51  992592841;5.0;Para Celulares Vivo;
2020-06-10 10:51:38;51  994057331;164.0;Para Celulares Vivo;
2020-06-10 09:26:01;51  992592752;34.0;Para Celulares Vivo;
2020-06-08 20:01:25;51  992592841;5.0;Para Celulares Vivo;
2020-06-08 06:51:23;51  996872609;5.0;Para Celulares Vivo;
2020-06-05 15:13:37;51  993189322;44.0;Para Celulares Vivo;
2020-06-02 14:58:35;48  991664588;6.0;Para Celulares Vivo;
2020-06-30 17:46:32;41  991561997;0.0;Adicional por Ligacoes Realizadas;
2020-06-30 17:31:29;51  996872609;0.0;Adicional por Ligacoes Realizadas;
2020-06-30 16:34:58;41  999161382;0.0;Adicional por Ligacoes Realizadas;
2020-06-30 16:17:01;41  991561997;0.0;Adicional por Ligacoes Realizadas;
2020-06-30 13:11:34;41  34245284;0.0;Adicional por Ligacoes Realizadas;
2020-06-30 09:14:27;41  32184436;0.0;Adicional por Ligacoes Realizadas;
2020-06-30 09:13:56;41  32184404;0.0;Adicional por Ligacoes Realizadas;
2020-06-30 09:03:52;41  33049830;0.0;Adicional por Ligacoes Realizadas;
2020-06-30 08:56:17;41  34252315;0.0;Adicional por Ligacoes Realizadas;
2020-06-30 08:54:27;41  34250333;0.0;Adicional por Ligacoes Realizadas;
2020-06-29 17:38:05;41  991561997;0.0;Adicional por Ligacoes Realizadas;
2020-06-29 11:50:04;41  34257902;0.0;Adicional por Ligacoes Realizadas;
2020-06-29 11:48:27;41  34224204;0.0;Adicional por Ligacoes Realizadas;
2020-06-29 11:46:03;41  34234144;0.0;Adicional por Ligacoes Realizadas;
2020-06-29 10:28:54;41  984935997;0.0;Adicional por Ligacoes Realizadas;
2020-06-29 08:28:46;41  984275900;0.0;Adicional por Ligacoes Realizadas;
2020-06-27 21:42:13;41  991831505;0.0;Adicional por Ligacoes Realizadas;
2020-06-26 09:09:36;51  994057331;0.0;Adicional por Ligacoes Realizadas;
2020-06-26 06:58:54;51  994057331;0.0;Adicional por Ligacoes Realizadas;
2020-06-25 21:25:43;41  991112714;0.0;Adicional por Ligacoes Realizadas;
2020-06-25 14:18:25;41  984745314;0.0;Adicional por Ligacoes Realizadas;
2020-06-25 14:06:09;41  984745314;0.0;Adicional por Ligacoes Realizadas;
2020-06-25 10:35:49;51  993189322;0.0;Adicional por Ligacoes Realizadas;
2020-06-24 15:19:07;51  995878281;0.0;Adicional por Ligacoes Realizadas;
2020-06-24 14:18:43;41  999936432;0.0;Adicional por Ligacoes Realizadas;
2020-06-24 13:51:21;41  991093015;0.0;Adicional por Ligacoes Realizadas;
2020-06-24 10:26:13;41  991561997;0.0;Adicional por Ligacoes Realizadas;
2020-06-23 16:57:14;41  991561997;0.0;Adicional por Ligacoes Realizadas;
2020-06-23 16:34:08;51  994057331;0.0;Adicional por Ligacoes Realizadas;
2020-06-23 14:27:11;41  991093015;0.0;Adicional por Ligacoes Realizadas;
2020-06-23 09:17:38;41  991561997;0.0;Adicional por Ligacoes Realizadas;
2020-06-23 09:00:50;41  991093015;0.0;Adicional por Ligacoes Realizadas;
2020-06-22 18:17:23;41  991561997;0.0;Adicional por Ligacoes Realizadas;
2020-06-22 17:05:12;41  991561997;0.0;Adicional por Ligacoes Realizadas;
2020-06-22 16:50:19;41  34223966;0.0;Adicional por Ligacoes Realizadas;
2020-06-22 16:48:12;41  34223966;0.0;Adicional por Ligacoes Realizadas;
2020-06-22 16:45:55;41  34223966;0.0;Adicional por Ligacoes Realizadas;
2020-06-22 16:12:48;41  999845117;0.0;Adicional por Ligacoes Realizadas;
2020-06-22 16:10:28;41  998859889;0.0;Adicional por Ligacoes Realizadas;
2020-06-22 16:05:59;41  34232338;0.0;Adicional por Ligacoes Realizadas;
2020-06-22 16:03:51;41  34230675;0.0;Adicional por Ligacoes Realizadas;
2020-06-22 15:59:43;41  34272537;0.0;Adicional por Ligacoes Realizadas;
2020-06-22 15:56:26;41  38882225;0.0;Adicional por Ligacoes Realizadas;
2020-06-22 15:53:09;41  34223966;0.0;Adicional por Ligacoes Realizadas;
2020-06-22 15:47:38;41  34223966;0.0;Adicional por Ligacoes Realizadas;
2020-06-22 13:48:45;41  991561997;0.0;Adicional por Ligacoes Realizadas;
2020-06-22 12:17:16;51  995878281;0.0;Adicional por Ligacoes Realizadas;
2020-06-22 11:40:03;51  994057331;0.0;Adicional por Ligacoes Realizadas;
2020-06-22 11:34:53;41  34223966;0.0;Adicional por Ligacoes Realizadas;
2020-06-21 17:04:20;41  985260380;0.0;Adicional por Ligacoes Realizadas;
2020-06-21 11:54:38;41  985260380;0.0;Adicional por Ligacoes Realizadas;
2020-06-20 17:12:41;48  991664588;0.0;Adicional por Ligacoes Realizadas;
2020-06-20 16:07:32;41  991561997;0.0;Adicional por Ligacoes Realizadas;
2020-06-20 15:33:16;41  985260380;0.0;Adicional por Ligacoes Realizadas;
2020-06-20 15:32:24;41  985260380;0.0;Adicional por Ligacoes Realizadas;
2020-06-20 14:43:53;51  994057331;0.0;Adicional por Ligacoes Realizadas;
2020-06-20 13:06:13;41  991561997;0.0;Adicional por Ligacoes Realizadas;
2020-06-20 06:33:42;41  995987397;0.0;Adicional por Ligacoes Realizadas;
2020-06-19 23:09:39;41  991561997;0.0;Adicional por Ligacoes Realizadas;
2020-06-19 20:35:43;41  991561997;0.0;Adicional por Ligacoes Realizadas;
2020-06-19 18:21:34;41  992173399;0.0;Adicional por Ligacoes Realizadas;
2020-06-18 12:01:11;41  34234144;0.0;Adicional por Ligacoes Realizadas;
2020-06-18 11:58:35;41  34224204;0.0;Adicional por Ligacoes Realizadas;
2020-06-18 11:56:38;41  34257902;0.0;Adicional por Ligacoes Realizadas;
2020-06-18 07:06:34;41  991561997;0.0;Adicional por Ligacoes Realizadas;
2020-06-17 20:02:16;51  994057331;0.0;Adicional por Ligacoes Realizadas;
2020-06-17 10:56:42;41  34220038;0.0;Adicional por Ligacoes Realizadas;
2020-06-17 10:49:54;41  35145183;0.0;Adicional por Ligacoes Realizadas;
2020-06-17 10:48:48;41  35145183;0.0;Adicional por Ligacoes Realizadas;
2020-06-17 10:48:09;41  35145183;0.0;Adicional por Ligacoes Realizadas;
2020-06-17 06:35:52;51  994057331;0.0;Adicional por Ligacoes Realizadas;
2020-06-16 15:42:55;41  34243899;0.0;Adicional por Ligacoes Realizadas;
2020-06-16 11:37:16;41  984935997;0.0;Adicional por Ligacoes Realizadas;
2020-06-15 14:25:59;98  987346022;0.0;Adicional por Ligacoes Realizadas;
2020-06-15 11:43:44;41  984935997;0.0;Adicional por Ligacoes Realizadas;
2020-06-15 11:41:16;41  984935997;0.0;Adicional por Ligacoes Realizadas;
2020-06-15 07:57:46;98  987346022;0.0;Adicional por Ligacoes Realizadas;
2020-06-14 20:02:00;41  991561997;0.0;Adicional por Ligacoes Realizadas;
2020-06-13 11:15:09;48  991664588;0.0;Adicional por Ligacoes Realizadas;
2020-06-13 09:38:16;48  991664588;0.0;Adicional por Ligacoes Realizadas;
2020-06-13 09:36:57;48  991664588;0.0;Adicional por Ligacoes Realizadas;
2020-06-10 20:28:39;48  991664588;0.0;Adicional por Ligacoes Realizadas;
2020-06-10 20:25:45;51  992592841;0.0;Adicional por Ligacoes Realizadas;
2020-06-10 15:37:50;41  991561997;0.0;Adicional por Ligacoes Realizadas;
2020-06-10 11:09:30;41  34232277;0.0;Adicional por Ligacoes Realizadas;
2020-06-10 10:51:38;51  994057331;0.0;Adicional por Ligacoes Realizadas;
2020-06-10 09:26:01;51  992592752;0.0;Adicional por Ligacoes Realizadas;
2020-06-08 22:13:09;41  984536898;0.0;Adicional por Ligacoes Realizadas;
2020-06-08 20:01:25;51  992592841;0.0;Adicional por Ligacoes Realizadas;
2020-06-08 06:51:23;51  996872609;0.0;Adicional por Ligacoes Realizadas;
2020-06-07 12:26:11;41  985260380;0.0;Adicional por Ligacoes Realizadas;
2020-06-07 12:14:41;41  985260380;0.0;Adicional por Ligacoes Realizadas;
2020-06-06 12:27:17;41  999784242;0.0;Adicional por Ligacoes Realizadas;
2020-06-06 12:21:32;41  991112714;0.0;Adicional por Ligacoes Realizadas;
2020-06-05 17:40:25;41  991561997;0.0;Adicional por Ligacoes Realizadas;
2020-06-05 17:15:55;41  991561997;0.0;Adicional por Ligacoes Realizadas;
2020-06-05 15:13:37;51  993189322;0.0;Adicional por Ligacoes Realizadas;
2020-06-04 18:13:48;41  30192000;0.0;Adicional por Ligacoes Realizadas;
2020-06-04 18:01:15;08  005104646;0.0;Adicional por Ligacoes Realizadas;
2020-06-04 18:00:26;08  006422002;0.0;Adicional por Ligacoes Realizadas;
2020-06-04 17:53:54;41  30192000;0.0;Adicional por Ligacoes Realizadas;
2020-06-04 17:53:01;08  006422002;0.0;Adicional por Ligacoes Realizadas;
2020-06-04 17:43:42;08  005104646;0.0;Adicional por Ligacoes Realizadas;
2020-06-04 17:36:58;41  991561997;0.0;Adicional por Ligacoes Realizadas;
2020-06-04 17:36:11;41  991561997;0.0;Adicional por Ligacoes Realizadas;
2020-06-04 17:19:12;41  991561997;0.0;Adicional por Ligacoes Realizadas;
2020-06-04 17:06:25;41  984015723;0.0;Adicional por Ligacoes Realizadas;
2020-06-04 17:05:09;41  991561997;0.0;Adicional por Ligacoes Realizadas;
2020-06-04 17:03:48;41  984015723;0.0;Adicional por Ligacoes Realizadas;
2020-06-04 16:33:23;41  995936654;0.0;Adicional por Ligacoes Realizadas;
2020-06-04 10:23:14;41  34232277;0.0;Adicional por Ligacoes Realizadas;
2020-06-04 10:18:09;08  005104646;0.0;Adicional por Ligacoes Realizadas;
2020-06-03 16:00:49;41  984799159;0.0;Adicional por Ligacoes Realizadas;
2020-06-02 14:58:35;48  991664588;0.0;Adicional por Ligacoes Realizadas;
2020-06-02 13:47:51;41  34228628;0.0;Adicional por Ligacoes Realizadas;
2020-06-04 18:01:15;08  005104646;122.0;"";
2020-06-04 18:00:26;08  006422002;6.0;"";
2020-06-04 17:53:01;08  006422002;5.0;"";
2020-06-04 17:43:42;08  005104646;90.0;"";
2020-06-04 10:18:09;08  005104646;46.0;"";
2020-06-30 16:19:55;    ;10.0;Chamadas de Longa Distancia para Outros Estados;
2020-06-30 14:56:29;    ;203.0;Chamadas de Longa Distancia para Outros Estados;
2020-06-30 08:43:12;    ;10.0;Chamadas de Longa Distancia para Outros Estados;
2020-06-30 08:09:35;    ;26.0;Chamadas de Longa Distancia para Outros Estados;
2020-06-28 11:42:43;    ;41.0;Chamadas de Longa Distancia para Outros Estados;
2020-06-26 18:08:37;    ;31.0;Chamadas de Longa Distancia para Outros Estados;
2020-06-26 06:57:28;    ;5.0;Chamadas de Longa Distancia para Outros Estados;
2020-06-25 09:02:50;    ;37.0;Chamadas de Longa Distancia para Outros Estados;
2020-06-25 09:02:12;    ;5.0;Chamadas de Longa Distancia para Outros Estados;
2020-06-25 08:55:59;    ;5.0;Chamadas de Longa Distancia para Outros Estados;
2020-06-25 08:53:51;    ;13.0;Chamadas de Longa Distancia para Outros Estados;
2020-06-24 12:07:02;    ;5.0;Chamadas de Longa Distancia para Outros Estados;
2020-06-24 12:05:56;    ;7.0;Chamadas de Longa Distancia para Outros Estados;
2020-06-22 16:52:32;    ;9.0;Chamadas de Longa Distancia para Outros Estados;
2020-06-22 16:51:46;    ;5.0;Chamadas de Longa Distancia para Outros Estados;
2020-06-22 16:40:35;    ;39.0;Chamadas de Longa Distancia para Outros Estados;
2020-06-22 11:44:05;    ;5.0;Chamadas de Longa Distancia para Outros Estados;
2020-06-22 11:37:13;    ;7.0;Chamadas de Longa Distancia para Outros Estados;
2020-06-22 08:47:13;    ;16.0;Chamadas de Longa Distancia para Outros Estados;
2020-06-22 08:46:00;    ;7.0;Chamadas de Longa Distancia para Outros Estados;
2020-06-18 15:21:05;    ;24.0;Chamadas de Longa Distancia para Outros Estados;
2020-06-17 17:34:36;    ;11.0;Chamadas de Longa Distancia para Outros Estados;
2020-06-16 09:18:07;    ;5.0;Chamadas de Longa Distancia para Outros Estados;
2020-06-15 06:38:52;    ;5.0;Chamadas de Longa Distancia para Outros Estados;
2020-06-14 15:09:37;    ;10.0;Chamadas de Longa Distancia para Outros Estados;
2020-06-13 09:26:18;    ;5.0;Chamadas de Longa Distancia para Outros Estados;
2020-06-08 19:35:37;    ;5.0;Chamadas de Longa Distancia para Outros Estados;
2020-06-05 08:49:19;    ;6.0;Chamadas de Longa Distancia para Outros Estados;
2020-06-30 13:11:34;41  34245284;5.0;Para Fixo de Outras Operadoras;
2020-06-30 09:14:27;41  32184436;16.0;Para Fixo de Outras Operadoras;
2020-06-30 09:13:56;41  32184404;5.0;Para Fixo de Outras Operadoras;
2020-06-30 08:56:17;41  34252315;12.0;Para Fixo de Outras Operadoras;
2020-06-30 08:54:27;41  34250333;15.0;Para Fixo de Outras Operadoras;
2020-06-29 11:50:04;41  34257902;8.0;Para Fixo de Outras Operadoras;
2020-06-29 11:48:27;41  34224204;13.0;Para Fixo de Outras Operadoras;
2020-06-29 11:46:03;41  34234144;20.0;Para Fixo de Outras Operadoras;
2020-06-22 16:50:19;41  34223966;10.0;Para Fixo de Outras Operadoras;
2020-06-22 16:48:12;41  34223966;16.0;Para Fixo de Outras Operadoras;
2020-06-22 16:45:55;41  34223966;20.0;Para Fixo de Outras Operadoras;
2020-06-22 16:05:59;41  34232338;13.0;Para Fixo de Outras Operadoras;
2020-06-22 16:03:51;41  34230675;16.0;Para Fixo de Outras Operadoras;
2020-06-22 15:59:43;41  34272537;31.0;Para Fixo de Outras Operadoras;
2020-06-22 15:53:09;41  34223966;13.0;Para Fixo de Outras Operadoras;
2020-06-22 15:47:38;41  34223966;7.0;Para Fixo de Outras Operadoras;
2020-06-22 11:34:53;41  34223966;20.0;Para Fixo de Outras Operadoras;
2020-06-18 12:01:11;41  34234144;8.0;Para Fixo de Outras Operadoras;
2020-06-18 11:58:35;41  34224204;21.0;Para Fixo de Outras Operadoras;
2020-06-18 11:56:38;41  34257902;5.0;Para Fixo de Outras Operadoras;
2020-06-17 10:56:42;41  34220038;8.0;Para Fixo de Outras Operadoras;
2020-06-17 10:49:54;41  35145183;20.0;Para Fixo de Outras Operadoras;
2020-06-17 10:48:48;41  35145183;10.0;Para Fixo de Outras Operadoras;
2020-06-17 10:48:09;41  35145183;5.0;Para Fixo de Outras Operadoras;
2020-06-16 15:42:55;41  34243899;13.0;Para Fixo de Outras Operadoras;
2020-06-10 11:09:30;41  34232277;17.0;Para Fixo de Outras Operadoras;
2020-06-04 10:23:14;41  34232277;38.0;Para Fixo de Outras Operadoras;
2020-06-02 13:47:51;41  34228628;26.0;Para Fixo de Outras Operadoras;
2020-06-30 17:46:32;41  991561997;5.0;Para Celulares de Outras Operadoras;
2020-06-30 16:17:01;41  991561997;23.0;Para Celulares de Outras Operadoras;
2020-06-29 17:38:05;41  991561997;8.0;Para Celulares de Outras Operadoras;
2020-06-29 08:28:46;41  984275900;22.0;Para Celulares de Outras Operadoras;
2020-06-25 14:18:25;41  984745314;5.0;Para Celulares de Outras Operadoras;
2020-06-25 14:06:09;41  984745314;5.0;Para Celulares de Outras Operadoras;
2020-06-24 14:18:43;41  999936432;21.0;Para Celulares de Outras Operadoras;
2020-06-24 10:26:13;41  991561997;5.0;Para Celulares de Outras Operadoras;
2020-06-23 16:57:14;41  991561997;7.0;Para Celulares de Outras Operadoras;
2020-06-23 09:17:38;41  991561997;5.0;Para Celulares de Outras Operadoras;
2020-06-22 18:17:23;41  991561997;5.0;Para Celulares de Outras Operadoras;
2020-06-22 17:05:12;41  991561997;15.0;Para Celulares de Outras Operadoras;
2020-06-22 16:12:48;41  999845117;11.0;Para Celulares de Outras Operadoras;
2020-06-22 16:10:28;41  998859889;20.0;Para Celulares de Outras Operadoras;
2020-06-22 13:48:45;41  991561997;9.0;Para Celulares de Outras Operadoras;
2020-06-21 17:04:20;41  985260380;5.0;Para Celulares de Outras Operadoras;
2020-06-21 11:54:38;41  985260380;7.0;Para Celulares de Outras Operadoras;
2020-06-20 16:07:32;41  991561997;7.0;Para Celulares de Outras Operadoras;
2020-06-20 15:33:16;41  985260380;5.0;Para Celulares de Outras Operadoras;
2020-06-20 15:32:24;41  985260380;5.0;Para Celulares de Outras Operadoras;
2020-06-20 13:06:13;41  991561997;5.0;Para Celulares de Outras Operadoras;
2020-06-20 06:33:42;41  995987397;5.0;Para Celulares de Outras Operadoras;
2020-06-19 23:09:39;41  991561997;6.0;Para Celulares de Outras Operadoras;
2020-06-19 20:35:43;41  991561997;5.0;Para Celulares de Outras Operadoras;
2020-06-18 07:06:34;41  991561997;8.0;Para Celulares de Outras Operadoras;
2020-06-14 20:02:00;41  991561997;5.0;Para Celulares de Outras Operadoras;
2020-06-01 16:42:10;41  30383066;0.0;Adicional por Ligacoes Realizadas;
2020-06-10 15:37:50;41  991561997;20.0;Para Celulares de Outras Operadoras;
2020-06-08 22:13:09;41  984536898;37.0;Para Celulares de Outras Operadoras;
2020-06-07 12:26:11;41  985260380;5.0;Para Celulares de Outras Operadoras;
2020-06-07 12:14:41;41  985260380;10.0;Para Celulares de Outras Operadoras;
2020-06-06 12:27:17;41  999784242;39.0;Para Celulares de Outras Operadoras;
2020-06-05 17:40:25;41  991561997;5.0;Para Celulares de Outras Operadoras;
2020-06-05 17:15:55;41  991561997;5.0;Para Celulares de Outras Operadoras;
2020-06-04 17:36:58;41  991561997;5.0;Para Celulares de Outras Operadoras;
2020-06-04 17:36:11;41  991561997;5.0;Para Celulares de Outras Operadoras;
2020-06-04 17:19:12;41  991561997;5.0;Para Celulares de Outras Operadoras;
2020-06-04 17:06:25;41  984015723;6.0;Para Celulares de Outras Operadoras;
2020-06-04 17:05:09;41  991561997;10.0;Para Celulares de Outras Operadoras;
2020-06-04 17:03:48;41  984015723;10.0;Para Celulares de Outras Operadoras;
2020-06-04 16:33:23;41  995936654;14.0;Para Celulares de Outras Operadoras;
2020-06-03 16:00:49;41  984799159;10.0;Para Celulares de Outras Operadoras;
2020-06-30 09:03:52;41  33049830;54.0;Para Fixo Vivo;
2020-06-22 15:56:26;41  38882225;12.0;Para Fixo Vivo;
2020-06-04 18:13:48;41  30192000;73.0;Para Fixo Vivo;
2020-06-04 17:53:54;41  30192000;62.0;Para Fixo Vivo;
2020-06-30 16:34:58;41  999161382;18.0;Para Celulares Vivo;
2020-06-29 10:28:54;41  984935997;6.0;Para Celulares Vivo;
2020-06-27 21:42:13;41  991831505;5.0;Para Celulares Vivo;
2020-06-25 21:25:43;41  991112714;39.0;Para Celulares Vivo;
2020-06-24 13:51:21;41  991093015;5.0;Para Celulares Vivo;
2020-06-23 14:27:11;41  991093015;14.0;Para Celulares Vivo;
2020-06-23 09:00:50;41  991093015;12.0;Para Celulares Vivo;
2020-06-19 18:21:34;41  992173399;10.0;Para Celulares Vivo;
2020-06-16 11:37:16;41  984935997;6.0;Para Celulares Vivo;
2020-06-15 11:43:44;41  984935997;6.0;Para Celulares Vivo;
2020-06-15 11:41:16;41  984935997;8.0;Para Celulares Vivo;
2020-06-06 12:21:32;41  991112714;49.0;Para Celulares Vivo;
