data_hora_inicio;nro_telefone_chamado;duracao_ligacao;desc_categoria;valor_ligacao
2020-06-30 16:21:37;"";1.0;ADICIONAL;0.00
2020-06-20 05:59:25;"";1.0;ADICIONAL;0.00
2020-06-19 13:39:49;"";1.0;ADICIONAL;0.00
2020-06-04 14:50:41;"";1.0;ADICIONAL;0.00
2020-06-04 10:52:58;"";1.0;ADICIONAL;0.00
2020-06-04 09:56:23;16  996003857;5.0;Para Celulares Vivo;
2020-06-22 17:35:18;*5  55;0.0;Adicional por Ligacoes Realizadas;
2020-06-19 13:45:20;98  987828967;0.0;Adicional por Ligacoes Realizadas;
2020-06-19 13:42:57;98  982878967;0.0;Adicional por Ligacoes Realizadas;
2020-06-04 09:56:23;16  996003857;0.0;Adicional por Ligacoes Realizadas;
2020-06-03 14:58:46;98  988219102;0.0;Adicional por Ligacoes Realizadas;
2020-06-30 16:21:37;    ;6.0;Chamadas de Longa Distancia para Outros Estados;
2020-06-20 05:59:25;    ;5.0;Chamadas de Longa Distancia para Outros Estados;
2020-06-19 13:39:49;    ;5.0;Chamadas de Longa Distancia para Outros Estados;
2020-06-04 14:50:41;    ;23.0;Chamadas de Longa Distancia para Outros Estados;
2020-06-04 10:52:58;    ;27.0;Chamadas de Longa Distancia para Outros Estados;
2020-06-22 17:35:18;*5  55;9.0;"";
2020-06-19 13:45:20;98  987828967;9.0;Para Celulares de Outras Operadoras;
2020-06-19 13:42:57;98  982878967;5.0;Para Celulares de Outras Operadoras;
2020-06-03 14:58:46;98  988219102;22.0;Para Celulares de Outras Operadoras;
2020-06-01;"";33121.2;INTERNET MOVEL 2;0.00
2020-06-02;"";7943.7;INTERNET MOVEL 2;0.00
2020-06-03;"";6970.5;INTERNET MOVEL 2;0.00
2020-06-04;"";88833.9;INTERNET MOVEL 2;0.00
2020-06-05;"";15532.2;INTERNET MOVEL 2;0.00
2020-06-06;"";35922.2;INTERNET MOVEL 2;0.00
2020-06-07;"";976.0;INTERNET MOVEL 2;0.00
2020-06-08;"";80604.0;INTERNET MOVEL 2;0.00
2020-06-09;"";981.0;INTERNET MOVEL 2;0.00
2020-06-10;"";1717.0;INTERNET MOVEL 2;0.00
2020-06-11;"";10801.6;INTERNET MOVEL 2;0.00
2020-06-13;"";9484.6;INTERNET MOVEL 2;0.00
2020-06-14;"";7369.8;INTERNET MOVEL 2;0.00
2020-06-15;"";519.0;INTERNET MOVEL 2;0.00
2020-06-16;"";23103.7;INTERNET MOVEL 2;0.00
2020-06-17;"";45357.8;INTERNET MOVEL 2;0.00
2020-06-18;"";30344.1;INTERNET MOVEL 2;0.00
2020-06-19;"";24795.3;INTERNET MOVEL 2;0.00
2020-06-20;"";9181.4;INTERNET MOVEL 2;0.00
2020-06-21;"";7290.2;INTERNET MOVEL 2;0.00
2020-06-22;"";19862.1;INTERNET MOVEL 2;0.00
2020-06-23;"";8088.4;INTERNET MOVEL 2;0.00
2020-06-25;"";38606.7;INTERNET MOVEL 2;0.00
2020-06-26;"";15560.0;INTERNET MOVEL 2;0.00
2020-06-29;"";18902.8;INTERNET MOVEL 2;0.00
2020-06-30;"";8205.0;INTERNET MOVEL 2;0.00
