data_hora_inicio;nro_telefone_chamado;duracao_ligacao;desc_categoria;valor_ligacao
2020-06-08 09:31:37;51997234253;1.0;GRATIS-SMS;0.00
2020-06-08 09:31:29;51997234253;1.0;GRATIS-SMS;0.00
2020-06-01 09:54:10;51  992188221;15.0;Para Fixo Vivo;
2020-06-01 09:52:19;51  992188221;16.0;Para Fixo Vivo;
2020-06-01 08:44:41;51  992188221;12.0;Para Fixo Vivo;
2020-06-26 11:04:07;11  991293450;107.0;Para Celulares de Outras Operadoras;
2020-06-26 09:37:30;11  991293450;35.0;Para Celulares de Outras Operadoras;
2020-06-25 18:06:24;11  991293450;9.0;Para Celulares de Outras Operadoras;
2020-06-30 11:54:40;51  30253020;19.0;Para Fixo de Outras Operadoras;
2020-06-30 11:54:21;51  30253020;5.0;Para Fixo de Outras Operadoras;
2020-06-30 11:53:52;51  30253020;5.0;Para Fixo de Outras Operadoras;
2020-06-25 09:15:50;51  30253020;129.0;Para Fixo de Outras Operadoras;
2020-06-04 11:36:01;51  32872400;7.0;Para Fixo de Outras Operadoras;
2020-06-04 09:48:36;51  32872400;16.0;Para Fixo de Outras Operadoras;
2020-06-04 09:47:38;51  33440016;5.0;Para Fixo de Outras Operadoras;
2020-06-18 14:29:30;51  991499779;250.0;Para Celulares de Outras Operadoras;
2020-06-18 11:32:03;51  993805995;27.0;Para Celulares de Outras Operadoras;
2020-06-03 09:15:05;51  991499779;5.0;Para Celulares de Outras Operadoras;
2020-06-25 18:15:17;51  992188221;13.0;Para Fixo Vivo;
2020-06-23 17:40:15;51  992188221;5.0;Para Fixo Vivo;
2020-06-22 12:51:50;51  992188221;18.0;Para Fixo Vivo;
2020-06-21 16:26:32;51  992188221;5.0;Para Fixo Vivo;
2020-06-21 09:14:05;51  992188221;9.0;Para Fixo Vivo;
2020-06-19 17:26:55;51  992188221;19.0;Para Fixo Vivo;
2020-06-19 17:05:25;51  992188221;9.0;Para Fixo Vivo;
2020-06-19 09:21:34;51  992188221;13.0;Para Fixo Vivo;
2020-06-18 17:43:32;51  992188221;8.0;Para Fixo Vivo;
2020-06-18 14:27:32;51  30278700;13.0;Para Fixo Vivo;
2020-06-18 14:25:47;51  30278700;6.0;Para Fixo Vivo;
2020-06-17 17:43:31;51  992188221;49.0;Para Fixo Vivo;
2020-06-17 17:40:13;51  992188221;11.0;Para Fixo Vivo;
2020-06-16 12:21:21;51  992188221;5.0;Para Fixo Vivo;
2020-06-15 17:40:13;51  992188221;5.0;Para Fixo Vivo;
2020-06-12 14:45:34;51  992188221;5.0;Para Fixo Vivo;
2020-06-09 17:39:08;51  992188221;8.0;Para Fixo Vivo;
2020-06-05 17:18:56;51  992188221;11.0;Para Fixo Vivo;
2020-06-05 16:32:35;51  992188221;18.0;Para Fixo Vivo;
2020-06-05 12:49:43;51  992188221;6.0;Para Fixo Vivo;
2020-06-03 09:11:45;51  30278700;20.0;Para Fixo Vivo;
2020-06-18 08:41:09;51  998909981;14.0;Para Celulares Vivo;
2020-06-15 17:01:33;51  995782359;52.0;Para Celulares Vivo;
2020-06-01;"";5271.0;INTERNET MOVEL 2;0.00
2020-06-02;"";22112.5;INTERNET MOVEL 2;0.00
2020-06-03;"";44875.2;INTERNET MOVEL 2;0.00
2020-06-04;"";15074.4;INTERNET MOVEL 2;0.00
2020-06-05;"";30625.3;INTERNET MOVEL 2;0.00
2020-06-06;"";23107.4;INTERNET MOVEL 2;0.00
2020-06-07;"";52970.8;INTERNET MOVEL 2;0.00
2020-06-08;"";10491.2;INTERNET MOVEL 2;0.00
2020-06-09;"";17642.1;INTERNET MOVEL 2;0.00
2020-06-10;"";51407.8;INTERNET MOVEL 2;0.00
2020-06-11;"";26491.9;INTERNET MOVEL 2;0.00
2020-06-12;"";97477.6;INTERNET MOVEL 2;0.00
2020-06-13;"";45716.3;INTERNET MOVEL 2;0.00
2020-06-14;"";50455.7;INTERNET MOVEL 2;0.00
2020-06-15;"";117775.2;INTERNET MOVEL 2;0.00
2020-06-16;"";23058.5;INTERNET MOVEL 2;0.00
2020-06-17;"";145215.7;INTERNET MOVEL 2;0.00
2020-06-18;"";206465.2;INTERNET MOVEL 2;0.00
2020-06-19;"";32893.9;INTERNET MOVEL 2;0.00
2020-06-20;"";111353.4;INTERNET MOVEL 2;0.00
2020-06-21;"";62734.5;INTERNET MOVEL 2;0.00
2020-06-22;"";76382.5;INTERNET MOVEL 2;0.00
2020-06-23;"";69100.1;INTERNET MOVEL 2;0.00
2020-06-24;"";99230.4;INTERNET MOVEL 2;0.00
2020-06-25;"";33306.9;INTERNET MOVEL 2;0.00
2020-06-26;"";117734.5;INTERNET MOVEL 2;0.00
2020-06-27;"";47903.2;INTERNET MOVEL 2;0.00
2020-06-28;"";3649.5;INTERNET MOVEL 2;0.00
2020-06-29;"";14496.8;INTERNET MOVEL 2;0.00
2020-06-30;"";44390.2;INTERNET MOVEL 2;0.00
