data_hora_inicio;nro_telefone_chamado;duracao_ligacao;desc_categoria;valor_ligacao
2020-06-01 17:11:34;51  992592819;13.0;Para Celulares Vivo;
2020-06-26 17:04:48;51  993634341;129.0;Para Celulares de Outras Operadoras;
2020-06-24 14:38:38;51  985948318;6.0;Para Celulares de Outras Operadoras;
2020-06-18 17:34:35;51  982688177;578.0;Para Celulares de Outras Operadoras;
2020-06-18 14:06:03;51  985948318;9.0;Para Celulares de Outras Operadoras;
2020-06-04 13:55:33;51  985948318;17.0;Para Celulares de Outras Operadoras;
2020-06-04 10:48:54;51  985948318;5.0;Para Celulares de Outras Operadoras;
2020-06-10 09:56:02;51  21313333;17.0;Para Fixo Vivo;
2020-06-06 20:56:46;51  21313324;5.0;Para Fixo Vivo;
2020-06-30 20:58:27;51  997139758;25.0;Para Celulares Vivo;
2020-06-26 19:52:08;51  997139758;5.0;Para Celulares Vivo;
2020-06-24 12:28:04;51  997139758;7.0;Para Celulares Vivo;
2020-06-24 10:10:21;51  992592819;5.0;Para Celulares Vivo;
2020-06-22 09:37:16;51  992592819;5.0;Para Celulares Vivo;
2020-06-18 16:30:39;51  991034807;5.0;Para Celulares Vivo;
2020-06-16 15:56:12;51  992592819;11.0;Para Celulares Vivo;
2020-06-15 08:41:59;51  992592819;12.0;Para Celulares Vivo;
2020-06-09 09:44:01;51  992592819;5.0;Para Celulares Vivo;
2020-06-06 20:53:18;51  998600847;5.0;Para Celulares Vivo;
2020-06-06 20:51:07;51  997139758;6.0;Para Celulares Vivo;
2020-05-31;"";215.0;INTERNET MOVEL 2;0.00
2020-06-01;"";2961.8;INTERNET MOVEL 2;0.00
2020-06-02;"";28229.0;INTERNET MOVEL 2;0.00
2020-06-03;"";5323.0;INTERNET MOVEL 2;0.00
2020-06-04;"";3204.2;INTERNET MOVEL 2;0.00
2020-06-05;"";7447.6;INTERNET MOVEL 2;0.00
2020-06-06;"";29680.2;INTERNET MOVEL 2;0.00
2020-06-07;"";48929.7;INTERNET MOVEL 2;0.00
2020-06-08;"";43131.5;INTERNET MOVEL 2;0.00
2020-06-09;"";12846.8;INTERNET MOVEL 2;0.00
2020-06-10;"";54023.5;INTERNET MOVEL 2;0.00
2020-06-11;"";38123.5;INTERNET MOVEL 2;0.00
2020-06-12;"";40051.5;INTERNET MOVEL 2;0.00
2020-06-13;"";31297.3;INTERNET MOVEL 2;0.00
2020-06-14;"";31384.0;INTERNET MOVEL 2;0.00
2020-06-15;"";1381.0;INTERNET MOVEL 2;0.00
2020-06-16;"";57132.5;INTERNET MOVEL 2;0.00
2020-06-17;"";19185.9;INTERNET MOVEL 2;0.00
2020-06-18;"";3706.5;INTERNET MOVEL 2;0.00
2020-06-19;"";3529.4;INTERNET MOVEL 2;0.00
2020-06-20;"";77561.7;INTERNET MOVEL 2;0.00
2020-06-21;"";1541.0;INTERNET MOVEL 2;0.00
2020-06-22;"";11242.1;INTERNET MOVEL 2;0.00
2020-06-23;"";8797.9;INTERNET MOVEL 2;0.00
2020-06-24;"";11114.1;INTERNET MOVEL 2;0.00
2020-06-25;"";20547.8;INTERNET MOVEL 2;0.00
2020-06-26;"";37709.2;INTERNET MOVEL 2;0.00
2020-06-27;"";12600.9;INTERNET MOVEL 2;0.00
2020-06-28;"";42425.4;INTERNET MOVEL 2;0.00
2020-06-29;"";21499.5;INTERNET MOVEL 2;0.00
2020-06-30;"";60218.5;INTERNET MOVEL 2;0.00
