data_hora_inicio;nro_telefone_chamado;duracao_ligacao;desc_categoria;valor_ligacao
2020-06-25 10:37:43;61  981219129;108.0;Para Celulares de Outras Operadoras;
2020-06-22 10:31:55;11  985555121;19.0;Para Celulares Vivo;
2020-06-12 13:33:01;55  991495396;5.0;Para Celulares de Outras Operadoras;
2020-06-12 09:54:49;55  999087467;21.0;Para Celulares Vivo;
2020-06-11 11:35:56;55  999384163;15.0;Para Celulares Vivo;
2020-06-23 10:14:29;51  30843236;9.0;Para Fixo de Outras Operadoras;
2020-06-22 11:33:39;51  30843236;98.0;Para Fixo de Outras Operadoras;
2020-06-08 09:47:50;51  33598855;14.0;Para Fixo de Outras Operadoras;
2020-06-08 09:40:26;51  40042040;67.0;Para Fixo de Outras Operadoras;
2020-06-08 09:38:09;51  40042040;9.0;Para Fixo de Outras Operadoras;
2020-06-08 08:48:15;51  35894426;5.0;Para Fixo de Outras Operadoras;
2020-06-04 15:06:30;51  991025175;59.0;Para Celulares de Outras Operadoras;
2020-06-30 14:09:04;51  981148539;56.0;Para Fixo Vivo;
2020-06-08 10:15:41;51  33335767;70.0;Para Fixo Vivo;
2020-06-08 10:09:19;51  33335767;16.0;Para Fixo Vivo;
2020-06-08 10:00:42;51  33335767;83.0;Para Fixo Vivo;
2020-06-08 09:33:02;51  21364100;43.0;Para Fixo Vivo;
2020-06-30 11:51:16;51  999112519;71.0;Para Celulares Vivo;
2020-06-29 15:58:23;51  998664267;67.0;Para Celulares Vivo;
2020-06-26 17:30:25;51  995991698;18.0;Para Celulares Vivo;
2020-06-24 09:34:25;51  989028545;7.0;Para Celulares Vivo;
2020-06-22 15:32:10;51  999112519;13.0;Para Celulares Vivo;
2020-06-20 18:24:54;51  991810752;8.0;Para Celulares Vivo;
2020-06-16 09:04:44;51  991810752;5.0;Para Celulares Vivo;
2020-06-16 09:03:58;51  991810752;6.0;Para Celulares Vivo;
2020-06-15 14:06:00;51  991810752;6.0;Para Celulares Vivo;
2020-06-08 13:49:04;51  992320707;249.0;Para Celulares Vivo;
2020-06-04 08:49:44;51  991810752;14.0;Para Celulares Vivo;
2020-06-01;"";1505.0;INTERNET MOVEL 2;0.00
2020-06-02;"";29389.9;INTERNET MOVEL 2;0.00
2020-06-03;"";118703.4;INTERNET MOVEL 2;0.00
2020-06-04;"";125772.0;INTERNET MOVEL 2;0.00
2020-06-05;"";55929.5;INTERNET MOVEL 2;0.00
2020-06-06;"";2737.0;INTERNET MOVEL 2;0.00
2020-06-07;"";1455.0;INTERNET MOVEL 2;0.00
2020-06-08;"";15176.9;INTERNET MOVEL 2;0.00
2020-06-09;"";4091.5;INTERNET MOVEL 2;0.00
2020-06-10;"";65656.1;INTERNET MOVEL 2;0.00
2020-06-11;"";42753.0;INTERNET MOVEL 2;0.00
2020-06-12;"";58209.7;INTERNET MOVEL 2;0.00
2020-06-13;"";1439.0;INTERNET MOVEL 2;0.00
2020-06-14;"";55278.0;INTERNET MOVEL 2;0.00
2020-06-15;"";5146.0;INTERNET MOVEL 2;0.00
2020-06-16;"";12913.9;INTERNET MOVEL 2;0.00
2020-06-17;"";11600.9;INTERNET MOVEL 2;0.00
2020-06-18;"";2955.1;INTERNET MOVEL 2;0.00
2020-06-19;"";21396.7;INTERNET MOVEL 2;0.00
2020-06-20;"";42826.3;INTERNET MOVEL 2;0.00
2020-06-21;"";2133.0;INTERNET MOVEL 2;0.00
2020-06-22;"";1917.4;INTERNET MOVEL 2;0.00
2020-06-23;"";14319.0;INTERNET MOVEL 2;0.00
2020-06-24;"";718.0;INTERNET MOVEL 2;0.00
2020-06-25;"";9475.3;INTERNET MOVEL 2;0.00
2020-06-26;"";1551.1;INTERNET MOVEL 2;0.00
2020-06-27;"";1514.0;INTERNET MOVEL 2;0.00
2020-06-28;"";548.0;INTERNET MOVEL 2;0.00
2020-06-29;"";36211.2;INTERNET MOVEL 2;0.00
2020-06-30;"";2713.9;INTERNET MOVEL 2;0.00
