data_hora_inicio;nro_telefone_chamado;duracao_ligacao;desc_categoria;valor_ligacao
2020-06-01 20:07:44;51  989316913;13.0;Para Celulares de Outras Operadoras;
2020-06-01 20:06:55;51  989316913;5.0;Para Celulares de Outras Operadoras;
2020-06-01 19:52:04;51  991120751;8.0;Para Celulares de Outras Operadoras;
2020-06-30 18:12:31;51  994172535;22.0;Para Celulares de Outras Operadoras;
2020-06-29 18:57:48;51  994172535;27.0;Para Celulares de Outras Operadoras;
2020-06-29 07:45:07;51  985601400;26.0;Para Celulares de Outras Operadoras;
2020-06-28 14:00:43;51  991120751;14.0;Para Celulares de Outras Operadoras;
2020-06-22 21:56:21;51  984594705;37.0;Para Celulares de Outras Operadoras;
2020-06-22 09:18:56;51  992477479;11.0;Para Celulares de Outras Operadoras;
2020-06-20 13:07:38;51  992477479;5.0;Para Celulares de Outras Operadoras;
2020-06-15 20:15:44;51  994172535;19.0;Para Celulares de Outras Operadoras;
2020-06-15 14:32:00;51  989316913;42.0;Para Celulares de Outras Operadoras;
2020-06-08 20:28:57;51  994172535;45.0;Para Celulares de Outras Operadoras;
2020-06-08 09:54:07;51  985110241;12.0;Para Celulares de Outras Operadoras;
2020-06-05 08:57:17;51  992797780;20.0;Para Celulares de Outras Operadoras;
2020-06-02 16:53:27;51  992943448;50.0;Para Fixo Vivo;
2020-06-29 07:48:10;51  998851856;16.0;Para Celulares Vivo;
2020-06-24 11:05:00;51  998851856;16.0;Para Celulares Vivo;
2020-06-24 08:15:54;51  991026438;5.0;Para Celulares Vivo;
2020-06-23 10:06:05;51  998851856;32.0;Para Celulares Vivo;
2020-06-23 07:50:05;51  991026438;5.0;Para Celulares Vivo;
2020-06-22 08:55:23;51  998851856;10.0;Para Celulares Vivo;
2020-06-17 09:00:12;51  998851856;6.0;Para Celulares Vivo;
2020-06-15 10:32:46;51  998851856;63.0;Para Celulares Vivo;
2020-06-10 13:51:15;51  998851856;33.0;Para Celulares Vivo;
2020-06-05 09:12:40;51  991026438;8.0;Para Celulares Vivo;
2020-06-01;"";117067.3;INTERNET MOVEL 2;0.00
2020-06-02;"";237329.2;INTERNET MOVEL 2;0.00
2020-06-03;"";126133.7;INTERNET MOVEL 2;0.00
2020-06-04;"";175825.4;INTERNET MOVEL 2;0.00
2020-06-05;"";223046.1;INTERNET MOVEL 2;0.00
2020-06-06;"";56531.7;INTERNET MOVEL 2;0.00
2020-06-07;"";212361.7;INTERNET MOVEL 2;0.00
2020-06-08;"";27328.6;INTERNET MOVEL 2;0.00
2020-06-09;"";1925.0;INTERNET MOVEL 2;0.00
2020-06-10;"";112242.4;INTERNET MOVEL 2;0.00
2020-06-11;"";642.0;INTERNET MOVEL 2;0.00
2020-06-12;"";117734.1;INTERNET MOVEL 2;0.00
2020-06-13;"";827.0;INTERNET MOVEL 2;0.00
2020-06-14;"";121873.1;INTERNET MOVEL 2;0.00
2020-06-15;"";181940.9;INTERNET MOVEL 2;0.00
2020-06-16;"";86951.1;INTERNET MOVEL 2;0.00
2020-06-17;"";89033.9;INTERNET MOVEL 2;0.00
2020-06-18;"";66435.3;INTERNET MOVEL 2;0.00
2020-06-19;"";79528.3;INTERNET MOVEL 2;0.00
2020-06-20;"";42360.3;INTERNET MOVEL 2;0.00
2020-06-21;"";8576.5;INTERNET MOVEL 2;0.00
2020-06-22;"";20479.6;INTERNET MOVEL 2;0.00
2020-06-23;"";118715.3;INTERNET MOVEL 2;0.00
2020-06-24;"";117949.9;INTERNET MOVEL 2;0.00
2020-06-25;"";49316.8;INTERNET MOVEL 2;0.00
2020-06-26;"";109086.7;INTERNET MOVEL 2;0.00
2020-06-27;"";465.0;INTERNET MOVEL 2;0.00
2020-06-28;"";209333.9;INTERNET MOVEL 2;0.00
2020-06-29;"";456.0;INTERNET MOVEL 2;0.00
2020-06-30;"";26489.8;INTERNET MOVEL 2;0.00
