data_hora_inicio;nro_telefone_chamado;duracao_ligacao;desc_categoria;valor_ligacao
2020-06-29 11:14:40;"";1.0;ADICIONAL;0.00
2020-06-29 11:00:35;"";1.0;ADICIONAL;0.00
2020-06-29 10:20:58;"";1.0;ADICIONAL;0.00
2020-06-27 16:11:21;"";1.0;ADICIONAL;0.00
2020-06-27 10:49:52;"";1.0;ADICIONAL;0.00
2020-06-27 10:36:56;"";1.0;ADICIONAL;0.00
2020-06-27 10:30:28;"";1.0;ADICIONAL;0.00
2020-06-25 19:41:36;"";1.0;ADICIONAL;0.00
2020-06-23 07:51:07;"";1.0;ADICIONAL;0.00
2020-06-21 20:22:12;"";1.0;ADICIONAL;0.00
2020-06-17 17:48:01;"";1.0;ADICIONAL;0.00
2020-06-17 15:13:05;"";1.0;ADICIONAL;0.00
2020-06-15 14:28:48;"";1.0;ADICIONAL;0.00
2020-06-14 13:17:28;"";1.0;ADICIONAL;0.00
2020-06-13 20:11:46;"";1.0;ADICIONAL;0.00
2020-06-12 17:37:23;"";1.0;ADICIONAL;0.00
2020-06-11 17:56:01;"";1.0;ADICIONAL;0.00
2020-06-11 11:59:41;"";1.0;ADICIONAL;0.00
2020-06-10 20:25:45;"";1.0;ADICIONAL;0.00
2020-06-10 17:50:28;"";1.0;ADICIONAL;0.00
2020-06-10 17:17:46;"";1.0;ADICIONAL;0.00
2020-06-10 15:04:05;"";1.0;ADICIONAL;0.00
2020-06-10 14:02:48;"";1.0;ADICIONAL;0.00
2020-06-09 19:02:59;"";1.0;ADICIONAL;0.00
2020-06-08 20:01:24;"";1.0;ADICIONAL;0.00
2020-06-08 15:49:08;"";1.0;ADICIONAL;0.00
2020-06-08 14:14:40;"";1.0;ADICIONAL;0.00
2020-06-08 09:26:40;"";1.0;ADICIONAL;0.00
2020-06-06 15:52:22;"";1.0;ADICIONAL;0.00
2020-06-05 20:12:09;"";1.0;ADICIONAL;0.00
2020-06-05 19:49:32;"";1.0;ADICIONAL;0.00
2020-06-05 16:42:51;"";1.0;ADICIONAL;0.00
2020-06-05 15:04:19;"";1.0;ADICIONAL;0.00
2020-06-04 11:06:18;"";1.0;ADICIONAL;0.00
2020-06-04 08:19:16;"";1.0;ADICIONAL;0.00
2020-06-23 15:56:13;51  991004412;66.0;Para Celulares de Outras Operadoras;
2020-06-23 14:08:19;11  950760797;26.0;Para Celulares de Outras Operadoras;
2020-06-15 13:59:36;51  999447583;23.0;Para Celulares de Outras Operadoras;
2020-06-15 13:55:12;64  999664712;9.0;Para Celulares de Outras Operadoras;
2020-06-14 10:53:33;64  999664712;16.0;Para Celulares de Outras Operadoras;
2020-06-13 14:20:52;64  999664712;11.0;Para Celulares de Outras Operadoras;
2020-06-10 14:23:00;51  991004412;11.0;Para Celulares de Outras Operadoras;
2020-06-10 14:15:30;51  991004412;69.0;Para Celulares de Outras Operadoras;
2020-06-09 18:23:52;51  991004412;84.0;Para Celulares de Outras Operadoras;
2020-06-27 14:01:36;51  984468666;89.0;Para Fixo Vivo;
2020-06-30 14:43:54;51  992592954;10.0;Para Celulares Vivo;
2020-06-30 12:12:51;51  995838788;6.0;Para Celulares Vivo;
2020-06-29 15:56:26;51  996730387;33.0;Para Celulares Vivo;
2020-06-27 14:11:09;51  996730387;19.0;Para Celulares Vivo;
2020-06-27 13:53:02;51  996730387;43.0;Para Celulares Vivo;
2020-06-27 13:51:37;51  996730387;5.0;Para Celulares Vivo;
2020-06-22 15:01:56;51  991813564;19.0;Para Celulares Vivo;
2020-06-16 21:25:53;51  995838788;63.0;Para Celulares Vivo;
2020-06-15 15:32:09;51  994053722;36.0;Para Celulares Vivo;
2020-06-14 15:09:38;51  991259818;10.0;Para Celulares Vivo;
2020-06-13 09:26:18;51  991259818;5.0;Para Celulares Vivo;
2020-06-11 11:44:31;51  993320327;16.0;Para Celulares Vivo;
2020-06-10 18:17:07;51  993320327;7.0;Para Celulares Vivo;
2020-06-10 14:14:06;51  993189322;5.0;Para Celulares Vivo;
2020-06-09 18:56:24;51  994053722;5.0;Para Celulares Vivo;
2020-06-08 19:35:37;51  991259818;5.0;Para Celulares Vivo;
2020-06-08 06:30:59;51  993320327;8.0;Para Celulares Vivo;
2020-06-05 15:05:45;51  993320327;17.0;Para Celulares Vivo;
2020-06-05 08:15:53;51  995855549;134.0;Para Celulares Vivo;
2020-06-04 11:01:08;51  994053722;14.0;Para Celulares Vivo;
2020-06-03 12:11:20;51  994053722;5.0;Para Celulares Vivo;
2020-06-30 14:43:54;51  992592954;0.0;Adicional por Ligacoes Realizadas;
2020-06-30 12:12:51;51  995838788;0.0;Adicional por Ligacoes Realizadas;
2020-06-29 15:56:26;51  996730387;0.0;Adicional por Ligacoes Realizadas;
2020-06-27 14:11:09;51  996730387;0.0;Adicional por Ligacoes Realizadas;
2020-06-27 14:01:36;51  984468666;0.0;Adicional por Ligacoes Realizadas;
2020-06-27 13:53:02;51  996730387;0.0;Adicional por Ligacoes Realizadas;
2020-06-27 13:51:37;51  996730387;0.0;Adicional por Ligacoes Realizadas;
2020-06-23 15:56:13;51  991004412;0.0;Adicional por Ligacoes Realizadas;
2020-06-23 14:08:19;11  950760797;0.0;Adicional por Ligacoes Realizadas;
2020-06-22 15:01:56;51  991813564;0.0;Adicional por Ligacoes Realizadas;
2020-06-19 19:48:56;64  992784016;0.0;Adicional por Ligacoes Realizadas;
2020-06-19 19:30:34;64  992784016;0.0;Adicional por Ligacoes Realizadas;
2020-06-16 21:25:53;51  995838788;0.0;Adicional por Ligacoes Realizadas;
2020-06-15 15:32:09;51  994053722;0.0;Adicional por Ligacoes Realizadas;
2020-06-15 13:59:36;51  999447583;0.0;Adicional por Ligacoes Realizadas;
2020-06-15 13:55:12;64  999664712;0.0;Adicional por Ligacoes Realizadas;
2020-06-14 15:09:38;51  991259818;0.0;Adicional por Ligacoes Realizadas;
2020-06-14 10:53:33;64  999664712;0.0;Adicional por Ligacoes Realizadas;
2020-06-13 14:20:52;64  999664712;0.0;Adicional por Ligacoes Realizadas;
2020-06-13 09:26:18;51  991259818;0.0;Adicional por Ligacoes Realizadas;
2020-06-11 11:44:31;51  993320327;0.0;Adicional por Ligacoes Realizadas;
2020-06-10 18:17:07;51  993320327;0.0;Adicional por Ligacoes Realizadas;
2020-06-10 14:23:00;51  991004412;0.0;Adicional por Ligacoes Realizadas;
2020-06-10 14:15:30;51  991004412;0.0;Adicional por Ligacoes Realizadas;
2020-06-10 14:14:06;51  993189322;0.0;Adicional por Ligacoes Realizadas;
2020-06-10 08:47:54;41  985079902;0.0;Adicional por Ligacoes Realizadas;
2020-06-09 18:56:24;51  994053722;0.0;Adicional por Ligacoes Realizadas;
2020-06-09 18:23:52;51  991004412;0.0;Adicional por Ligacoes Realizadas;
2020-06-08 19:35:37;51  991259818;0.0;Adicional por Ligacoes Realizadas;
2020-06-08 06:30:59;51  993320327;0.0;Adicional por Ligacoes Realizadas;
2020-06-05 15:05:45;51  993320327;0.0;Adicional por Ligacoes Realizadas;
2020-06-05 08:58:32;41  985079902;0.0;Adicional por Ligacoes Realizadas;
2020-06-05 08:15:53;51  995855549;0.0;Adicional por Ligacoes Realizadas;
2020-06-04 11:01:08;51  994053722;0.0;Adicional por Ligacoes Realizadas;
2020-06-03 12:11:20;51  994053722;0.0;Adicional por Ligacoes Realizadas;
2020-06-29 11:14:40;    ;5.0;Chamadas de Longa Distancia para Outros Estados;
2020-06-29 11:00:35;    ;5.0;Chamadas de Longa Distancia para Outros Estados;
2020-06-29 10:20:58;    ;5.0;Chamadas de Longa Distancia para Outros Estados;
2020-06-27 16:11:21;    ;5.0;Chamadas de Longa Distancia para Outros Estados;
2020-06-27 10:49:52;    ;11.0;Chamadas de Longa Distancia para Outros Estados;
2020-06-27 10:36:56;    ;89.0;Chamadas de Longa Distancia para Outros Estados;
2020-06-27 10:30:28;    ;61.0;Chamadas de Longa Distancia para Outros Estados;
2020-06-25 19:41:36;    ;20.0;Chamadas de Longa Distancia para Outros Estados;
2020-06-23 07:51:07;    ;23.0;Chamadas de Longa Distancia para Outros Estados;
2020-06-21 20:22:12;    ;5.0;Chamadas de Longa Distancia para Outros Estados;
2020-06-17 17:48:01;    ;34.0;Chamadas de Longa Distancia para Outros Estados;
2020-06-17 15:13:05;    ;35.0;Chamadas de Longa Distancia para Outros Estados;
2020-06-15 14:28:48;    ;5.0;Chamadas de Longa Distancia para Outros Estados;
2020-06-14 13:17:28;    ;5.0;Chamadas de Longa Distancia para Outros Estados;
2020-06-13 20:11:46;    ;5.0;Chamadas de Longa Distancia para Outros Estados;
2020-06-12 17:37:23;    ;32.0;Chamadas de Longa Distancia para Outros Estados;
2020-06-11 17:56:01;    ;163.0;Chamadas de Longa Distancia para Outros Estados;
2020-06-11 11:59:41;    ;10.0;Chamadas de Longa Distancia para Outros Estados;
2020-06-10 20:25:45;    ;5.0;Chamadas de Longa Distancia para Outros Estados;
2020-06-10 17:50:28;    ;9.0;Chamadas de Longa Distancia para Outros Estados;
2020-06-10 17:17:46;    ;8.0;Chamadas de Longa Distancia para Outros Estados;
2020-06-10 15:04:05;    ;70.0;Chamadas de Longa Distancia para Outros Estados;
2020-06-10 14:02:48;    ;17.0;Chamadas de Longa Distancia para Outros Estados;
2020-06-09 19:02:59;    ;5.0;Chamadas de Longa Distancia para Outros Estados;
2020-06-08 20:01:24;    ;5.0;Chamadas de Longa Distancia para Outros Estados;
2020-06-08 15:49:08;    ;8.0;Chamadas de Longa Distancia para Outros Estados;
2020-06-08 14:14:40;    ;6.0;Chamadas de Longa Distancia para Outros Estados;
2020-06-08 09:26:40;    ;13.0;Chamadas de Longa Distancia para Outros Estados;
2020-06-06 15:52:22;    ;27.0;Chamadas de Longa Distancia para Outros Estados;
2020-06-05 20:12:09;    ;9.0;Chamadas de Longa Distancia para Outros Estados;
2020-06-05 19:49:32;    ;6.0;Chamadas de Longa Distancia para Outros Estados;
2020-06-05 16:42:51;    ;5.0;Chamadas de Longa Distancia para Outros Estados;
2020-06-05 15:04:19;    ;11.0;Chamadas de Longa Distancia para Outros Estados;
2020-06-04 11:06:18;    ;14.0;Chamadas de Longa Distancia para Outros Estados;
2020-06-04 08:19:16;    ;5.0;Chamadas de Longa Distancia para Outros Estados;
2020-06-19 19:48:56;64  992784016;19.0;Para Celulares de Outras Operadoras;
2020-06-19 19:30:34;64  992784016;16.0;Para Celulares de Outras Operadoras;
2020-06-10 08:47:54;41  985079902;5.0;Para Celulares de Outras Operadoras;
2020-06-05 08:58:32;41  985079902;7.0;Para Celulares de Outras Operadoras;
