data_hora_inicio;nro_telefone_chamado;duracao_ligacao;desc_categoria;valor_ligacao
2020-06-01 16:11:55;"";1.0;ADICIONAL;0.00
2020-06-30 10:28:19;"";1.0;ADICIONAL;0.00
2020-06-27 19:23:19;"";1.0;ADICIONAL;0.00
2020-06-25 20:38:28;"";1.0;ADICIONAL;0.00
2020-06-22 10:32:09;"";1.0;ADICIONAL;0.00
2020-06-19 14:36:29;"";1.0;ADICIONAL;0.00
2020-06-19 09:40:01;"";1.0;ADICIONAL;0.00
2020-06-18 17:30:42;"";1.0;ADICIONAL;0.00
2020-06-16 18:05:01;"";1.0;ADICIONAL;0.00
2020-06-16 15:00:22;"";1.0;ADICIONAL;0.00
2020-06-15 15:41:28;5141185334;1.0;ADICIONAL;0.00
2020-06-10 18:23:38;"";1.0;ADICIONAL;0.00
2020-06-07 10:37:35;"";1.0;ADICIONAL;0.00
2020-06-05 10:15:56;"";1.0;ADICIONAL;0.00
2020-06-25 21:06:35;54  991526411;122.0;Para Celulares de Outras Operadoras;
2020-06-19 14:25:59;51  992592845;7.0;Para Celulares Vivo;
2020-06-16 14:36:39;51  996922316;233.0;Para Celulares Vivo;
2020-06-10 18:22:29;51  992592845;5.0;Para Celulares Vivo;
2020-06-27 19:00:06;91  982164345;0.0;Adicional por Ligacoes Realizadas;
2020-06-27 18:57:17;91  982164345;0.0;Adicional por Ligacoes Realizadas;
2020-06-25 21:06:35;54  991526411;0.0;Adicional por Ligacoes Realizadas;
2020-06-23 12:49:23;91  32317225;0.0;Adicional por Ligacoes Realizadas;
2020-06-21 18:39:32;91  982164345;0.0;Adicional por Ligacoes Realizadas;
2020-06-19 14:25:59;51  992592845;0.0;Adicional por Ligacoes Realizadas;
2020-06-18 17:46:09;91  991431220;0.0;Adicional por Ligacoes Realizadas;
2020-06-16 14:36:39;51  996922316;0.0;Adicional por Ligacoes Realizadas;
2020-06-14 19:12:57;91  982164345;0.0;Adicional por Ligacoes Realizadas;
2020-06-10 18:22:29;51  992592845;0.0;Adicional por Ligacoes Realizadas;
2020-06-09 19:09:29;91  993913686;0.0;Adicional por Ligacoes Realizadas;
2020-06-09 19:07:09;91  993913686;0.0;Adicional por Ligacoes Realizadas;
2020-06-08 19:41:34;91  32317225;0.0;Adicional por Ligacoes Realizadas;
2020-06-30 10:28:19;    ;28.0;Chamadas de Longa Distancia para Outros Estados;
2020-06-27 19:23:19;    ;33.0;Chamadas de Longa Distancia para Outros Estados;
2020-06-25 20:38:28;    ;128.0;Chamadas de Longa Distancia para Outros Estados;
2020-06-22 10:32:09;    ;98.0;Chamadas de Longa Distancia para Outros Estados;
2020-06-19 14:36:29;    ;29.0;Chamadas de Longa Distancia para Outros Estados;
2020-06-19 09:40:01;    ;62.0;Chamadas de Longa Distancia para Outros Estados;
2020-06-18 17:30:42;    ;107.0;Chamadas de Longa Distancia para Outros Estados;
2020-06-16 18:05:01;    ;10.0;Chamadas de Longa Distancia para Outros Estados;
2020-06-16 15:00:22;    ;95.0;Chamadas de Longa Distancia para Outros Estados;
2020-06-15 15:41:28;51  41185334;5.0;Chamadas de Longa Distancia para Outros Estados;
2020-06-10 18:23:38;    ;90.0;Chamadas de Longa Distancia para Outros Estados;
2020-06-07 10:37:35;    ;181.0;Chamadas de Longa Distancia para Outros Estados;
2020-06-05 10:15:56;    ;92.0;Chamadas de Longa Distancia para Outros Estados;
2020-06-01 16:11:55;    ;60.0;Chamadas de Longa Distancia para Outros Estados;
2020-06-23 12:49:23;91  32317225;5.0;Para Fixo de Outras Operadoras;
2020-06-08 19:41:34;91  32317225;9.0;Para Fixo de Outras Operadoras;
2020-06-27 19:00:06;91  982164345;6.0;Para Celulares de Outras Operadoras;
2020-06-27 18:57:17;91  982164345;5.0;Para Celulares de Outras Operadoras;
2020-06-21 18:39:32;91  982164345;40.0;Para Celulares de Outras Operadoras;
2020-06-14 19:12:57;91  982164345;79.0;Para Celulares de Outras Operadoras;
2020-06-18 17:46:09;91  991431220;253.0;Para Celulares Vivo;
2020-06-09 19:09:29;91  993913686;267.0;Para Celulares Vivo;
2020-06-09 19:07:09;91  993913686;21.0;Para Celulares Vivo;
2020-06-28;"";3.0;INTERNET MOVEL 2;0.00
