data_hora_inicio;nro_telefone_chamado;duracao_ligacao;desc_categoria;valor_ligacao
2020-06-01 16:01:35;53  32320241;26.0;Para Fixo de Outras Operadoras;
2020-06-01 16:00:44;53  32320241;6.0;Para Fixo de Outras Operadoras;
2020-06-01 12:11:20;53  984548363;21.0;Para Celulares de Outras Operadoras;
2020-06-01 12:04:13;53  984548363;5.0;Para Celulares de Outras Operadoras;
2020-06-01 09:58:48;53  984548363;10.0;Para Celulares de Outras Operadoras;
2020-06-01 09:49:48;53  984548363;7.0;Para Celulares de Outras Operadoras;
2020-06-01 12:05:05;53  999971190;5.0;Para Celulares Vivo;
2020-06-22 17:49:13;53  984548363;5.0;De Celulares Vivo;
2020-06-18 15:10:51;53  984548363;5.0;De Celulares Vivo;
2020-06-18 14:57:07;53  984548363;5.0;De Celulares Vivo;
2020-06-18 14:36:44;53  984548363;5.0;De Celulares Vivo;
2020-06-18 14:25:20;53  984548363;5.0;De Celulares Vivo;
2020-06-16 11:57:43;53  984548363;5.0;De Celulares Vivo;
2020-06-15 12:13:20;53  984548363;5.0;De Celulares Vivo;
2020-06-15 12:00:57;53  984548363;5.0;De Celulares Vivo;
2020-06-15 11:06:17;53  984548363;5.0;De Celulares Vivo;
2020-06-06 16:17:28;53  984548363;5.0;De Celulares Vivo;
2020-06-05 16:40:27;53  984548363;5.0;De Celulares Vivo;
2020-06-01 12:10:30;53  984548363;5.0;De Celulares Vivo;
2020-06-01 12:03:50;53  984548363;5.0;De Celulares Vivo;
2020-06-20 21:44:19;*5  55;5.0;"";
2020-06-18 14:48:09;53  32320241;5.0;Para Fixo de Outras Operadoras;
2020-06-18 14:27:42;53  32320241;14.0;Para Fixo de Outras Operadoras;
2020-06-15 09:04:01;53  32324966;5.0;Para Fixo de Outras Operadoras;
2020-06-13 11:21:11;53  32324966;14.0;Para Fixo de Outras Operadoras;
2020-06-12 13:58:32;53  32320241;7.0;Para Fixo de Outras Operadoras;
2020-06-10 19:26:40;53  32308093;14.0;Para Fixo de Outras Operadoras;
2020-06-05 10:40:43;53  32012785;6.0;Para Fixo de Outras Operadoras;
2020-06-24 14:04:25;53  984548363;5.0;Para Celulares de Outras Operadoras;
2020-06-24 13:22:55;53  981005341;5.0;Para Celulares de Outras Operadoras;
2020-06-24 13:20:34;53  981005341;18.0;Para Celulares de Outras Operadoras;
2020-06-24 11:22:38;53  984548363;8.0;Para Celulares de Outras Operadoras;
2020-06-23 14:29:59;53  999836061;6.0;Para Celulares de Outras Operadoras;
2020-06-22 18:27:20;53  984548363;10.0;Para Celulares de Outras Operadoras;
2020-06-22 17:52:12;53  984548363;5.0;Para Celulares de Outras Operadoras;
2020-06-22 17:49:35;53  984548363;5.0;Para Celulares de Outras Operadoras;
2020-06-22 17:45:39;53  984548363;10.0;Para Celulares de Outras Operadoras;
2020-06-22 17:32:36;53  984548363;7.0;Para Celulares de Outras Operadoras;
2020-06-22 16:43:44;53  981522372;6.0;Para Celulares de Outras Operadoras;
2020-06-22 16:33:41;53  981522372;9.0;Para Celulares de Outras Operadoras;
2020-06-22 16:23:19;53  984548363;9.0;Para Celulares de Outras Operadoras;
2020-06-21 19:42:54;53  984329929;15.0;Para Celulares de Outras Operadoras;
2020-06-20 18:27:24;53  984329929;19.0;Para Celulares de Outras Operadoras;
2020-06-19 17:59:59;53  991572048;88.0;Para Celulares de Outras Operadoras;
2020-06-19 16:41:51;53  991552528;5.0;Para Celulares de Outras Operadoras;
2020-06-19 16:12:58;53  981005341;19.0;Para Celulares de Outras Operadoras;
2020-06-19 12:25:26;53  991552528;29.0;Para Celulares de Outras Operadoras;
2020-06-19 12:20:53;53  981005341;5.0;Para Celulares de Outras Operadoras;
2020-06-19 12:07:03;53  991572048;101.0;Para Celulares de Outras Operadoras;
2020-06-18 19:50:51;53  981005341;5.0;Para Celulares de Outras Operadoras;
2020-06-18 19:15:52;53  984631637;5.0;Para Celulares de Outras Operadoras;
2020-06-18 15:11:19;53  984548363;6.0;Para Celulares de Outras Operadoras;
2020-06-18 15:00:01;53  984548363;15.0;Para Celulares de Outras Operadoras;
2020-06-18 14:57:31;53  984548363;22.0;Para Celulares de Outras Operadoras;
2020-06-18 14:40:19;53  984548363;5.0;Para Celulares de Outras Operadoras;
2020-06-18 14:37:10;53  984548363;6.0;Para Celulares de Outras Operadoras;
2020-06-18 14:29:24;53  984548363;11.0;Para Celulares de Outras Operadoras;
2020-06-18 14:25:40;53  984548363;9.0;Para Celulares de Outras Operadoras;
2020-06-17 19:00:41;53  984548363;30.0;Para Celulares de Outras Operadoras;
2020-06-17 18:17:25;53  984548363;24.0;Para Celulares de Outras Operadoras;
2020-06-17 17:12:28;53  984548363;22.0;Para Celulares de Outras Operadoras;
2020-06-17 13:04:15;53  984548363;5.0;Para Celulares de Outras Operadoras;
2020-06-17 11:22:57;53  984548363;22.0;Para Celulares de Outras Operadoras;
2020-06-16 23:28:50;53  984548363;5.0;Para Celulares de Outras Operadoras;
2020-06-16 22:12:09;53  984548363;20.0;Para Celulares de Outras Operadoras;
2020-06-16 22:11:34;53  984548363;5.0;Para Celulares de Outras Operadoras;
2020-06-16 22:10:44;53  984548363;5.0;Para Celulares de Outras Operadoras;
2020-06-16 19:29:12;53  984548363;39.0;Para Celulares de Outras Operadoras;
2020-06-16 15:12:25;53  984548363;12.0;Para Celulares de Outras Operadoras;
2020-06-16 11:58:20;53  984548363;41.0;Para Celulares de Outras Operadoras;
2020-06-16 09:44:58;53  984548363;28.0;Para Celulares de Outras Operadoras;
2020-06-16 09:24:46;53  984548363;6.0;Para Celulares de Outras Operadoras;
2020-06-15 12:13:43;53  984548363;5.0;Para Celulares de Outras Operadoras;
2020-06-15 12:01:23;53  984548363;24.0;Para Celulares de Outras Operadoras;
2020-06-15 11:40:49;53  984548363;18.0;Para Celulares de Outras Operadoras;
2020-06-15 11:06:43;53  984548363;55.0;Para Celulares de Outras Operadoras;
2020-06-14 14:50:20;53  981522372;18.0;Para Celulares de Outras Operadoras;
2020-06-14 11:23:31;53  981005341;5.0;Para Celulares de Outras Operadoras;
2020-06-12 14:50:04;53  991572048;5.0;Para Celulares de Outras Operadoras;
2020-06-12 12:37:16;53  991572048;63.0;Para Celulares de Outras Operadoras;
2020-06-11 19:15:01;53  981005341;23.0;Para Celulares de Outras Operadoras;
2020-06-11 19:11:53;53  981264757;14.0;Para Celulares de Outras Operadoras;
2020-06-11 15:07:06;53  981264757;21.0;Para Celulares de Outras Operadoras;
2020-06-10 19:46:52;53  981264757;303.0;Para Celulares de Outras Operadoras;
2020-06-10 19:38:57;53  981264757;52.0;Para Celulares de Outras Operadoras;
2020-06-10 19:28:43;53  981264757;12.0;Para Celulares de Outras Operadoras;
2020-06-10 18:20:47;53  984548363;5.0;Para Celulares de Outras Operadoras;
2020-06-09 19:45:44;53  984548363;15.0;Para Celulares de Outras Operadoras;
2020-06-09 19:03:18;53  984548363;14.0;Para Celulares de Outras Operadoras;
2020-06-09 12:53:32;53  984548363;10.0;Para Celulares de Outras Operadoras;
2020-06-09 10:12:55;53  984548363;5.0;Para Celulares de Outras Operadoras;
2020-06-06 16:21:52;53  984548363;5.0;Para Celulares de Outras Operadoras;
2020-06-06 16:17:48;53  984548363;8.0;Para Celulares de Outras Operadoras;
2020-06-05 16:46:26;53  984548363;5.0;Para Celulares de Outras Operadoras;
2020-06-05 16:40:50;53  984548363;7.0;Para Celulares de Outras Operadoras;
2020-06-05 14:31:33;53  981324116;5.0;Para Celulares de Outras Operadoras;
2020-06-05 10:37:22;53  981005341;17.0;Para Celulares de Outras Operadoras;
2020-06-04 22:29:57;53  984548363;6.0;Para Celulares de Outras Operadoras;
2020-06-03 16:53:11;53  984548363;5.0;Para Celulares de Outras Operadoras;
2020-06-23 12:39:31;53  999453627;7.0;Para Celulares Vivo;
2020-06-22 21:55:51;53  999453627;16.0;Para Celulares Vivo;
2020-06-19 12:31:09;53  999453627;23.0;Para Celulares Vivo;
2020-06-16 23:25:12;53  999453627;5.0;Para Celulares Vivo;
2020-06-16 18:32:22;53  999453627;7.0;Para Celulares Vivo;
2020-06-16 08:33:56;53  999453627;5.0;Para Celulares Vivo;
2020-06-09 10:32:00;53  999429974;5.0;Para Celulares Vivo;
2020-06-05 10:54:33;53  999971190;8.0;Para Celulares Vivo;
2020-06-03 11:38:25;53  999971190;5.0;Para Celulares Vivo;
2020-06-01;"";5476.0;INTERNET MOVEL 2;0.00
2020-06-02;"";40828.2;INTERNET MOVEL 2;0.00
2020-06-03;"";459552.3;INTERNET MOVEL 2;0.00
2020-06-04;"";157024.8;INTERNET MOVEL 2;0.00
2020-06-05;"";210009.7;INTERNET MOVEL 2;0.00
2020-06-06;"";86318.4;INTERNET MOVEL 2;0.00
2020-06-07;"";990.0;INTERNET MOVEL 2;0.00
2020-06-08;"";73923.3;INTERNET MOVEL 2;0.00
2020-06-09;"";330721.9;INTERNET MOVEL 2;0.00
2020-06-10;"";171173.4;INTERNET MOVEL 2;0.00
2020-06-11;"";425.0;INTERNET MOVEL 2;0.00
2020-06-12;"";2537.0;INTERNET MOVEL 2;0.00
2020-06-13;"";4090.9;INTERNET MOVEL 2;0.00
2020-06-14;"";39035.0;INTERNET MOVEL 2;0.00
2020-06-15;"";110249.7;INTERNET MOVEL 2;0.00
2020-06-16;"";187985.0;INTERNET MOVEL 2;0.00
2020-06-17;"";127599.5;INTERNET MOVEL 2;0.00
2020-06-18;"";3933.0;INTERNET MOVEL 2;0.00
2020-06-19;"";21622.4;INTERNET MOVEL 2;0.00
2020-06-20;"";748.0;INTERNET MOVEL 2;0.00
2020-06-21;"";259.0;INTERNET MOVEL 2;0.00
2020-06-22;"";37419.2;INTERNET MOVEL 2;0.00
2020-06-23;"";9240.0;INTERNET MOVEL 2;0.00
2020-06-24;"";80825.1;INTERNET MOVEL 2;0.00
