data_hora_inicio;nro_telefone_chamado;duracao_ligacao;desc_categoria;valor_ligacao
2020-06-01 17:32:11;51  994633376;5.0;Para Celulares Vivo;
2020-06-26 10:25:34;51  33143838;85.0;Para Fixo de Outras Operadoras;
2020-06-09 18:05:47;51  30619999;25.0;Para Fixo Vivo;
2020-06-09 18:00:46;51  30619999;33.0;Para Fixo Vivo;
2020-06-23 12:44:51;51  994633376;5.0;Para Celulares Vivo;
2020-06-18 18:47:06;51  994633376;5.0;Para Celulares Vivo;
2020-06-14 15:38:59;51  994633376;15.0;Para Celulares Vivo;
2020-06-13 09:05:47;51  994633376;5.0;Para Celulares Vivo;
2020-06-12 18:24:02;51  994633376;12.0;Para Celulares Vivo;
2020-06-08 23:03:27;51  994633376;20.0;Para Celulares Vivo;
2020-06-08 17:19:11;51  994633376;5.0;Para Celulares Vivo;
2020-06-02 11:06:52;51  999854882;5.0;Para Celulares Vivo;
2020-06-02 11:06:18;51  999854882;5.0;Para Celulares Vivo;
2020-06-02 10:57:02;51  999854882;10.0;Para Celulares Vivo;
2020-06-01;"";11668.6;INTERNET MOVEL 2;0.00
2020-06-02;"";21546.4;INTERNET MOVEL 2;0.00
2020-06-03;"";235.0;INTERNET MOVEL 2;0.00
2020-06-04;"";361.0;INTERNET MOVEL 2;0.00
2020-06-05;"";348.0;INTERNET MOVEL 2;0.00
2020-06-06;"";465.0;INTERNET MOVEL 2;0.00
2020-06-07;"";10454.2;INTERNET MOVEL 2;0.00
2020-06-08;"";2322.9;INTERNET MOVEL 2;0.00
2020-06-09;"";343.0;INTERNET MOVEL 2;0.00
2020-06-10;"";318.0;INTERNET MOVEL 2;0.00
2020-06-11;"";10610.8;INTERNET MOVEL 2;0.00
2020-06-12;"";29182.8;INTERNET MOVEL 2;0.00
2020-06-13;"";451.0;INTERNET MOVEL 2;0.00
2020-06-14;"";3129.2;INTERNET MOVEL 2;0.00
2020-06-15;"";909.0;INTERNET MOVEL 2;0.00
2020-06-16;"";385.0;INTERNET MOVEL 2;0.00
2020-06-17;"";10348.4;INTERNET MOVEL 2;0.00
2020-06-18;"";31073.1;INTERNET MOVEL 2;0.00
2020-06-19;"";349.0;INTERNET MOVEL 2;0.00
2020-06-20;"";1085.2;INTERNET MOVEL 2;0.00
2020-06-21;"";310.0;INTERNET MOVEL 2;0.00
2020-06-22;"";320.0;INTERNET MOVEL 2;0.00
2020-06-23;"";20437.5;INTERNET MOVEL 2;0.00
2020-06-24;"";477.0;INTERNET MOVEL 2;0.00
2020-06-25;"";303.0;INTERNET MOVEL 2;0.00
2020-06-26;"";386.0;INTERNET MOVEL 2;0.00
2020-06-27;"";277.0;INTERNET MOVEL 2;0.00
2020-06-28;"";328.0;INTERNET MOVEL 2;0.00
2020-06-29;"";35303.0;INTERNET MOVEL 2;0.00
2020-06-30;"";266.0;INTERNET MOVEL 2;0.00
