data_hora_inicio;nro_telefone_chamado;duracao_ligacao;desc_categoria;valor_ligacao
2020-06-01 18:00:00;"";1.0;ADICIONAL;0.00
2020-06-28 19:30:41;"";1.0;ADICIONAL;0.00
2020-06-27 16:16:10;"";1.0;ADICIONAL;0.00
2020-06-27 10:55:33;"";1.0;ADICIONAL;0.00
2020-06-26 22:44:59;"";1.0;ADICIONAL;0.00
2020-06-17 18:27:27;"";1.0;ADICIONAL;0.00
2020-06-17 17:17:19;"";1.0;ADICIONAL;0.00
2020-06-17 13:11:10;"";1.0;ADICIONAL;0.00
2020-06-16 17:33:06;"";1.0;ADICIONAL;0.00
2020-06-16 16:23:36;"";1.0;ADICIONAL;0.00
2020-06-16 16:19:00;"";1.0;ADICIONAL;0.00
2020-06-16 15:36:18;"";1.0;ADICIONAL;0.00
2020-06-16 11:37:31;"";1.0;ADICIONAL;0.00
2020-06-16 08:44:10;"";1.0;ADICIONAL;0.00
2020-06-15 19:27:55;"";1.0;ADICIONAL;0.00
2020-06-15 11:05:54;"";1.0;ADICIONAL;0.00
2020-06-14 19:56:44;"";1.0;ADICIONAL;0.00
2020-06-12 11:13:15;"";1.0;ADICIONAL;0.00
2020-06-11 19:09:07;"";1.0;ADICIONAL;0.00
2020-06-10 20:30:32;"";1.0;ADICIONAL;0.00
2020-06-10 08:58:58;"";1.0;ADICIONAL;0.00
2020-06-09 16:39:51;"";1.0;ADICIONAL;0.00
2020-06-09 09:30:18;"";1.0;ADICIONAL;0.00
2020-06-09 08:58:17;"";1.0;ADICIONAL;0.00
2020-06-08 13:37:53;"";1.0;ADICIONAL;0.00
2020-06-08 08:56:00;"";1.0;ADICIONAL;0.00
2020-06-07 14:44:50;"";1.0;ADICIONAL;0.00
2020-06-04 21:16:26;"";1.0;ADICIONAL;0.00
2020-06-03 20:34:26;"";1.0;ADICIONAL;0.00
2020-06-03 18:00:22;"";1.0;ADICIONAL;0.00
2020-06-03 13:59:34;"";1.0;ADICIONAL;0.00
2020-06-02 20:36:21;"";1.0;ADICIONAL;0.00
2020-06-02 12:56:49;"";1.0;ADICIONAL;0.00
2020-06-02 07:41:08;"";1.0;ADICIONAL;0.00
2020-06-16 16:28:19;51  996922316;6.0;Para Celulares Vivo;
2020-06-16 11:30:50;51  995838788;10.0;Para Celulares Vivo;
2020-06-16 09:17:18;51  996922316;31.0;Para Celulares Vivo;
2020-06-16 09:05:09;51  996820018;60.0;Para Celulares Vivo;
2020-06-15 17:06:53;51  996922316;8.0;Para Celulares Vivo;
2020-06-15 14:31:38;51  991223844;14.0;Para Celulares Vivo;
2020-06-15 08:49:14;51  996820018;99.0;Para Celulares Vivo;
2020-06-11 13:37:44;51  996820018;47.0;Para Celulares Vivo;
2020-06-11 09:04:47;51  996820018;51.0;Para Celulares Vivo;
2020-06-09 08:29:15;51  991223844;11.0;Para Celulares Vivo;
2020-06-08 12:26:51;51  996922316;5.0;Para Celulares Vivo;
2020-06-08 08:16:16;51  991223844;8.0;Para Celulares Vivo;
2020-06-05 10:08:58;51  991223844;27.0;Para Celulares Vivo;
2020-06-05 10:06:03;51  996922316;23.0;Para Celulares Vivo;
2020-06-04 13:36:30;51  996820018;23.0;Para Celulares Vivo;
2020-06-04 09:35:33;51  996820018;9.0;Para Celulares Vivo;
2020-06-03 15:40:31;51  991225756;5.0;Para Celulares Vivo;
2020-06-03 13:41:34;51  991225756;7.0;Para Celulares Vivo;
2020-06-03 07:34:29;51  996820018;11.0;Para Celulares Vivo;
2020-06-02 10:00:00;51  992592959;11.0;Para Celulares Vivo;
2020-06-30 22:45:34;98  991392213;0.0;Adicional por Ligacoes Realizadas;
2020-06-30 21:54:58;98  988157636;0.0;Adicional por Ligacoes Realizadas;
2020-06-30 21:21:42;98  987389144;0.0;Adicional por Ligacoes Realizadas;
2020-06-30 20:35:06;98  991392213;0.0;Adicional por Ligacoes Realizadas;
2020-06-30 10:26:04;98  987295934;0.0;Adicional por Ligacoes Realizadas;
2020-06-30 08:03:58;98  987389144;0.0;Adicional por Ligacoes Realizadas;
2020-06-29 20:48:20;98  988157636;0.0;Adicional por Ligacoes Realizadas;
2020-06-29 20:45:55;98  992029199;0.0;Adicional por Ligacoes Realizadas;
2020-06-29 20:12:26;98  987295934;0.0;Adicional por Ligacoes Realizadas;
2020-06-29 15:24:32;*5  55;0.0;Adicional por Ligacoes Realizadas;
2020-06-29 11:45:03;98  987389144;0.0;Adicional por Ligacoes Realizadas;
2020-06-29 11:44:37;98  987389144;0.0;Adicional por Ligacoes Realizadas;
2020-06-27 19:21:18;98  988157636;0.0;Adicional por Ligacoes Realizadas;
2020-06-27 18:36:37;98  992029199;0.0;Adicional por Ligacoes Realizadas;
2020-06-27 17:53:46;98  992029199;0.0;Adicional por Ligacoes Realizadas;
2020-06-27 16:53:14;*5  55;0.0;Adicional por Ligacoes Realizadas;
2020-06-27 14:35:06;98  981693791;0.0;Adicional por Ligacoes Realizadas;
2020-06-27 14:34:07;98  981693791;0.0;Adicional por Ligacoes Realizadas;
2020-06-27 14:07:30;98  991392213;0.0;Adicional por Ligacoes Realizadas;
2020-06-26 21:11:57;98  992029199;0.0;Adicional por Ligacoes Realizadas;
2020-06-26 21:06:42;98  991392213;0.0;Adicional por Ligacoes Realizadas;
2020-06-26 17:46:33;98  991392213;0.0;Adicional por Ligacoes Realizadas;
2020-06-26 15:01:15;98  991392213;0.0;Adicional por Ligacoes Realizadas;
2020-06-26 13:12:00;98  991392213;0.0;Adicional por Ligacoes Realizadas;
2020-06-17 23:16:24;98  988157636;0.0;Adicional por Ligacoes Realizadas;
2020-06-17 18:34:37;98  988560995;0.0;Adicional por Ligacoes Realizadas;
2020-06-16 20:06:30;98  988157636;0.0;Adicional por Ligacoes Realizadas;
2020-06-16 16:28:19;51  996922316;0.0;Adicional por Ligacoes Realizadas;
2020-06-16 11:30:50;51  995838788;0.0;Adicional por Ligacoes Realizadas;
2020-06-16 09:17:18;51  996922316;0.0;Adicional por Ligacoes Realizadas;
2020-06-16 09:05:09;51  996820018;0.0;Adicional por Ligacoes Realizadas;
2020-06-15 17:06:53;51  996922316;0.0;Adicional por Ligacoes Realizadas;
2020-06-15 14:31:38;51  991223844;0.0;Adicional por Ligacoes Realizadas;
2020-06-15 08:49:14;51  996820018;0.0;Adicional por Ligacoes Realizadas;
2020-06-13 21:41:04;98  988157636;0.0;Adicional por Ligacoes Realizadas;
2020-06-13 20:18:47;98  988157636;0.0;Adicional por Ligacoes Realizadas;
2020-06-13 17:43:16;98  988157636;0.0;Adicional por Ligacoes Realizadas;
2020-06-13 11:33:42;98  981308654;0.0;Adicional por Ligacoes Realizadas;
2020-06-13 08:36:48;98  984213078;0.0;Adicional por Ligacoes Realizadas;
2020-06-12 19:44:03;98  988157636;0.0;Adicional por Ligacoes Realizadas;
2020-06-11 20:12:21;98  988157636;0.0;Adicional por Ligacoes Realizadas;
2020-06-11 13:37:44;51  996820018;0.0;Adicional por Ligacoes Realizadas;
2020-06-11 09:04:47;51  996820018;0.0;Adicional por Ligacoes Realizadas;
2020-06-09 08:29:15;51  991223844;0.0;Adicional por Ligacoes Realizadas;
2020-06-08 12:26:51;51  996922316;0.0;Adicional por Ligacoes Realizadas;
2020-06-08 08:16:16;51  991223844;0.0;Adicional por Ligacoes Realizadas;
2020-06-05 10:08:58;51  991223844;0.0;Adicional por Ligacoes Realizadas;
2020-06-05 10:06:03;51  996922316;0.0;Adicional por Ligacoes Realizadas;
2020-06-04 13:36:30;51  996820018;0.0;Adicional por Ligacoes Realizadas;
2020-06-04 09:35:33;51  996820018;0.0;Adicional por Ligacoes Realizadas;
2020-06-03 15:40:31;51  991225756;0.0;Adicional por Ligacoes Realizadas;
2020-06-03 13:41:34;51  991225756;0.0;Adicional por Ligacoes Realizadas;
2020-06-03 12:31:28;98  985347425;0.0;Adicional por Ligacoes Realizadas;
2020-06-03 11:52:30;98  985347425;0.0;Adicional por Ligacoes Realizadas;
2020-06-03 09:01:58;98  988157636;0.0;Adicional por Ligacoes Realizadas;
2020-06-03 07:34:29;51  996820018;0.0;Adicional por Ligacoes Realizadas;
2020-06-03 05:27:28;*5  55;0.0;Adicional por Ligacoes Realizadas;
2020-06-02 10:00:00;51  992592959;0.0;Adicional por Ligacoes Realizadas;
2020-06-28 19:30:41;    ;341.0;Chamadas de Longa Distancia para Outros Estados;
2020-06-27 16:16:10;    ;14.0;Chamadas de Longa Distancia para Outros Estados;
2020-06-27 10:55:33;    ;39.0;Chamadas de Longa Distancia para Outros Estados;
2020-06-26 22:44:59;    ;984.0;Chamadas de Longa Distancia para Outros Estados;
2020-06-17 18:27:27;    ;67.0;Chamadas de Longa Distancia para Outros Estados;
2020-06-17 17:17:19;    ;15.0;Chamadas de Longa Distancia para Outros Estados;
2020-06-17 13:11:10;    ;15.0;Chamadas de Longa Distancia para Outros Estados;
2020-06-16 17:33:06;    ;9.0;Chamadas de Longa Distancia para Outros Estados;
2020-06-16 16:23:36;    ;7.0;Chamadas de Longa Distancia para Outros Estados;
2020-06-16 16:19:00;    ;8.0;Chamadas de Longa Distancia para Outros Estados;
2020-06-16 15:36:18;    ;6.0;Chamadas de Longa Distancia para Outros Estados;
2020-06-16 11:37:31;    ;5.0;Chamadas de Longa Distancia para Outros Estados;
2020-06-16 08:44:10;    ;6.0;Chamadas de Longa Distancia para Outros Estados;
2020-06-15 19:27:55;    ;270.0;Chamadas de Longa Distancia para Outros Estados;
2020-06-15 11:05:54;    ;5.0;Chamadas de Longa Distancia para Outros Estados;
2020-06-14 19:56:44;    ;53.0;Chamadas de Longa Distancia para Outros Estados;
2020-06-12 11:13:15;    ;5.0;Chamadas de Longa Distancia para Outros Estados;
2020-06-11 19:09:07;    ;13.0;Chamadas de Longa Distancia para Outros Estados;
2020-06-10 20:30:32;    ;511.0;Chamadas de Longa Distancia para Outros Estados;
2020-06-10 08:58:58;    ;13.0;Chamadas de Longa Distancia para Outros Estados;
2020-06-09 16:39:51;    ;13.0;Chamadas de Longa Distancia para Outros Estados;
2020-06-09 09:30:18;    ;9.0;Chamadas de Longa Distancia para Outros Estados;
2020-06-09 08:58:17;    ;10.0;Chamadas de Longa Distancia para Outros Estados;
2020-06-08 13:37:53;    ;5.0;Chamadas de Longa Distancia para Outros Estados;
2020-06-08 08:56:00;    ;11.0;Chamadas de Longa Distancia para Outros Estados;
2020-06-07 14:44:50;    ;102.0;Chamadas de Longa Distancia para Outros Estados;
2020-06-04 21:16:26;    ;981.0;Chamadas de Longa Distancia para Outros Estados;
2020-06-03 20:34:26;    ;384.0;Chamadas de Longa Distancia para Outros Estados;
2020-06-03 18:00:22;    ;5.0;Chamadas de Longa Distancia para Outros Estados;
2020-06-03 13:59:34;    ;14.0;Chamadas de Longa Distancia para Outros Estados;
2020-06-02 20:36:21;    ;5.0;Chamadas de Longa Distancia para Outros Estados;
2020-06-02 12:56:49;    ;12.0;Chamadas de Longa Distancia para Outros Estados;
2020-06-02 07:41:08;    ;5.0;Chamadas de Longa Distancia para Outros Estados;
2020-06-01 18:00:00;    ;5.0;Chamadas de Longa Distancia para Outros Estados;
2020-06-29 15:24:32;*5  55;9.0;"";
2020-06-27 16:53:14;*5  55;5.0;"";
2020-06-03 05:27:28;*5  55;5.0;"";
2020-06-30 21:54:58;98  988157636;116.0;Para Celulares de Outras Operadoras;
2020-06-30 21:21:42;98  987389144;204.0;Para Celulares de Outras Operadoras;
2020-06-30 10:26:04;98  987295934;37.0;Para Celulares de Outras Operadoras;
2020-06-30 08:03:58;98  987389144;17.0;Para Celulares de Outras Operadoras;
2020-06-29 20:48:20;98  988157636;32.0;Para Celulares de Outras Operadoras;
2020-06-29 20:12:26;98  987295934;8.0;Para Celulares de Outras Operadoras;
2020-06-29 11:45:03;98  987389144;138.0;Para Celulares de Outras Operadoras;
2020-06-29 11:44:37;98  987389144;5.0;Para Celulares de Outras Operadoras;
2020-06-27 19:21:18;98  988157636;8.0;Para Celulares de Outras Operadoras;
2020-06-27 14:35:06;98  981693791;5.0;Para Celulares de Outras Operadoras;
2020-06-27 14:34:07;98  981693791;6.0;Para Celulares de Outras Operadoras;
2020-06-17 23:16:24;98  988157636;205.0;Para Celulares de Outras Operadoras;
2020-06-17 18:34:37;98  988560995;14.0;Para Celulares de Outras Operadoras;
2020-06-16 20:06:30;98  988157636;295.0;Para Celulares de Outras Operadoras;
2020-06-13 21:41:04;98  988157636;16.0;Para Celulares de Outras Operadoras;
2020-06-13 20:18:47;98  988157636;447.0;Para Celulares de Outras Operadoras;
2020-06-13 17:43:16;98  988157636;5.0;Para Celulares de Outras Operadoras;
2020-06-13 11:33:42;98  981308654;5.0;Para Celulares de Outras Operadoras;
2020-06-13 08:36:48;98  984213078;5.0;Para Celulares de Outras Operadoras;
2020-06-12 19:44:03;98  988157636;393.0;Para Celulares de Outras Operadoras;
2020-06-11 20:12:21;98  988157636;148.0;Para Celulares de Outras Operadoras;
2020-06-03 12:31:28;98  985347425;5.0;Para Celulares de Outras Operadoras;
2020-06-03 11:52:30;98  985347425;10.0;Para Celulares de Outras Operadoras;
2020-06-03 09:01:58;98  988157636;44.0;Para Celulares de Outras Operadoras;
2020-06-30 22:45:34;98  991392213;5.0;Para Celulares Vivo;
2020-06-30 20:35:06;98  991392213;13.0;Para Celulares Vivo;
2020-06-29 20:45:55;98  992029199;17.0;Para Celulares Vivo;
2020-06-27 18:36:37;98  992029199;5.0;Para Celulares Vivo;
2020-06-27 17:53:46;98  992029199;6.0;Para Celulares Vivo;
2020-06-27 14:07:30;98  991392213;5.0;Para Celulares Vivo;
2020-06-26 21:11:57;98  992029199;5.0;Para Celulares Vivo;
2020-06-26 21:06:42;98  991392213;8.0;Para Celulares Vivo;
2020-06-26 17:46:33;98  991392213;6.0;Para Celulares Vivo;
2020-06-26 15:01:15;98  991392213;7.0;Para Celulares Vivo;
2020-06-26 13:12:00;98  991392213;9.0;Para Celulares Vivo;
