data_hora_inicio;nro_telefone_chamado;duracao_ligacao;desc_categoria;valor_ligacao
2020-06-01;"";39167.9;INTERNET MOVEL 2;0.00
2020-06-04;"";25784.3;INTERNET MOVEL 2;0.00
2020-06-05;"";15227.8;INTERNET MOVEL 2;0.00
2020-06-08;"";65588.2;INTERNET MOVEL 2;0.00
2020-06-09;"";37520.3;INTERNET MOVEL 2;0.00
2020-06-16;"";11899.8;INTERNET MOVEL 2;0.00
2020-06-17;"";29031.4;INTERNET MOVEL 2;0.00
2020-06-19;"";5007.3;INTERNET MOVEL 2;0.00
2020-06-25;"";24443.8;INTERNET MOVEL 2;0.00
2020-06-26;"";22743.0;INTERNET MOVEL 2;0.00
2020-06-29;"";21719.0;INTERNET MOVEL 2;0.00
