data_hora_inicio;nro_telefone_chamado;duracao_ligacao;desc_categoria;valor_ligacao
2020-08-01 16:55:16;51  994676350;5.0;Para Celulares de Outras Operadoras;
2020-08-13 10:11:59;51  33211360;24.0;Para Fixo de Outras Operadoras;
2020-08-10 08:29:50;51  32316950;10.0;Para Fixo de Outras Operadoras;
2020-08-08 12:30:42;51  33981538;5.0;Para Fixo de Outras Operadoras;
2020-08-03 17:52:45;51  30149705;21.0;Para Fixo de Outras Operadoras;
2020-08-25 11:05:35;51  981164429;17.0;Para Celulares de Outras Operadoras;
2020-08-14 13:53:18;51  981164429;18.0;Para Celulares de Outras Operadoras;
2020-08-11 17:57:25;51  985077245;14.0;Para Celulares de Outras Operadoras;
2020-08-11 17:56:54;51  985077245;5.0;Para Celulares de Outras Operadoras;
2020-08-08 12:33:30;51  993546571;5.0;Para Celulares de Outras Operadoras;
2020-08-07 18:42:40;51  993555430;13.0;Para Celulares de Outras Operadoras;
2020-08-08 12:32:33;51  30282310;5.0;Para Fixo Vivo;
2020-08-27 10:12:42;51  996436633;37.0;Para Celulares Vivo;
2020-08-26 10:54:00;51  996436633;155.0;Para Celulares Vivo;
2020-08-19 10:31:47;51  996436633;205.0;Para Celulares Vivo;
2020-08-18 08:27:37;51  991813564;26.0;Para Celulares Vivo;
2020-08-13 14:32:10;51  992592870;59.0;Para Celulares Vivo;
2020-08-12 10:22:38;51  996436633;241.0;Para Celulares Vivo;
2020-08-04 16:08:52;51  996436633;152.0;Para Celulares Vivo;
2020-08-04 15:08:48;51  992592752;15.0;Para Celulares Vivo;
2020-08-04 12:10:06;51  991813564;62.0;Para Celulares Vivo;
2020-07-31;"";82.0;INTERNET MOVEL 2;0.00
2020-08-01;"";19794.1;INTERNET MOVEL 2;0.00
2020-08-02;"";432.0;INTERNET MOVEL 2;0.00
2020-08-03;"";22051.3;INTERNET MOVEL 2;0.00
2020-08-04;"";54109.4;INTERNET MOVEL 2;0.00
2020-08-05;"";8443.1;INTERNET MOVEL 2;0.00
2020-08-06;"";76767.5;INTERNET MOVEL 2;0.00
2020-08-07;"";2980.3;INTERNET MOVEL 2;0.00
2020-08-08;"";39317.6;INTERNET MOVEL 2;0.00
2020-08-09;"";87265.8;INTERNET MOVEL 2;0.00
2020-08-10;"";335.0;INTERNET MOVEL 2;0.00
2020-08-11;"";337.0;INTERNET MOVEL 2;0.00
2020-08-12;"";487.0;INTERNET MOVEL 2;0.00
2020-08-13;"";321.0;INTERNET MOVEL 2;0.00
2020-08-14;"";3716.0;INTERNET MOVEL 2;0.00
2020-08-15;"";26664.4;INTERNET MOVEL 2;0.00
2020-08-16;"";57020.8;INTERNET MOVEL 2;0.00
2020-08-17;"";23292.9;INTERNET MOVEL 2;0.00
2020-08-18;"";315.0;INTERNET MOVEL 2;0.00
2020-08-19;"";916.0;INTERNET MOVEL 2;0.00
2020-08-20;"";1197.0;INTERNET MOVEL 2;0.00
2020-08-21;"";62933.1;INTERNET MOVEL 2;0.00
2020-08-22;"";8390.0;INTERNET MOVEL 2;0.00
2020-08-23;"";199.0;INTERNET MOVEL 2;0.00
2020-08-24;"";927.0;INTERNET MOVEL 2;0.00
2020-08-25;"";287.0;INTERNET MOVEL 2;0.00
2020-08-26;"";376.0;INTERNET MOVEL 2;0.00
2020-08-27;"";46101.3;INTERNET MOVEL 2;0.00
2020-08-28;"";511.0;INTERNET MOVEL 2;0.00
2020-08-29;"";5276.0;INTERNET MOVEL 2;0.00
2020-08-30;"";457.0;INTERNET MOVEL 2;0.00
2020-08-31;"";244.0;INTERNET MOVEL 2;0.00
