data_hora_inicio;nro_telefone_chamado;duracao_ligacao;desc_categoria;valor_ligacao
2020-08-25 16:27:22;11  953015428;48.0;Para Celulares Vivo;
2020-08-19 12:32:11;51  997930516;76.0;Para Celulares Vivo;
2020-08-01;"";80685.4;INTERNET MOVEL 2;0.00
2020-08-02;"";48557.3;INTERNET MOVEL 2;0.00
2020-08-03;"";23035.0;INTERNET MOVEL 2;0.00
2020-08-04;"";43600.2;INTERNET MOVEL 2;0.00
2020-08-05;"";21471.3;INTERNET MOVEL 2;0.00
2020-08-06;"";27297.6;INTERNET MOVEL 2;0.00
2020-08-07;"";39177.8;INTERNET MOVEL 2;0.00
2020-08-08;"";41759.6;INTERNET MOVEL 2;0.00
2020-08-09;"";54595.1;INTERNET MOVEL 2;0.00
2020-08-10;"";38939.9;INTERNET MOVEL 2;0.00
2020-08-11;"";33163.3;INTERNET MOVEL 2;0.00
2020-08-12;"";95915.9;INTERNET MOVEL 2;0.00
2020-08-13;"";102943.2;INTERNET MOVEL 2;0.00
2020-08-14;"";53333.8;INTERNET MOVEL 2;0.00
2020-08-15;"";13814.5;INTERNET MOVEL 2;0.00
2020-08-16;"";43768.6;INTERNET MOVEL 2;0.00
2020-08-17;"";23067.1;INTERNET MOVEL 2;0.00
2020-08-18;"";40447.7;INTERNET MOVEL 2;0.00
2020-08-19;"";35605.7;INTERNET MOVEL 2;0.00
2020-08-20;"";53345.7;INTERNET MOVEL 2;0.00
2020-08-21;"";33287.4;INTERNET MOVEL 2;0.00
2020-08-22;"";27337.9;INTERNET MOVEL 2;0.00
2020-08-23;"";48886.6;INTERNET MOVEL 2;0.00
2020-08-24;"";62633.0;INTERNET MOVEL 2;0.00
2020-08-25;"";31407.9;INTERNET MOVEL 2;0.00
2020-08-26;"";45510.1;INTERNET MOVEL 2;0.00
2020-08-27;"";15514.5;INTERNET MOVEL 2;0.00
2020-08-28;"";68937.0;INTERNET MOVEL 2;0.00
2020-08-29;"";34043.3;INTERNET MOVEL 2;0.00
2020-08-30;"";30059.9;INTERNET MOVEL 2;0.00
