data_hora_inicio;nro_telefone_chamado;duracao_ligacao;desc_categoria;valor_ligacao
2020-08-25 15:48:20;94992992872;1.0;GRATIS-SMS;0.00
2020-08-13 15:51:41;54999473723;1.0;GRATIS-SMS;0.00
2020-08-26 16:46:06;48  35831408;37.0;Para Fixo de Outras Operadoras;
2020-08-26 16:40:25;48  35831408;47.0;Para Fixo de Outras Operadoras;
2020-08-26 08:30:33;11  976197082;82.0;Para Celulares de Outras Operadoras;
2020-08-26 08:13:38;31  987461501;93.0;Para Celulares de Outras Operadoras;
2020-08-25 09:18:14;49  999802557;17.0;Para Celulares de Outras Operadoras;
2020-08-21 08:49:28;31  987461501;248.0;Para Celulares de Outras Operadoras;
2020-08-17 09:17:42;31  987461501;190.0;Para Celulares de Outras Operadoras;
2020-08-17 09:16:57;12  992399225;5.0;Para Celulares de Outras Operadoras;
2020-08-11 08:07:53;49  999802557;25.0;Para Celulares de Outras Operadoras;
2020-08-05 14:50:54;31  988566579;14.0;Para Celulares de Outras Operadoras;
2020-08-04 08:04:44;49  999802557;9.0;Para Celulares de Outras Operadoras;
2020-08-03 14:45:51;49  999802557;49.0;Para Celulares de Outras Operadoras;
2020-08-31 16:45:36;94  992992872;5.0;Para Celulares Vivo;
2020-08-31 15:58:44;94  992992872;7.0;Para Celulares Vivo;
2020-08-31 15:57:54;98  991464112;5.0;Para Celulares Vivo;
2020-08-28 11:25:18;98  991464112;21.0;Para Celulares Vivo;
2020-08-27 07:56:22;94  992992872;5.0;Para Celulares Vivo;
2020-08-26 13:40:28;94  992992872;14.0;Para Celulares Vivo;
2020-08-26 08:27:50;31  998265646;19.0;Para Celulares Vivo;
2020-08-26 08:23:34;31  983262368;37.0;Para Celulares Vivo;
2020-08-25 13:50:17;94  992992872;29.0;Para Celulares Vivo;
2020-08-25 13:49:06;94  992992872;10.0;Para Celulares Vivo;
2020-08-25 13:48:21;94  992992872;5.0;Para Celulares Vivo;
2020-08-24 16:05:04;31  998265646;32.0;Para Celulares Vivo;
2020-08-24 13:53:41;94  992992872;20.0;Para Celulares Vivo;
2020-08-21 14:13:58;94  992992872;54.0;Para Celulares Vivo;
2020-08-06 10:26:11;31  983262368;11.0;Para Celulares Vivo;
2020-08-03 07:59:40;31  998265646;17.0;Para Celulares Vivo;
2020-08-25 14:34:21;54  999249242;65.0;Para Celulares de Outras Operadoras;
2020-08-18 15:16:04;54  999588848;98.0;Para Celulares Vivo;
2020-08-14 08:43:35;54  999473723;15.0;Para Celulares Vivo;
2020-08-11 13:44:52;54  999473723;5.0;Para Celulares Vivo;
