data_hora_inicio;nro_telefone_chamado;duracao_ligacao;desc_categoria;valor_ligacao
2020-08-27 12:14:59;31998153934;1.0;GRATIS-SMS;0.00
2020-08-18 13:21:13;31  38243744;8.0;Para Fixo de Outras Operadoras;
2020-08-17 16:00:11;94  33525558;5.0;Para Fixo de Outras Operadoras;
2020-08-17 09:34:18;94  33525558;75.0;Para Fixo de Outras Operadoras;
2020-08-07 17:27:33;31  38371345;14.0;Para Fixo de Outras Operadoras;
2020-08-07 17:18:14;31  38372226;15.0;Para Fixo de Outras Operadoras;
2020-08-26 13:36:24;13  988744479;27.0;Para Celulares de Outras Operadoras;
2020-08-26 12:46:20;13  988744479;31.0;Para Celulares de Outras Operadoras;
2020-08-28 16:20:16;41  997284353;29.0;Para Celulares Vivo;
2020-08-25 17:12:37;94  992424306;113.0;Para Celulares Vivo;
2020-08-03 17:55:33;31  996815007;81.0;Para Celulares Vivo;
2020-08-18 11:06:10;51  21313333;50.0;Para Fixo Vivo;
2020-08-12 10:44:33;51  32270607;44.0;Para Fixo Vivo;
2020-08-04 09:00:07;51  33404980;20.0;Para Fixo Vivo;
2020-08-31 16:20:02;51  991317721;39.0;Para Celulares Vivo;
2020-08-28 07:56:03;51  994037351;37.0;Para Celulares Vivo;
2020-08-27 13:59:57;51  991317721;107.0;Para Celulares Vivo;
2020-08-27 08:17:00;51  995447076;153.0;Para Celulares Vivo;
2020-08-26 15:10:12;51  995838788;7.0;Para Celulares Vivo;
2020-08-25 18:05:12;51  991317721;234.0;Para Celulares Vivo;
2020-08-25 16:30:27;51  992592956;152.0;Para Celulares Vivo;
2020-08-25 09:31:34;51  995447076;51.0;Para Celulares Vivo;
2020-08-24 18:18:36;51  991317721;528.0;Para Celulares Vivo;
2020-08-24 16:53:37;51  991317721;124.0;Para Celulares Vivo;
2020-08-24 16:27:48;51  991317721;45.0;Para Celulares Vivo;
2020-08-21 17:14:14;51  991317721;19.0;Para Celulares Vivo;
2020-08-21 14:02:49;51  991317721;44.0;Para Celulares Vivo;
2020-08-21 12:19:08;51  993320327;76.0;Para Celulares Vivo;
2020-08-20 14:03:10;51  994053722;26.0;Para Celulares Vivo;
2020-08-14 17:11:08;51  992592752;5.0;Para Celulares Vivo;
2020-08-12 17:00:23;51  991317721;23.0;Para Celulares Vivo;
2020-08-12 11:52:58;51  991317721;92.0;Para Celulares Vivo;
2020-08-12 10:49:09;51  991317721;37.0;Para Celulares Vivo;
2020-08-12 10:43:28;51  991317721;7.0;Para Celulares Vivo;
2020-08-12 09:50:45;51  991813564;15.0;Para Celulares Vivo;
2020-08-12 09:46:34;51  991223844;39.0;Para Celulares Vivo;
2020-08-12 08:42:05;51  991223844;20.0;Para Celulares Vivo;
2020-08-11 17:36:40;51  991813564;20.0;Para Celulares Vivo;
2020-08-11 17:32:13;51  991223844;41.0;Para Celulares Vivo;
2020-08-11 11:53:27;51  992592841;57.0;Para Celulares Vivo;
2020-08-11 11:51:26;51  991317721;15.0;Para Celulares Vivo;
2020-08-11 11:49:46;51  991007551;6.0;Para Celulares Vivo;
2020-08-11 10:09:14;51  991317721;30.0;Para Celulares Vivo;
2020-08-10 16:29:06;51  991317721;16.0;Para Celulares Vivo;
2020-08-10 16:26:11;51  991317721;5.0;Para Celulares Vivo;
2020-08-07 16:06:42;51  991317721;12.0;Para Celulares Vivo;
2020-08-06 17:47:46;51  991813564;5.0;Para Celulares Vivo;
2020-08-05 18:09:33;51  991317721;13.0;Para Celulares Vivo;
2020-08-05 17:58:33;51  991317721;11.0;Para Celulares Vivo;
2020-08-05 17:46:38;51  991317721;5.0;Para Celulares Vivo;
2020-08-05 17:33:50;51  991223844;8.0;Para Celulares Vivo;
2020-08-05 13:36:21;51  996820018;8.0;Para Celulares Vivo;
2020-08-04 11:24:55;51  991317721;22.0;Para Celulares Vivo;
2020-08-03 15:05:40;51  991813564;50.0;Para Celulares Vivo;
2020-07-31;"";29.0;INTERNET MOVEL 2;0.00
2020-08-01;"";248.0;INTERNET MOVEL 2;0.00
2020-08-03;"";691.0;INTERNET MOVEL 2;0.00
2020-08-04;"";337.0;INTERNET MOVEL 2;0.00
2020-08-05;"";553.0;INTERNET MOVEL 2;0.00
2020-08-06;"";601.0;INTERNET MOVEL 2;0.00
2020-08-07;"";1635.0;INTERNET MOVEL 2;0.00
2020-08-10;"";826.0;INTERNET MOVEL 2;0.00
2020-08-11;"";770.0;INTERNET MOVEL 2;0.00
2020-08-12;"";686.0;INTERNET MOVEL 2;0.00
2020-08-13;"";566.0;INTERNET MOVEL 2;0.00
2020-08-14;"";246.0;INTERNET MOVEL 2;0.00
2020-08-16;"";4.0;INTERNET MOVEL 2;0.00
2020-08-17;"";433.0;INTERNET MOVEL 2;0.00
2020-08-18;"";62356.7;INTERNET MOVEL 2;0.00
2020-08-19;"";600.0;INTERNET MOVEL 2;0.00
2020-08-20;"";863.0;INTERNET MOVEL 2;0.00
2020-08-21;"";443.0;INTERNET MOVEL 2;0.00
2020-08-24;"";11396.5;INTERNET MOVEL 2;0.00
2020-08-26;"";467.0;INTERNET MOVEL 2;0.00
2020-08-27;"";643.0;INTERNET MOVEL 2;0.00
2020-08-28;"";340.0;INTERNET MOVEL 2;0.00
2020-08-31;"";144.0;INTERNET MOVEL 2;0.00
