data_hora_inicio;nro_telefone_chamado;duracao_ligacao;desc_categoria;valor_ligacao
2020-08-23 00:56:15;11953259213;1.0;GRATIS-SMS;0.00
2020-08-10 19:09:18;46  984067401;0.0;Adicional por Ligacoes Realizadas;
2020-08-08 21:41:01;42  998741132;0.0;Adicional por Ligacoes Realizadas;
2020-08-06 19:08:17;46  35242351;0.0;Adicional por Ligacoes Realizadas;
2020-08-06 19:06:42;46  30350909;0.0;Adicional por Ligacoes Realizadas;
2020-08-06 19:04:48;46  40044041;0.0;Adicional por Ligacoes Realizadas;
2020-08-06 18:58:03;46  35242351;0.0;Adicional por Ligacoes Realizadas;
2020-08-06 16:45:04;51  995863683;0.0;Adicional por Ligacoes Realizadas;
2020-08-06 16:41:40;41  35520730;0.0;Adicional por Ligacoes Realizadas;
2020-08-06 15:01:34;*5  55;0.0;Adicional por Ligacoes Realizadas;
2020-08-06 14:01:47;46  35201616;0.0;Adicional por Ligacoes Realizadas;
2020-08-06 13:52:24;51  995863683;0.0;Adicional por Ligacoes Realizadas;
2020-08-06 13:51:03;51  995863683;0.0;Adicional por Ligacoes Realizadas;
2020-08-05 19:43:45;46  991178486;0.0;Adicional por Ligacoes Realizadas;
2020-08-04 14:56:04;46  991204920;0.0;Adicional por Ligacoes Realizadas;
2020-08-04 14:44:08;46  999054646;0.0;Adicional por Ligacoes Realizadas;
2020-08-04 13:53:13;46  984067401;0.0;Adicional por Ligacoes Realizadas;
2020-08-04 13:35:33;46  984067401;0.0;Adicional por Ligacoes Realizadas;
2020-08-24 09:30:56;51  21313333;80.0;Para Fixo Vivo;
2020-08-19 14:07:24;51  21313333;9.0;Para Fixo Vivo;
2020-08-11 14:06:40;51  21313333;59.0;Para Fixo Vivo;
2020-08-11 13:44:46;51  21313333;16.0;Para Fixo Vivo;
2020-08-11 13:03:10;51  21313333;19.0;Para Fixo Vivo;
2020-08-11 09:46:36;51  21313333;24.0;Para Fixo Vivo;
2020-08-29 23:02:46;    ;5.0;Chamadas de Longa Distancia para Outros Estados;
2020-08-26 10:49:09;11  21616683;10.0;Chamadas de Longa Distancia para Outros Estados;
2020-08-25 11:25:11;11  21616683;5.0;Chamadas de Longa Distancia para Outros Estados;
2020-08-24 15:49:26;11  32019500;6.0;Chamadas de Longa Distancia para Outros Estados;
2020-08-24 11:20:07;11  21609180;15.0;Chamadas de Longa Distancia para Outros Estados;
2020-08-24 10:00:57;    ;20.0;Chamadas de Longa Distancia para Outros Estados;
2020-08-20 13:11:37;51  33546197;8.0;Chamadas de Longa Distancia para Outros Estados;
2020-08-20 09:30:15;11  21462803;58.0;Chamadas de Longa Distancia para Outros Estados;
2020-08-19 13:18:19;48  38789949;5.0;Chamadas de Longa Distancia para Outros Estados;
2020-08-13 08:58:59;    ;39.0;Chamadas de Longa Distancia para Outros Estados;
2020-08-11 12:46:42;    ;139.0;Chamadas de Longa Distancia para Outros Estados;
2020-08-11 11:41:25;    ;45.0;Chamadas de Longa Distancia para Outros Estados;
2020-08-11 11:28:49;    ;26.0;Chamadas de Longa Distancia para Outros Estados;
2020-08-06 16:33:02;    ;10.0;Chamadas de Longa Distancia para Outros Estados;
2020-08-06 16:26:35;    ;55.0;Chamadas de Longa Distancia para Outros Estados;
2020-08-29 23:02:46;"";1.0;ADICIONAL;0.00
2020-08-26 10:49:09;1121616683;1.0;ADICIONAL;0.00
2020-08-25 11:25:11;1121616683;1.0;ADICIONAL;0.00
2020-08-24 15:49:26;1132019500;1.0;ADICIONAL;0.00
2020-08-24 11:20:07;1121609180;1.0;ADICIONAL;0.00
2020-08-24 10:00:57;"";1.0;ADICIONAL;0.00
2020-08-20 13:11:37;5133546197;1.0;ADICIONAL;0.00
2020-08-20 09:30:15;1121462803;1.0;ADICIONAL;0.00
2020-08-19 13:18:19;4838789949;1.0;ADICIONAL;0.00
2020-08-13 08:58:59;"";1.0;ADICIONAL;0.00
2020-08-11 12:46:42;"";1.0;ADICIONAL;0.00
2020-08-11 11:41:25;"";1.0;ADICIONAL;0.00
2020-08-11 11:28:49;"";1.0;ADICIONAL;0.00
2020-08-06 16:33:02;"";1.0;ADICIONAL;0.00
2020-08-06 16:26:35;"";1.0;ADICIONAL;0.00
2020-08-06 15:02:49;"";1.0;ADICIONAL;0.00
2020-08-06 13:45:30;"";1.0;ADICIONAL;0.00
2020-08-05 16:23:03;1141184930;1.0;ADICIONAL;0.00
2020-08-05 14:00:02;"";1.0;ADICIONAL;0.00
2020-08-05 08:34:08;"";1.0;ADICIONAL;0.00
2020-08-04 15:30:59;"";1.0;ADICIONAL;0.00
2020-08-03 13:42:05;"";1.0;ADICIONAL;0.00
2020-08-19 14:04:08;67  32723076;5.0;Para Fixo de Outras Operadoras;
2020-08-06 16:41:40;41  35520730;30.0;Para Fixo de Outras Operadoras;
2020-08-25 15:42:12;51  983221903;23.0;Para Celulares de Outras Operadoras;
2020-08-24 13:48:09;51  983221903;18.0;Para Celulares de Outras Operadoras;
2020-08-23 10:55:35;47  997563044;38.0;Para Celulares de Outras Operadoras;
2020-08-18 12:52:14;46  984067401;22.0;Para Celulares de Outras Operadoras;
2020-08-15 12:31:13;46  984067401;7.0;Para Celulares de Outras Operadoras;
2020-08-12 18:38:24;46  984067401;103.0;Para Celulares de Outras Operadoras;
2020-08-11 20:53:10;46  984067401;142.0;Para Celulares de Outras Operadoras;
2020-08-10 19:09:18;46  984067401;54.0;Para Celulares de Outras Operadoras;
2020-08-13 09:47:16;53  991216767;241.0;Para Fixo Vivo;
2020-08-29 14:41:29;51  995863683;17.0;Para Celulares Vivo;
2020-08-27 11:22:42;42  991130313;5.0;Para Celulares Vivo;
2020-08-27 09:53:43;51  991561376;510.0;Para Celulares Vivo;
2020-08-24 10:04:10;67  984712929;8.0;Para Celulares Vivo;
2020-08-17 18:06:07;51  995863683;28.0;Para Celulares Vivo;
2020-08-13 12:07:58;66  999130237;160.0;Para Celulares Vivo;
2020-08-13 08:48:13;51  995863683;86.0;Para Celulares Vivo;
2020-08-12 10:50:05;51  995863683;58.0;Para Celulares Vivo;
2020-08-11 16:27:39;51  992592842;55.0;Para Celulares Vivo;
2020-08-11 14:47:55;51  995863683;27.0;Para Celulares Vivo;
2020-08-11 10:48:50;51  995863683;18.0;Para Celulares Vivo;
2020-08-11 08:07:58;51  995863683;26.0;Para Celulares Vivo;
2020-08-10 19:27:34;46  991178486;33.0;Para Celulares Vivo;
2020-08-06 16:45:04;51  995863683;15.0;Para Celulares Vivo;
2020-08-06 13:52:24;51  995863683;61.0;Para Celulares Vivo;
2020-08-06 13:51:03;51  995863683;5.0;Para Celulares Vivo;
2020-08-29 14:41:29;51  995863683;0.0;Adicional por Ligacoes Realizadas;
2020-08-27 11:22:42;42  991130313;0.0;Adicional por Ligacoes Realizadas;
2020-08-27 09:53:43;51  991561376;0.0;Adicional por Ligacoes Realizadas;
2020-08-25 15:42:12;51  983221903;0.0;Adicional por Ligacoes Realizadas;
2020-08-24 13:48:09;51  983221903;0.0;Adicional por Ligacoes Realizadas;
2020-08-24 10:04:10;67  984712929;0.0;Adicional por Ligacoes Realizadas;
2020-08-24 09:30:56;51  21313333;0.0;Adicional por Ligacoes Realizadas;
2020-08-23 10:55:35;47  997563044;0.0;Adicional por Ligacoes Realizadas;
2020-08-19 14:07:24;51  21313333;0.0;Adicional por Ligacoes Realizadas;
2020-08-19 14:04:08;67  32723076;0.0;Adicional por Ligacoes Realizadas;
2020-08-18 12:52:14;46  984067401;0.0;Adicional por Ligacoes Realizadas;
2020-08-17 18:06:07;51  995863683;0.0;Adicional por Ligacoes Realizadas;
2020-08-15 12:31:13;46  984067401;0.0;Adicional por Ligacoes Realizadas;
2020-08-13 12:07:58;66  999130237;0.0;Adicional por Ligacoes Realizadas;
2020-08-13 10:14:59;42  32191100;0.0;Adicional por Ligacoes Realizadas;
2020-08-13 10:13:06;42  32191100;0.0;Adicional por Ligacoes Realizadas;
2020-08-13 09:47:16;53  991216767;0.0;Adicional por Ligacoes Realizadas;
2020-08-13 08:48:13;51  995863683;0.0;Adicional por Ligacoes Realizadas;
2020-08-13 08:47:05;42  32191000;0.0;Adicional por Ligacoes Realizadas;
2020-08-12 18:38:24;46  984067401;0.0;Adicional por Ligacoes Realizadas;
2020-08-12 16:56:24;42  32292882;0.0;Adicional por Ligacoes Realizadas;
2020-08-12 13:34:40;42  32191000;0.0;Adicional por Ligacoes Realizadas;
2020-08-12 13:27:01;42  32191000;0.0;Adicional por Ligacoes Realizadas;
2020-08-12 10:50:05;51  995863683;0.0;Adicional por Ligacoes Realizadas;
2020-08-12 08:42:24;42  32292882;0.0;Adicional por Ligacoes Realizadas;
2020-08-12 08:40:46;42  32298000;0.0;Adicional por Ligacoes Realizadas;
2020-08-12 08:29:42;42  32292882;0.0;Adicional por Ligacoes Realizadas;
2020-08-12 08:27:37;42  32348000;0.0;Adicional por Ligacoes Realizadas;
2020-08-11 20:53:10;46  984067401;0.0;Adicional por Ligacoes Realizadas;
2020-08-11 17:08:37;42  32348000;0.0;Adicional por Ligacoes Realizadas;
2020-08-11 17:05:27;42  32348000;0.0;Adicional por Ligacoes Realizadas;
2020-08-11 16:27:39;51  992592842;0.0;Adicional por Ligacoes Realizadas;
2020-08-11 14:47:55;51  995863683;0.0;Adicional por Ligacoes Realizadas;
2020-08-11 14:06:40;51  21313333;0.0;Adicional por Ligacoes Realizadas;
2020-08-11 13:44:46;51  21313333;0.0;Adicional por Ligacoes Realizadas;
2020-08-11 13:03:10;51  21313333;0.0;Adicional por Ligacoes Realizadas;
2020-08-11 10:48:50;51  995863683;0.0;Adicional por Ligacoes Realizadas;
2020-08-11 09:46:36;51  21313333;0.0;Adicional por Ligacoes Realizadas;
2020-08-11 08:07:58;51  995863683;0.0;Adicional por Ligacoes Realizadas;
2020-08-10 19:27:34;46  991178486;0.0;Adicional por Ligacoes Realizadas;
2020-08-06 15:02:49;    ;10.0;Chamadas de Longa Distancia para Outros Estados;
2020-08-06 13:45:30;    ;52.0;Chamadas de Longa Distancia para Outros Estados;
2020-08-05 16:23:03;11  41184930;5.0;Chamadas de Longa Distancia para Outros Estados;
2020-08-05 14:00:02;    ;9.0;Chamadas de Longa Distancia para Outros Estados;
2020-08-05 08:34:08;    ;43.0;Chamadas de Longa Distancia para Outros Estados;
2020-08-04 15:30:59;    ;5.0;Chamadas de Longa Distancia para Outros Estados;
2020-08-03 13:42:05;    ;5.0;Chamadas de Longa Distancia para Outros Estados;
2020-08-06 15:01:34;*5  55;5.0;"";
2020-08-13 10:14:59;42  32191100;17.0;Para Fixo de Outras Operadoras;
2020-08-13 10:13:06;42  32191100;17.0;Para Fixo de Outras Operadoras;
2020-08-13 08:47:05;42  32191000;7.0;Para Fixo de Outras Operadoras;
2020-08-12 16:56:24;42  32292882;21.0;Para Fixo de Outras Operadoras;
2020-08-12 13:34:40;42  32191000;21.0;Para Fixo de Outras Operadoras;
2020-08-12 13:27:01;42  32191000;16.0;Para Fixo de Outras Operadoras;
2020-08-12 08:42:24;42  32292882;19.0;Para Fixo de Outras Operadoras;
2020-08-12 08:40:46;42  32298000;5.0;Para Fixo de Outras Operadoras;
2020-08-12 08:29:42;42  32292882;21.0;Para Fixo de Outras Operadoras;
2020-08-12 08:27:37;42  32348000;12.0;Para Fixo de Outras Operadoras;
2020-08-11 17:08:37;42  32348000;43.0;Para Fixo de Outras Operadoras;
2020-08-11 17:05:27;42  32348000;19.0;Para Fixo de Outras Operadoras;
2020-08-06 19:08:17;46  35242351;5.0;Para Fixo de Outras Operadoras;
2020-08-06 19:04:48;46  40044041;5.0;Para Fixo de Outras Operadoras;
2020-08-06 18:58:03;46  35242351;5.0;Para Fixo de Outras Operadoras;
2020-08-08 21:41:01;42  998741132;13.0;Para Celulares de Outras Operadoras;
2020-08-04 14:44:08;46  999054646;5.0;Para Celulares de Outras Operadoras;
2020-08-04 13:53:13;46  984067401;5.0;Para Celulares de Outras Operadoras;
2020-08-04 13:35:33;46  984067401;5.0;Para Celulares de Outras Operadoras;
2020-08-06 19:06:42;46  30350909;5.0;Para Fixo Vivo;
2020-08-06 14:01:47;46  35201616;11.0;Para Fixo Vivo;
2020-08-05 19:43:45;46  991178486;5.0;Para Celulares Vivo;
2020-08-04 14:56:04;46  991204920;18.0;Para Celulares Vivo;
2020-08-03;"";12137.0;INTERNET MOVEL 2;0.00
2020-08-04;"";45392.5;INTERNET MOVEL 2;0.00
2020-08-05;"";141390.1;INTERNET MOVEL 2;0.00
2020-08-06;"";44969.3;INTERNET MOVEL 2;0.00
2020-08-07;"";139928.4;INTERNET MOVEL 2;0.00
2020-08-08;"";95086.5;INTERNET MOVEL 2;0.00
2020-08-09;"";255019.5;INTERNET MOVEL 2;0.00
2020-08-10;"";97313.5;INTERNET MOVEL 2;0.00
2020-08-11;"";275955.6;INTERNET MOVEL 2;0.00
2020-08-12;"";309445.9;INTERNET MOVEL 2;0.00
2020-08-13;"";128787.1;INTERNET MOVEL 2;0.00
2020-08-14;"";227429.1;INTERNET MOVEL 2;0.00
2020-08-15;"";161649.4;INTERNET MOVEL 2;0.00
2020-08-16;"";159329.6;INTERNET MOVEL 2;0.00
2020-08-17;"";99208.1;INTERNET MOVEL 2;0.00
2020-08-18;"";37465.8;INTERNET MOVEL 2;0.00
2020-08-19;"";7441.2;INTERNET MOVEL 2;0.00
2020-08-20;"";13221.8;INTERNET MOVEL 2;0.00
2020-08-24;"";4949.8;INTERNET MOVEL 2;0.00
2020-08-25;"";170842.2;INTERNET MOVEL 2;0.00
2020-08-27;"";2678.0;INTERNET MOVEL 2;0.00
2020-08-28;"";36956.0;INTERNET MOVEL 2;0.00
2020-08-29;"";4179.0;INTERNET MOVEL 2;0.00
2020-08-31;"";2478.7;INTERNET MOVEL 2;0.00
