data_hora_inicio;nro_telefone_chamado;duracao_ligacao;desc_categoria;valor_ligacao
2020-08-01 19:52:46;51  992592843;7.0;Para Celulares Vivo;
2020-08-01 18:16:20;51  992592803;5.0;Para Celulares Vivo;
2020-08-01 17:55:14;51  992592848;5.0;Para Celulares Vivo;
2020-08-01 09:52:08;51  992592716;8.0;Para Celulares Vivo;
2020-08-13 13:29:23;51  981152442;10.0;Para Fixo Vivo;
2020-08-13 17:10:54;51  992592818;20.0;Para Celulares Vivo;
2020-08-13 17:10:54;51  992592818;0.0;Adicional por Ligacoes Realizadas;
2020-08-13 13:29:23;51  981152442;0.0;Adicional por Ligacoes Realizadas;
2020-08-12 18:21:58;49  988191599;0.0;Adicional por Ligacoes Realizadas;
2020-08-11 15:30:12;49  999825955;0.0;Adicional por Ligacoes Realizadas;
2020-08-27 15:11:36;48  35379078;38.0;Para Fixo de Outras Operadoras;
2020-08-27 08:47:37;49  33272100;26.0;Para Fixo de Outras Operadoras;
2020-08-26 15:15:06;49  33222050;18.0;Para Fixo de Outras Operadoras;
2020-08-04 11:19:15;49  33222050;14.0;Para Fixo de Outras Operadoras;
2020-08-26 11:41:24;49  999825955;120.0;Para Celulares de Outras Operadoras;
2020-08-24 14:45:47;49  988191599;163.0;Para Celulares de Outras Operadoras;
2020-08-24 14:45:15;49  988191599;5.0;Para Celulares de Outras Operadoras;
2020-08-24 14:31:26;49  999825955;53.0;Para Celulares de Outras Operadoras;
2020-08-21 14:51:42;49  988285247;63.0;Para Celulares de Outras Operadoras;
2020-08-21 14:14:50;49  999825955;5.0;Para Celulares de Outras Operadoras;
2020-08-26 17:02:55;54  991759438;24.0;Para Celulares de Outras Operadoras;
2020-08-12 18:21:58;49  988191599;120.0;Para Celulares de Outras Operadoras;
2020-08-11 15:30:12;49  999825955;13.0;Para Celulares de Outras Operadoras;
2020-08-17 10:00:15;51  21259200;9.0;Para Fixo de Outras Operadoras;
2020-08-28 16:05:54;51  984016465;164.0;Para Celulares de Outras Operadoras;
2020-08-26 17:02:14;51  991759438;5.0;Para Celulares de Outras Operadoras;
2020-08-25 15:57:57;51  985630312;11.0;Para Celulares de Outras Operadoras;
2020-08-24 08:55:34;51  985020406;113.0;Para Celulares de Outras Operadoras;
2020-08-23 15:44:07;51  993666627;12.0;Para Celulares de Outras Operadoras;
2020-08-20 11:32:26;51  981273836;25.0;Para Celulares de Outras Operadoras;
2020-08-20 07:55:14;51  985020406;8.0;Para Celulares de Outras Operadoras;
2020-08-17 12:23:14;51  985020406;18.0;Para Celulares de Outras Operadoras;
2020-08-17 12:21:46;51  985020406;11.0;Para Celulares de Outras Operadoras;
2020-08-09 22:01:58;51  992677735;52.0;Para Celulares de Outras Operadoras;
2020-08-07 08:52:19;51  985020406;59.0;Para Celulares de Outras Operadoras;
2020-08-07 08:29:38;51  985020406;124.0;Para Celulares de Outras Operadoras;
2020-08-06 11:13:27;51  984016465;56.0;Para Celulares de Outras Operadoras;
2020-08-05 15:36:59;51  984016465;217.0;Para Celulares de Outras Operadoras;
2020-08-05 09:28:48;51  984016465;63.0;Para Celulares de Outras Operadoras;
2020-08-04 08:38:08;51  985020406;156.0;Para Celulares de Outras Operadoras;
2020-08-03 18:56:17;51  985020406;91.0;Para Celulares de Outras Operadoras;
2020-08-03 18:45:23;51  985020406;98.0;Para Celulares de Outras Operadoras;
2020-08-21 19:00:35;51  981261750;109.0;Para Fixo Vivo;
2020-08-20 13:51:09;51  981261750;66.0;Para Fixo Vivo;
2020-08-17 14:03:18;51  981261610;74.0;Para Fixo Vivo;
2020-08-03 20:28:11;51  989220400;66.0;Para Fixo Vivo;
2020-08-03 18:42:37;51  989220400;5.0;Para Fixo Vivo;
2020-08-31 14:51:57;51  999844804;25.0;Para Celulares Vivo;
2020-08-17 19:34:33;51  992592716;8.0;Para Celulares Vivo;
2020-08-16 18:47:51;51  998980236;16.0;Para Celulares Vivo;
2020-08-07 07:31:33;51  999991451;5.0;Para Celulares Vivo;
2020-08-05 19:05:07;51  999991451;330.0;Para Celulares Vivo;
2020-08-02 18:07:03;51  992592803;7.0;Para Celulares Vivo;
2020-07-31;"";237.0;INTERNET MOVEL 2;0.00
2020-08-01;"";81111.0;INTERNET MOVEL 2;0.00
2020-08-02;"";272684.3;INTERNET MOVEL 2;0.00
2020-08-03;"";47120.4;INTERNET MOVEL 2;0.00
2020-08-04;"";83533.3;INTERNET MOVEL 2;0.00
2020-08-05;"";113148.9;INTERNET MOVEL 2;0.00
2020-08-06;"";152288.0;INTERNET MOVEL 2;0.00
2020-08-07;"";64031.8;INTERNET MOVEL 2;0.00
2020-08-08;"";40538.1;INTERNET MOVEL 2;0.00
2020-08-09;"";89875.3;INTERNET MOVEL 2;0.00
2020-08-10;"";60923.2;INTERNET MOVEL 2;0.00
2020-08-11;"";252511.8;INTERNET MOVEL 2;0.00
2020-08-12;"";74554.3;INTERNET MOVEL 2;0.00
2020-08-13;"";111567.9;INTERNET MOVEL 2;0.00
2020-08-14;"";135506.9;INTERNET MOVEL 2;0.00
2020-08-15;"";87482.3;INTERNET MOVEL 2;0.00
2020-08-16;"";111555.1;INTERNET MOVEL 2;0.00
2020-08-17;"";110356.8;INTERNET MOVEL 2;0.00
2020-08-18;"";40715.7;INTERNET MOVEL 2;0.00
2020-08-19;"";163682.9;INTERNET MOVEL 2;0.00
2020-08-20;"";246426.5;INTERNET MOVEL 2;0.00
2020-08-21;"";116573.1;INTERNET MOVEL 2;0.00
2020-08-22;"";197336.7;INTERNET MOVEL 2;0.00
2020-08-23;"";207226.6;INTERNET MOVEL 2;0.00
2020-08-24;"";89760.2;INTERNET MOVEL 2;0.00
2020-08-25;"";163985.3;INTERNET MOVEL 2;0.00
2020-08-26;"";73628.3;INTERNET MOVEL 2;0.00
2020-08-27;"";138324.3;INTERNET MOVEL 2;0.00
2020-08-28;"";100155.8;INTERNET MOVEL 2;0.00
2020-08-29;"";126532.5;INTERNET MOVEL 2;0.00
2020-08-30;"";156426.7;INTERNET MOVEL 2;0.00
2020-08-31;"";100721.0;INTERNET MOVEL 2;0.00
