data_hora_inicio;nro_telefone_chamado;duracao_ligacao;desc_categoria;valor_ligacao
2020-08-23 11:27:23;53  32733947;234.0;Para Fixo de Outras Operadoras;
2020-08-13 20:09:10;53  32733947;135.0;Para Fixo de Outras Operadoras;
2020-08-06 17:33:06;53  32733947;63.0;Para Fixo de Outras Operadoras;
2020-08-03 18:05:45;53  32733947;111.0;Para Fixo de Outras Operadoras;
2020-08-22 17:44:45;53  991494946;5.0;Para Celulares de Outras Operadoras;
2020-08-06 15:43:30;53  999574471;83.0;Para Celulares Vivo;
2020-08-05 10:54:36;53  999574471;55.0;Para Celulares Vivo;
2020-08-31 10:03:38;51  32262525;51.0;Para Fixo de Outras Operadoras;
2020-08-31 09:46:47;51  32262525;43.0;Para Fixo de Outras Operadoras;
2020-08-31 19:38:51;51  984788705;5.0;Para Celulares de Outras Operadoras;
2020-08-31 18:19:21;51  984788705;8.0;Para Celulares de Outras Operadoras;
2020-08-20 10:54:41;51  984788705;17.0;Para Celulares de Outras Operadoras;
2020-08-14 11:32:14;51  981283646;30.0;Para Celulares de Outras Operadoras;
2020-08-12 16:23:05;51  984788705;50.0;Para Celulares de Outras Operadoras;
2020-08-06 18:06:03;51  984788705;46.0;Para Celulares de Outras Operadoras;
2020-08-05 15:40:40;51  984788705;73.0;Para Celulares de Outras Operadoras;
2020-08-03 18:19:05;51  984788705;8.0;Para Celulares de Outras Operadoras;
2020-08-02 20:08:52;51  984788705;12.0;Para Celulares de Outras Operadoras;
2020-08-24 18:36:44;51  992592847;5.0;Para Celulares Vivo;
2020-08-20 18:13:41;51  992592847;16.0;Para Celulares Vivo;
2020-08-18 18:12:38;51  992592847;10.0;Para Celulares Vivo;
2020-08-14 15:50:18;51  999719464;10.0;Para Celulares Vivo;
2020-08-05 18:29:35;51  992592847;9.0;Para Celulares Vivo;
2020-07-31;"";42450.6;INTERNET MOVEL 2;0.00
2020-08-01;"";10314.7;INTERNET MOVEL 2;0.00
2020-08-02;"";12906.1;INTERNET MOVEL 2;0.00
2020-08-03;"";2936.5;INTERNET MOVEL 2;0.00
2020-08-04;"";2046.0;INTERNET MOVEL 2;0.00
2020-08-05;"";1623.0;INTERNET MOVEL 2;0.00
2020-08-06;"";2022.0;INTERNET MOVEL 2;0.00
2020-08-07;"";12915.6;INTERNET MOVEL 2;0.00
2020-08-08;"";2933.3;INTERNET MOVEL 2;0.00
2020-08-09;"";1111.0;INTERNET MOVEL 2;0.00
2020-08-10;"";3804.7;INTERNET MOVEL 2;0.00
2020-08-11;"";6661.0;INTERNET MOVEL 2;0.00
2020-08-12;"";1683.7;INTERNET MOVEL 2;0.00
2020-08-13;"";2633.1;INTERNET MOVEL 2;0.00
2020-08-14;"";690.0;INTERNET MOVEL 2;0.00
2020-08-15;"";8513.0;INTERNET MOVEL 2;0.00
2020-08-16;"";8231.0;INTERNET MOVEL 2;0.00
2020-08-17;"";2537.2;INTERNET MOVEL 2;0.00
2020-08-18;"";2005.0;INTERNET MOVEL 2;0.00
2020-08-19;"";1346.0;INTERNET MOVEL 2;0.00
2020-08-20;"";3971.5;INTERNET MOVEL 2;0.00
2020-08-21;"";41192.4;INTERNET MOVEL 2;0.00
2020-08-22;"";1096.0;INTERNET MOVEL 2;0.00
2020-08-23;"";706.0;INTERNET MOVEL 2;0.00
2020-08-24;"";2017.0;INTERNET MOVEL 2;0.00
2020-08-25;"";2571.2;INTERNET MOVEL 2;0.00
2020-08-26;"";3965.2;INTERNET MOVEL 2;0.00
2020-08-27;"";3498.7;INTERNET MOVEL 2;0.00
2020-08-28;"";1260.0;INTERNET MOVEL 2;0.00
2020-08-29;"";959.0;INTERNET MOVEL 2;0.00
2020-08-30;"";12393.1;INTERNET MOVEL 2;0.00
2020-08-31;"";10260.9;INTERNET MOVEL 2;0.00
