data_hora_inicio;nro_telefone_chamado;duracao_ligacao;desc_categoria;valor_ligacao
2020-08-27 14:04:11;31984721338;1.0;GRATIS-SMS;0.00
2020-08-25 11:07:04;19981276570;1.0;GRATIS-SMS;0.00
2020-08-10 09:14:34;31999061951;1.0;GRATIS-SMS;0.00
2020-08-03 16:58:07;31996058670;1.0;GRATIS-SMS;0.00
2020-08-09 10:54:50;51  999965358;78.0;Para Celulares de Outras Operadoras;
2020-08-29 17:47:39;51  997871070;210.0;Para Celulares Vivo;
2020-08-29 17:42:26;51  997871070;37.0;Para Celulares Vivo;
2020-08-25 18:18:56;51  999011988;359.0;Para Celulares Vivo;
2020-08-17 20:20:26;51  997871070;19.0;Para Celulares Vivo;
2020-08-13 19:41:00;51  991034807;112.0;Para Celulares Vivo;
2020-08-13 19:37:05;51  991034807;37.0;Para Celulares Vivo;
2020-08-13 19:36:24;51  991034807;5.0;Para Celulares Vivo;
2020-08-10 17:45:14;51  992592867;31.0;Para Celulares Vivo;
2020-08-09 10:45:03;51  997871070;91.0;Para Celulares Vivo;
2020-08-07 15:26:23;51  992592873;129.0;Para Celulares Vivo;
2020-08-02 20:48:06;51  997871070;328.0;Para Celulares Vivo;
2020-08-17 15:44:10;31  21223000;5.0;Para Fixo de Outras Operadoras;
2020-08-31 10:18:22;31  983144925;26.0;Para Celulares de Outras Operadoras;
2020-08-27 17:04:24;31  983144925;7.0;Para Celulares de Outras Operadoras;
2020-08-27 11:24:20;31  992641208;13.0;Para Celulares de Outras Operadoras;
2020-08-21 08:53:14;31  983273271;10.0;Para Celulares de Outras Operadoras;
2020-08-20 09:18:51;31  983144925;19.0;Para Celulares de Outras Operadoras;
2020-08-20 08:40:27;31  984525210;55.0;Para Celulares de Outras Operadoras;
2020-08-20 08:30:58;31  999061951;89.0;Para Celulares de Outras Operadoras;
2020-08-19 12:23:09;31  983144925;37.0;Para Celulares de Outras Operadoras;
2020-08-18 18:35:13;31  983144925;6.0;Para Celulares de Outras Operadoras;
2020-08-18 08:42:27;31  983273271;33.0;Para Celulares de Outras Operadoras;
2020-08-17 14:31:42;31  999061951;23.0;Para Celulares de Outras Operadoras;
2020-08-17 14:31:10;31  999061951;5.0;Para Celulares de Outras Operadoras;
2020-08-15 16:12:27;31  983104660;6.0;Para Celulares de Outras Operadoras;
2020-08-15 11:00:12;31  983144925;5.0;Para Celulares de Outras Operadoras;
2020-08-14 10:01:40;31  980541648;262.0;Para Celulares de Outras Operadoras;
2020-08-10 17:53:56;31  984559829;19.0;Para Celulares de Outras Operadoras;
2020-08-10 13:42:08;31  999061951;20.0;Para Celulares de Outras Operadoras;
2020-08-07 21:01:54;31  983144925;5.0;Para Celulares de Outras Operadoras;
2020-08-07 16:14:03;31  993376538;11.0;Para Celulares de Outras Operadoras;
2020-08-06 19:41:15;31  983144925;5.0;Para Celulares de Outras Operadoras;
2020-08-06 12:05:06;31  983144925;5.0;Para Celulares de Outras Operadoras;
2020-08-04 15:39:43;31  983144925;7.0;Para Celulares de Outras Operadoras;
2020-08-04 15:07:55;31  993376538;35.0;Para Celulares de Outras Operadoras;
2020-08-03 12:08:45;31  983144925;7.0;Para Celulares de Outras Operadoras;
2020-08-27 14:39:18;31  983934517;51.0;Para Celulares Vivo;
2020-08-26 11:25:28;31  984526147;109.0;Para Celulares Vivo;
2020-08-25 16:19:32;31  996113743;104.0;Para Celulares Vivo;
2020-08-25 15:40:26;31  999812125;79.0;Para Celulares Vivo;
2020-08-25 14:18:08;31  987759645;277.0;Para Celulares Vivo;
2020-08-21 08:51:57;31  983934517;5.0;Para Celulares Vivo;
2020-08-21 08:51:32;31  983934517;5.0;Para Celulares Vivo;
2020-08-20 15:50:25;31  984526147;51.0;Para Celulares Vivo;
2020-08-18 15:06:55;31  984526147;17.0;Para Celulares Vivo;
2020-08-18 08:41:41;31  983934517;5.0;Para Celulares Vivo;
2020-08-18 08:33:25;31  999538911;64.0;Para Celulares Vivo;
2020-08-14 15:50:50;31  971299534;41.0;Para Celulares Vivo;
2020-08-14 13:34:53;31  983934517;64.0;Para Celulares Vivo;
2020-08-13 16:25:02;31  984526147;367.0;Para Celulares Vivo;
2020-08-13 08:33:20;31  971299534;5.0;Para Celulares Vivo;
2020-08-11 16:08:35;31  999538911;55.0;Para Celulares Vivo;
2020-08-07 17:58:01;31  999812125;165.0;Para Celulares Vivo;
2020-08-04 15:32:44;31  987759645;66.0;Para Celulares Vivo;
2020-07-31;"";19236.7;INTERNET MOVEL 2;0.00
2020-08-01;"";110182.0;INTERNET MOVEL 2;0.00
2020-08-02;"";6881.9;INTERNET MOVEL 2;0.00
2020-08-03;"";15737.7;INTERNET MOVEL 2;0.00
2020-08-04;"";4643.4;INTERNET MOVEL 2;0.00
2020-08-05;"";45140.3;INTERNET MOVEL 2;0.00
2020-08-06;"";6176.0;INTERNET MOVEL 2;0.00
2020-08-07;"";31366.5;INTERNET MOVEL 2;0.00
2020-08-08;"";3663.6;INTERNET MOVEL 2;0.00
2020-08-09;"";13237.7;INTERNET MOVEL 2;0.00
2020-08-10;"";2976.0;INTERNET MOVEL 2;0.00
2020-08-11;"";23743.3;INTERNET MOVEL 2;0.00
2020-08-12;"";28294.0;INTERNET MOVEL 2;0.00
2020-08-13;"";29114.2;INTERNET MOVEL 2;0.00
2020-08-14;"";4225.6;INTERNET MOVEL 2;0.00
2020-08-15;"";131759.6;INTERNET MOVEL 2;0.00
2020-08-16;"";42041.6;INTERNET MOVEL 2;0.00
2020-08-17;"";5038.1;INTERNET MOVEL 2;0.00
2020-08-18;"";9155.3;INTERNET MOVEL 2;0.00
2020-08-19;"";6532.0;INTERNET MOVEL 2;0.00
2020-08-20;"";19524.9;INTERNET MOVEL 2;0.00
2020-08-21;"";5635.7;INTERNET MOVEL 2;0.00
2020-08-22;"";72222.9;INTERNET MOVEL 2;0.00
2020-08-23;"";105903.4;INTERNET MOVEL 2;0.00
2020-08-24;"";32022.5;INTERNET MOVEL 2;0.00
2020-08-25;"";13818.5;INTERNET MOVEL 2;0.00
2020-08-26;"";41924.2;INTERNET MOVEL 2;0.00
2020-08-27;"";4084.8;INTERNET MOVEL 2;0.00
2020-08-28;"";66373.5;INTERNET MOVEL 2;0.00
2020-08-29;"";767.0;INTERNET MOVEL 2;0.00
2020-08-30;"";2869.9;INTERNET MOVEL 2;0.00
2020-08-31;"";5745.6;INTERNET MOVEL 2;0.00
