data_hora_inicio;nro_telefone_chamado;duracao_ligacao;desc_categoria;valor_ligacao
2020-08-27 11:59:42;51992592803;1.0;GRATIS-SMS;0.00
2020-08-03 23:38:15;11953259211;1.0;GRATIS-SMS;0.00
2020-08-27 10:40:08;51  33370505;27.0;Para Fixo de Outras Operadoras;
2020-08-25 16:01:18;51  33370505;15.0;Para Fixo de Outras Operadoras;
2020-08-30 14:27:23;51  993303087;5.0;Para Celulares de Outras Operadoras;
2020-08-25 17:16:14;51  981110769;19.0;Para Celulares de Outras Operadoras;
2020-08-24 18:30:47;51  991576811;5.0;Para Celulares de Outras Operadoras;
2020-08-24 11:20:54;51  991987887;66.0;Para Celulares de Outras Operadoras;
2020-08-23 19:54:03;51  981110769;76.0;Para Celulares de Outras Operadoras;
2020-08-22 12:55:02;51  991771271;9.0;Para Celulares de Outras Operadoras;
2020-08-21 17:05:40;51  991576811;17.0;Para Celulares de Outras Operadoras;
2020-08-21 16:26:51;51  991987887;134.0;Para Celulares de Outras Operadoras;
2020-08-09 08:03:50;51  985436649;5.0;Para Celulares de Outras Operadoras;
2020-08-07 17:00:29;51  993173269;16.0;Para Celulares de Outras Operadoras;
2020-08-04 21:54:20;51  991576811;14.0;Para Celulares de Outras Operadoras;
2020-08-04 16:18:46;51  991987887;66.0;Para Celulares de Outras Operadoras;
2020-08-04 09:54:41;51  991771271;170.0;Para Celulares de Outras Operadoras;
2020-08-17 14:59:58;51  21313333;13.0;Para Fixo Vivo;
2020-08-31 19:47:54;51  991857215;5.0;Para Celulares Vivo;
2020-08-31 19:36:20;51  991857215;5.0;Para Celulares Vivo;
2020-08-29 20:14:08;51  980314647;5.0;Para Celulares Vivo;
2020-08-29 12:21:03;51  992592716;5.0;Para Celulares Vivo;
2020-08-28 12:08:13;51  991857215;6.0;Para Celulares Vivo;
2020-08-28 11:59:28;51  991857215;5.0;Para Celulares Vivo;
2020-08-27 16:02:13;51  980314647;5.0;Para Celulares Vivo;
2020-08-27 14:36:31;51  980314647;5.0;Para Celulares Vivo;
2020-08-27 12:51:33;51  996072559;21.0;Para Celulares Vivo;
2020-08-27 12:39:37;51  980314647;5.0;Para Celulares Vivo;
2020-08-27 12:38:28;51  991857215;10.0;Para Celulares Vivo;
2020-08-27 10:32:20;51  996732270;41.0;Para Celulares Vivo;
2020-08-25 19:47:20;51  980314647;13.0;Para Celulares Vivo;
2020-08-25 19:00:05;51  980314647;9.0;Para Celulares Vivo;
2020-08-25 18:01:37;51  992592817;30.0;Para Celulares Vivo;
2020-08-25 11:02:57;51  992592803;5.0;Para Celulares Vivo;
2020-08-23 19:44:34;51  991857215;5.0;Para Celulares Vivo;
2020-08-22 20:03:38;51  991857215;5.0;Para Celulares Vivo;
2020-08-22 12:04:21;51  980314647;5.0;Para Celulares Vivo;
2020-08-21 18:57:09;51  991857215;5.0;Para Celulares Vivo;
2020-08-20 20:02:03;51  991857215;5.0;Para Celulares Vivo;
2020-08-19 12:42:27;51  992592716;7.0;Para Celulares Vivo;
2020-08-19 08:43:35;51  992592716;58.0;Para Celulares Vivo;
2020-08-19 08:24:38;51  992592716;14.0;Para Celulares Vivo;
2020-08-18 15:52:43;51  996072559;8.0;Para Celulares Vivo;
2020-08-17 18:50:12;51  997275912;9.0;Para Celulares Vivo;
2020-08-16 13:14:02;51  980314647;5.0;Para Celulares Vivo;
2020-08-15 14:26:53;51  991857215;5.0;Para Celulares Vivo;
2020-08-15 13:45:25;51  991857215;5.0;Para Celulares Vivo;
2020-08-15 12:06:51;51  996072559;5.0;Para Celulares Vivo;
2020-08-15 11:55:39;51  996072559;5.0;Para Celulares Vivo;
2020-08-14 17:49:01;51  991857215;5.0;Para Celulares Vivo;
2020-08-14 17:46:22;51  996072559;21.0;Para Celulares Vivo;
2020-08-14 14:40:22;51  996072559;47.0;Para Celulares Vivo;
2020-08-14 11:32:00;51  999012432;5.0;Para Celulares Vivo;
2020-08-14 10:43:49;51  991857215;5.0;Para Celulares Vivo;
2020-08-14 09:05:57;51  992592716;12.0;Para Celulares Vivo;
2020-08-12 19:14:22;51  992592818;23.0;Para Celulares Vivo;
2020-08-11 15:22:03;51  999012432;30.0;Para Celulares Vivo;
2020-08-11 09:46:43;51  997293283;129.0;Para Celulares Vivo;
2020-08-11 08:50:11;51  999611129;6.0;Para Celulares Vivo;
2020-08-09 16:33:50;51  991857215;5.0;Para Celulares Vivo;
2020-08-09 16:15:14;51  991857215;5.0;Para Celulares Vivo;
2020-08-09 10:20:09;51  999844804;6.0;Para Celulares Vivo;
2020-08-08 17:48:57;51  992592818;12.0;Para Celulares Vivo;
2020-08-06 17:09:21;51  991857215;5.0;Para Celulares Vivo;
2020-08-06 11:45:36;51  991857215;5.0;Para Celulares Vivo;
2020-08-06 11:06:04;51  991857215;5.0;Para Celulares Vivo;
2020-08-06 09:16:16;51  996072559;5.0;Para Celulares Vivo;
2020-08-06 08:00:11;51  992592716;6.0;Para Celulares Vivo;
2020-08-05 16:14:26;51  992592716;22.0;Para Celulares Vivo;
2020-08-04 21:56:03;51  980314647;5.0;Para Celulares Vivo;
2020-08-04 08:19:44;51  992592716;60.0;Para Celulares Vivo;
2020-08-03 16:12:23;51  996072559;15.0;Para Celulares Vivo;
2020-08-02 11:48:18;51  996072559;5.0;Para Celulares Vivo;
2020-08-01;"";37588.7;INTERNET MOVEL 2;0.00
2020-08-02;"";943.0;INTERNET MOVEL 2;0.00
2020-08-03;"";139080.3;INTERNET MOVEL 2;0.00
2020-08-04;"";139361.7;INTERNET MOVEL 2;0.00
2020-08-05;"";154056.2;INTERNET MOVEL 2;0.00
2020-08-06;"";82907.1;INTERNET MOVEL 2;0.00
2020-08-07;"";126605.6;INTERNET MOVEL 2;0.00
2020-08-08;"";57358.7;INTERNET MOVEL 2;0.00
2020-08-09;"";141721.9;INTERNET MOVEL 2;0.00
2020-08-10;"";162899.4;INTERNET MOVEL 2;0.00
2020-08-11;"";180976.0;INTERNET MOVEL 2;0.00
2020-08-12;"";192322.8;INTERNET MOVEL 2;0.00
2020-08-13;"";183174.4;INTERNET MOVEL 2;0.00
2020-08-14;"";114485.6;INTERNET MOVEL 2;0.00
2020-08-15;"";76352.4;INTERNET MOVEL 2;0.00
2020-08-16;"";4099.8;INTERNET MOVEL 2;0.00
2020-08-17;"";71863.4;INTERNET MOVEL 2;0.00
2020-08-18;"";225827.0;INTERNET MOVEL 2;0.00
2020-08-19;"";195067.7;INTERNET MOVEL 2;0.00
2020-08-20;"";78261.0;INTERNET MOVEL 2;0.00
2020-08-21;"";144724.2;INTERNET MOVEL 2;0.00
2020-08-22;"";11116.6;INTERNET MOVEL 2;0.00
2020-08-23;"";109596.0;INTERNET MOVEL 2;0.00
2020-08-24;"";21757.9;INTERNET MOVEL 2;0.00
2020-08-25;"";54898.0;INTERNET MOVEL 2;0.00
2020-08-26;"";493.0;INTERNET MOVEL 2;0.00
2020-08-27;"";139022.5;INTERNET MOVEL 2;0.00
2020-08-28;"";39363.7;INTERNET MOVEL 2;0.00
2020-08-29;"";75859.9;INTERNET MOVEL 2;0.00
2020-08-30;"";1135.0;INTERNET MOVEL 2;0.00
2020-08-31;"";131207.7;INTERNET MOVEL 2;0.00
