data_hora_inicio;nro_telefone_chamado;duracao_ligacao;desc_categoria;valor_ligacao
2020-08-29 17:03:50;13  988065255;7.0;Para Celulares de Outras Operadoras;
2020-08-28 17:47:31;13  982033012;13.0;Para Celulares de Outras Operadoras;
2020-08-28 17:01:25;13  982033012;5.0;Para Celulares de Outras Operadoras;
2020-08-28 16:15:18;13  982033012;5.0;Para Celulares de Outras Operadoras;
2020-08-28 16:12:47;13  982033012;22.0;Para Celulares de Outras Operadoras;
2020-08-28 16:05:21;13  982033012;32.0;Para Celulares de Outras Operadoras;
2020-08-28 14:56:57;13  982033012;17.0;Para Celulares de Outras Operadoras;
2020-08-21 18:42:55;13  988802304;5.0;Para Celulares de Outras Operadoras;
2020-08-19 18:45:45;24  988817973;9.0;Para Celulares de Outras Operadoras;
2020-08-03 09:57:10;91  984097008;8.0;Para Celulares de Outras Operadoras;
2020-08-03 09:47:42;67  993212026;10.0;Para Celulares de Outras Operadoras;
2020-08-03 09:29:33;67  991138403;8.0;Para Celulares de Outras Operadoras;
2020-08-31 19:58:14;51  992592870;5.0;Para Celulares Vivo;
2020-08-31 12:40:29;51  991317721;5.0;Para Celulares Vivo;
2020-08-31 12:06:30;51  991317721;5.0;Para Celulares Vivo;
2020-08-31 12:01:58;51  991317721;6.0;Para Celulares Vivo;
2020-08-31 08:07:19;51  991317721;25.0;Para Celulares Vivo;
2020-08-28 17:45:38;13  974092129;8.0;Para Celulares Vivo;
2020-08-28 16:26:37;13  974092129;5.0;Para Celulares Vivo;
2020-08-28 16:16:47;51  992592870;40.0;Para Celulares Vivo;
2020-08-28 16:08:56;13  974040724;26.0;Para Celulares Vivo;
2020-08-28 15:44:40;13  974092129;21.0;Para Celulares Vivo;
2020-08-28 15:11:41;13  974040724;15.0;Para Celulares Vivo;
2020-08-28 12:00:26;51  998932684;5.0;Para Celulares Vivo;
2020-08-27 18:54:17;53  999782092;7.0;Para Celulares Vivo;
2020-08-27 18:02:23;51  991202796;10.0;Para Celulares Vivo;
2020-08-27 12:12:56;51  991317721;12.0;Para Celulares Vivo;
2020-08-27 12:06:16;53  999782092;8.0;Para Celulares Vivo;
2020-08-27 12:05:04;51  995590187;5.0;Para Celulares Vivo;
2020-08-27 12:01:31;53  999782092;5.0;Para Celulares Vivo;
2020-08-27 09:08:44;51  995590187;19.0;Para Celulares Vivo;
2020-08-26 18:11:14;51  991317721;7.0;Para Celulares Vivo;
2020-08-25 16:45:58;51  998932684;6.0;Para Celulares Vivo;
2020-08-25 16:45:07;51  998932684;6.0;Para Celulares Vivo;
2020-08-25 13:44:56;51  995590187;20.0;Para Celulares Vivo;
2020-08-25 11:33:41;54  999804066;5.0;Para Celulares Vivo;
2020-08-25 10:49:26;53  999782092;5.0;Para Celulares Vivo;
2020-08-25 10:46:21;51  998932684;6.0;Para Celulares Vivo;
2020-08-25 09:37:44;51  991317721;6.0;Para Celulares Vivo;
2020-08-25 09:24:59;51  995590187;18.0;Para Celulares Vivo;
2020-08-25 09:19:56;51  991317721;11.0;Para Celulares Vivo;
2020-08-25 08:37:12;54  999804066;8.0;Para Celulares Vivo;
2020-08-25 07:44:38;51  991317721;23.0;Para Celulares Vivo;
2020-08-25 07:44:07;51  991317721;5.0;Para Celulares Vivo;
2020-08-24 18:31:54;51  991202796;5.0;Para Celulares Vivo;
2020-08-24 18:02:02;51  991202796;6.0;Para Celulares Vivo;
2020-08-24 12:04:19;51  995590187;5.0;Para Celulares Vivo;
2020-08-24 07:41:46;51  995590187;12.0;Para Celulares Vivo;
2020-08-23 18:37:57;51  998932684;5.0;Para Celulares Vivo;
2020-08-21 17:19:16;51  991317721;123.0;Para Celulares Vivo;
2020-08-21 17:06:39;51  992592870;121.0;Para Celulares Vivo;
2020-08-21 17:03:42;51  998932684;8.0;Para Celulares Vivo;
2020-08-21 09:47:05;51  991202796;7.0;Para Celulares Vivo;
2020-08-21 09:44:31;51  995590187;7.0;Para Celulares Vivo;
2020-08-21 06:48:12;51  991202796;6.0;Para Celulares Vivo;
2020-08-20 18:46:40;51  991317721;13.0;Para Celulares Vivo;
2020-08-20 18:11:44;51  991317721;28.0;Para Celulares Vivo;
2020-08-20 18:03:08;51  991317721;11.0;Para Celulares Vivo;
2020-08-20 16:46:47;51  991317721;26.0;Para Celulares Vivo;
2020-08-20 16:40:49;51  991317721;56.0;Para Celulares Vivo;
2020-08-20 16:20:47;51  995590187;52.0;Para Celulares Vivo;
2020-08-20 12:16:42;51  998331892;6.0;Para Celulares Vivo;
2020-08-20 11:47:30;51  992592754;5.0;Para Celulares Vivo;
2020-08-20 11:36:24;51  992592870;5.0;Para Celulares Vivo;
2020-08-20 09:13:24;51  991317721;31.0;Para Celulares Vivo;
2020-08-19 15:48:53;51  995590187;15.0;Para Celulares Vivo;
2020-08-19 15:18:06;51  991317721;6.0;Para Celulares Vivo;
2020-08-19 15:08:47;51  991317721;29.0;Para Celulares Vivo;
2020-08-18 13:50:11;51  992592870;5.0;Para Celulares Vivo;
2020-08-18 12:23:14;51  992592870;5.0;Para Celulares Vivo;
2020-08-18 11:29:31;54  999804066;5.0;Para Celulares Vivo;
2020-08-18 11:12:29;51  991317721;36.0;Para Celulares Vivo;
2020-08-18 10:51:21;53  999782092;13.0;Para Celulares Vivo;
2020-08-18 10:10:26;51  991317721;21.0;Para Celulares Vivo;
2020-08-18 09:38:39;51  991317721;30.0;Para Celulares Vivo;
2020-08-18 09:25:55;51  991317721;28.0;Para Celulares Vivo;
2020-08-18 09:25:25;51  991317721;5.0;Para Celulares Vivo;
2020-08-17 16:35:07;51  991317721;45.0;Para Celulares Vivo;
2020-08-17 15:55:24;51  991317721;7.0;Para Celulares Vivo;
2020-08-17 15:52:51;51  991317721;10.0;Para Celulares Vivo;
2020-08-17 15:42:41;51  992592870;5.0;Para Celulares Vivo;
2020-08-17 14:55:15;51  998932684;5.0;Para Celulares Vivo;
2020-08-17 14:08:13;51  991317721;12.0;Para Celulares Vivo;
2020-08-17 12:51:23;53  999782092;8.0;Para Celulares Vivo;
2020-08-17 11:55:12;51  991317721;6.0;Para Celulares Vivo;
2020-08-17 11:41:03;51  992592870;5.0;Para Celulares Vivo;
2020-08-17 11:21:53;51  991317721;10.0;Para Celulares Vivo;
2020-08-17 11:01:22;51  991317721;42.0;Para Celulares Vivo;
2020-08-17 10:50:34;51  991317721;8.0;Para Celulares Vivo;
2020-08-17 09:38:11;51  991317721;31.0;Para Celulares Vivo;
2020-08-16 15:56:13;51  991202796;5.0;Para Celulares Vivo;
2020-08-16 12:31:52;51  998932684;5.0;Para Celulares Vivo;
2020-08-16 07:49:55;51  998932684;5.0;Para Celulares Vivo;
2020-08-14 15:05:24;51  998932684;5.0;Para Celulares Vivo;
2020-08-14 10:58:14;51  991317721;35.0;Para Celulares Vivo;
2020-08-14 10:57:43;51  991317721;5.0;Para Celulares Vivo;
2020-08-11 08:10:04;51  991202796;29.0;Para Celulares Vivo;
2020-08-10 11:31:19;51  991202796;5.0;Para Celulares Vivo;
2020-08-07 17:13:54;13  981802221;13.0;Para Celulares Vivo;
2020-08-07 17:08:05;51  992592870;41.0;Para Celulares Vivo;
2020-08-07 12:13:41;51  991202796;5.0;Para Celulares Vivo;
2020-08-07 11:17:29;51  998932684;5.0;Para Celulares Vivo;
2020-08-07 10:10:15;51  991202796;12.0;Para Celulares Vivo;
2020-08-07 10:08:10;51  998932684;6.0;Para Celulares Vivo;
2020-08-07 10:00:14;51  992592870;8.0;Para Celulares Vivo;
2020-08-07 07:56:22;53  999782092;15.0;Para Celulares Vivo;
2020-08-07 06:19:28;51  998932684;5.0;Para Celulares Vivo;
2020-08-06 10:16:41;51  998932684;14.0;Para Celulares Vivo;
2020-08-05 15:32:22;51  991317721;37.0;Para Celulares Vivo;
2020-08-05 15:05:48;51  995590187;5.0;Para Celulares Vivo;
2020-08-04 08:28:59;51  991317721;15.0;Para Celulares Vivo;
2020-08-04 07:48:25;51  991202796;5.0;Para Celulares Vivo;
2020-08-03 13:45:07;54  999804066;8.0;Para Celulares Vivo;
2020-08-03 09:49:13;51  998932684;5.0;Para Celulares Vivo;
2020-08-03 09:31:11;51  995590187;11.0;Para Celulares Vivo;
2020-08-02 13:05:11;51  998932684;10.0;Para Celulares Vivo;
2020-08-02 12:16:13;51  992592870;8.0;Para Celulares Vivo;
2020-08-31 21:27:58;13  981423431;0.0;Adicional por Ligacoes Realizadas;
2020-08-31 19:58:14;51  992592870;0.0;Adicional por Ligacoes Realizadas;
2020-08-31 19:34:38;13  974092129;0.0;Adicional por Ligacoes Realizadas;
2020-08-31 19:00:12;13  974040724;0.0;Adicional por Ligacoes Realizadas;
2020-08-31 12:40:29;51  991317721;0.0;Adicional por Ligacoes Realizadas;
2020-08-31 12:06:30;51  991317721;0.0;Adicional por Ligacoes Realizadas;
2020-08-31 12:01:58;51  991317721;0.0;Adicional por Ligacoes Realizadas;
2020-08-31 08:07:19;51  991317721;0.0;Adicional por Ligacoes Realizadas;
2020-08-29 17:03:50;13  988065255;0.0;Adicional por Ligacoes Realizadas;
2020-08-28 17:47:31;13  982033012;0.0;Adicional por Ligacoes Realizadas;
2020-08-28 17:45:38;13  974092129;0.0;Adicional por Ligacoes Realizadas;
2020-08-28 17:01:25;13  982033012;0.0;Adicional por Ligacoes Realizadas;
2020-08-28 16:26:37;13  974092129;0.0;Adicional por Ligacoes Realizadas;
2020-08-28 16:16:47;51  992592870;0.0;Adicional por Ligacoes Realizadas;
2020-08-28 16:15:18;13  982033012;0.0;Adicional por Ligacoes Realizadas;
2020-08-28 16:12:47;13  982033012;0.0;Adicional por Ligacoes Realizadas;
2020-08-28 16:08:56;13  974040724;0.0;Adicional por Ligacoes Realizadas;
2020-08-28 16:05:21;13  982033012;0.0;Adicional por Ligacoes Realizadas;
2020-08-28 15:44:40;13  974092129;0.0;Adicional por Ligacoes Realizadas;
2020-08-28 15:11:41;13  974040724;0.0;Adicional por Ligacoes Realizadas;
2020-08-28 14:56:57;13  982033012;0.0;Adicional por Ligacoes Realizadas;
2020-08-28 13:14:08;13  974092129;0.0;Adicional por Ligacoes Realizadas;
2020-08-28 12:33:44;13  974040724;0.0;Adicional por Ligacoes Realizadas;
2020-08-28 12:00:26;51  998932684;0.0;Adicional por Ligacoes Realizadas;
2020-08-28 11:11:02;13  974107642;0.0;Adicional por Ligacoes Realizadas;
2020-08-28 11:10:39;13  974040724;0.0;Adicional por Ligacoes Realizadas;
2020-08-28 10:02:42;13  988824070;0.0;Adicional por Ligacoes Realizadas;
2020-08-28 09:48:15;13  988824070;0.0;Adicional por Ligacoes Realizadas;
2020-08-28 07:55:36;13  974107642;0.0;Adicional por Ligacoes Realizadas;
2020-08-27 19:57:11;13  974092129;0.0;Adicional por Ligacoes Realizadas;
2020-08-27 18:54:17;53  999782092;0.0;Adicional por Ligacoes Realizadas;
2020-08-27 18:04:38;13  982033012;0.0;Adicional por Ligacoes Realizadas;
2020-08-27 18:02:23;51  991202796;0.0;Adicional por Ligacoes Realizadas;
2020-08-27 17:03:43;13  988802304;0.0;Adicional por Ligacoes Realizadas;
2020-08-27 16:50:39;13  991441122;0.0;Adicional por Ligacoes Realizadas;
2020-08-27 16:49:00;13  991026348;0.0;Adicional por Ligacoes Realizadas;
2020-08-27 16:27:42;13  991026348;0.0;Adicional por Ligacoes Realizadas;
2020-08-27 16:19:45;13  988065255;0.0;Adicional por Ligacoes Realizadas;
2020-08-27 16:03:39;13  974092129;0.0;Adicional por Ligacoes Realizadas;
2020-08-27 15:43:25;13  991026348;0.0;Adicional por Ligacoes Realizadas;
2020-08-27 15:34:20;13  974092129;0.0;Adicional por Ligacoes Realizadas;
2020-08-27 15:11:33;13  982033012;0.0;Adicional por Ligacoes Realizadas;
2020-08-27 14:53:41;13  988065255;0.0;Adicional por Ligacoes Realizadas;
2020-08-27 14:37:01;13  974040724;0.0;Adicional por Ligacoes Realizadas;
2020-08-27 14:27:43;13  988065255;0.0;Adicional por Ligacoes Realizadas;
2020-08-27 13:44:53;13  997619254;0.0;Adicional por Ligacoes Realizadas;
2020-08-27 13:43:34;13  996385613;0.0;Adicional por Ligacoes Realizadas;
2020-08-27 12:12:56;51  991317721;0.0;Adicional por Ligacoes Realizadas;
2020-08-27 12:06:16;53  999782092;0.0;Adicional por Ligacoes Realizadas;
2020-08-27 12:05:04;51  995590187;0.0;Adicional por Ligacoes Realizadas;
2020-08-27 12:01:31;53  999782092;0.0;Adicional por Ligacoes Realizadas;
2020-08-27 09:08:44;51  995590187;0.0;Adicional por Ligacoes Realizadas;
2020-08-26 18:11:14;51  991317721;0.0;Adicional por Ligacoes Realizadas;
2020-08-26 17:13:36;13  974040724;0.0;Adicional por Ligacoes Realizadas;
2020-08-26 15:43:43;13  981423431;0.0;Adicional por Ligacoes Realizadas;
2020-08-26 11:50:30;13  991026348;0.0;Adicional por Ligacoes Realizadas;
2020-08-26 11:09:15;13  988065255;0.0;Adicional por Ligacoes Realizadas;
2020-08-26 08:56:21;13  974040724;0.0;Adicional por Ligacoes Realizadas;
2020-08-26 08:37:31;13  991026348;0.0;Adicional por Ligacoes Realizadas;
2020-08-26 08:07:21;13  974092129;0.0;Adicional por Ligacoes Realizadas;
2020-08-25 16:45:58;51  998932684;0.0;Adicional por Ligacoes Realizadas;
2020-08-25 16:45:07;51  998932684;0.0;Adicional por Ligacoes Realizadas;
2020-08-25 16:42:32;13  974107642;0.0;Adicional por Ligacoes Realizadas;
2020-08-25 13:44:56;51  995590187;0.0;Adicional por Ligacoes Realizadas;
2020-08-25 11:33:41;54  999804066;0.0;Adicional por Ligacoes Realizadas;
2020-08-25 11:17:02;13  974069621;0.0;Adicional por Ligacoes Realizadas;
2020-08-25 11:11:30;13  974092129;0.0;Adicional por Ligacoes Realizadas;
2020-08-25 11:10:26;13  988282912;0.0;Adicional por Ligacoes Realizadas;
2020-08-25 10:49:26;53  999782092;0.0;Adicional por Ligacoes Realizadas;
2020-08-25 10:46:21;51  998932684;0.0;Adicional por Ligacoes Realizadas;
2020-08-25 09:37:44;51  991317721;0.0;Adicional por Ligacoes Realizadas;
2020-08-25 09:24:59;51  995590187;0.0;Adicional por Ligacoes Realizadas;
2020-08-25 09:19:56;51  991317721;0.0;Adicional por Ligacoes Realizadas;
2020-08-25 08:37:12;54  999804066;0.0;Adicional por Ligacoes Realizadas;
2020-08-25 08:34:30;13  974069621;0.0;Adicional por Ligacoes Realizadas;
2020-08-25 08:33:26;13  974040724;0.0;Adicional por Ligacoes Realizadas;
2020-08-25 07:44:38;51  991317721;0.0;Adicional por Ligacoes Realizadas;
2020-08-25 07:44:07;51  991317721;0.0;Adicional por Ligacoes Realizadas;
2020-08-25 07:31:05;13  974040724;0.0;Adicional por Ligacoes Realizadas;
2020-08-24 18:31:54;51  991202796;0.0;Adicional por Ligacoes Realizadas;
2020-08-24 18:09:53;13  974107642;0.0;Adicional por Ligacoes Realizadas;
2020-08-24 18:08:16;13  988802304;0.0;Adicional por Ligacoes Realizadas;
2020-08-24 18:02:02;51  991202796;0.0;Adicional por Ligacoes Realizadas;
2020-08-24 13:34:09;13  988802304;0.0;Adicional por Ligacoes Realizadas;
2020-08-24 12:04:19;51  995590187;0.0;Adicional por Ligacoes Realizadas;
2020-08-24 10:28:47;13  974040724;0.0;Adicional por Ligacoes Realizadas;
2020-08-24 09:04:54;13  988802304;0.0;Adicional por Ligacoes Realizadas;
2020-08-24 08:53:15;13  996385613;0.0;Adicional por Ligacoes Realizadas;
2020-08-24 07:48:41;13  981373430;0.0;Adicional por Ligacoes Realizadas;
2020-08-24 07:41:46;51  995590187;0.0;Adicional por Ligacoes Realizadas;
2020-08-23 18:37:57;51  998932684;0.0;Adicional por Ligacoes Realizadas;
2020-08-22 11:33:08;12  991279045;0.0;Adicional por Ligacoes Realizadas;
2020-08-22 11:29:58;12  982626966;0.0;Adicional por Ligacoes Realizadas;
2020-08-21 18:42:55;13  988802304;0.0;Adicional por Ligacoes Realizadas;
2020-08-21 17:19:16;51  991317721;0.0;Adicional por Ligacoes Realizadas;
2020-08-21 17:06:39;51  992592870;0.0;Adicional por Ligacoes Realizadas;
2020-08-21 17:03:42;51  998932684;0.0;Adicional por Ligacoes Realizadas;
2020-08-21 13:58:35;13  996129994;0.0;Adicional por Ligacoes Realizadas;
2020-08-21 13:55:17;13  974075421;0.0;Adicional por Ligacoes Realizadas;
2020-08-21 13:26:57;13  974075421;0.0;Adicional por Ligacoes Realizadas;
2020-08-21 11:05:12;13  996385613;0.0;Adicional por Ligacoes Realizadas;
2020-08-21 11:02:49;13  988056822;0.0;Adicional por Ligacoes Realizadas;
2020-08-21 10:01:28;13  981423431;0.0;Adicional por Ligacoes Realizadas;
2020-08-21 09:47:05;51  991202796;0.0;Adicional por Ligacoes Realizadas;
2020-08-21 09:44:31;51  995590187;0.0;Adicional por Ligacoes Realizadas;
2020-08-21 06:48:12;51  991202796;0.0;Adicional por Ligacoes Realizadas;
2020-08-20 18:46:40;51  991317721;0.0;Adicional por Ligacoes Realizadas;
2020-08-20 18:11:44;51  991317721;0.0;Adicional por Ligacoes Realizadas;
2020-08-20 18:03:08;51  991317721;0.0;Adicional por Ligacoes Realizadas;
2020-08-20 17:59:44;13  974040724;0.0;Adicional por Ligacoes Realizadas;
2020-08-20 16:46:47;51  991317721;0.0;Adicional por Ligacoes Realizadas;
2020-08-20 16:40:49;51  991317721;0.0;Adicional por Ligacoes Realizadas;
2020-08-20 16:20:47;51  995590187;0.0;Adicional por Ligacoes Realizadas;
2020-08-20 12:16:42;51  998331892;0.0;Adicional por Ligacoes Realizadas;
2020-08-20 11:47:30;51  992592754;0.0;Adicional por Ligacoes Realizadas;
2020-08-20 11:37:31;13  996839500;0.0;Adicional por Ligacoes Realizadas;
2020-08-20 11:36:24;51  992592870;0.0;Adicional por Ligacoes Realizadas;
2020-08-20 10:31:39;13  997619254;0.0;Adicional por Ligacoes Realizadas;
2020-08-20 09:13:24;51  991317721;0.0;Adicional por Ligacoes Realizadas;
2020-08-20 09:07:47;13  32026565;0.0;Adicional por Ligacoes Realizadas;
2020-08-20 08:12:33;13  988802304;0.0;Adicional por Ligacoes Realizadas;
2020-08-20 08:11:35;13  988065255;0.0;Adicional por Ligacoes Realizadas;
2020-08-19 18:45:45;24  988817973;0.0;Adicional por Ligacoes Realizadas;
2020-08-19 15:56:37;13  988802304;0.0;Adicional por Ligacoes Realizadas;
2020-08-19 15:48:53;51  995590187;0.0;Adicional por Ligacoes Realizadas;
2020-08-19 15:18:06;51  991317721;0.0;Adicional por Ligacoes Realizadas;
2020-08-19 15:08:47;51  991317721;0.0;Adicional por Ligacoes Realizadas;
2020-08-19 14:45:20;13  988802304;0.0;Adicional por Ligacoes Realizadas;
2020-08-19 13:37:05;13  974040724;0.0;Adicional por Ligacoes Realizadas;
2020-08-19 12:36:50;13  974040724;0.0;Adicional por Ligacoes Realizadas;
2020-08-19 11:34:38;13  981802221;0.0;Adicional por Ligacoes Realizadas;
2020-08-19 09:45:21;13  988065255;0.0;Adicional por Ligacoes Realizadas;
2020-08-19 07:53:36;13  988802304;0.0;Adicional por Ligacoes Realizadas;
2020-08-17 11:06:25;13  988802304;0.0;Adicional por Ligacoes Realizadas;
2020-08-17 11:01:22;51  991317721;0.0;Adicional por Ligacoes Realizadas;
2020-08-17 10:50:34;51  991317721;0.0;Adicional por Ligacoes Realizadas;
2020-08-17 10:48:54;13  974040724;0.0;Adicional por Ligacoes Realizadas;
2020-08-17 09:38:11;51  991317721;0.0;Adicional por Ligacoes Realizadas;
2020-08-17 09:36:35;13  974040724;0.0;Adicional por Ligacoes Realizadas;
2020-08-17 06:58:17;13  981373430;0.0;Adicional por Ligacoes Realizadas;
2020-08-16 15:56:13;51  991202796;0.0;Adicional por Ligacoes Realizadas;
2020-08-16 12:31:52;51  998932684;0.0;Adicional por Ligacoes Realizadas;
2020-08-16 07:50:41;13  988802304;0.0;Adicional por Ligacoes Realizadas;
2020-08-16 07:49:55;51  998932684;0.0;Adicional por Ligacoes Realizadas;
2020-08-14 15:05:24;51  998932684;0.0;Adicional por Ligacoes Realizadas;
2020-08-14 14:05:39;13  997619254;0.0;Adicional por Ligacoes Realizadas;
2020-08-14 10:58:14;51  991317721;0.0;Adicional por Ligacoes Realizadas;
2020-08-14 10:57:43;51  991317721;0.0;Adicional por Ligacoes Realizadas;
2020-08-14 10:56:24;53  999782092;0.0;Adicional por Ligacoes Realizadas;
2020-08-14 09:09:28;51  998932684;0.0;Adicional por Ligacoes Realizadas;
2020-08-14 09:08:15;51  998932684;0.0;Adicional por Ligacoes Realizadas;
2020-08-13 22:30:43;51  998932684;0.0;Adicional por Ligacoes Realizadas;
2020-08-13 22:01:11;51  998932684;0.0;Adicional por Ligacoes Realizadas;
2020-08-13 20:37:14;51  998932684;0.0;Adicional por Ligacoes Realizadas;
2020-08-13 19:27:06;13  981423431;0.0;Adicional por Ligacoes Realizadas;
2020-08-13 19:26:11;51  998932684;0.0;Adicional por Ligacoes Realizadas;
2020-08-13 18:51:26;51  998932684;0.0;Adicional por Ligacoes Realizadas;
2020-08-13 18:50:36;13  981423431;0.0;Adicional por Ligacoes Realizadas;
2020-08-13 18:36:28;13  981423431;0.0;Adicional por Ligacoes Realizadas;
2020-08-13 18:21:14;51  998932684;0.0;Adicional por Ligacoes Realizadas;
2020-08-13 18:05:18;13  981423431;0.0;Adicional por Ligacoes Realizadas;
2020-08-13 18:03:20;51  998932684;0.0;Adicional por Ligacoes Realizadas;
2020-08-13 17:43:48;53  999782092;0.0;Adicional por Ligacoes Realizadas;
2020-08-13 17:26:19;13  997383966;0.0;Adicional por Ligacoes Realizadas;
2020-08-14 10:56:24;53  999782092;5.0;Para Celulares Vivo;
2020-08-14 09:09:28;51  998932684;20.0;Para Celulares Vivo;
2020-08-14 09:08:15;51  998932684;5.0;Para Celulares Vivo;
2020-08-13 22:30:43;51  998932684;7.0;Para Celulares Vivo;
2020-08-13 22:01:11;51  998932684;20.0;Para Celulares Vivo;
2020-08-13 20:37:14;51  998932684;11.0;Para Celulares Vivo;
2020-08-13 19:26:11;51  998932684;6.0;Para Celulares Vivo;
2020-08-13 18:51:26;51  998932684;9.0;Para Celulares Vivo;
2020-08-13 18:21:14;51  998932684;8.0;Para Celulares Vivo;
2020-08-13 18:03:20;51  998932684;9.0;Para Celulares Vivo;
2020-08-13 17:43:48;53  999782092;7.0;Para Celulares Vivo;
2020-08-13 13:56:56;51  991317721;5.0;Para Celulares Vivo;
2020-08-13 11:28:38;51  991317721;29.0;Para Celulares Vivo;
2020-08-13 08:44:55;51  991202796;5.0;Para Celulares Vivo;
2020-08-12 16:52:57;51  991317721;27.0;Para Celulares Vivo;
2020-08-12 15:57:17;51  995590187;10.0;Para Celulares Vivo;
2020-08-12 15:56:18;51  991202796;6.0;Para Celulares Vivo;
2020-08-12 14:29:13;51  998932684;5.0;Para Celulares Vivo;
2020-08-12 14:16:15;51  992592754;43.0;Para Celulares Vivo;
2020-08-12 11:47:04;51  995590187;10.0;Para Celulares Vivo;
2020-08-12 07:13:22;51  991202796;5.0;Para Celulares Vivo;
2020-08-11 15:31:52;51  998932684;21.0;Para Celulares Vivo;
2020-08-11 14:00:55;51  992592870;5.0;Para Celulares Vivo;
2020-08-11 12:27:20;51  995590187;5.0;Para Celulares Vivo;
2020-08-11 10:04:20;51  998932684;21.0;Para Celulares Vivo;
2020-08-13 15:02:43;13  997619254;0.0;Adicional por Ligacoes Realizadas;
2020-08-13 13:56:56;51  991317721;0.0;Adicional por Ligacoes Realizadas;
2020-08-13 11:28:38;51  991317721;0.0;Adicional por Ligacoes Realizadas;
2020-08-13 08:44:55;51  991202796;0.0;Adicional por Ligacoes Realizadas;
2020-08-13 08:41:47;13  982033012;0.0;Adicional por Ligacoes Realizadas;
2020-08-13 08:39:47;13  988802304;0.0;Adicional por Ligacoes Realizadas;
2020-08-13 08:37:27;13  974107642;0.0;Adicional por Ligacoes Realizadas;
2020-08-13 08:37:07;13  974107642;0.0;Adicional por Ligacoes Realizadas;
2020-08-12 16:52:57;51  991317721;0.0;Adicional por Ligacoes Realizadas;
2020-08-12 15:57:17;51  995590187;0.0;Adicional por Ligacoes Realizadas;
2020-08-12 15:56:18;51  991202796;0.0;Adicional por Ligacoes Realizadas;
2020-08-12 15:49:48;13  981802221;0.0;Adicional por Ligacoes Realizadas;
2020-08-12 14:29:13;51  998932684;0.0;Adicional por Ligacoes Realizadas;
2020-08-12 14:16:15;51  992592754;0.0;Adicional por Ligacoes Realizadas;
2020-08-12 14:12:46;13  974107642;0.0;Adicional por Ligacoes Realizadas;
2020-08-12 14:12:18;13  974107642;0.0;Adicional por Ligacoes Realizadas;
2020-08-12 14:09:27;13  981373430;0.0;Adicional por Ligacoes Realizadas;
2020-08-12 14:01:25;13  982033012;0.0;Adicional por Ligacoes Realizadas;
2020-08-12 13:55:30;13  974107642;0.0;Adicional por Ligacoes Realizadas;
2020-08-12 11:47:04;51  995590187;0.0;Adicional por Ligacoes Realizadas;
2020-08-12 10:53:42;13  988802304;0.0;Adicional por Ligacoes Realizadas;
2020-08-12 10:25:59;13  988802304;0.0;Adicional por Ligacoes Realizadas;
2020-08-12 07:50:15;13  997383966;0.0;Adicional por Ligacoes Realizadas;
2020-08-12 07:13:22;51  991202796;0.0;Adicional por Ligacoes Realizadas;
2020-08-11 18:23:44;13  982033012;0.0;Adicional por Ligacoes Realizadas;
2020-08-11 15:42:11;13  991441122;0.0;Adicional por Ligacoes Realizadas;
2020-08-11 15:31:52;51  998932684;0.0;Adicional por Ligacoes Realizadas;
2020-08-11 14:12:52;13  981423431;0.0;Adicional por Ligacoes Realizadas;
2020-08-11 14:00:55;51  992592870;0.0;Adicional por Ligacoes Realizadas;
2020-08-11 13:52:15;13  991441122;0.0;Adicional por Ligacoes Realizadas;
2020-08-11 12:27:20;51  995590187;0.0;Adicional por Ligacoes Realizadas;
2020-08-11 11:28:33;13  988282912;0.0;Adicional por Ligacoes Realizadas;
2020-08-11 11:00:56;13  988802304;0.0;Adicional por Ligacoes Realizadas;
2020-08-11 10:57:57;13  981423431;0.0;Adicional por Ligacoes Realizadas;
2020-08-11 10:36:43;13  991441122;0.0;Adicional por Ligacoes Realizadas;
2020-08-11 10:04:20;51  998932684;0.0;Adicional por Ligacoes Realizadas;
2020-08-11 09:30:45;13  988282912;0.0;Adicional por Ligacoes Realizadas;
2020-08-11 08:14:11;13  981373430;0.0;Adicional por Ligacoes Realizadas;
2020-08-11 08:10:04;51  991202796;0.0;Adicional por Ligacoes Realizadas;
2020-08-11 08:06:02;13  982033012;0.0;Adicional por Ligacoes Realizadas;
2020-08-10 17:33:24;13  982033012;0.0;Adicional por Ligacoes Realizadas;
2020-08-10 15:15:03;13  991441122;0.0;Adicional por Ligacoes Realizadas;
2020-08-10 15:07:34;13  981423431;0.0;Adicional por Ligacoes Realizadas;
2020-08-10 13:39:11;13  997383966;0.0;Adicional por Ligacoes Realizadas;
2020-08-10 11:31:19;51  991202796;0.0;Adicional por Ligacoes Realizadas;
2020-08-10 08:59:35;13  988282912;0.0;Adicional por Ligacoes Realizadas;
2020-08-10 08:44:30;13  988282912;0.0;Adicional por Ligacoes Realizadas;
2020-08-10 08:43:28;13  997383966;0.0;Adicional por Ligacoes Realizadas;
2020-08-10 08:24:19;13  981188560;0.0;Adicional por Ligacoes Realizadas;
2020-08-07 17:13:54;13  981802221;0.0;Adicional por Ligacoes Realizadas;
2020-08-07 17:08:05;51  992592870;0.0;Adicional por Ligacoes Realizadas;
2020-08-07 13:38:00;13  981802221;0.0;Adicional por Ligacoes Realizadas;
2020-08-07 13:36:29;13  988191321;0.0;Adicional por Ligacoes Realizadas;
2020-08-07 13:21:09;13  981188560;0.0;Adicional por Ligacoes Realizadas;
2020-08-07 13:16:56;13  981802221;0.0;Adicional por Ligacoes Realizadas;
2020-08-07 12:13:41;51  991202796;0.0;Adicional por Ligacoes Realizadas;
2020-08-07 12:07:47;13  981188560;0.0;Adicional por Ligacoes Realizadas;
2020-08-07 11:22:23;13  981188560;0.0;Adicional por Ligacoes Realizadas;
2020-08-07 11:17:29;51  998932684;0.0;Adicional por Ligacoes Realizadas;
2020-08-07 10:10:15;51  991202796;0.0;Adicional por Ligacoes Realizadas;
2020-08-07 10:09:04;13  981802221;0.0;Adicional por Ligacoes Realizadas;
2020-08-07 10:08:10;51  998932684;0.0;Adicional por Ligacoes Realizadas;
2020-08-07 10:05:39;13  981802221;0.0;Adicional por Ligacoes Realizadas;
2020-08-07 10:00:14;51  992592870;0.0;Adicional por Ligacoes Realizadas;
2020-08-07 09:40:12;13  997383966;0.0;Adicional por Ligacoes Realizadas;
2020-08-07 09:33:55;13  991441122;0.0;Adicional por Ligacoes Realizadas;
2020-08-07 09:31:31;13  996129994;0.0;Adicional por Ligacoes Realizadas;
2020-08-07 09:14:54;13  997383966;0.0;Adicional por Ligacoes Realizadas;
2020-08-07 08:45:42;13  991441122;0.0;Adicional por Ligacoes Realizadas;
2020-08-07 08:01:18;13  991441122;0.0;Adicional por Ligacoes Realizadas;
2020-08-07 07:56:22;53  999782092;0.0;Adicional por Ligacoes Realizadas;
2020-08-07 06:19:28;51  998932684;0.0;Adicional por Ligacoes Realizadas;
2020-08-06 14:50:11;13  996385613;0.0;Adicional por Ligacoes Realizadas;
2020-08-06 10:16:41;51  998932684;0.0;Adicional por Ligacoes Realizadas;
2020-08-05 20:24:30;13  981463358;0.0;Adicional por Ligacoes Realizadas;
2020-08-05 18:06:12;13  981463358;0.0;Adicional por Ligacoes Realizadas;
2020-08-05 16:04:07;13  991441122;0.0;Adicional por Ligacoes Realizadas;
2020-08-05 15:32:22;51  991317721;0.0;Adicional por Ligacoes Realizadas;
2020-08-05 15:09:01;13  981423431;0.0;Adicional por Ligacoes Realizadas;
2020-08-05 15:05:48;51  995590187;0.0;Adicional por Ligacoes Realizadas;
2020-08-05 08:55:53;13  981423431;0.0;Adicional por Ligacoes Realizadas;
2020-08-04 18:39:30;13  981423431;0.0;Adicional por Ligacoes Realizadas;
2020-08-04 18:37:39;13  991441122;0.0;Adicional por Ligacoes Realizadas;
2020-08-04 13:47:06;13  982033012;0.0;Adicional por Ligacoes Realizadas;
2020-08-04 11:39:09;13  974099996;0.0;Adicional por Ligacoes Realizadas;
2020-08-04 11:23:37;13  991441122;0.0;Adicional por Ligacoes Realizadas;
2020-08-04 11:11:16;13  991441122;0.0;Adicional por Ligacoes Realizadas;
2020-08-04 08:28:59;51  991317721;0.0;Adicional por Ligacoes Realizadas;
2020-08-04 08:08:31;13  981423431;0.0;Adicional por Ligacoes Realizadas;
2020-08-04 08:05:27;13  981423431;0.0;Adicional por Ligacoes Realizadas;
2020-08-04 07:48:25;51  991202796;0.0;Adicional por Ligacoes Realizadas;
2020-08-03 15:07:51;13  981423431;0.0;Adicional por Ligacoes Realizadas;
2020-08-03 13:45:07;54  999804066;0.0;Adicional por Ligacoes Realizadas;
2020-08-03 09:57:10;91  984097008;0.0;Adicional por Ligacoes Realizadas;
2020-08-03 09:49:13;51  998932684;0.0;Adicional por Ligacoes Realizadas;
2020-08-03 09:47:42;67  993212026;0.0;Adicional por Ligacoes Realizadas;
2020-08-03 09:31:11;51  995590187;0.0;Adicional por Ligacoes Realizadas;
2020-08-03 09:29:33;67  991138403;0.0;Adicional por Ligacoes Realizadas;
2020-08-03 08:47:43;13  996385613;0.0;Adicional por Ligacoes Realizadas;
2020-08-02 14:52:19;13  981423431;0.0;Adicional por Ligacoes Realizadas;
2020-08-02 13:05:11;51  998932684;0.0;Adicional por Ligacoes Realizadas;
2020-08-02 12:16:13;51  992592870;0.0;Adicional por Ligacoes Realizadas;
2020-08-02 08:35:30;13  981423431;0.0;Adicional por Ligacoes Realizadas;
2020-08-02 05:46:33;13  974040724;0.0;Adicional por Ligacoes Realizadas;
2020-08-02 05:45:29;13  988802304;0.0;Adicional por Ligacoes Realizadas;
2020-08-31 21:27:58;13  981423431;9.0;Para Celulares de Outras Operadoras;
2020-08-10 08:59:35;13  988282912;19.0;Para Celulares de Outras Operadoras;
2020-08-10 08:44:30;13  988282912;16.0;Para Celulares de Outras Operadoras;
2020-08-07 13:36:29;13  988191321;11.0;Para Celulares de Outras Operadoras;
2020-08-07 09:33:55;13  991441122;9.0;Para Celulares de Outras Operadoras;
2020-08-07 09:31:31;13  996129994;19.0;Para Celulares de Outras Operadoras;
2020-08-07 08:45:42;13  991441122;7.0;Para Celulares de Outras Operadoras;
2020-08-07 08:01:18;13  991441122;9.0;Para Celulares de Outras Operadoras;
2020-08-05 20:24:30;13  981463358;5.0;Para Celulares de Outras Operadoras;
2020-08-05 18:06:12;13  981463358;18.0;Para Celulares de Outras Operadoras;
2020-08-05 16:04:07;13  991441122;6.0;Para Celulares de Outras Operadoras;
2020-08-05 15:09:01;13  981423431;11.0;Para Celulares de Outras Operadoras;
2020-08-05 08:55:53;13  981423431;19.0;Para Celulares de Outras Operadoras;
2020-08-04 18:39:30;13  981423431;9.0;Para Celulares de Outras Operadoras;
2020-08-04 18:37:39;13  991441122;9.0;Para Celulares de Outras Operadoras;
2020-08-04 13:47:06;13  982033012;6.0;Para Celulares de Outras Operadoras;
2020-08-04 11:23:37;13  991441122;5.0;Para Celulares de Outras Operadoras;
2020-08-04 11:11:16;13  991441122;8.0;Para Celulares de Outras Operadoras;
2020-08-04 08:08:31;13  981423431;5.0;Para Celulares de Outras Operadoras;
2020-08-04 08:05:27;13  981423431;9.0;Para Celulares de Outras Operadoras;
2020-08-03 15:07:51;13  981423431;11.0;Para Celulares de Outras Operadoras;
2020-08-02 14:52:19;13  981423431;5.0;Para Celulares de Outras Operadoras;
2020-08-02 08:35:30;13  981423431;5.0;Para Celulares de Outras Operadoras;
2020-08-02 05:45:29;13  988802304;6.0;Para Celulares de Outras Operadoras;
2020-08-20 09:07:47;13  32026565;50.0;Para Fixo Vivo;
2020-08-18 09:33:49;13  32026570;37.0;Para Fixo Vivo;
2020-08-31 19:34:38;13  974092129;18.0;Para Celulares Vivo;
2020-08-31 19:00:12;13  974040724;5.0;Para Celulares Vivo;
2020-08-28 13:14:08;13  974092129;15.0;Para Celulares Vivo;
2020-08-28 12:33:44;13  974040724;19.0;Para Celulares Vivo;
2020-08-28 11:10:39;13  974040724;5.0;Para Celulares Vivo;
2020-08-27 19:57:11;13  974092129;13.0;Para Celulares Vivo;
2020-08-27 16:03:39;13  974092129;19.0;Para Celulares Vivo;
2020-08-27 15:34:20;13  974092129;26.0;Para Celulares Vivo;
2020-08-27 14:37:01;13  974040724;54.0;Para Celulares Vivo;
2020-08-27 13:44:53;13  997619254;85.0;Para Celulares Vivo;
2020-08-27 13:43:34;13  996385613;6.0;Para Celulares Vivo;
2020-08-26 17:13:36;13  974040724;31.0;Para Celulares Vivo;
2020-08-26 08:56:21;13  974040724;13.0;Para Celulares Vivo;
2020-08-26 08:07:21;13  974092129;13.0;Para Celulares Vivo;
2020-08-25 11:17:02;13  974069621;12.0;Para Celulares Vivo;
2020-08-25 11:11:30;13  974092129;5.0;Para Celulares Vivo;
2020-08-25 08:34:30;13  974069621;18.0;Para Celulares Vivo;
2020-08-25 08:33:26;13  974040724;5.0;Para Celulares Vivo;
2020-08-25 07:31:05;13  974040724;17.0;Para Celulares Vivo;
2020-08-24 10:28:47;13  974040724;54.0;Para Celulares Vivo;
2020-08-24 08:53:15;13  996385613;7.0;Para Celulares Vivo;
2020-08-21 11:05:12;13  996385613;9.0;Para Celulares Vivo;
2020-08-20 17:59:44;13  974040724;11.0;Para Celulares Vivo;
2020-08-19 07:16:18;13  988802304;0.0;Adicional por Ligacoes Realizadas;
2020-08-18 17:13:56;13  974092129;0.0;Adicional por Ligacoes Realizadas;
2020-08-18 16:00:18;13  981423431;0.0;Adicional por Ligacoes Realizadas;
2020-08-18 13:50:11;51  992592870;0.0;Adicional por Ligacoes Realizadas;
2020-08-18 12:23:14;51  992592870;0.0;Adicional por Ligacoes Realizadas;
2020-08-18 11:29:31;54  999804066;0.0;Adicional por Ligacoes Realizadas;
2020-08-18 11:12:29;51  991317721;0.0;Adicional por Ligacoes Realizadas;
2020-08-18 10:51:21;53  999782092;0.0;Adicional por Ligacoes Realizadas;
2020-08-18 10:10:26;51  991317721;0.0;Adicional por Ligacoes Realizadas;
2020-08-18 09:38:39;51  991317721;0.0;Adicional por Ligacoes Realizadas;
2020-08-18 09:33:49;13  32026570;0.0;Adicional por Ligacoes Realizadas;
2020-08-18 09:25:55;51  991317721;0.0;Adicional por Ligacoes Realizadas;
2020-08-18 09:25:25;51  991317721;0.0;Adicional por Ligacoes Realizadas;
2020-08-18 08:22:34;13  988065255;0.0;Adicional por Ligacoes Realizadas;
2020-08-17 17:43:39;13  974092129;0.0;Adicional por Ligacoes Realizadas;
2020-08-17 17:39:11;13  981423431;0.0;Adicional por Ligacoes Realizadas;
2020-08-17 17:08:06;13  988824070;0.0;Adicional por Ligacoes Realizadas;
2020-08-17 16:35:07;51  991317721;0.0;Adicional por Ligacoes Realizadas;
2020-08-17 15:55:24;51  991317721;0.0;Adicional por Ligacoes Realizadas;
2020-08-17 15:52:51;51  991317721;0.0;Adicional por Ligacoes Realizadas;
2020-08-17 15:49:07;13  988824070;0.0;Adicional por Ligacoes Realizadas;
2020-08-17 15:42:41;51  992592870;0.0;Adicional por Ligacoes Realizadas;
2020-08-17 14:55:15;51  998932684;0.0;Adicional por Ligacoes Realizadas;
2020-08-17 14:11:04;13  988824070;0.0;Adicional por Ligacoes Realizadas;
2020-08-17 14:09:56;13  988802304;0.0;Adicional por Ligacoes Realizadas;
2020-08-17 14:08:13;51  991317721;0.0;Adicional por Ligacoes Realizadas;
2020-08-17 14:06:16;13  991441122;0.0;Adicional por Ligacoes Realizadas;
2020-08-17 12:51:23;53  999782092;0.0;Adicional por Ligacoes Realizadas;
2020-08-17 12:06:51;13  988824070;0.0;Adicional por Ligacoes Realizadas;
2020-08-17 12:00:44;13  988824070;0.0;Adicional por Ligacoes Realizadas;
2020-08-17 11:55:12;51  991317721;0.0;Adicional por Ligacoes Realizadas;
2020-08-17 11:49:01;13  974040724;0.0;Adicional por Ligacoes Realizadas;
2020-08-17 11:41:03;51  992592870;0.0;Adicional por Ligacoes Realizadas;
2020-08-17 11:21:53;51  991317721;0.0;Adicional por Ligacoes Realizadas;
2020-08-28 11:11:02;13  974107642;5.0;Para Celulares de Outras Operadoras;
2020-08-28 10:02:42;13  988824070;15.0;Para Celulares de Outras Operadoras;
2020-08-28 09:48:15;13  988824070;125.0;Para Celulares de Outras Operadoras;
2020-08-28 07:55:36;13  974107642;35.0;Para Celulares de Outras Operadoras;
2020-08-27 18:04:38;13  982033012;18.0;Para Celulares de Outras Operadoras;
2020-08-27 17:03:43;13  988802304;12.0;Para Celulares de Outras Operadoras;
2020-08-27 16:50:39;13  991441122;6.0;Para Celulares de Outras Operadoras;
2020-08-27 16:49:00;13  991026348;5.0;Para Celulares de Outras Operadoras;
2020-08-27 16:27:42;13  991026348;7.0;Para Celulares de Outras Operadoras;
2020-08-27 16:19:45;13  988065255;9.0;Para Celulares de Outras Operadoras;
2020-08-27 15:43:25;13  991026348;5.0;Para Celulares de Outras Operadoras;
2020-08-27 15:11:33;13  982033012;10.0;Para Celulares de Outras Operadoras;
2020-08-27 14:53:41;13  988065255;5.0;Para Celulares de Outras Operadoras;
2020-08-27 14:27:43;13  988065255;6.0;Para Celulares de Outras Operadoras;
2020-08-26 15:43:43;13  981423431;10.0;Para Celulares de Outras Operadoras;
2020-08-26 11:50:30;13  991026348;6.0;Para Celulares de Outras Operadoras;
2020-08-26 11:09:15;13  988065255;5.0;Para Celulares de Outras Operadoras;
2020-08-26 08:37:31;13  991026348;9.0;Para Celulares de Outras Operadoras;
2020-08-25 16:42:32;13  974107642;10.0;Para Celulares de Outras Operadoras;
2020-08-25 11:10:26;13  988282912;7.0;Para Celulares de Outras Operadoras;
2020-08-24 18:09:53;13  974107642;14.0;Para Celulares de Outras Operadoras;
2020-08-24 18:08:16;13  988802304;13.0;Para Celulares de Outras Operadoras;
2020-08-24 13:34:09;13  988802304;5.0;Para Celulares de Outras Operadoras;
2020-08-24 09:04:54;13  988802304;8.0;Para Celulares de Outras Operadoras;
2020-08-24 07:48:41;13  981373430;5.0;Para Celulares de Outras Operadoras;
2020-08-22 11:33:08;12  991279045;11.0;Para Celulares de Outras Operadoras;
2020-08-22 11:29:58;12  982626966;18.0;Para Celulares de Outras Operadoras;
2020-08-21 13:58:35;13  996129994;10.0;Para Celulares de Outras Operadoras;
2020-08-21 13:55:17;13  974075421;14.0;Para Celulares de Outras Operadoras;
2020-08-21 13:26:57;13  974075421;19.0;Para Celulares de Outras Operadoras;
2020-08-21 11:02:49;13  988056822;20.0;Para Celulares de Outras Operadoras;
2020-08-21 10:01:28;13  981423431;5.0;Para Celulares de Outras Operadoras;
2020-08-20 08:12:33;13  988802304;24.0;Para Celulares de Outras Operadoras;
2020-08-20 08:11:35;13  988065255;5.0;Para Celulares de Outras Operadoras;
2020-08-19 15:56:37;13  988802304;5.0;Para Celulares de Outras Operadoras;
2020-08-19 14:45:20;13  988802304;5.0;Para Celulares de Outras Operadoras;
2020-08-19 09:45:21;13  988065255;5.0;Para Celulares de Outras Operadoras;
2020-08-19 07:53:36;13  988802304;9.0;Para Celulares de Outras Operadoras;
2020-08-19 07:16:18;13  988802304;7.0;Para Celulares de Outras Operadoras;
2020-08-18 16:00:18;13  981423431;10.0;Para Celulares de Outras Operadoras;
2020-08-18 08:22:34;13  988065255;9.0;Para Celulares de Outras Operadoras;
2020-08-17 17:39:11;13  981423431;7.0;Para Celulares de Outras Operadoras;
2020-08-17 17:08:06;13  988824070;5.0;Para Celulares de Outras Operadoras;
2020-08-17 15:49:07;13  988824070;12.0;Para Celulares de Outras Operadoras;
2020-08-17 14:11:04;13  988824070;5.0;Para Celulares de Outras Operadoras;
2020-08-17 14:09:56;13  988802304;5.0;Para Celulares de Outras Operadoras;
2020-08-17 14:06:16;13  991441122;11.0;Para Celulares de Outras Operadoras;
2020-08-17 12:06:51;13  988824070;48.0;Para Celulares de Outras Operadoras;
2020-08-17 12:00:44;13  988824070;7.0;Para Celulares de Outras Operadoras;
2020-08-17 11:06:25;13  988802304;7.0;Para Celulares de Outras Operadoras;
2020-08-17 06:58:17;13  981373430;8.0;Para Celulares de Outras Operadoras;
2020-08-16 07:50:41;13  988802304;7.0;Para Celulares de Outras Operadoras;
2020-08-13 19:27:06;13  981423431;8.0;Para Celulares de Outras Operadoras;
2020-08-13 18:50:36;13  981423431;6.0;Para Celulares de Outras Operadoras;
2020-08-13 18:36:28;13  981423431;18.0;Para Celulares de Outras Operadoras;
2020-08-13 18:05:18;13  981423431;12.0;Para Celulares de Outras Operadoras;
2020-08-13 08:41:47;13  982033012;17.0;Para Celulares de Outras Operadoras;
2020-08-13 08:39:47;13  988802304;7.0;Para Celulares de Outras Operadoras;
2020-08-13 08:37:27;13  974107642;13.0;Para Celulares de Outras Operadoras;
2020-08-13 08:37:07;13  974107642;5.0;Para Celulares de Outras Operadoras;
2020-08-12 14:12:46;13  974107642;24.0;Para Celulares de Outras Operadoras;
2020-08-12 14:12:18;13  974107642;5.0;Para Celulares de Outras Operadoras;
2020-08-12 14:09:27;13  981373430;9.0;Para Celulares de Outras Operadoras;
2020-08-12 14:01:25;13  982033012;5.0;Para Celulares de Outras Operadoras;
2020-08-12 13:55:30;13  974107642;49.0;Para Celulares de Outras Operadoras;
2020-08-12 10:53:42;13  988802304;9.0;Para Celulares de Outras Operadoras;
2020-08-12 10:25:59;13  988802304;6.0;Para Celulares de Outras Operadoras;
2020-08-11 18:23:44;13  982033012;27.0;Para Celulares de Outras Operadoras;
2020-08-11 15:42:11;13  991441122;5.0;Para Celulares de Outras Operadoras;
2020-08-11 14:12:52;13  981423431;13.0;Para Celulares de Outras Operadoras;
2020-08-11 13:52:15;13  991441122;9.0;Para Celulares de Outras Operadoras;
2020-08-11 11:28:33;13  988282912;14.0;Para Celulares de Outras Operadoras;
2020-08-11 11:00:56;13  988802304;13.0;Para Celulares de Outras Operadoras;
2020-08-11 10:57:57;13  981423431;8.0;Para Celulares de Outras Operadoras;
2020-08-11 10:36:43;13  991441122;13.0;Para Celulares de Outras Operadoras;
2020-08-11 09:30:45;13  988282912;11.0;Para Celulares de Outras Operadoras;
2020-08-11 08:14:11;13  981373430;16.0;Para Celulares de Outras Operadoras;
2020-08-11 08:06:02;13  982033012;11.0;Para Celulares de Outras Operadoras;
2020-08-10 17:33:24;13  982033012;5.0;Para Celulares de Outras Operadoras;
2020-08-10 15:15:03;13  991441122;21.0;Para Celulares de Outras Operadoras;
2020-08-10 15:07:34;13  981423431;32.0;Para Celulares de Outras Operadoras;
2020-08-20 11:37:31;13  996839500;28.0;Para Celulares Vivo;
2020-08-20 10:31:39;13  997619254;6.0;Para Celulares Vivo;
2020-08-19 13:37:05;13  974040724;23.0;Para Celulares Vivo;
2020-08-19 12:36:50;13  974040724;95.0;Para Celulares Vivo;
2020-08-19 11:34:38;13  981802221;5.0;Para Celulares Vivo;
2020-08-18 17:13:56;13  974092129;6.0;Para Celulares Vivo;
2020-08-17 17:43:39;13  974092129;10.0;Para Celulares Vivo;
2020-08-17 11:49:01;13  974040724;5.0;Para Celulares Vivo;
2020-08-17 10:48:54;13  974040724;13.0;Para Celulares Vivo;
2020-08-17 09:36:35;13  974040724;13.0;Para Celulares Vivo;
2020-08-14 14:05:39;13  997619254;41.0;Para Celulares Vivo;
2020-08-13 17:26:19;13  997383966;6.0;Para Celulares Vivo;
2020-08-13 15:02:43;13  997619254;5.0;Para Celulares Vivo;
2020-08-12 15:49:48;13  981802221;5.0;Para Celulares Vivo;
2020-08-12 07:50:15;13  997383966;9.0;Para Celulares Vivo;
2020-08-10 13:39:11;13  997383966;8.0;Para Celulares Vivo;
2020-08-10 08:43:28;13  997383966;7.0;Para Celulares Vivo;
2020-08-10 08:24:19;13  981188560;9.0;Para Celulares Vivo;
2020-08-07 13:38:00;13  981802221;5.0;Para Celulares Vivo;
2020-08-07 13:21:09;13  981188560;26.0;Para Celulares Vivo;
2020-08-07 13:16:56;13  981802221;31.0;Para Celulares Vivo;
2020-08-07 12:07:47;13  981188560;8.0;Para Celulares Vivo;
2020-08-07 11:22:23;13  981188560;14.0;Para Celulares Vivo;
2020-08-07 10:09:04;13  981802221;8.0;Para Celulares Vivo;
2020-08-07 10:05:39;13  981802221;18.0;Para Celulares Vivo;
2020-08-07 09:40:12;13  997383966;34.0;Para Celulares Vivo;
2020-08-07 09:14:54;13  997383966;24.0;Para Celulares Vivo;
2020-08-06 14:50:11;13  996385613;16.0;Para Celulares Vivo;
2020-08-04 11:39:09;13  974099996;8.0;Para Celulares Vivo;
2020-08-03 08:47:43;13  996385613;9.0;Para Celulares Vivo;
2020-08-02 05:46:33;13  974040724;5.0;Para Celulares Vivo;
2020-08-01;"";1148.0;INTERNET MOVEL 2;0.00
2020-08-02;"";14115.0;INTERNET MOVEL 2;0.00
2020-08-03;"";52849.4;INTERNET MOVEL 2;0.00
2020-08-04;"";29259.2;INTERNET MOVEL 2;0.00
2020-08-05;"";28219.0;INTERNET MOVEL 2;0.00
2020-08-06;"";436.0;INTERNET MOVEL 2;0.00
2020-08-07;"";92197.4;INTERNET MOVEL 2;0.00
2020-08-08;"";55714.2;INTERNET MOVEL 2;0.00
2020-08-09;"";112879.1;INTERNET MOVEL 2;0.00
2020-08-10;"";10458.8;INTERNET MOVEL 2;0.00
2020-08-11;"";60687.9;INTERNET MOVEL 2;0.00
2020-08-12;"";26223.5;INTERNET MOVEL 2;0.00
2020-08-13;"";147723.4;INTERNET MOVEL 2;0.00
2020-08-14;"";179350.8;INTERNET MOVEL 2;0.00
2020-08-15;"";79829.2;INTERNET MOVEL 2;0.00
2020-08-16;"";11378.2;INTERNET MOVEL 2;0.00
2020-08-17;"";67178.2;INTERNET MOVEL 2;0.00
2020-08-18;"";43665.7;INTERNET MOVEL 2;0.00
2020-08-19;"";8733.0;INTERNET MOVEL 2;0.00
2020-08-20;"";48143.2;INTERNET MOVEL 2;0.00
2020-08-21;"";81373.9;INTERNET MOVEL 2;0.00
2020-08-22;"";183536.5;INTERNET MOVEL 2;0.00
2020-08-23;"";60481.6;INTERNET MOVEL 2;0.00
2020-08-24;"";4671.0;INTERNET MOVEL 2;0.00
2020-08-25;"";45732.7;INTERNET MOVEL 2;0.00
2020-08-26;"";9325.0;INTERNET MOVEL 2;0.00
2020-08-27;"";26087.3;INTERNET MOVEL 2;0.00
2020-08-28;"";28235.0;INTERNET MOVEL 2;0.00
2020-08-29;"";113907.8;INTERNET MOVEL 2;0.00
2020-08-30;"";21319.0;INTERNET MOVEL 2;0.00
2020-08-31;"";8171.0;INTERNET MOVEL 2;0.00
