data_hora_inicio;nro_telefone_chamado;duracao_ligacao;desc_categoria;valor_ligacao
2020-08-10 17:22:42;11950140827;1.0;GRATIS-SMS;0.00
2020-08-14 22:52:33;51  989065481;45.0;Para Celulares de Outras Operadoras;
2020-08-14 22:17:21;51  989065481;22.0;Para Celulares de Outras Operadoras;
2020-08-22 09:58:21;51  995823276;44.0;Para Celulares Vivo;
2020-08-18 18:41:31;51  993119416;253.0;Para Celulares Vivo;
2020-08-18 18:36:02;51  993119416;45.0;Para Celulares Vivo;
2020-08-06 08:49:23;51  993119416;100.0;Para Celulares Vivo;
2020-08-04 11:48:05;51  992592816;12.0;Para Celulares Vivo;
2020-08-22 09:58:21;51  995823276;0.0;Adicional por Ligacoes Realizadas;
2020-08-18 18:41:31;51  993119416;0.0;Adicional por Ligacoes Realizadas;
2020-08-18 18:36:02;51  993119416;0.0;Adicional por Ligacoes Realizadas;
2020-08-24 14:33:09;51  993119416;82.0;Para Celulares Vivo;
2020-08-13 10:45:30;51  995112038;159.0;Para Celulares Vivo;
2020-08-13 10:42:04;51  995112038;5.0;Para Celulares Vivo;
2020-08-13 10:35:41;51  995112038;54.0;Para Celulares Vivo;
2020-08-04;"";113026.5;INTERNET MOVEL 2;0.00
2020-08-05;"";189254.3;INTERNET MOVEL 2;0.00
2020-08-06;"";260867.8;INTERNET MOVEL 2;0.00
2020-08-07;"";263254.7;INTERNET MOVEL 2;0.00
2020-08-12;"";2188.6;INTERNET MOVEL 2;0.00
2020-08-13;"";139646.0;INTERNET MOVEL 2;0.00
2020-08-14;"";72582.1;INTERNET MOVEL 2;0.00
2020-08-15;"";147273.6;INTERNET MOVEL 2;0.00
2020-08-16;"";8760.9;INTERNET MOVEL 2;0.00
2020-08-17;"";29493.1;INTERNET MOVEL 2;0.00
2020-08-18;"";39258.8;INTERNET MOVEL 2;0.00
2020-08-21;"";315892.0;INTERNET MOVEL 2;0.00
2020-08-22;"";224761.1;INTERNET MOVEL 2;0.00
2020-08-29;"";68394.1;INTERNET MOVEL 2;0.00
2020-08-30;"";21172.6;INTERNET MOVEL 2;0.00
2020-08-31;"";57.0;INTERNET MOVEL 2;0.00
