data_hora_inicio;nro_telefone_chamado;duracao_ligacao;desc_categoria;valor_ligacao
2020-08-15 18:01:37;11953259215;1.0;GRATIS-SMS;0.00
2020-08-12 21:04:55;14997292829;1.0;GRATIS-SMS;0.00
2020-08-10 18:40:51;65992183573;1.0;GRATIS-SMS;0.00
2020-08-03 08:26:58;66999281710;1.0;GRATIS-SMS;0.00
2020-08-01 16:40:34;51  993319478;50.0;Para Celulares Vivo;
2020-08-01 15:23:41;51  993319478;97.0;Para Celulares Vivo;
2020-08-31 12:47:09;65  992183573;23.0;Para Celulares de Outras Operadoras;
2020-08-29 13:17:53;51  993246814;10.0;Para Celulares de Outras Operadoras;
2020-08-18 16:38:49;51  984589521;17.0;Para Celulares de Outras Operadoras;
2020-08-17 09:03:13;64  992949242;53.0;Para Celulares de Outras Operadoras;
2020-08-31 09:35:31;51  993360720;17.0;Para Celulares Vivo;
2020-08-27 12:05:05;34  996774310;18.0;Para Celulares Vivo;
2020-08-27 12:02:46;34  996774310;20.0;Para Celulares Vivo;
2020-08-26 15:56:01;77  999719724;21.0;Para Celulares Vivo;
2020-08-24 10:56:54;51  993319478;113.0;Para Celulares Vivo;
2020-08-17 14:29:39;67  996608265;8.0;Para Celulares Vivo;
2020-08-17 14:28:56;67  996608265;5.0;Para Celulares Vivo;
2020-08-31 12:47:09;65  992183573;0.0;Adicional por Ligacoes Realizadas;
2020-08-31 12:36:33;14  998858728;0.0;Adicional por Ligacoes Realizadas;
2020-08-31 11:46:07;14  34024444;0.0;Adicional por Ligacoes Realizadas;
2020-08-31 09:35:31;51  993360720;0.0;Adicional por Ligacoes Realizadas;
2020-08-29 13:17:53;51  993246814;0.0;Adicional por Ligacoes Realizadas;
2020-08-28 17:12:45;14  997217732;0.0;Adicional por Ligacoes Realizadas;
2020-08-28 16:49:39;14  998207041;0.0;Adicional por Ligacoes Realizadas;
2020-08-28 16:42:07;14  34053023;0.0;Adicional por Ligacoes Realizadas;
2020-08-28 15:26:50;14  997292829;0.0;Adicional por Ligacoes Realizadas;
2020-08-28 14:06:09;14  998858728;0.0;Adicional por Ligacoes Realizadas;
2020-08-27 12:05:05;34  996774310;0.0;Adicional por Ligacoes Realizadas;
2020-08-27 12:02:46;34  996774310;0.0;Adicional por Ligacoes Realizadas;
2020-08-26 19:46:55;14  34524639;0.0;Adicional por Ligacoes Realizadas;
2020-08-26 15:56:01;77  999719724;0.0;Adicional por Ligacoes Realizadas;
2020-08-25 12:30:32;14  34541100;0.0;Adicional por Ligacoes Realizadas;
2020-08-25 12:19:52;14  997292829;0.0;Adicional por Ligacoes Realizadas;
2020-08-25 12:07:20;14  997292829;0.0;Adicional por Ligacoes Realizadas;
2020-08-24 13:00:08;14  34131059;0.0;Adicional por Ligacoes Realizadas;
2020-08-24 10:56:54;51  993319478;0.0;Adicional por Ligacoes Realizadas;
2020-08-21 18:55:55;14  997292829;0.0;Adicional por Ligacoes Realizadas;
2020-08-21 11:30:01;14  997292829;0.0;Adicional por Ligacoes Realizadas;
2020-08-18 16:38:49;51  984589521;0.0;Adicional por Ligacoes Realizadas;
2020-08-17 14:29:39;67  996608265;0.0;Adicional por Ligacoes Realizadas;
2020-08-17 14:28:56;67  996608265;0.0;Adicional por Ligacoes Realizadas;
2020-08-17 09:03:13;64  992949242;0.0;Adicional por Ligacoes Realizadas;
2020-08-14 15:49:33;11  40040030;6.0;Para Fixo de Outras Operadoras;
2020-08-07 15:02:26;65  36458000;10.0;Para Fixo de Outras Operadoras;
2020-08-07 14:58:24;65  36458000;33.0;Para Fixo de Outras Operadoras;
2020-08-07 14:54:04;65  36458000;15.0;Para Fixo de Outras Operadoras;
2020-08-05 17:06:21;77  36282292;9.0;Para Fixo de Outras Operadoras;
2020-08-15 08:48:21;65  992183573;30.0;Para Celulares de Outras Operadoras;
2020-08-10 19:22:20;65  992183573;119.0;Para Celulares de Outras Operadoras;
2020-08-10 16:32:39;65  992183573;244.0;Para Celulares de Outras Operadoras;
2020-08-07 17:30:07;65  992183573;286.0;Para Celulares de Outras Operadoras;
2020-08-05 13:22:01;63  992239925;22.0;Para Celulares de Outras Operadoras;
2020-08-05 13:12:26;63  992239925;23.0;Para Celulares de Outras Operadoras;
2020-08-05 09:20:46;65  992183573;28.0;Para Celulares de Outras Operadoras;
2020-08-03 14:38:22;63  992239925;5.0;Para Celulares de Outras Operadoras;
2020-08-03 11:47:25;43  996336496;22.0;Para Celulares de Outras Operadoras;
2020-08-03 08:46:43;43  996109492;5.0;Para Celulares de Outras Operadoras;
2020-08-01 15:34:20;43  996336496;340.0;Para Celulares de Outras Operadoras;
2020-08-14 11:17:36;67  998217176;8.0;Para Celulares Vivo;
2020-08-13 20:05:27;14  997292829;6.0;Para Celulares Vivo;
2020-08-11 14:51:20;14  997292829;7.0;Para Celulares Vivo;
2020-08-11 08:11:15;42  991225783;27.0;Para Celulares Vivo;
2020-08-10 08:11:52;42  991225783;15.0;Para Celulares Vivo;
2020-08-09 11:32:45;14  997292829;5.0;Para Celulares Vivo;
2020-08-09 09:32:09;14  998858728;39.0;Para Celulares Vivo;
2020-08-07 15:45:06;64  999737893;19.0;Para Celulares Vivo;
2020-08-07 15:39:17;64  999737893;25.0;Para Celulares Vivo;
2020-08-07 15:07:14;61  999786261;19.0;Para Celulares Vivo;
2020-08-07 15:04:08;65  996204551;5.0;Para Celulares Vivo;
2020-08-07 12:38:01;66  996293524;25.0;Para Celulares Vivo;
2020-08-07 11:39:50;65  996976493;66.0;Para Celulares Vivo;
2020-08-06 15:52:58;64  999091659;33.0;Para Celulares Vivo;
2020-08-06 13:41:56;42  991225783;12.0;Para Celulares Vivo;
2020-08-05 14:17:59;42  991225783;66.0;Para Celulares Vivo;
2020-08-05 13:03:40;64  999091659;25.0;Para Celulares Vivo;
2020-08-05 10:51:45;14  997292829;5.0;Para Celulares Vivo;
2020-08-04 09:51:44;65  996976493;17.0;Para Celulares Vivo;
2020-08-03 18:03:13;14  997292829;5.0;Para Celulares Vivo;
2020-08-03 17:45:36;14  997292829;5.0;Para Celulares Vivo;
2020-08-03 10:17:07;64  999091659;74.0;Para Celulares Vivo;
2020-08-03 08:51:18;65  996976493;10.0;Para Celulares Vivo;
2020-08-31 11:46:07;14  34024444;5.0;Para Fixo de Outras Operadoras;
2020-08-25 12:30:32;14  34541100;27.0;Para Fixo de Outras Operadoras;
2020-08-28 16:42:07;14  34053023;5.0;Para Fixo Vivo;
2020-08-26 19:46:55;14  34524639;16.0;Para Fixo Vivo;
2020-08-24 13:00:08;14  34131059;5.0;Para Fixo Vivo;
2020-08-31 12:36:33;14  998858728;7.0;Para Celulares Vivo;
2020-08-28 17:12:45;14  997217732;8.0;Para Celulares Vivo;
2020-08-28 16:49:39;14  998207041;5.0;Para Celulares Vivo;
2020-08-28 15:26:50;14  997292829;16.0;Para Celulares Vivo;
2020-08-28 14:06:09;14  998858728;6.0;Para Celulares Vivo;
2020-08-25 12:19:52;14  997292829;5.0;Para Celulares Vivo;
2020-08-25 12:07:20;14  997292829;5.0;Para Celulares Vivo;
2020-08-21 18:55:55;14  997292829;31.0;Para Celulares Vivo;
2020-08-21 11:30:01;14  997292829;8.0;Para Celulares Vivo;
2020-08-15 22:23:54;51  993246814;5.0;Para Celulares de Outras Operadoras;
2020-08-10 16:21:27;51  993613377;33.0;Para Celulares de Outras Operadoras;
2020-08-10 13:47:36;51  991394931;58.0;Para Celulares de Outras Operadoras;
2020-08-03 13:40:19;51  991253936;30.0;Para Celulares de Outras Operadoras;
2020-08-15 21:41:54;51  34285968;20.0;Para Fixo Vivo;
2020-08-14 15:58:54;51  40044828;170.0;Para Fixo Vivo;
2020-08-08 20:00:14;51  34285968;28.0;Para Fixo Vivo;
2020-08-15 11:49:19;51  992592842;28.0;Para Celulares Vivo;
2020-08-13 16:00:19;51  993319478;44.0;Para Celulares Vivo;
2020-08-13 08:58:59;51  998545903;39.0;Para Celulares Vivo;
2020-08-12 11:31:57;51  992592887;73.0;Para Celulares Vivo;
2020-08-11 11:41:26;51  998545903;45.0;Para Celulares Vivo;
2020-08-10 18:13:00;51  993319478;5.0;Para Celulares Vivo;
2020-08-10 15:07:30;51  993319478;34.0;Para Celulares Vivo;
2020-08-06 16:33:02;51  998545903;10.0;Para Celulares Vivo;
2020-08-06 16:26:36;51  998545903;55.0;Para Celulares Vivo;
2020-08-06 14:59:34;51  992592842;29.0;Para Celulares Vivo;
2020-08-06 13:51:06;51  998545903;5.0;Para Celulares Vivo;
2020-08-06 11:07:30;51  993319478;10.0;Para Celulares Vivo;
2020-08-06 08:14:42;51  993319478;52.0;Para Celulares Vivo;
2020-08-05 13:11:34;51  991561376;6.0;Para Celulares Vivo;
2020-08-05 09:24:04;51  992592842;22.0;Para Celulares Vivo;
2020-08-05 08:34:08;51  998545903;43.0;Para Celulares Vivo;
2020-08-05 08:29:36;51  991561376;33.0;Para Celulares Vivo;
2020-08-03 11:51:08;51  993319478;54.0;Para Celulares Vivo;
2020-08-03 10:25:23;51  993319478;5.0;Para Celulares Vivo;
2020-07-31;"";138.0;INTERNET MOVEL 2;0.00
2020-08-01;"";161.0;INTERNET MOVEL 2;0.00
2020-08-02;"";21029.0;INTERNET MOVEL 2;0.00
2020-08-03;"";61531.8;INTERNET MOVEL 2;0.00
2020-08-04;"";30405.0;INTERNET MOVEL 2;0.00
2020-08-05;"";29346.9;INTERNET MOVEL 2;0.00
2020-08-06;"";626.0;INTERNET MOVEL 2;0.00
2020-08-07;"";489.0;INTERNET MOVEL 2;0.00
2020-08-08;"";40362.9;INTERNET MOVEL 2;0.00
2020-08-09;"";30890.8;INTERNET MOVEL 2;0.00
2020-08-10;"";526.0;INTERNET MOVEL 2;0.00
2020-08-11;"";2783.0;INTERNET MOVEL 2;0.00
2020-08-12;"";23960.4;INTERNET MOVEL 2;0.00
2020-08-13;"";387.0;INTERNET MOVEL 2;0.00
2020-08-14;"";194030.2;INTERNET MOVEL 2;0.00
2020-08-15;"";15136.8;INTERNET MOVEL 2;0.00
2020-08-16;"";118236.5;INTERNET MOVEL 2;0.00
2020-08-17;"";22321.2;INTERNET MOVEL 2;0.00
2020-08-18;"";245965.7;INTERNET MOVEL 2;0.00
2020-08-19;"";41385.3;INTERNET MOVEL 2;0.00
2020-08-20;"";1910.4;INTERNET MOVEL 2;0.00
2020-08-21;"";213328.7;INTERNET MOVEL 2;0.00
2020-08-22;"";10557.0;INTERNET MOVEL 2;0.00
2020-08-23;"";107513.4;INTERNET MOVEL 2;0.00
2020-08-24;"";2052.0;INTERNET MOVEL 2;0.00
2020-08-25;"";158056.9;INTERNET MOVEL 2;0.00
2020-08-26;"";37168.2;INTERNET MOVEL 2;0.00
2020-08-27;"";1090.0;INTERNET MOVEL 2;0.00
2020-08-28;"";151461.5;INTERNET MOVEL 2;0.00
2020-08-29;"";99787.3;INTERNET MOVEL 2;0.00
2020-08-30;"";73312.9;INTERNET MOVEL 2;0.00
2020-08-31;"";60061.6;INTERNET MOVEL 2;0.00
