data_hora_inicio;nro_telefone_chamado;duracao_ligacao;desc_categoria;valor_ligacao
2020-08-27 11:14:05;51991217251;1.0;GRATIS-SMS;0.00
2020-08-03 11:05:59;51999959674;1.0;GRATIS-SMS;0.00
2020-08-02 19:10:45;51991694329;1.0;GRATIS-SMS;0.00
2020-08-01 12:28:28;51  992255947;12.0;Para Celulares de Outras Operadoras;
2020-08-01 23:22:51;51  992518679;107.0;Para Celulares Vivo;
2020-08-01 22:11:04;51  992518679;41.0;Para Celulares Vivo;
2020-08-01 21:46:13;51  984471177;245.0;Para Celulares Vivo;
2020-08-01 12:20:58;51  999402284;70.0;Para Celulares Vivo;
2020-08-25 15:58:38;21  33250077;5.0;Para Fixo de Outras Operadoras;
2020-08-25 15:57:39;21  25292157;5.0;Para Fixo de Outras Operadoras;
2020-08-22 12:26:43;54  34556320;10.0;Para Fixo de Outras Operadoras;
2020-08-05 17:43:50;54  984328189;9.0;Para Celulares de Outras Operadoras;
2020-08-31 16:17:27;53  999059906;59.0;Para Celulares Vivo;
2020-08-31 15:47:18;54  996962280;15.0;Para Celulares Vivo;
2020-08-23 22:23:07;53  999059906;751.0;Para Celulares Vivo;
2020-08-23 22:10:47;53  999059906;32.0;Para Celulares Vivo;
2020-08-17 11:41:23;53  999059906;7.0;Para Celulares Vivo;
2020-08-15 19:52:07;53  999755412;205.0;Para Celulares Vivo;
2020-08-08 19:29:20;53  999059906;7.0;Para Celulares Vivo;
2020-08-08 19:23:00;53  999059906;60.0;Para Celulares Vivo;
2020-08-22 16:59:52;54  32899292;5.0;Para Fixo de Outras Operadoras;
2020-08-22 16:59:09;54  32899292;5.0;Para Fixo de Outras Operadoras;
2020-08-25 15:07:10;51  30196877;63.0;Para Fixo de Outras Operadoras;
2020-08-19 15:16:50;51  31312000;13.0;Para Fixo de Outras Operadoras;
2020-08-11 14:17:19;51  30225045;17.0;Para Fixo de Outras Operadoras;
2020-08-07 10:09:40;51  30196877;8.0;Para Fixo de Outras Operadoras;
2020-08-07 10:09:08;51  30196877;5.0;Para Fixo de Outras Operadoras;
2020-08-07 09:38:49;51  30196877;7.0;Para Fixo de Outras Operadoras;
2020-08-05 12:53:37;51  33337926;13.0;Para Fixo de Outras Operadoras;
2020-08-04 14:03:55;51  30196877;5.0;Para Fixo de Outras Operadoras;
2020-08-04 10:58:46;51  30196877;18.0;Para Fixo de Outras Operadoras;
2020-08-02 13:21:29;51  30222021;5.0;Para Fixo de Outras Operadoras;
2020-08-31 21:57:01;51  992255947;5.0;Para Celulares de Outras Operadoras;
2020-08-31 12:00:21;51  981321616;97.0;Para Celulares de Outras Operadoras;
2020-08-31 11:49:04;51  992255947;5.0;Para Celulares de Outras Operadoras;
2020-08-30 21:38:53;51  991694329;340.0;Para Celulares de Outras Operadoras;
2020-08-30 21:31:53;51  991694329;66.0;Para Celulares de Outras Operadoras;
2020-08-30 21:21:36;51  991694329;98.0;Para Celulares de Outras Operadoras;
2020-08-30 21:18:26;51  991694329;14.0;Para Celulares de Outras Operadoras;
2020-08-30 12:03:20;51  992255947;21.0;Para Celulares de Outras Operadoras;
2020-08-29 10:49:01;51  991694329;5.0;Para Celulares de Outras Operadoras;
2020-08-28 22:09:48;51  991694329;17.0;Para Celulares de Outras Operadoras;
2020-08-28 12:25:01;51  991694329;66.0;Para Celulares de Outras Operadoras;
2020-08-28 09:48:18;51  992255947;5.0;Para Celulares de Outras Operadoras;
2020-08-27 12:04:46;51  981323737;5.0;Para Celulares de Outras Operadoras;
2020-08-27 12:04:15;51  981323737;5.0;Para Celulares de Outras Operadoras;
2020-08-27 11:22:31;51  991217251;21.0;Para Celulares de Outras Operadoras;
2020-08-27 10:03:47;51  991440521;5.0;Para Celulares de Outras Operadoras;
2020-08-27 08:58:55;51  991694329;43.0;Para Celulares de Outras Operadoras;
2020-08-27 00:08:59;51  991694329;59.0;Para Celulares de Outras Operadoras;
2020-08-27 00:07:14;51  991694329;5.0;Para Celulares de Outras Operadoras;
2020-08-26 11:19:03;51  992861665;6.0;Para Celulares de Outras Operadoras;
2020-08-26 10:59:04;51  992861665;7.0;Para Celulares de Outras Operadoras;
2020-08-26 09:36:09;51  981323737;5.0;Para Celulares de Outras Operadoras;
2020-08-26 08:52:13;51  992861665;5.0;Para Celulares de Outras Operadoras;
2020-08-25 14:55:43;51  985482739;9.0;Para Celulares de Outras Operadoras;
2020-08-25 09:59:50;51  992255947;5.0;Para Celulares de Outras Operadoras;
2020-08-25 09:24:05;51  992255947;5.0;Para Celulares de Outras Operadoras;
2020-08-24 21:59:01;51  991694329;187.0;Para Celulares de Outras Operadoras;
2020-08-24 15:52:30;51  992255947;5.0;Para Celulares de Outras Operadoras;
2020-08-23 12:38:38;51  992255947;6.0;Para Celulares de Outras Operadoras;
2020-08-23 11:12:31;51  992255947;11.0;Para Celulares de Outras Operadoras;
2020-08-22 21:31:40;51  992255947;5.0;Para Celulares de Outras Operadoras;
2020-08-22 21:17:30;51  992255947;7.0;Para Celulares de Outras Operadoras;
2020-08-22 12:06:24;51  992255947;48.0;Para Celulares de Outras Operadoras;
2020-08-21 22:25:56;51  991795010;6.0;Para Celulares de Outras Operadoras;
2020-08-21 19:45:44;51  984477007;16.0;Para Celulares de Outras Operadoras;
2020-08-21 18:55:12;51  992255947;294.0;Para Celulares de Outras Operadoras;
2020-08-21 15:14:38;51  984477007;23.0;Para Celulares de Outras Operadoras;
2020-08-19 09:51:56;51  992255947;5.0;Para Celulares de Outras Operadoras;
2020-08-18 11:15:43;51  992255947;5.0;Para Celulares de Outras Operadoras;
2020-08-17 18:52:28;51  992255947;52.0;Para Celulares de Outras Operadoras;
2020-08-15 20:51:22;51  992255947;611.0;Para Celulares de Outras Operadoras;
2020-08-15 13:26:20;51  992255947;49.0;Para Celulares de Outras Operadoras;
2020-08-14 21:45:49;51  992255947;76.0;Para Celulares de Outras Operadoras;
2020-08-14 21:36:54;51  986122553;6.0;Para Celulares de Outras Operadoras;
2020-08-14 21:28:27;51  992255947;77.0;Para Celulares de Outras Operadoras;
2020-08-14 19:59:21;51  984477007;5.0;Para Celulares de Outras Operadoras;
2020-08-14 17:28:11;51  984477007;5.0;Para Celulares de Outras Operadoras;
2020-08-14 17:22:44;51  984477007;13.0;Para Celulares de Outras Operadoras;
2020-08-14 17:08:23;51  984477007;16.0;Para Celulares de Outras Operadoras;
2020-08-14 15:37:35;51  992255947;5.0;Para Celulares de Outras Operadoras;
2020-08-14 12:09:27;51  992255947;5.0;Para Celulares de Outras Operadoras;
2020-08-14 10:22:39;51  985527967;5.0;Para Celulares de Outras Operadoras;
2020-08-14 09:03:55;51  992255947;5.0;Para Celulares de Outras Operadoras;
2020-08-12 17:53:37;51  991694329;48.0;Para Celulares de Outras Operadoras;
2020-08-12 17:45:26;51  991694329;78.0;Para Celulares de Outras Operadoras;
2020-08-11 19:30:27;51  992255947;5.0;Para Celulares de Outras Operadoras;
2020-08-11 15:21:50;51  992255947;5.0;Para Celulares de Outras Operadoras;
2020-08-11 15:00:23;51  992255947;5.0;Para Celulares de Outras Operadoras;
2020-08-11 14:59:27;51  992255947;6.0;Para Celulares de Outras Operadoras;
2020-08-11 10:32:54;51  992255947;144.0;Para Celulares de Outras Operadoras;
2020-08-11 10:32:11;51  992255947;5.0;Para Celulares de Outras Operadoras;
2020-08-10 15:07:10;51  981323737;74.0;Para Celulares de Outras Operadoras;
2020-08-10 13:54:34;51  993920234;5.0;Para Celulares de Outras Operadoras;
2020-08-10 13:39:09;51  993920234;12.0;Para Celulares de Outras Operadoras;
2020-08-10 10:23:06;51  992255947;16.0;Para Celulares de Outras Operadoras;
2020-08-09 20:27:40;51  992255947;271.0;Para Celulares de Outras Operadoras;
2020-08-09 17:45:40;51  992255947;6.0;Para Celulares de Outras Operadoras;
2020-08-08 18:29:31;51  992255947;59.0;Para Celulares de Outras Operadoras;
2020-08-08 15:05:02;51  992255947;6.0;Para Celulares de Outras Operadoras;
2020-08-08 15:00:00;51  991694329;47.0;Para Celulares de Outras Operadoras;
2020-08-08 14:59:03;51  991446210;5.0;Para Celulares de Outras Operadoras;
2020-08-07 19:38:46;51  992255947;37.0;Para Celulares de Outras Operadoras;
2020-08-07 07:45:53;51  993651298;5.0;Para Celulares de Outras Operadoras;
2020-08-07 07:30:30;51  993651298;28.0;Para Celulares de Outras Operadoras;
2020-08-06 22:25:55;51  992255947;8.0;Para Celulares de Outras Operadoras;
2020-08-06 11:01:44;51  985247613;9.0;Para Celulares de Outras Operadoras;
2020-08-06 10:55:34;51  992255947;18.0;Para Celulares de Outras Operadoras;
2020-08-05 17:55:19;51  982073346;5.0;Para Celulares de Outras Operadoras;
2020-08-05 10:10:05;51  992255947;5.0;Para Celulares de Outras Operadoras;
2020-08-05 10:04:09;51  992255947;8.0;Para Celulares de Outras Operadoras;
2020-08-04 19:47:08;51  992255947;5.0;Para Celulares de Outras Operadoras;
2020-08-04 14:41:53;51  981323737;27.0;Para Celulares de Outras Operadoras;
2020-08-04 14:10:08;51  982073346;5.0;Para Celulares de Outras Operadoras;
2020-08-03 19:05:25;51  992255947;5.0;Para Celulares de Outras Operadoras;
2020-08-03 15:20:39;51  992255947;5.0;Para Celulares de Outras Operadoras;
2020-08-03 11:06:35;51  999959674;274.0;Para Celulares de Outras Operadoras;
2020-08-02 11:54:41;51  992255947;5.0;Para Celulares de Outras Operadoras;
2020-08-02 10:56:15;51  992255947;19.0;Para Celulares de Outras Operadoras;
2020-08-25 16:04:10;51  30198170;22.0;Para Fixo Vivo;
2020-08-25 15:21:59;51  32392376;24.0;Para Fixo Vivo;
2020-08-14 11:13:46;51  30139340;18.0;Para Fixo Vivo;
2020-08-13 16:55:34;51  30617607;23.0;Para Fixo Vivo;
2020-08-06 11:03:27;51  981410030;12.0;Para Fixo Vivo;
2020-08-04 15:06:23;51  30860108;7.0;Para Fixo Vivo;
2020-08-03 16:06:17;51  39070108;5.0;Para Fixo Vivo;
2020-08-31 21:42:18;51  999688096;30.0;Para Celulares Vivo;
2020-08-31 20:19:12;51  999359674;35.0;Para Celulares Vivo;
2020-08-31 20:18:54;51  999359674;5.0;Para Celulares Vivo;
2020-08-31 18:33:05;51  999688096;5.0;Para Celulares Vivo;
2020-08-31 17:21:07;51  999688096;16.0;Para Celulares Vivo;
2020-08-31 16:31:42;51  999688096;100.0;Para Celulares Vivo;
2020-08-31 15:54:47;51  999402284;25.0;Para Celulares Vivo;
2020-08-31 15:35:45;51  999688096;28.0;Para Celulares Vivo;
2020-08-31 15:27:59;51  999402284;6.0;Para Celulares Vivo;
2020-08-31 13:59:58;51  999856858;20.0;Para Celulares Vivo;
2020-08-31 13:56:36;51  982170567;30.0;Para Celulares Vivo;
2020-08-31 11:43:47;51  999402284;49.0;Para Celulares Vivo;
2020-08-31 11:40:07;51  982170567;34.0;Para Celulares Vivo;
2020-08-31 10:32:23;51  999402284;53.0;Para Celulares Vivo;
2020-08-31 09:50:01;51  999402284;235.0;Para Celulares Vivo;
2020-08-30 13:51:14;51  992518679;5.0;Para Celulares Vivo;
2020-08-29 13:02:17;51  984471177;142.0;Para Celulares Vivo;
2020-08-29 10:48:10;51  984471177;5.0;Para Celulares Vivo;
2020-08-28 16:42:37;51  984471177;58.0;Para Celulares Vivo;
2020-08-28 15:02:06;51  999856858;7.0;Para Celulares Vivo;
2020-08-28 12:22:29;51  984471177;11.0;Para Celulares Vivo;
2020-08-27 20:44:12;51  992518679;13.0;Para Celulares Vivo;
2020-08-27 18:55:39;51  984471177;5.0;Para Celulares Vivo;
2020-08-27 18:41:24;51  992518679;6.0;Para Celulares Vivo;
2020-08-27 17:43:28;51  992518679;11.0;Para Celulares Vivo;
2020-08-27 12:02:20;51  982061431;13.0;Para Celulares Vivo;
2020-08-26 21:10:32;51  984471177;66.0;Para Celulares Vivo;
2020-08-26 18:07:51;51  999359674;11.0;Para Celulares Vivo;
2020-08-25 17:28:51;51  999856858;77.0;Para Celulares Vivo;
2020-08-25 17:19:11;51  999856858;36.0;Para Celulares Vivo;
2020-08-25 16:33:08;51  999402284;26.0;Para Celulares Vivo;
2020-08-25 16:23:34;51  999402284;16.0;Para Celulares Vivo;
2020-08-25 16:10:58;51  996176814;5.0;Para Celulares Vivo;
2020-08-25 12:25:36;51  999402284;228.0;Para Celulares Vivo;
2020-08-24 18:13:33;51  999402284;13.0;Para Celulares Vivo;
2020-08-24 13:57:04;51  999402284;5.0;Para Celulares Vivo;
2020-08-23 17:12:15;51  992518679;14.0;Para Celulares Vivo;
2020-08-22 11:51:23;51  992518679;5.0;Para Celulares Vivo;
2020-08-22 11:49:36;51  992518679;13.0;Para Celulares Vivo;
2020-08-22 11:43:30;51  992518679;47.0;Para Celulares Vivo;
2020-08-22 09:29:56;51  992518679;5.0;Para Celulares Vivo;
2020-08-21 23:12:53;51  992518679;30.0;Para Celulares Vivo;
2020-08-21 15:24:48;51  984471177;304.0;Para Celulares Vivo;
2020-08-20 21:31:48;51  999402284;505.0;Para Celulares Vivo;
2020-08-20 21:24:57;51  992518679;56.0;Para Celulares Vivo;
2020-08-20 20:47:52;51  999402284;316.0;Para Celulares Vivo;
2020-08-20 19:41:33;51  992518679;11.0;Para Celulares Vivo;
2020-08-19 23:18:17;51  997856636;16.0;Para Celulares Vivo;
2020-08-19 23:17:17;51  992518679;5.0;Para Celulares Vivo;
2020-08-18 18:22:43;51  992518679;5.0;Para Celulares Vivo;
2020-08-18 18:18:38;51  992518679;23.0;Para Celulares Vivo;
2020-08-18 13:15:57;51  992518679;12.0;Para Celulares Vivo;
2020-08-18 10:59:58;51  999402284;25.0;Para Celulares Vivo;
2020-08-17 17:45:18;51  992518679;66.0;Para Celulares Vivo;
2020-08-17 13:53:01;51  999402284;113.0;Para Celulares Vivo;
2020-08-17 10:22:54;51  999402284;22.0;Para Celulares Vivo;
2020-08-15 20:13:08;51  992518679;26.0;Para Celulares Vivo;
2020-08-15 18:38:17;51  992518679;32.0;Para Celulares Vivo;
2020-08-15 16:05:53;51  998202226;7.0;Para Celulares Vivo;
2020-08-14 21:42:06;51  992518679;31.0;Para Celulares Vivo;
2020-08-13 17:09:53;51  999402284;10.0;Para Celulares Vivo;
2020-08-13 11:34:24;51  995603085;52.0;Para Celulares Vivo;
2020-08-12 19:30:59;51  984471177;60.0;Para Celulares Vivo;
2020-08-12 15:03:22;51  999856858;23.0;Para Celulares Vivo;
2020-08-12 15:00:20;51  999856858;24.0;Para Celulares Vivo;
2020-08-12 14:59:45;51  999856858;5.0;Para Celulares Vivo;
2020-08-11 20:42:56;51  999402284;71.0;Para Celulares Vivo;
2020-08-11 20:37:06;51  999402284;55.0;Para Celulares Vivo;
2020-08-11 18:28:02;51  992518679;31.0;Para Celulares Vivo;
2020-08-11 17:52:32;51  992518679;185.0;Para Celulares Vivo;
2020-08-11 17:10:45;51  999402284;17.0;Para Celulares Vivo;
2020-08-11 12:10:45;51  984471177;390.0;Para Celulares Vivo;
2020-08-11 12:10:01;51  984471177;5.0;Para Celulares Vivo;
2020-08-10 23:57:42;51  984471177;19.0;Para Celulares Vivo;
2020-08-10 17:57:58;51  999402284;248.0;Para Celulares Vivo;
2020-08-10 17:27:14;51  999402284;304.0;Para Celulares Vivo;
2020-08-10 13:22:08;51  992518679;9.0;Para Celulares Vivo;
2020-08-10 13:07:55;51  992518679;5.0;Para Celulares Vivo;
2020-08-10 12:25:25;51  992518679;14.0;Para Celulares Vivo;
2020-08-09 21:53:56;51  992518679;37.0;Para Celulares Vivo;
2020-08-08 21:54:19;51  992518679;5.0;Para Celulares Vivo;
2020-08-07 18:54:20;51  992518679;9.0;Para Celulares Vivo;
2020-08-07 18:15:40;51  992518679;5.0;Para Celulares Vivo;
2020-08-06 22:30:44;51  984471177;50.0;Para Celulares Vivo;
2020-08-06 12:47:34;51  992518679;31.0;Para Celulares Vivo;
2020-08-06 12:42:06;51  999402284;7.0;Para Celulares Vivo;
2020-08-06 12:16:15;51  999402284;253.0;Para Celulares Vivo;
2020-08-06 12:00:44;51  999402284;26.0;Para Celulares Vivo;
2020-08-05 18:24:09;51  999738153;7.0;Para Celulares Vivo;
2020-08-05 11:17:02;51  995256975;11.0;Para Celulares Vivo;
2020-08-04 17:57:54;51  981825646;6.0;Para Celulares Vivo;
2020-08-04 14:13:26;51  999856858;128.0;Para Celulares Vivo;
2020-08-04 10:50:46;51  999856858;5.0;Para Celulares Vivo;
2020-08-03 21:38:36;51  992518679;5.0;Para Celulares Vivo;
2020-08-03 21:36:33;51  992518679;14.0;Para Celulares Vivo;
2020-08-03 16:07:08;51  999402284;5.0;Para Celulares Vivo;
2020-08-03 12:37:35;51  999402284;33.0;Para Celulares Vivo;
2020-08-03 12:36:52;51  999402284;5.0;Para Celulares Vivo;
2020-07-31;"";302.0;INTERNET MOVEL 2;0.00
2020-08-01;"";75110.1;INTERNET MOVEL 2;0.00
2020-08-02;"";57548.2;INTERNET MOVEL 2;0.00
2020-08-03;"";86424.1;INTERNET MOVEL 2;0.00
2020-08-04;"";57851.1;INTERNET MOVEL 2;0.00
2020-08-05;"";47528.1;INTERNET MOVEL 2;0.00
2020-08-06;"";114321.8;INTERNET MOVEL 2;0.00
2020-08-07;"";93632.8;INTERNET MOVEL 2;0.00
2020-08-08;"";84222.5;INTERNET MOVEL 2;0.00
2020-08-09;"";51913.0;INTERNET MOVEL 2;0.00
2020-08-10;"";13790.5;INTERNET MOVEL 2;0.00
2020-08-11;"";32843.4;INTERNET MOVEL 2;0.00
2020-08-12;"";92084.6;INTERNET MOVEL 2;0.00
2020-08-13;"";47971.2;INTERNET MOVEL 2;0.00
2020-08-14;"";106271.9;INTERNET MOVEL 2;0.00
2020-08-15;"";19002.2;INTERNET MOVEL 2;0.00
2020-08-16;"";2883.0;INTERNET MOVEL 2;0.00
2020-08-17;"";83496.5;INTERNET MOVEL 2;0.00
2020-08-18;"";91392.4;INTERNET MOVEL 2;0.00
2020-08-19;"";71601.2;INTERNET MOVEL 2;0.00
2020-08-20;"";26219.2;INTERNET MOVEL 2;0.00
2020-08-21;"";121288.3;INTERNET MOVEL 2;0.00
2020-08-22;"";231846.1;INTERNET MOVEL 2;0.00
2020-08-23;"";18815.5;INTERNET MOVEL 2;0.00
2020-08-24;"";20885.7;INTERNET MOVEL 2;0.00
2020-08-25;"";21877.9;INTERNET MOVEL 2;0.00
2020-08-26;"";71689.2;INTERNET MOVEL 2;0.00
2020-08-27;"";35512.0;INTERNET MOVEL 2;0.00
2020-08-28;"";44866.3;INTERNET MOVEL 2;0.00
2020-08-29;"";127943.1;INTERNET MOVEL 2;0.00
2020-08-30;"";29015.8;INTERNET MOVEL 2;0.00
2020-08-31;"";75698.9;INTERNET MOVEL 2;0.00
