data_hora_inicio;nro_telefone_chamado;duracao_ligacao;desc_categoria;valor_ligacao
2020-08-25 17:35:56;"";80327.7;VIVO BIS;0.00
2020-08-25 17:14:16;"";81322.0;VIVO BIS;0.00
2020-08-25 17:14:02;"";70.0;VIVO BIS;0.00
2020-08-25 15:02:13;"";63932.5;VIVO BIS;0.00
2020-08-03;"";20235.2;INTERNET MOVEL 2;0.00
2020-08-05;"";61051.8;INTERNET MOVEL 2;0.00
2020-08-06;"";56811.5;INTERNET MOVEL 2;0.00
2020-08-07;"";31325.1;INTERNET MOVEL 2;0.00
2020-08-10;"";51281.9;INTERNET MOVEL 2;0.00
2020-08-11;"";51128.3;INTERNET MOVEL 2;0.00
2020-08-12;"";42475.4;INTERNET MOVEL 2;0.00
2020-08-14;"";12249.0;INTERNET MOVEL 2;0.00
2020-08-17;"";29112.3;INTERNET MOVEL 2;0.00
2020-08-18;"";51845.1;INTERNET MOVEL 2;0.00
2020-08-19;"";11899.8;INTERNET MOVEL 2;0.00
2020-08-25;"";124784.7;INTERNET MOVEL 2;0.00
2020-08-26;"";13835.2;INTERNET MOVEL 2;0.00
2020-08-27;"";27864.0;INTERNET MOVEL 2;0.00
2020-08-28;"";12504.0;INTERNET MOVEL 2;0.00
