data_hora_inicio;nro_telefone_chamado;duracao_ligacao;desc_categoria;valor_ligacao
2020-08-27 08:45:53;"";1.0;ADICIONAL;0.00
2020-08-27 08:40:25;"";1.0;ADICIONAL;0.00
2020-08-16 03:54:50;"";1.0;ADICIONAL;0.00
2020-08-15 20:03:38;"";1.0;ADICIONAL;0.00
2020-08-15 19:34:49;"";1.0;ADICIONAL;0.00
2020-08-15 11:28:43;"";1.0;ADICIONAL;0.00
2020-08-15 10:49:19;"";1.0;ADICIONAL;0.00
2020-08-15 08:46:24;"";1.0;ADICIONAL;0.00
2020-08-27 16:55:04;62  33263729;10.0;Para Fixo de Outras Operadoras;
2020-08-27 12:16:46;62  33263729;8.0;Para Fixo de Outras Operadoras;
2020-08-27 12:14:00;62  33263729;23.0;Para Fixo de Outras Operadoras;
2020-08-27 16:55:04;62  33263729;0.0;Adicional por Ligacoes Realizadas;
2020-08-27 12:16:46;62  33263729;0.0;Adicional por Ligacoes Realizadas;
2020-08-27 12:14:00;62  33263729;0.0;Adicional por Ligacoes Realizadas;
2020-08-20 18:39:21;89  988033367;0.0;Adicional por Ligacoes Realizadas;
2020-08-15 19:44:44;65  992183573;0.0;Adicional por Ligacoes Realizadas;
2020-08-15 11:10:05;65  992183573;0.0;Adicional por Ligacoes Realizadas;
2020-08-15 10:53:52;65  992183573;0.0;Adicional por Ligacoes Realizadas;
2020-08-31 13:10:42;62  33752082;33.0;Para Fixo de Outras Operadoras;
2020-08-27 08:45:53;    ;8.0;Chamadas de Longa Distancia para Outros Estados;
2020-08-27 08:40:25;    ;18.0;Chamadas de Longa Distancia para Outros Estados;
2020-08-16 03:54:50;    ;5.0;Chamadas de Longa Distancia para Outros Estados;
2020-08-15 20:03:38;    ;8.0;Chamadas de Longa Distancia para Outros Estados;
2020-08-15 19:34:49;    ;96.0;Chamadas de Longa Distancia para Outros Estados;
2020-08-15 11:28:43;    ;5.0;Chamadas de Longa Distancia para Outros Estados;
2020-08-15 10:49:19;    ;28.0;Chamadas de Longa Distancia para Outros Estados;
2020-08-15 08:46:24;    ;20.0;Chamadas de Longa Distancia para Outros Estados;
2020-08-20 18:39:21;89  988033367;5.0;Para Celulares de Outras Operadoras;
2020-08-15 19:44:44;65  992183573;20.0;Para Celulares de Outras Operadoras;
2020-08-15 11:10:05;65  992183573;20.0;Para Celulares de Outras Operadoras;
2020-08-15 10:53:52;65  992183573;9.0;Para Celulares de Outras Operadoras;
2020-07-31;"";71.0;INTERNET MOVEL 2;0.00
2020-08-01;"";202.0;INTERNET MOVEL 2;0.00
2020-08-02;"";319.0;INTERNET MOVEL 2;0.00
2020-08-03;"";3456.1;INTERNET MOVEL 2;0.00
2020-08-04;"";581.0;INTERNET MOVEL 2;0.00
2020-08-05;"";312.0;INTERNET MOVEL 2;0.00
2020-08-06;"";8204.8;INTERNET MOVEL 2;0.00
2020-08-07;"";382.0;INTERNET MOVEL 2;0.00
2020-08-08;"";614.0;INTERNET MOVEL 2;0.00
2020-08-09;"";286.0;INTERNET MOVEL 2;0.00
2020-08-10;"";4535.7;INTERNET MOVEL 2;0.00
2020-08-11;"";1729.0;INTERNET MOVEL 2;0.00
2020-08-12;"";484.0;INTERNET MOVEL 2;0.00
2020-08-13;"";1399.0;INTERNET MOVEL 2;0.00
2020-08-14;"";3329.0;INTERNET MOVEL 2;0.00
2020-08-15;"";17513.9;INTERNET MOVEL 2;0.00
2020-08-16;"";12330.0;INTERNET MOVEL 2;0.00
2020-08-17;"";5076.1;INTERNET MOVEL 2;0.00
2020-08-19;"";127.0;INTERNET MOVEL 2;0.00
2020-08-20;"";5639.0;INTERNET MOVEL 2;0.00
2020-08-21;"";2107.0;INTERNET MOVEL 2;0.00
2020-08-22;"";7141.0;INTERNET MOVEL 2;0.00
2020-08-23;"";303.0;INTERNET MOVEL 2;0.00
2020-08-24;"";23790.0;INTERNET MOVEL 2;0.00
2020-08-25;"";36880.2;INTERNET MOVEL 2;0.00
2020-08-26;"";15080.9;INTERNET MOVEL 2;0.00
2020-08-27;"";25089.3;INTERNET MOVEL 2;0.00
2020-08-28;"";1283.1;INTERNET MOVEL 2;0.00
2020-08-29;"";477.0;INTERNET MOVEL 2;0.00
2020-08-30;"";382.0;INTERNET MOVEL 2;0.00
2020-08-31;"";3741.1;INTERNET MOVEL 2;0.00
