data_hora_inicio;nro_telefone_chamado;duracao_ligacao;desc_categoria;valor_ligacao
2020-08-01 16:21:38;*5  55;10.0;"";
2020-08-01 12:19:22;51  32221419;23.0;Para Fixo de Outras Operadoras;
2020-08-27 13:23:54;48  999030903;7.0;Para Celulares de Outras Operadoras;
2020-08-18 06:20:16;*5  55;7.0;"";
2020-08-17 21:34:50;51  32221419;24.0;Para Fixo de Outras Operadoras;
2020-08-29 11:14:33;51  995152322;5.0;Para Celulares de Outras Operadoras;
2020-08-28 21:25:14;51  992819595;20.0;Para Celulares de Outras Operadoras;
2020-08-28 12:47:09;51  991313131;13.0;Para Celulares de Outras Operadoras;
2020-08-28 12:42:23;51  995152322;32.0;Para Celulares de Outras Operadoras;
2020-08-27 06:54:41;51  996526170;22.0;Para Celulares de Outras Operadoras;
2020-08-26 21:34:16;51  992819595;20.0;Para Celulares de Outras Operadoras;
2020-08-25 13:06:21;51  984697660;5.0;Para Celulares de Outras Operadoras;
2020-08-09 11:37:36;51  991313131;68.0;Para Celulares de Outras Operadoras;
2020-08-09 11:36:59;51  991313131;5.0;Para Celulares de Outras Operadoras;
2020-08-07 09:26:20;51  996022198;12.0;Para Celulares de Outras Operadoras;
2020-08-05 20:31:02;51  992819595;27.0;Para Celulares de Outras Operadoras;
2020-08-05 12:56:38;51  999995090;24.0;Para Celulares de Outras Operadoras;
2020-08-28 15:15:02;51  991813564;155.0;Para Celulares Vivo;
2020-08-28 13:48:15;51  992592845;32.0;Para Celulares Vivo;
2020-08-28 13:45:32;51  992592819;9.0;Para Celulares Vivo;
2020-08-26 20:45:34;51  992592845;5.0;Para Celulares Vivo;
2020-08-24 15:52:41;51  992592819;7.0;Para Celulares Vivo;
2020-08-23 19:07:43;51  992592845;14.0;Para Celulares Vivo;
2020-08-18 21:51:06;51  991131415;108.0;Para Celulares Vivo;
2020-08-16 10:35:06;51  984274504;8.0;Para Celulares Vivo;
2020-08-15 21:26:26;51  994057331;49.0;Para Celulares Vivo;
2020-08-13 08:47:12;51  992592956;40.0;Para Celulares Vivo;
2020-08-10 10:51:26;51  992592819;62.0;Para Celulares Vivo;
2020-08-09 11:27:07;51  992069904;91.0;Para Celulares Vivo;
2020-08-04 20:14:38;51  992592803;269.0;Para Celulares Vivo;
2020-08-04 18:27:19;51  992592819;12.0;Para Celulares Vivo;
2020-08-04 09:06:04;51  992592841;24.0;Para Celulares Vivo;
2020-08-03 20:27:20;51  992592819;19.0;Para Celulares Vivo;
2020-08-02 19:09:43;51  992592819;66.0;Para Celulares Vivo;
2020-07-31;"";93033.0;INTERNET MOVEL 2;0.00
2020-08-01;"";56009.4;INTERNET MOVEL 2;0.00
2020-08-02;"";69300.7;INTERNET MOVEL 2;0.00
2020-08-03;"";4865.0;INTERNET MOVEL 2;0.00
2020-08-04;"";28593.3;INTERNET MOVEL 2;0.00
2020-08-05;"";15854.1;INTERNET MOVEL 2;0.00
2020-08-06;"";6111.3;INTERNET MOVEL 2;0.00
2020-08-07;"";30846.7;INTERNET MOVEL 2;0.00
2020-08-08;"";17729.4;INTERNET MOVEL 2;0.00
2020-08-09;"";17635.9;INTERNET MOVEL 2;0.00
2020-08-10;"";57301.3;INTERNET MOVEL 2;0.00
2020-08-11;"";97353.9;INTERNET MOVEL 2;0.00
2020-08-12;"";43370.5;INTERNET MOVEL 2;0.00
2020-08-13;"";32206.1;INTERNET MOVEL 2;0.00
2020-08-14;"";51512.9;INTERNET MOVEL 2;0.00
2020-08-15;"";33670.3;INTERNET MOVEL 2;0.00
2020-08-16;"";35482.3;INTERNET MOVEL 2;0.00
2020-08-17;"";10971.6;INTERNET MOVEL 2;0.00
2020-08-18;"";18392.3;INTERNET MOVEL 2;0.00
2020-08-19;"";99081.0;INTERNET MOVEL 2;0.00
2020-08-20;"";24461.8;INTERNET MOVEL 2;0.00
2020-08-21;"";15627.1;INTERNET MOVEL 2;0.00
2020-08-22;"";21636.4;INTERNET MOVEL 2;0.00
2020-08-23;"";5798.4;INTERNET MOVEL 2;0.00
2020-08-24;"";11388.8;INTERNET MOVEL 2;0.00
2020-08-25;"";51988.4;INTERNET MOVEL 2;0.00
2020-08-26;"";41647.5;INTERNET MOVEL 2;0.00
2020-08-27;"";67402.6;INTERNET MOVEL 2;0.00
2020-08-28;"";10892.7;INTERNET MOVEL 2;0.00
2020-08-29;"";25674.5;INTERNET MOVEL 2;0.00
2020-08-30;"";21055.8;INTERNET MOVEL 2;0.00
2020-08-31;"";18867.5;INTERNET MOVEL 2;0.00
