data_hora_inicio;nro_telefone_chamado;duracao_ligacao;desc_categoria;valor_ligacao
2020-08-31 16:10:29;11984719726;1.0;GRATIS-SMS;0.00
2020-08-31 16:10:11;11984719726;1.0;GRATIS-SMS;0.00
2020-08-24 20:28:25;31  32705000;20.0;Para Fixo de Outras Operadoras;
2020-08-31 20:41:54;31  988627570;27.0;Para Celulares de Outras Operadoras;
2020-08-31 20:35:16;31  988259377;61.0;Para Celulares de Outras Operadoras;
2020-08-31 13:12:23;31  984721338;40.0;Para Celulares de Outras Operadoras;
2020-08-31 08:18:28;31  984721338;22.0;Para Celulares de Outras Operadoras;
2020-08-30 18:46:08;31  988259377;109.0;Para Celulares de Outras Operadoras;
2020-08-30 10:42:46;31  988579674;248.0;Para Celulares de Outras Operadoras;
2020-08-30 10:39:04;31  989326222;7.0;Para Celulares de Outras Operadoras;
2020-08-30 10:31:02;31  989326222;15.0;Para Celulares de Outras Operadoras;
2020-08-29 10:08:29;31  999768981;217.0;Para Celulares de Outras Operadoras;
2020-08-29 10:02:56;31  992739161;5.0;Para Celulares de Outras Operadoras;
2020-08-28 20:54:34;31  988259377;42.0;Para Celulares de Outras Operadoras;
2020-08-28 20:18:18;31  988259377;33.0;Para Celulares de Outras Operadoras;
2020-08-27 21:49:35;31  988516418;26.0;Para Celulares de Outras Operadoras;
2020-08-27 21:14:53;31  988259377;341.0;Para Celulares de Outras Operadoras;
2020-08-27 20:40:25;31  984721338;49.0;Para Celulares de Outras Operadoras;
2020-08-27 08:09:43;31  984721338;37.0;Para Celulares de Outras Operadoras;
2020-08-27 08:09:04;31  984721338;5.0;Para Celulares de Outras Operadoras;
2020-08-26 19:31:22;31  988259377;454.0;Para Celulares de Outras Operadoras;
2020-08-26 10:19:00;31  984721338;23.0;Para Celulares de Outras Operadoras;
2020-08-25 14:20:02;31  988516418;68.0;Para Celulares de Outras Operadoras;
2020-08-25 14:07:07;31  988259377;120.0;Para Celulares de Outras Operadoras;
2020-08-25 13:55:00;31  988627570;95.0;Para Celulares de Outras Operadoras;
2020-08-25 13:47:07;31  988516418;66.0;Para Celulares de Outras Operadoras;
2020-08-25 10:52:07;31  984721338;5.0;Para Celulares de Outras Operadoras;
2020-08-24 19:57:27;31  988259377;194.0;Para Celulares de Outras Operadoras;
2020-08-24 16:13:18;31  988627570;11.0;Para Celulares de Outras Operadoras;
2020-08-24 12:11:13;31  984721338;64.0;Para Celulares de Outras Operadoras;
2020-08-24 11:13:06;31  984721338;14.0;Para Celulares de Outras Operadoras;
2020-08-21 20:32:11;31  988259377;119.0;Para Celulares de Outras Operadoras;
2020-08-20 19:57:34;31  988259377;22.0;Para Celulares de Outras Operadoras;
2020-08-20 09:25:34;31  984721338;177.0;Para Celulares de Outras Operadoras;
2020-08-19 14:06:58;31  984721338;91.0;Para Celulares de Outras Operadoras;
2020-08-18 20:29:53;31  988259377;199.0;Para Celulares de Outras Operadoras;
2020-08-18 19:36:27;31  988627570;17.0;Para Celulares de Outras Operadoras;
2020-08-18 15:04:22;31  988806674;5.0;Para Celulares de Outras Operadoras;
2020-08-18 14:39:15;31  984721338;68.0;Para Celulares de Outras Operadoras;
2020-08-17 21:18:42;31  988627570;22.0;Para Celulares de Outras Operadoras;
2020-08-17 21:11:22;31  999768981;59.0;Para Celulares de Outras Operadoras;
2020-08-17 20:02:57;31  988259377;676.0;Para Celulares de Outras Operadoras;
2020-08-17 18:08:53;31  992739161;142.0;Para Celulares de Outras Operadoras;
2020-08-17 12:53:41;31  989326222;5.0;Para Celulares de Outras Operadoras;
2020-08-17 12:51:04;31  992739161;21.0;Para Celulares de Outras Operadoras;
2020-08-17 08:40:06;31  999768981;116.0;Para Celulares de Outras Operadoras;
2020-08-16 19:38:22;31  988259377;45.0;Para Celulares de Outras Operadoras;
2020-08-15 18:01:55;31  988627570;30.0;Para Celulares de Outras Operadoras;
2020-08-14 21:46:46;31  988516418;73.0;Para Celulares de Outras Operadoras;
2020-08-14 21:28:06;31  988259377;181.0;Para Celulares de Outras Operadoras;
2020-08-14 20:50:48;31  988627570;13.0;Para Celulares de Outras Operadoras;
2020-08-14 20:40:10;31  988516418;99.0;Para Celulares de Outras Operadoras;
2020-08-14 09:27:29;31  984525210;67.0;Para Celulares de Outras Operadoras;
2020-08-14 09:25:14;31  988806674;17.0;Para Celulares de Outras Operadoras;
2020-08-13 20:29:23;31  988516418;71.0;Para Celulares de Outras Operadoras;
2020-08-13 17:11:45;31  988806674;114.0;Para Celulares de Outras Operadoras;
2020-08-12 21:30:41;31  988516418;22.0;Para Celulares de Outras Operadoras;
2020-08-12 21:25:18;31  988259377;48.0;Para Celulares de Outras Operadoras;
2020-08-11 20:51:45;31  988627570;11.0;Para Celulares de Outras Operadoras;
2020-08-11 09:36:55;31  984721338;45.0;Para Celulares de Outras Operadoras;
2020-08-11 09:12:33;31  984525210;131.0;Para Celulares de Outras Operadoras;
2020-08-10 20:49:21;31  988259377;207.0;Para Celulares de Outras Operadoras;
2020-08-09 21:18:20;31  988259377;51.0;Para Celulares de Outras Operadoras;
2020-08-07 21:06:44;31  988259377;14.0;Para Celulares de Outras Operadoras;
2020-08-30 11:08:08;31  992228609;16.0;Para Celulares Vivo;
2020-08-30 10:40:39;31  991094276;10.0;Para Celulares Vivo;
2020-08-28 16:04:23;31  991121685;18.0;Para Celulares Vivo;
2020-08-28 08:51:49;31  991121685;29.0;Para Celulares Vivo;
2020-08-25 14:45:52;21  995276496;13.0;Para Celulares Vivo;
2020-08-20 13:51:07;11  984719726;108.0;Para Celulares Vivo;
2020-08-18 18:17:05;31  997149461;15.0;Para Celulares Vivo;
2020-08-17 06:58:04;31  995501012;130.0;Para Celulares Vivo;
2020-08-12 08:50:02;11  984719726;23.0;Para Celulares Vivo;
2020-08-11 16:18:36;31  995113929;98.0;Para Celulares Vivo;
2020-08-11 10:36:18;31  995113929;73.0;Para Celulares Vivo;
2020-08-31 20:41:54;31  988627570;0.0;Adicional por Ligacoes Realizadas;
2020-08-31 20:35:16;31  988259377;0.0;Adicional por Ligacoes Realizadas;
2020-08-31 13:12:23;31  984721338;0.0;Adicional por Ligacoes Realizadas;
2020-08-31 08:18:28;31  984721338;0.0;Adicional por Ligacoes Realizadas;
2020-08-31 08:12:21;94  992852266;0.0;Adicional por Ligacoes Realizadas;
2020-08-30 18:46:08;31  988259377;0.0;Adicional por Ligacoes Realizadas;
2020-08-30 11:08:08;31  992228609;0.0;Adicional por Ligacoes Realizadas;
2020-08-30 10:42:46;31  988579674;0.0;Adicional por Ligacoes Realizadas;
2020-08-30 10:40:39;31  991094276;0.0;Adicional por Ligacoes Realizadas;
2020-08-30 10:39:04;31  989326222;0.0;Adicional por Ligacoes Realizadas;
2020-08-30 10:31:02;31  989326222;0.0;Adicional por Ligacoes Realizadas;
2020-08-29 10:08:29;31  999768981;0.0;Adicional por Ligacoes Realizadas;
2020-08-29 10:02:56;31  992739161;0.0;Adicional por Ligacoes Realizadas;
2020-08-28 20:54:34;31  988259377;0.0;Adicional por Ligacoes Realizadas;
2020-08-28 20:18:18;31  988259377;0.0;Adicional por Ligacoes Realizadas;
2020-08-28 16:04:23;31  991121685;0.0;Adicional por Ligacoes Realizadas;
2020-08-28 15:35:41;94  991101827;0.0;Adicional por Ligacoes Realizadas;
2020-08-28 11:21:06;94  992149396;0.0;Adicional por Ligacoes Realizadas;
2020-08-27 08:09:04;31  984721338;0.0;Adicional por Ligacoes Realizadas;
2020-08-26 19:31:22;31  988259377;0.0;Adicional por Ligacoes Realizadas;
2020-08-26 13:44:06;94  991064656;0.0;Adicional por Ligacoes Realizadas;
2020-08-26 10:19:00;31  984721338;0.0;Adicional por Ligacoes Realizadas;
2020-08-26 09:08:12;94  999731020;0.0;Adicional por Ligacoes Realizadas;
2020-08-25 14:45:52;21  995276496;0.0;Adicional por Ligacoes Realizadas;
2020-08-25 14:20:02;31  988516418;0.0;Adicional por Ligacoes Realizadas;
2020-08-25 14:07:07;31  988259377;0.0;Adicional por Ligacoes Realizadas;
2020-08-25 13:55:00;31  988627570;0.0;Adicional por Ligacoes Realizadas;
2020-08-25 13:47:07;31  988516418;0.0;Adicional por Ligacoes Realizadas;
2020-08-25 10:52:07;31  984721338;0.0;Adicional por Ligacoes Realizadas;
2020-08-25 10:27:45;94  992852266;0.0;Adicional por Ligacoes Realizadas;
2020-08-25 09:08:47;03  001159999;0.0;Adicional por Ligacoes Realizadas;
2020-08-25 09:06:17;03  001159999;0.0;Adicional por Ligacoes Realizadas;
2020-08-25 09:03:19;03  001159999;0.0;Adicional por Ligacoes Realizadas;
2020-08-24 20:28:25;31  32705000;0.0;Adicional por Ligacoes Realizadas;
2020-08-24 19:57:27;31  988259377;0.0;Adicional por Ligacoes Realizadas;
2020-08-24 16:13:18;31  988627570;0.0;Adicional por Ligacoes Realizadas;
2020-08-24 12:11:13;31  984721338;0.0;Adicional por Ligacoes Realizadas;
2020-08-24 11:13:06;31  984721338;0.0;Adicional por Ligacoes Realizadas;
2020-08-24 09:22:58;94  992852266;0.0;Adicional por Ligacoes Realizadas;
2020-08-21 20:32:11;31  988259377;0.0;Adicional por Ligacoes Realizadas;
2020-08-20 19:57:34;31  988259377;0.0;Adicional por Ligacoes Realizadas;
2020-08-20 13:51:07;11  984719726;0.0;Adicional por Ligacoes Realizadas;
2020-08-20 09:25:34;31  984721338;0.0;Adicional por Ligacoes Realizadas;
2020-08-20 09:20:03;94  992852266;0.0;Adicional por Ligacoes Realizadas;
2020-08-20 09:12:25;94  992852266;0.0;Adicional por Ligacoes Realizadas;
2020-08-19 14:06:58;31  984721338;0.0;Adicional por Ligacoes Realizadas;
2020-08-19 10:39:25;94  992391879;0.0;Adicional por Ligacoes Realizadas;
2020-08-18 20:29:53;31  988259377;0.0;Adicional por Ligacoes Realizadas;
2020-08-18 19:36:27;31  988627570;0.0;Adicional por Ligacoes Realizadas;
2020-08-18 18:17:05;31  997149461;0.0;Adicional por Ligacoes Realizadas;
2020-08-18 15:04:22;31  988806674;0.0;Adicional por Ligacoes Realizadas;
2020-08-18 14:39:15;31  984721338;0.0;Adicional por Ligacoes Realizadas;
2020-08-18 14:20:30;94  991379493;0.0;Adicional por Ligacoes Realizadas;
2020-08-18 14:10:45;94  991379493;0.0;Adicional por Ligacoes Realizadas;
2020-08-18 13:59:31;94  999731020;0.0;Adicional por Ligacoes Realizadas;
2020-08-17 21:18:42;31  988627570;0.0;Adicional por Ligacoes Realizadas;
2020-08-17 21:11:22;31  999768981;0.0;Adicional por Ligacoes Realizadas;
2020-08-17 20:02:57;31  988259377;0.0;Adicional por Ligacoes Realizadas;
2020-08-17 18:08:53;31  992739161;0.0;Adicional por Ligacoes Realizadas;
2020-08-17 12:53:41;31  989326222;0.0;Adicional por Ligacoes Realizadas;
2020-08-17 12:51:04;31  992739161;0.0;Adicional por Ligacoes Realizadas;
2020-08-17 08:40:06;31  999768981;0.0;Adicional por Ligacoes Realizadas;
2020-08-17 06:58:04;31  995501012;0.0;Adicional por Ligacoes Realizadas;
2020-08-16 19:38:22;31  988259377;0.0;Adicional por Ligacoes Realizadas;
2020-08-15 18:01:55;31  988627570;0.0;Adicional por Ligacoes Realizadas;
2020-08-14 21:46:46;31  988516418;0.0;Adicional por Ligacoes Realizadas;
2020-08-14 21:28:06;31  988259377;0.0;Adicional por Ligacoes Realizadas;
2020-08-14 20:50:48;31  988627570;0.0;Adicional por Ligacoes Realizadas;
2020-08-14 20:40:10;31  988516418;0.0;Adicional por Ligacoes Realizadas;
2020-08-14 09:55:34;94  992852266;0.0;Adicional por Ligacoes Realizadas;
2020-08-14 09:27:29;31  984525210;0.0;Adicional por Ligacoes Realizadas;
2020-08-14 09:25:14;31  988806674;0.0;Adicional por Ligacoes Realizadas;
2020-08-13 20:29:23;31  988516418;0.0;Adicional por Ligacoes Realizadas;
2020-08-13 17:11:45;31  988806674;0.0;Adicional por Ligacoes Realizadas;
2020-08-12 21:30:41;31  988516418;0.0;Adicional por Ligacoes Realizadas;
2020-08-12 21:25:18;31  988259377;0.0;Adicional por Ligacoes Realizadas;
2020-08-12 09:20:46;94  992852266;0.0;Adicional por Ligacoes Realizadas;
2020-08-12 08:50:02;11  984719726;0.0;Adicional por Ligacoes Realizadas;
2020-08-11 20:51:45;31  988627570;0.0;Adicional por Ligacoes Realizadas;
2020-08-11 16:18:36;31  995113929;0.0;Adicional por Ligacoes Realizadas;
2020-08-11 10:36:18;31  995113929;0.0;Adicional por Ligacoes Realizadas;
2020-08-11 10:07:51;94  40020022;0.0;Adicional por Ligacoes Realizadas;
2020-08-11 09:36:55;31  984721338;0.0;Adicional por Ligacoes Realizadas;
2020-08-11 09:12:33;31  984525210;0.0;Adicional por Ligacoes Realizadas;
2020-08-11 08:38:44;94  40020022;0.0;Adicional por Ligacoes Realizadas;
2020-08-10 20:49:21;31  988259377;0.0;Adicional por Ligacoes Realizadas;
2020-08-09 21:18:20;31  988259377;0.0;Adicional por Ligacoes Realizadas;
2020-08-08 12:42:17;94  981220876;0.0;Adicional por Ligacoes Realizadas;
2020-08-07 21:06:44;31  988259377;0.0;Adicional por Ligacoes Realizadas;
2020-08-06 08:40:35;31  988806674;0.0;Adicional por Ligacoes Realizadas;
2020-08-05 17:50:56;31  988516418;0.0;Adicional por Ligacoes Realizadas;
2020-08-05 10:22:58;31  971162649;0.0;Adicional por Ligacoes Realizadas;
2020-08-05 10:15:25;31  988806674;0.0;Adicional por Ligacoes Realizadas;
2020-08-05 10:10:11;31  971162649;0.0;Adicional por Ligacoes Realizadas;
2020-08-04 11:29:35;31  999768981;0.0;Adicional por Ligacoes Realizadas;
2020-08-04 11:10:34;31  984721338;0.0;Adicional por Ligacoes Realizadas;
2020-08-04 07:55:46;31  984559829;0.0;Adicional por Ligacoes Realizadas;
2020-08-03 14:45:55;31  984721338;0.0;Adicional por Ligacoes Realizadas;
2020-08-03 09:12:24;31  988806674;0.0;Adicional por Ligacoes Realizadas;
2020-08-03 09:08:36;31  971162649;0.0;Adicional por Ligacoes Realizadas;
2020-08-25 09:08:47;03  001159999;145.0;"";
2020-08-25 09:06:17;03  001159999;20.0;"";
2020-08-25 09:03:19;03  001159999;26.0;"";
2020-08-28 09:11:54;94  33561490;48.0;Para Fixo de Outras Operadoras;
2020-08-28 09:08:34;94  33561490;21.0;Para Fixo de Outras Operadoras;
2020-08-28 09:06:54;94  33561490;10.0;Para Fixo de Outras Operadoras;
2020-08-11 10:07:51;94  40020022;199.0;Para Fixo de Outras Operadoras;
2020-08-11 08:38:44;94  40020022;5.0;Para Fixo de Outras Operadoras;
2020-08-26 09:08:12;94  999731020;5.0;Para Celulares de Outras Operadoras;
2020-08-28 09:11:54;94  33561490;0.0;Adicional por Ligacoes Realizadas;
2020-08-28 09:08:34;94  33561490;0.0;Adicional por Ligacoes Realizadas;
2020-08-28 09:06:54;94  33561490;0.0;Adicional por Ligacoes Realizadas;
2020-08-28 08:51:49;31  991121685;0.0;Adicional por Ligacoes Realizadas;
2020-08-27 21:49:35;31  988516418;0.0;Adicional por Ligacoes Realizadas;
2020-08-27 21:14:53;31  988259377;0.0;Adicional por Ligacoes Realizadas;
2020-08-27 20:40:25;31  984721338;0.0;Adicional por Ligacoes Realizadas;
2020-08-27 16:51:07;94  991101827;0.0;Adicional por Ligacoes Realizadas;
2020-08-27 16:28:27;94  991101827;0.0;Adicional por Ligacoes Realizadas;
2020-08-27 15:56:12;94  991101399;0.0;Adicional por Ligacoes Realizadas;
2020-08-27 10:31:58;94  991703268;0.0;Adicional por Ligacoes Realizadas;
2020-08-27 09:05:18;94  992852266;0.0;Adicional por Ligacoes Realizadas;
2020-08-27 08:09:43;31  984721338;0.0;Adicional por Ligacoes Realizadas;
2020-08-18 14:20:30;94  991379493;15.0;Para Celulares de Outras Operadoras;
2020-08-18 14:10:45;94  991379493;72.0;Para Celulares de Outras Operadoras;
2020-08-18 13:59:31;94  999731020;104.0;Para Celulares de Outras Operadoras;
2020-08-08 12:42:17;94  981220876;5.0;Para Celulares de Outras Operadoras;
2020-08-06 08:40:35;31  988806674;222.0;Para Celulares de Outras Operadoras;
2020-08-05 17:50:56;31  988516418;26.0;Para Celulares de Outras Operadoras;
2020-08-05 10:15:25;31  988806674;57.0;Para Celulares de Outras Operadoras;
2020-08-04 11:29:35;31  999768981;10.0;Para Celulares de Outras Operadoras;
2020-08-04 11:10:34;31  984721338;173.0;Para Celulares de Outras Operadoras;
2020-08-04 07:55:46;31  984559829;37.0;Para Celulares de Outras Operadoras;
2020-08-03 14:45:55;31  984721338;164.0;Para Celulares de Outras Operadoras;
2020-08-03 09:12:24;31  988806674;44.0;Para Celulares de Outras Operadoras;
2020-08-31 08:12:21;94  992852266;31.0;Para Celulares Vivo;
2020-08-28 15:35:41;94  991101827;15.0;Para Celulares Vivo;
2020-08-28 11:21:06;94  992149396;38.0;Para Celulares Vivo;
2020-08-27 16:51:07;94  991101827;5.0;Para Celulares Vivo;
2020-08-27 16:28:27;94  991101827;18.0;Para Celulares Vivo;
2020-08-27 15:56:12;94  991101399;5.0;Para Celulares Vivo;
2020-08-27 10:31:58;94  991703268;35.0;Para Celulares Vivo;
2020-08-27 09:05:18;94  992852266;61.0;Para Celulares Vivo;
2020-08-26 13:44:06;94  991064656;19.0;Para Celulares Vivo;
2020-08-25 10:27:45;94  992852266;232.0;Para Celulares Vivo;
2020-08-24 09:22:58;94  992852266;50.0;Para Celulares Vivo;
2020-08-20 09:20:03;94  992852266;52.0;Para Celulares Vivo;
2020-08-20 09:12:25;94  992852266;33.0;Para Celulares Vivo;
2020-08-19 10:39:25;94  992391879;66.0;Para Celulares Vivo;
2020-08-14 09:55:34;94  992852266;34.0;Para Celulares Vivo;
2020-08-12 09:20:46;94  992852266;31.0;Para Celulares Vivo;
2020-08-05 10:22:58;31  971162649;18.0;Para Celulares Vivo;
2020-08-05 10:10:11;31  971162649;44.0;Para Celulares Vivo;
2020-08-03 09:08:36;31  971162649;27.0;Para Celulares Vivo;
2020-07-31;"";51700.7;INTERNET MOVEL 2;0.00
2020-08-01;"";150013.9;INTERNET MOVEL 2;0.00
2020-08-02;"";85818.2;INTERNET MOVEL 2;0.00
2020-08-03;"";186027.3;INTERNET MOVEL 2;0.00
2020-08-04;"";6247.3;INTERNET MOVEL 2;0.00
2020-08-05;"";129121.3;INTERNET MOVEL 2;0.00
2020-08-06;"";23917.8;INTERNET MOVEL 2;0.00
2020-08-07;"";196863.1;INTERNET MOVEL 2;0.00
2020-08-08;"";120175.0;INTERNET MOVEL 2;0.00
2020-08-09;"";50234.9;INTERNET MOVEL 2;0.00
2020-08-10;"";73622.4;INTERNET MOVEL 2;0.00
2020-08-11;"";87507.4;INTERNET MOVEL 2;0.00
2020-08-12;"";84512.9;INTERNET MOVEL 2;0.00
2020-08-13;"";58665.8;INTERNET MOVEL 2;0.00
2020-08-14;"";62832.3;INTERNET MOVEL 2;0.00
2020-08-15;"";85048.3;INTERNET MOVEL 2;0.00
2020-08-16;"";612.0;INTERNET MOVEL 2;0.00
2020-08-17;"";51613.7;INTERNET MOVEL 2;0.00
2020-08-18;"";107539.5;INTERNET MOVEL 2;0.00
2020-08-19;"";104105.9;INTERNET MOVEL 2;0.00
2020-08-20;"";4370.3;INTERNET MOVEL 2;0.00
2020-08-21;"";251.0;INTERNET MOVEL 2;0.00
2020-08-25;"";332.0;INTERNET MOVEL 2;0.00
2020-08-26;"";71779.9;INTERNET MOVEL 2;0.00
2020-08-27;"";27674.1;INTERNET MOVEL 2;0.00
2020-08-28;"";41450.8;INTERNET MOVEL 2;0.00
2020-08-29;"";7626.7;INTERNET MOVEL 2;0.00
2020-08-30;"";10945.8;INTERNET MOVEL 2;0.00
2020-08-31;"";9382.0;INTERNET MOVEL 2;0.00
