data_hora_inicio;nro_telefone_chamado;duracao_ligacao;desc_categoria;valor_ligacao
2020-08-31 12:47:44;51  994386184;6.0;Para Celulares de Outras Operadoras;
2020-08-31 09:27:18;51  994386184;11.0;Para Celulares de Outras Operadoras;
2020-08-31 09:26:56;51  994386184;5.0;Para Celulares de Outras Operadoras;
2020-08-31 09:24:35;51  994386184;16.0;Para Celulares de Outras Operadoras;
2020-08-29 09:46:37;51  994386184;43.0;Para Celulares de Outras Operadoras;
2020-08-29 09:16:59;51  999557713;16.0;Para Celulares de Outras Operadoras;
2020-08-29 09:06:40;51  981555121;41.0;Para Celulares de Outras Operadoras;
2020-08-28 10:46:03;51  994386184;11.0;Para Celulares de Outras Operadoras;
2020-08-28 09:17:20;51  994386184;16.0;Para Celulares de Outras Operadoras;
2020-08-28 09:14:27;51  986033371;25.0;Para Celulares de Outras Operadoras;
2020-08-28 09:08:59;51  981555121;50.0;Para Celulares de Outras Operadoras;
2020-08-27 14:37:04;51  984929259;5.0;Para Celulares de Outras Operadoras;
2020-08-27 08:46:11;51  994386184;19.0;Para Celulares de Outras Operadoras;
2020-08-26 10:20:38;51  981555121;44.0;Para Celulares de Outras Operadoras;
2020-08-26 09:34:16;51  994386184;42.0;Para Celulares de Outras Operadoras;
2020-08-25 10:19:16;51  989582119;13.0;Para Celulares de Outras Operadoras;
2020-08-25 08:52:19;51  994386184;15.0;Para Celulares de Outras Operadoras;
2020-08-24 14:01:36;51  994386184;24.0;Para Celulares de Outras Operadoras;
2020-08-24 09:36:28;51  981555121;40.0;Para Celulares de Outras Operadoras;
2020-08-24 08:57:49;51  994386184;12.0;Para Celulares de Outras Operadoras;
2020-08-22 12:09:13;51  981555121;33.0;Para Celulares de Outras Operadoras;
2020-08-21 17:41:19;51  994386184;20.0;Para Celulares de Outras Operadoras;
2020-08-21 16:15:27;51  989582119;25.0;Para Celulares de Outras Operadoras;
2020-08-21 15:02:11;51  997336414;70.0;Para Celulares de Outras Operadoras;
2020-08-21 09:42:13;51  994386184;5.0;Para Celulares de Outras Operadoras;
2020-08-21 09:27:25;51  994386184;23.0;Para Celulares de Outras Operadoras;
2020-08-21 09:10:42;51  986033371;19.0;Para Celulares de Outras Operadoras;
2020-08-21 09:08:59;51  984929259;5.0;Para Celulares de Outras Operadoras;
2020-08-20 15:28:24;51  981555121;12.0;Para Celulares de Outras Operadoras;
2020-08-20 15:22:31;51  981555121;53.0;Para Celulares de Outras Operadoras;
2020-08-20 09:18:47;51  994386184;33.0;Para Celulares de Outras Operadoras;
2020-08-19 09:45:31;51  994386184;33.0;Para Celulares de Outras Operadoras;
2020-08-18 08:50:08;51  994386184;19.0;Para Celulares de Outras Operadoras;
2020-08-17 10:13:28;51  994386184;25.0;Para Celulares de Outras Operadoras;
2020-08-17 09:50:11;51  986033371;26.0;Para Celulares de Outras Operadoras;
2020-08-17 09:45:46;51  981555121;39.0;Para Celulares de Outras Operadoras;
2020-08-16 10:26:02;51  981555121;24.0;Para Celulares de Outras Operadoras;
2020-08-14 09:36:22;51  981555121;76.0;Para Celulares de Outras Operadoras;
2020-08-14 09:33:59;51  994386184;21.0;Para Celulares de Outras Operadoras;
2020-08-14 09:11:38;51  985962785;45.0;Para Celulares de Outras Operadoras;
2020-08-13 15:19:36;51  994386184;20.0;Para Celulares de Outras Operadoras;
2020-08-28 10:57:28;51  984468666;31.0;Para Fixo Vivo;
2020-08-29 17:18:28;51  998957118;11.0;Para Celulares Vivo;
2020-08-29 17:17:38;51  998957118;5.0;Para Celulares Vivo;
2020-08-21 13:54:49;51  991916429;5.0;Para Celulares Vivo;
2020-08-19 16:17:10;51  993568917;5.0;Para Celulares Vivo;
2020-08-18 13:43:33;51  993568917;5.0;Para Celulares Vivo;
2020-08-14 14:14:46;51  980363446;9.0;Para Celulares Vivo;
2020-08-19;"";7.0;INTERNET MOVEL 2;0.00
2020-08-31;"";1.0;INTERNET MOVEL 2;0.00
