data_hora_inicio;nro_telefone_chamado;duracao_ligacao;desc_categoria;valor_ligacao
2020-08-07 18:50:25;53  991513490;50.0;Para Celulares de Outras Operadoras;
2020-08-21 16:01:08;51  35731532;11.0;Para Fixo de Outras Operadoras;
2020-08-15 15:46:31;51  32262525;5.0;Para Fixo de Outras Operadoras;
2020-08-06 15:08:38;51  32490403;18.0;Para Fixo de Outras Operadoras;
2020-08-05 15:57:48;51  32490403;10.0;Para Fixo de Outras Operadoras;
2020-08-05 13:52:42;51  30253040;29.0;Para Fixo de Outras Operadoras;
2020-08-05 13:36:23;51  30253040;30.0;Para Fixo de Outras Operadoras;
2020-08-04 16:33:28;51  30253040;32.0;Para Fixo de Outras Operadoras;
2020-08-04 16:04:43;51  33911579;10.0;Para Fixo de Outras Operadoras;
2020-08-04 13:10:19;51  30253040;6.0;Para Fixo de Outras Operadoras;
2020-08-03 16:30:09;51  32490403;17.0;Para Fixo de Outras Operadoras;
2020-08-31 19:53:59;51  984788705;5.0;Para Celulares de Outras Operadoras;
2020-08-21 16:48:19;51  984788705;5.0;Para Celulares de Outras Operadoras;
2020-08-13 22:50:38;51  985819680;28.0;Para Celulares de Outras Operadoras;
2020-08-03 19:26:21;51  984788705;7.0;Para Celulares de Outras Operadoras;
2020-08-02 20:06:55;51  984788705;5.0;Para Celulares de Outras Operadoras;
2020-08-04 13:00:13;51  40072022;6.0;Para Fixo Vivo;
2020-08-31 16:34:30;51  992592729;25.0;Para Celulares Vivo;
2020-08-31 14:26:49;51  992592955;6.0;Para Celulares Vivo;
2020-08-31 12:34:50;51  992592729;8.0;Para Celulares Vivo;
2020-08-27 18:13:31;51  992592955;5.0;Para Celulares Vivo;
2020-08-27 17:38:53;51  992592955;12.0;Para Celulares Vivo;
2020-08-26 16:48:16;51  992592955;13.0;Para Celulares Vivo;
2020-08-18 11:28:41;51  992592955;22.0;Para Celulares Vivo;
2020-08-10 17:57:46;51  992592955;50.0;Para Celulares Vivo;
2020-08-09 13:03:52;51  992592955;7.0;Para Celulares Vivo;
2020-08-03 17:59:24;51  992592955;31.0;Para Celulares Vivo;
2020-07-31;"";205.0;INTERNET MOVEL 2;0.00
2020-08-01;"";12553.4;INTERNET MOVEL 2;0.00
2020-08-02;"";112332.8;INTERNET MOVEL 2;0.00
2020-08-03;"";1122.0;INTERNET MOVEL 2;0.00
2020-08-04;"";12034.8;INTERNET MOVEL 2;0.00
2020-08-05;"";2066.0;INTERNET MOVEL 2;0.00
2020-08-06;"";6554.2;INTERNET MOVEL 2;0.00
2020-08-07;"";9517.0;INTERNET MOVEL 2;0.00
2020-08-08;"";1148.0;INTERNET MOVEL 2;0.00
2020-08-09;"";4939.7;INTERNET MOVEL 2;0.00
2020-08-10;"";6779.2;INTERNET MOVEL 2;0.00
2020-08-11;"";1917.0;INTERNET MOVEL 2;0.00
2020-08-12;"";674.0;INTERNET MOVEL 2;0.00
2020-08-13;"";934.0;INTERNET MOVEL 2;0.00
2020-08-14;"";1538.6;INTERNET MOVEL 2;0.00
2020-08-15;"";1682.5;INTERNET MOVEL 2;0.00
2020-08-16;"";947.0;INTERNET MOVEL 2;0.00
2020-08-17;"";1183.0;INTERNET MOVEL 2;0.00
2020-08-18;"";1535.6;INTERNET MOVEL 2;0.00
2020-08-19;"";961.0;INTERNET MOVEL 2;0.00
2020-08-20;"";1214.0;INTERNET MOVEL 2;0.00
2020-08-21;"";1825.1;INTERNET MOVEL 2;0.00
2020-08-22;"";1009.0;INTERNET MOVEL 2;0.00
2020-08-23;"";4292.4;INTERNET MOVEL 2;0.00
2020-08-24;"";1240.0;INTERNET MOVEL 2;0.00
2020-08-25;"";8531.8;INTERNET MOVEL 2;0.00
2020-08-26;"";916.0;INTERNET MOVEL 2;0.00
2020-08-27;"";24904.2;INTERNET MOVEL 2;0.00
2020-08-28;"";1254.4;INTERNET MOVEL 2;0.00
2020-08-29;"";533.0;INTERNET MOVEL 2;0.00
2020-08-30;"";23170.5;INTERNET MOVEL 2;0.00
2020-08-31;"";182.0;INTERNET MOVEL 2;0.00
