data_hora_inicio;nro_telefone_chamado;duracao_ligacao;desc_categoria;valor_ligacao
2020-08-26 08:50:51;51997930516;1.0;GRATIS-SMS;0.00
2020-08-20 14:29:47;51984100802;1.0;GRATIS-SMS;0.00
2020-08-20 13:54:57;51984100802;1.0;GRATIS-SMS;0.00
2020-08-12 17:34:07;31987687510;1.0;GRATIS-SMS;0.00
2020-08-11 22:52:19;19998412681;1.0;GRATIS-SMS;0.00
2020-08-07 15:05:06;31998921604;1.0;GRATIS-SMS;0.00
2020-08-03 11:56:32;31982033512;1.0;GRATIS-SMS;0.00
2020-08-13 08:57:54;31  999193569;76.0;Para Celulares Vivo;
2020-08-12 17:09:38;15  997838810;67.0;Para Celulares Vivo;
2020-08-12 14:34:19;31  984403389;25.0;Para Celulares Vivo;
2020-08-12 13:43:57;79  996589040;59.0;Para Celulares Vivo;
2020-08-10 11:14:40;79  996589040;45.0;Para Celulares Vivo;
2020-08-07 15:34:32;31  984403389;24.0;Para Celulares Vivo;
2020-08-07 14:53:41;31  998921604;5.0;Para Celulares Vivo;
2020-08-07 11:32:23;31  984403389;159.0;Para Celulares Vivo;
2020-08-07 11:31:11;31  996083644;8.0;Para Celulares Vivo;
2020-08-05 12:09:46;31  998921604;16.0;Para Celulares Vivo;
2020-08-04 14:30:07;31  998921604;108.0;Para Celulares Vivo;
2020-08-03 09:18:16;31  995091187;36.0;Para Celulares Vivo;
2020-08-25 14:13:05;54  999588848;31.0;Para Celulares Vivo;
2020-08-17 17:40:14;54  999588848;65.0;Para Celulares Vivo;
2020-08-12 16:39:33;54  999588848;19.0;Para Celulares Vivo;
2020-08-11 16:29:57;54  999588848;107.0;Para Celulares Vivo;
2020-08-10 17:24:50;54  999588848;32.0;Para Celulares Vivo;
2020-08-04 17:49:15;54  999588848;289.0;Para Celulares Vivo;
2020-08-21 16:29:21;51  992701366;40.0;Para Celulares de Outras Operadoras;
2020-08-21 16:10:51;51  982177347;5.0;Para Celulares de Outras Operadoras;
2020-08-21 11:43:07;51  982177347;11.0;Para Celulares de Outras Operadoras;
2020-08-20 19:27:31;51  999505516;35.0;Para Celulares de Outras Operadoras;
2020-08-17 17:24:08;51  991992219;21.0;Para Celulares de Outras Operadoras;
2020-08-17 16:49:20;51  991992219;27.0;Para Celulares de Outras Operadoras;
2020-08-14 15:03:30;51  998293932;6.0;Para Celulares de Outras Operadoras;
2020-08-14 14:24:36;51  991992219;6.0;Para Celulares de Outras Operadoras;
2020-08-14 11:46:26;51  991854580;13.0;Para Celulares de Outras Operadoras;
2020-08-13 17:26:48;51  991992219;5.0;Para Celulares de Outras Operadoras;
2020-08-13 16:07:31;51  991992219;5.0;Para Celulares de Outras Operadoras;
2020-08-11 17:45:01;51  999505516;6.0;Para Celulares de Outras Operadoras;
2020-08-11 16:54:24;51  991992219;49.0;Para Celulares de Outras Operadoras;
2020-08-10 17:42:30;51  999505516;42.0;Para Celulares de Outras Operadoras;
2020-08-07 11:52:02;51  998398916;23.0;Para Celulares de Outras Operadoras;
2020-08-06 10:42:39;51  991992219;13.0;Para Celulares de Outras Operadoras;
2020-08-05 16:00:05;51  991992219;13.0;Para Celulares de Outras Operadoras;
2020-08-05 14:39:18;51  994610494;10.0;Para Celulares de Outras Operadoras;
2020-08-05 09:33:53;51  991854580;5.0;Para Celulares de Outras Operadoras;
2020-08-05 08:51:12;51  991854580;5.0;Para Celulares de Outras Operadoras;
2020-08-27 16:03:57;31  987461501;59.0;Para Celulares de Outras Operadoras;
2020-08-26 08:49:53;31  993928353;54.0;Para Celulares de Outras Operadoras;
2020-08-25 15:32:29;31  984559829;73.0;Para Celulares de Outras Operadoras;
2020-08-25 14:21:52;31  987687510;40.0;Para Celulares de Outras Operadoras;
2020-08-20 11:36:13;31  987687510;60.0;Para Celulares de Outras Operadoras;
2020-08-20 11:29:33;31  993928353;59.0;Para Celulares de Outras Operadoras;
2020-08-20 11:17:23;31  993928353;50.0;Para Celulares de Outras Operadoras;
2020-08-18 22:35:31;31  984559829;143.0;Para Celulares de Outras Operadoras;
2020-08-18 11:31:57;12  992399225;35.0;Para Celulares de Outras Operadoras;
2020-08-17 16:38:42;31  984559829;57.0;Para Celulares de Outras Operadoras;
2020-08-17 16:32:51;31  988366731;5.0;Para Celulares de Outras Operadoras;
2020-08-17 14:55:48;31  987687510;86.0;Para Celulares de Outras Operadoras;
2020-08-12 17:35:06;31  987687510;63.0;Para Celulares de Outras Operadoras;
2020-08-12 17:28:15;31  988366731;5.0;Para Celulares de Outras Operadoras;
2020-08-12 15:27:59;31  984559829;56.0;Para Celulares de Outras Operadoras;
2020-08-12 15:25:37;31  988697524;5.0;Para Celulares de Outras Operadoras;
2020-08-10 11:47:01;31  988366731;107.0;Para Celulares de Outras Operadoras;
2020-08-07 17:30:42;31  988366731;15.0;Para Celulares de Outras Operadoras;
2020-08-07 17:28:57;31  988366731;8.0;Para Celulares de Outras Operadoras;
2020-08-07 17:26:02;31  988366731;15.0;Para Celulares de Outras Operadoras;
2020-08-04 09:28:32;88  999026005;180.0;Para Celulares de Outras Operadoras;
2020-08-27 15:06:08;31  35921699;31.0;Para Fixo Vivo;
2020-08-31 16:47:01;31  997754509;30.0;Para Celulares Vivo;
2020-08-27 17:32:27;79  996589040;20.0;Para Celulares Vivo;
2020-08-27 16:17:16;31  971459447;18.0;Para Celulares Vivo;
2020-08-27 16:14:10;31  998265646;23.0;Para Celulares Vivo;
2020-08-26 18:15:08;79  996589040;130.0;Para Celulares Vivo;
2020-08-26 17:13:42;31  995091187;49.0;Para Celulares Vivo;
2020-08-25 18:08:27;31  983262368;30.0;Para Celulares Vivo;
2020-08-25 18:05:06;31  983262368;5.0;Para Celulares Vivo;
2020-08-25 15:43:31;31  995091187;54.0;Para Celulares Vivo;
2020-08-21 14:57:18;31  998921604;29.0;Para Celulares Vivo;
2020-08-19 17:02:44;31  995091187;71.0;Para Celulares Vivo;
2020-08-19 09:19:04;79  996589040;56.0;Para Celulares Vivo;
2020-08-04 16:20:51;51  991992219;94.0;Para Celulares de Outras Operadoras;
2020-08-04 09:47:05;51  991992219;5.0;Para Celulares de Outras Operadoras;
2020-08-04 08:42:57;51  991992219;68.0;Para Celulares de Outras Operadoras;
2020-08-04 08:16:11;51  991854580;8.0;Para Celulares de Outras Operadoras;
2020-08-03 15:17:52;51  991992219;39.0;Para Celulares de Outras Operadoras;
2020-08-03 11:55:05;51  991992219;18.0;Para Celulares de Outras Operadoras;
2020-08-14 15:11:46;51  992943448;11.0;Para Fixo Vivo;
2020-08-03 15:16:25;51  21313383;9.0;Para Fixo Vivo;
2020-08-26 12:07:46;51  997930516;75.0;Para Celulares Vivo;
2020-08-25 17:27:53;51  989028545;10.0;Para Celulares Vivo;
2020-08-25 11:59:24;51  997930516;86.0;Para Celulares Vivo;
2020-08-21 16:12:33;51  980463198;33.0;Para Celulares Vivo;
2020-08-21 16:08:20;51  995105815;16.0;Para Celulares Vivo;
2020-08-21 14:40:26;51  992518679;5.0;Para Celulares Vivo;
2020-08-21 09:09:48;51  997930516;8.0;Para Celulares Vivo;
2020-08-20 10:06:54;51  995105815;19.0;Para Celulares Vivo;
2020-08-19 12:18:36;51  997930516;17.0;Para Celulares Vivo;
2020-08-19 12:17:30;51  997930516;7.0;Para Celulares Vivo;
2020-08-17 13:04:39;51  992592817;23.0;Para Celulares Vivo;
2020-08-15 14:54:34;51  998393611;8.0;Para Celulares Vivo;
2020-08-14 11:04:54;51  992518679;6.0;Para Celulares Vivo;
2020-08-10 14:37:08;51  997930516;23.0;Para Celulares Vivo;
2020-08-10 14:36:42;51  997930516;5.0;Para Celulares Vivo;
2020-08-06 09:13:29;51  992592845;89.0;Para Celulares Vivo;
2020-08-05 14:29:39;51  992518679;31.0;Para Celulares Vivo;
2020-08-05 09:35:06;51  980463198;6.0;Para Celulares Vivo;
2020-08-04 11:58:13;51  999995108;45.0;Para Celulares Vivo;
2020-08-04 11:28:37;51  984077600;112.0;Para Celulares Vivo;
2020-08-04 10:57:20;51  997930516;27.0;Para Celulares Vivo;
2020-08-04 10:54:48;51  997930516;23.0;Para Celulares Vivo;
2020-08-03 11:20:35;51  991034807;125.0;Para Celulares Vivo;
2020-07-31;"";154.0;INTERNET MOVEL 2;0.00
2020-08-01;"";229.0;INTERNET MOVEL 2;0.00
2020-08-02;"";65.0;INTERNET MOVEL 2;0.00
2020-08-03;"";33.0;INTERNET MOVEL 2;0.00
2020-08-04;"";137.0;INTERNET MOVEL 2;0.00
2020-08-05;"";272.0;INTERNET MOVEL 2;0.00
2020-08-08;"";246.0;INTERNET MOVEL 2;0.00
2020-08-10;"";82.0;INTERNET MOVEL 2;0.00
2020-08-13;"";188.0;INTERNET MOVEL 2;0.00
2020-08-14;"";292.0;INTERNET MOVEL 2;0.00
2020-08-15;"";90.0;INTERNET MOVEL 2;0.00
2020-08-16;"";29.0;INTERNET MOVEL 2;0.00
2020-08-17;"";143.0;INTERNET MOVEL 2;0.00
2020-08-18;"";230.0;INTERNET MOVEL 2;0.00
2020-08-20;"";201.0;INTERNET MOVEL 2;0.00
2020-08-21;"";313.0;INTERNET MOVEL 2;0.00
2020-08-22;"";173.0;INTERNET MOVEL 2;0.00
2020-08-25;"";175.0;INTERNET MOVEL 2;0.00
2020-08-26;"";209.0;INTERNET MOVEL 2;0.00
2020-08-27;"";78.0;INTERNET MOVEL 2;0.00
2020-08-28;"";24.0;INTERNET MOVEL 2;0.00
