data_hora_inicio;nro_telefone_chamado;duracao_ligacao;desc_categoria;valor_ligacao
2020-08-26 02:07:11;21960100154;1.0;GRATIS-SMS;0.00
2020-08-24 10:11:30;51  32895646;8.0;Para Fixo de Outras Operadoras;
2020-08-15 17:37:18;51  32270607;8.0;Para Fixo Vivo;
2020-08-28 16:25:27;51  996720432;89.0;Para Celulares Vivo;
2020-08-28 16:20:49;51  995447076;40.0;Para Celulares Vivo;
2020-08-22;"";272.0;INTERNET MOVEL 2;0.00
2020-08-23;"";121212.4;INTERNET MOVEL 2;0.00
2020-08-24;"";83263.2;INTERNET MOVEL 2;0.00
2020-08-25;"";47297.8;INTERNET MOVEL 2;0.00
2020-08-26;"";96865.2;INTERNET MOVEL 2;0.00
2020-08-27;"";154371.5;INTERNET MOVEL 2;0.00
2020-08-28;"";63493.4;INTERNET MOVEL 2;0.00
2020-08-29;"";65523.7;INTERNET MOVEL 2;0.00
2020-08-30;"";189.0;INTERNET MOVEL 2;0.00
2020-08-31;"";715.0;INTERNET MOVEL 2;0.00
