data_hora_inicio;nro_telefone_chamado;duracao_ligacao;desc_categoria;valor_ligacao
2020-08-21 09:44:35;"";1.0;ADICIONAL;0.00
2020-08-19 13:52:24;"";1.0;ADICIONAL;0.00
2020-08-14 11:48:37;"";1.0;ADICIONAL;0.00
2020-08-14 10:25:54;5130307500;1.0;ADICIONAL;0.00
2020-08-14 08:49:25;"";1.0;ADICIONAL;0.00
2020-08-13 16:15:22;"";1.0;ADICIONAL;0.00
2020-08-13 13:02:52;"";1.0;ADICIONAL;0.00
2020-08-13 11:30:26;"";1.0;ADICIONAL;0.00
2020-08-12 20:42:12;5136718522;1.0;ADICIONAL;0.00
2020-08-12 11:29:31;"";1.0;ADICIONAL;0.00
2020-08-12 10:52:07;"";1.0;ADICIONAL;0.00
2020-08-11 18:02:35;1129284313;1.0;ADICIONAL;0.00
2020-08-11 08:37:40;"";1.0;ADICIONAL;0.00
2020-08-11 08:40:49;51  984326738;27.0;Para Celulares de Outras Operadoras;
2020-08-19 17:32:22;51  992592870;53.0;Para Celulares Vivo;
2020-08-15 07:45:04;51  999464606;5.0;Para Celulares Vivo;
2020-08-13 09:54:42;51  998558242;12.0;Para Celulares Vivo;
2020-08-10 13:15:49;11  991295081;49.0;Para Celulares Vivo;
2020-08-21 11:15:00;47  30750770;0.0;Adicional por Ligacoes Realizadas;
2020-08-21 08:32:50;47  33496454;0.0;Adicional por Ligacoes Realizadas;
2020-08-20 18:19:49;47  21252502;0.0;Adicional por Ligacoes Realizadas;
2020-08-19 17:32:22;51  992592870;0.0;Adicional por Ligacoes Realizadas;
2020-08-15 07:45:04;51  999464606;0.0;Adicional por Ligacoes Realizadas;
2020-08-13 12:18:06;08  009700900;0.0;Adicional por Ligacoes Realizadas;
2020-08-13 09:54:42;51  998558242;0.0;Adicional por Ligacoes Realizadas;
2020-08-13 08:38:29;13  991026348;0.0;Adicional por Ligacoes Realizadas;
2020-08-12 21:20:54;13  33822000;0.0;Adicional por Ligacoes Realizadas;
2020-08-12 17:02:06;08  009700900;0.0;Adicional por Ligacoes Realizadas;
2020-08-12 08:55:14;13  991026348;0.0;Adicional por Ligacoes Realizadas;
2020-08-12 08:33:33;13  991026348;0.0;Adicional por Ligacoes Realizadas;
2020-08-12 07:47:15;13  35002500;0.0;Adicional por Ligacoes Realizadas;
2020-08-11 08:40:49;51  984326738;0.0;Adicional por Ligacoes Realizadas;
2020-08-10 13:15:49;11  991295081;0.0;Adicional por Ligacoes Realizadas;
2020-08-10 10:00:36;47  33114288;0.0;Adicional por Ligacoes Realizadas;
2020-08-10 09:04:18;47  33114288;0.0;Adicional por Ligacoes Realizadas;
2020-08-24 11:55:32;13  35002500;24.0;Para Fixo de Outras Operadoras;
2020-08-05 18:00:42;41  988034300;9.0;Para Celulares de Outras Operadoras;
2020-08-13 12:18:06;08  009700900;100.0;"";
2020-08-12 17:02:06;08  009700900;112.0;"";
2020-08-21 09:44:35;    ;12.0;Chamadas de Longa Distancia para Outros Estados;
2020-08-19 13:52:24;    ;7.0;Chamadas de Longa Distancia para Outros Estados;
2020-08-14 11:48:37;    ;5.0;Chamadas de Longa Distancia para Outros Estados;
2020-08-14 10:25:54;51  30307500;5.0;Chamadas de Longa Distancia para Outros Estados;
2020-08-14 08:49:25;    ;7.0;Chamadas de Longa Distancia para Outros Estados;
2020-08-13 16:15:22;    ;82.0;Chamadas de Longa Distancia para Outros Estados;
2020-08-13 13:02:52;    ;11.0;Chamadas de Longa Distancia para Outros Estados;
2020-08-13 11:30:26;    ;82.0;Chamadas de Longa Distancia para Outros Estados;
2020-08-12 20:42:12;51  36718522;5.0;Chamadas de Longa Distancia para Outros Estados;
2020-08-12 11:29:31;    ;26.0;Chamadas de Longa Distancia para Outros Estados;
2020-08-12 10:52:07;    ;25.0;Chamadas de Longa Distancia para Outros Estados;
2020-08-11 18:02:35;11  29284313;5.0;Chamadas de Longa Distancia para Outros Estados;
2020-08-11 08:37:40;    ;6.0;Chamadas de Longa Distancia para Outros Estados;
2020-08-21 08:32:50;47  33496454;21.0;Para Fixo de Outras Operadoras;
2020-08-20 18:19:49;47  21252502;8.0;Para Fixo de Outras Operadoras;
2020-08-12 07:47:15;13  35002500;5.0;Para Fixo de Outras Operadoras;
2020-08-10 10:00:36;47  33114288;5.0;Para Fixo de Outras Operadoras;
2020-08-10 09:04:18;47  33114288;17.0;Para Fixo de Outras Operadoras;
2020-08-13 08:38:29;13  991026348;5.0;Para Celulares de Outras Operadoras;
2020-08-12 08:55:14;13  991026348;5.0;Para Celulares de Outras Operadoras;
2020-08-12 08:33:33;13  991026348;14.0;Para Celulares de Outras Operadoras;
2020-08-21 11:15:00;47  30750770;11.0;Para Fixo Vivo;
2020-08-12 21:20:54;13  33822000;10.0;Para Fixo Vivo;
2020-08-25 10:50:39;53  999719188;11.0;Para Celulares Vivo;
2020-08-31 17:09:40;51  37416056;23.0;Para Fixo de Outras Operadoras;
2020-08-31 15:48:44;51  37416056;8.0;Para Fixo de Outras Operadoras;
2020-08-31 15:47:38;51  37416056;9.0;Para Fixo de Outras Operadoras;
2020-08-31 15:38:37;51  37416056;16.0;Para Fixo de Outras Operadoras;
2020-08-24 18:33:58;51  37416913;6.0;Para Fixo de Outras Operadoras;
2020-08-24 17:01:41;51  37153049;5.0;Para Fixo de Outras Operadoras;
2020-08-24 13:58:20;51  21090079;16.0;Para Fixo de Outras Operadoras;
2020-08-24 09:06:59;51  37153049;31.0;Para Fixo de Outras Operadoras;
2020-08-07 12:08:25;51  37931788;45.0;Para Fixo de Outras Operadoras;
2020-08-07 09:00:49;51  37159695;21.0;Para Fixo de Outras Operadoras;
2020-08-31 15:13:52;51  996264246;23.0;Para Celulares Vivo;
2020-08-03 12:22:58;51  999464606;5.0;Para Celulares Vivo;
2020-07-31;"";1249.5;INTERNET MOVEL 2;0.00
2020-08-01;"";20853.2;INTERNET MOVEL 2;0.00
2020-08-02;"";8725.5;INTERNET MOVEL 2;0.00
2020-08-03;"";64590.5;INTERNET MOVEL 2;0.00
2020-08-04;"";9039.5;INTERNET MOVEL 2;0.00
2020-08-05;"";15085.4;INTERNET MOVEL 2;0.00
2020-08-06;"";101282.8;INTERNET MOVEL 2;0.00
2020-08-07;"";134732.7;INTERNET MOVEL 2;0.00
2020-08-08;"";106503.0;INTERNET MOVEL 2;0.00
2020-08-09;"";334681.2;INTERNET MOVEL 2;0.00
2020-08-10;"";128035.0;INTERNET MOVEL 2;0.00
2020-08-11;"";215594.1;INTERNET MOVEL 2;0.00
2020-08-12;"";148841.8;INTERNET MOVEL 2;0.00
2020-08-13;"";134086.5;INTERNET MOVEL 2;0.00
2020-08-14;"";297178.8;INTERNET MOVEL 2;0.00
2020-08-15;"";285379.1;INTERNET MOVEL 2;0.00
2020-08-16;"";161376.1;INTERNET MOVEL 2;0.00
2020-08-17;"";176405.1;INTERNET MOVEL 2;0.00
2020-08-18;"";166274.4;INTERNET MOVEL 2;0.00
2020-08-19;"";178992.0;INTERNET MOVEL 2;0.00
2020-08-20;"";87806.6;INTERNET MOVEL 2;0.00
2020-08-21;"";112809.4;INTERNET MOVEL 2;0.00
2020-08-22;"";191452.0;INTERNET MOVEL 2;0.00
2020-08-23;"";319.0;INTERNET MOVEL 2;0.00
2020-08-24;"";12134.0;INTERNET MOVEL 2;0.00
2020-08-25;"";155877.0;INTERNET MOVEL 2;0.00
2020-08-26;"";30337.2;INTERNET MOVEL 2;0.00
2020-08-27;"";24318.3;INTERNET MOVEL 2;0.00
2020-08-28;"";110554.2;INTERNET MOVEL 2;0.00
2020-08-29;"";2593.3;INTERNET MOVEL 2;0.00
2020-08-30;"";40072.1;INTERNET MOVEL 2;0.00
2020-08-31;"";5161.0;INTERNET MOVEL 2;0.00
