data_hora_inicio;nro_telefone_chamado;duracao_ligacao;desc_categoria;valor_ligacao
2020-08-02;"";2.0;INTERNET MOVEL 2;0.00
2020-08-06;"";12.0;INTERNET MOVEL 2;0.00
2020-08-07;"";5.0;INTERNET MOVEL 2;0.00
2020-08-08;"";5.0;INTERNET MOVEL 2;0.00
2020-08-09;"";31.0;INTERNET MOVEL 2;0.00
2020-08-10;"";20.0;INTERNET MOVEL 2;0.00
2020-08-11;"";26.0;INTERNET MOVEL 2;0.00
2020-08-12;"";1.0;INTERNET MOVEL 2;0.00
2020-08-13;"";23.0;INTERNET MOVEL 2;0.00
2020-08-14;"";19.0;INTERNET MOVEL 2;0.00
2020-08-17;"";4.0;INTERNET MOVEL 2;0.00
2020-08-18;"";5.0;INTERNET MOVEL 2;0.00
2020-08-19;"";3385.3;INTERNET MOVEL 2;0.00
2020-08-20;"";8.0;INTERNET MOVEL 2;0.00
2020-08-23;"";117.0;INTERNET MOVEL 2;0.00
