data_hora_inicio;nro_telefone_chamado;duracao_ligacao;desc_categoria;valor_ligacao
2020-08-29 08:30:01;51  996781699;19.0;Para Celulares Vivo;
2020-08-28 10:18:37;51  996781699;8.0;Para Celulares Vivo;
2020-08-28 07:40:59;51  996781699;9.0;Para Celulares Vivo;
2020-08-22 14:35:35;51  992592841;5.0;Para Celulares Vivo;
2020-08-22 10:10:11;51  996781699;22.0;Para Celulares Vivo;
2020-08-18 17:17:04;51  991813564;5.0;Para Celulares Vivo;
2020-08-15 09:00:29;51  996781699;36.0;Para Celulares Vivo;
2020-08-11 11:13:40;51  991813564;15.0;Para Celulares Vivo;
2020-08-06 08:43:35;51  992592841;22.0;Para Celulares Vivo;
2020-08-05 16:02:46;48  991664588;57.0;Para Celulares Vivo;
2020-08-05 07:51:39;51  995838788;97.0;Para Celulares Vivo;
2020-08-29 08:30:01;51  996781699;0.0;Adicional por Ligacoes Realizadas;
2020-08-28 10:18:37;51  996781699;0.0;Adicional por Ligacoes Realizadas;
2020-08-28 07:40:59;51  996781699;0.0;Adicional por Ligacoes Realizadas;
2020-08-22 14:35:35;51  992592841;0.0;Adicional por Ligacoes Realizadas;
2020-08-22 10:10:11;51  996781699;0.0;Adicional por Ligacoes Realizadas;
2020-08-18 17:17:04;51  991813564;0.0;Adicional por Ligacoes Realizadas;
2020-08-15 09:00:29;51  996781699;0.0;Adicional por Ligacoes Realizadas;
2020-08-11 11:13:40;51  991813564;0.0;Adicional por Ligacoes Realizadas;
2020-08-06 08:43:35;51  992592841;0.0;Adicional por Ligacoes Realizadas;
2020-08-31 07:37:32;"";1.0;ADICIONAL;0.00
2020-08-29 11:47:22;"";1.0;ADICIONAL;0.00
2020-08-22 12:09:02;"";1.0;ADICIONAL;0.00
2020-08-21 17:04:54;"";1.0;ADICIONAL;0.00
2020-08-21 16:47:47;"";1.0;ADICIONAL;0.00
2020-08-20 14:03:10;"";1.0;ADICIONAL;0.00
2020-08-18 09:22:56;"";1.0;ADICIONAL;0.00
2020-08-14 17:15:51;"";1.0;ADICIONAL;0.00
2020-08-14 16:04:57;"";1.0;ADICIONAL;0.00
2020-08-14 14:37:57;"";1.0;ADICIONAL;0.00
2020-08-13 10:16:08;"";1.0;ADICIONAL;0.00
2020-08-11 15:34:04;"";1.0;ADICIONAL;0.00
2020-08-11 14:38:23;"";1.0;ADICIONAL;0.00
2020-08-08 09:26:06;"";1.0;ADICIONAL;0.00
2020-08-06 09:02:28;"";1.0;ADICIONAL;0.00
2020-08-06 08:57:23;"";1.0;ADICIONAL;0.00
2020-08-05 17:26:56;"";1.0;ADICIONAL;0.00
2020-08-05 16:02:46;48  991664588;0.0;Adicional por Ligacoes Realizadas;
2020-08-05 07:51:39;51  995838788;0.0;Adicional por Ligacoes Realizadas;
2020-08-31 07:37:32;    ;8.0;Chamadas de Longa Distancia para Outros Estados;
2020-08-29 11:47:22;    ;38.0;Chamadas de Longa Distancia para Outros Estados;
2020-08-22 12:09:02;    ;29.0;Chamadas de Longa Distancia para Outros Estados;
2020-08-21 17:04:54;    ;6.0;Chamadas de Longa Distancia para Outros Estados;
2020-08-21 16:47:47;    ;22.0;Chamadas de Longa Distancia para Outros Estados;
2020-08-20 14:03:10;    ;26.0;Chamadas de Longa Distancia para Outros Estados;
2020-08-18 09:22:56;    ;7.0;Chamadas de Longa Distancia para Outros Estados;
2020-08-14 17:15:51;    ;11.0;Chamadas de Longa Distancia para Outros Estados;
2020-08-14 16:04:57;    ;11.0;Chamadas de Longa Distancia para Outros Estados;
2020-08-14 14:37:57;    ;6.0;Chamadas de Longa Distancia para Outros Estados;
2020-08-13 10:16:08;    ;12.0;Chamadas de Longa Distancia para Outros Estados;
2020-08-11 15:34:04;    ;7.0;Chamadas de Longa Distancia para Outros Estados;
2020-08-11 14:38:23;    ;9.0;Chamadas de Longa Distancia para Outros Estados;
2020-08-08 09:26:06;    ;15.0;Chamadas de Longa Distancia para Outros Estados;
2020-08-06 09:02:28;    ;13.0;Chamadas de Longa Distancia para Outros Estados;
2020-08-06 08:57:23;    ;13.0;Chamadas de Longa Distancia para Outros Estados;
2020-08-05 17:26:56;    ;6.0;Chamadas de Longa Distancia para Outros Estados;
2020-07-31;"";973.0;INTERNET MOVEL 2;0.00
2020-08-01;"";8103.8;INTERNET MOVEL 2;0.00
2020-08-02;"";14835.9;INTERNET MOVEL 2;0.00
2020-08-03;"";8613.6;INTERNET MOVEL 2;0.00
2020-08-04;"";20565.7;INTERNET MOVEL 2;0.00
2020-08-05;"";104334.8;INTERNET MOVEL 2;0.00
2020-08-06;"";72136.3;INTERNET MOVEL 2;0.00
2020-08-07;"";7147.2;INTERNET MOVEL 2;0.00
2020-08-08;"";2546.9;INTERNET MOVEL 2;0.00
2020-08-09;"";4708.0;INTERNET MOVEL 2;0.00
2020-08-10;"";10554.8;INTERNET MOVEL 2;0.00
2020-08-11;"";157358.0;INTERNET MOVEL 2;0.00
2020-08-12;"";141612.4;INTERNET MOVEL 2;0.00
2020-08-13;"";19253.0;INTERNET MOVEL 2;0.00
2020-08-14;"";13542.8;INTERNET MOVEL 2;0.00
2020-08-15;"";47994.9;INTERNET MOVEL 2;0.00
2020-08-16;"";3079.0;INTERNET MOVEL 2;0.00
2020-08-17;"";43960.5;INTERNET MOVEL 2;0.00
2020-08-18;"";62017.5;INTERNET MOVEL 2;0.00
2020-08-19;"";93446.5;INTERNET MOVEL 2;0.00
2020-08-20;"";155244.6;INTERNET MOVEL 2;0.00
2020-08-21;"";123949.8;INTERNET MOVEL 2;0.00
2020-08-22;"";51224.7;INTERNET MOVEL 2;0.00
2020-08-23;"";480.0;INTERNET MOVEL 2;0.00
2020-08-24;"";138175.5;INTERNET MOVEL 2;0.00
2020-08-25;"";71464.8;INTERNET MOVEL 2;0.00
2020-08-26;"";44698.4;INTERNET MOVEL 2;0.00
2020-08-27;"";40151.8;INTERNET MOVEL 2;0.00
2020-08-28;"";107558.6;INTERNET MOVEL 2;0.00
2020-08-29;"";55695.8;INTERNET MOVEL 2;0.00
2020-08-30;"";27682.1;INTERNET MOVEL 2;0.00
2020-08-31;"";11021.2;INTERNET MOVEL 2;0.00
