data_hora_inicio;nro_telefone_chamado;duracao_ligacao;desc_categoria;valor_ligacao
2020-08-05 17:33:50;"";1.0;ADICIONAL;0.00
2020-08-05 09:03:11;"";1.0;ADICIONAL;0.00
2020-08-05 08:26:06;5130344378;1.0;ADICIONAL;0.00
2020-08-05 08:23:20;"";1.0;ADICIONAL;0.00
2020-08-04 16:57:56;"";1.0;ADICIONAL;0.00
2020-08-04 15:37:56;"";1.0;ADICIONAL;0.00
2020-08-04 14:16:19;"";1.0;ADICIONAL;0.00
2020-08-04 10:55:12;"";1.0;ADICIONAL;0.00
2020-08-04 07:40:07;"";1.0;ADICIONAL;0.00
2020-08-03 15:31:06;"";1.0;ADICIONAL;0.00
2020-08-03 11:20:42;"";1.0;ADICIONAL;0.00
2020-08-03 08:43:03;"";1.0;ADICIONAL;0.00
2020-08-19 14:25:41;85  33918123;23.0;Para Fixo de Outras Operadoras;
2020-08-14 08:23:24;85  33918123;26.0;Para Fixo de Outras Operadoras;
2020-08-28 09:37:50;55  984552970;21.0;Para Celulares de Outras Operadoras;
2020-08-26 14:01:41;22  988492015;9.0;Para Celulares de Outras Operadoras;
2020-08-25 11:52:35;51  993555430;20.0;Para Celulares de Outras Operadoras;
2020-08-25 11:51:34;51  993555430;8.0;Para Celulares de Outras Operadoras;
2020-08-12 10:46:59;51  993555430;22.0;Para Celulares de Outras Operadoras;
2020-08-11 12:20:45;51  993555430;18.0;Para Celulares de Outras Operadoras;
2020-08-11 09:49:52;51  993555430;15.0;Para Celulares de Outras Operadoras;
2020-08-27 16:21:11;51  995838788;24.0;Para Celulares Vivo;
2020-08-27 13:52:44;51  995462663;11.0;Para Celulares Vivo;
2020-08-26 12:48:10;51  996820018;8.0;Para Celulares Vivo;
2020-08-26 12:12:27;51  996922316;8.0;Para Celulares Vivo;
2020-08-26 11:31:13;51  992592959;5.0;Para Celulares Vivo;
2020-08-26 10:27:00;51  995838788;5.0;Para Celulares Vivo;
2020-08-26 10:24:43;51  995838788;19.0;Para Celulares Vivo;
2020-08-26 09:57:45;51  995838788;39.0;Para Celulares Vivo;
2020-08-25 15:26:14;51  992592959;5.0;Para Celulares Vivo;
2020-08-25 14:42:27;51  991813564;8.0;Para Celulares Vivo;
2020-08-25 14:27:16;51  996922316;5.0;Para Celulares Vivo;
2020-08-25 12:13:17;51  992592959;11.0;Para Celulares Vivo;
2020-08-25 11:28:18;51  991813564;9.0;Para Celulares Vivo;
2020-08-24 17:01:08;51  998115641;11.0;Para Celulares Vivo;
2020-08-20 14:30:29;51  996820018;21.0;Para Celulares Vivo;
2020-08-20 08:57:53;51  996820018;9.0;Para Celulares Vivo;
2020-08-19 15:09:01;51  996820018;66.0;Para Celulares Vivo;
2020-08-18 18:47:34;51  996820018;77.0;Para Celulares Vivo;
2020-08-18 15:19:17;51  998115641;5.0;Para Celulares Vivo;
2020-08-18 13:39:36;51  998115641;46.0;Para Celulares Vivo;
2020-08-17 15:06:46;51  992592752;19.0;Para Celulares Vivo;
2020-08-13 16:37:07;51  992592956;22.0;Para Celulares Vivo;
2020-08-13 15:29:56;51  998115641;14.0;Para Celulares Vivo;
2020-08-12 15:29:37;51  998115641;5.0;Para Celulares Vivo;
2020-08-12 12:13:50;51  992592629;19.0;Para Celulares Vivo;
2020-08-12 10:49:43;51  992592752;18.0;Para Celulares Vivo;
2020-08-12 08:34:26;51  992592629;36.0;Para Celulares Vivo;
2020-08-11 18:21:28;51  995838788;8.0;Para Celulares Vivo;
2020-08-11 18:04:34;51  996781699;5.0;Para Celulares Vivo;
2020-08-11 17:21:05;51  991813564;9.0;Para Celulares Vivo;
2020-08-11 16:05:06;51  992545119;6.0;Para Celulares Vivo;
2020-08-11 11:45:34;51  996820018;38.0;Para Celulares Vivo;
2020-08-11 11:33:37;51  992592959;12.0;Para Celulares Vivo;
2020-08-11 10:27:28;51  996820018;7.0;Para Celulares Vivo;
2020-08-11 10:16:58;51  996820018;5.0;Para Celulares Vivo;
2020-08-11 10:01:34;51  996820018;29.0;Para Celulares Vivo;
2020-08-11 09:48:34;51  996820018;10.0;Para Celulares Vivo;
2020-08-11 08:32:48;51  998115641;48.0;Para Celulares Vivo;
2020-08-10 16:26:44;51  998115641;5.0;Para Celulares Vivo;
2020-08-10 15:32:22;51  996820018;19.0;Para Celulares Vivo;
2020-08-10 13:04:12;51  996820018;7.0;Para Celulares Vivo;
2020-08-10 12:38:12;51  981861609;6.0;Para Celulares Vivo;
2020-08-10 09:26:31;51  996820018;163.0;Para Celulares Vivo;
2020-08-10 07:05:09;51  996820018;5.0;Para Celulares Vivo;
2020-08-07 16:37:13;51  992592959;5.0;Para Celulares Vivo;
2020-08-07 16:21:30;51  992592841;5.0;Para Celulares Vivo;
2020-08-07 10:23:49;51  996820018;11.0;Para Celulares Vivo;
2020-08-06 10:52:11;51  996820018;8.0;Para Celulares Vivo;
2020-08-06 10:48:37;51  996820018;5.0;Para Celulares Vivo;
2020-08-06 10:47:01;51  996820018;8.0;Para Celulares Vivo;
2020-08-04 18:10:21;51  992592841;5.0;Para Celulares Vivo;
2020-08-04 17:55:33;51  992592841;5.0;Para Celulares Vivo;
2020-08-04 14:35:02;51  996820018;12.0;Para Celulares Vivo;
2020-08-03 15:48:00;51  996820018;22.0;Para Celulares Vivo;
2020-08-28 09:37:50;55  984552970;0.0;Adicional por Ligacoes Realizadas;
2020-08-27 16:21:11;51  995838788;0.0;Adicional por Ligacoes Realizadas;
2020-08-27 13:52:44;51  995462663;0.0;Adicional por Ligacoes Realizadas;
2020-08-26 14:01:41;22  988492015;0.0;Adicional por Ligacoes Realizadas;
2020-08-26 12:48:10;51  996820018;0.0;Adicional por Ligacoes Realizadas;
2020-08-26 12:12:27;51  996922316;0.0;Adicional por Ligacoes Realizadas;
2020-08-26 11:31:13;51  992592959;0.0;Adicional por Ligacoes Realizadas;
2020-08-26 10:27:00;51  995838788;0.0;Adicional por Ligacoes Realizadas;
2020-08-26 10:24:43;51  995838788;0.0;Adicional por Ligacoes Realizadas;
2020-08-26 09:57:45;51  995838788;0.0;Adicional por Ligacoes Realizadas;
2020-08-25 15:26:14;51  992592959;0.0;Adicional por Ligacoes Realizadas;
2020-08-25 14:42:27;51  991813564;0.0;Adicional por Ligacoes Realizadas;
2020-08-25 14:27:16;51  996922316;0.0;Adicional por Ligacoes Realizadas;
2020-08-25 14:08:22;98  988752417;0.0;Adicional por Ligacoes Realizadas;
2020-08-25 12:13:17;51  992592959;0.0;Adicional por Ligacoes Realizadas;
2020-08-25 11:52:35;51  993555430;0.0;Adicional por Ligacoes Realizadas;
2020-08-25 11:51:34;51  993555430;0.0;Adicional por Ligacoes Realizadas;
2020-08-25 11:28:18;51  991813564;0.0;Adicional por Ligacoes Realizadas;
2020-08-25 11:09:56;98  988099967;0.0;Adicional por Ligacoes Realizadas;
2020-08-24 17:01:08;51  998115641;0.0;Adicional por Ligacoes Realizadas;
2020-08-21 15:17:06;98  32420242;0.0;Adicional por Ligacoes Realizadas;
2020-08-20 15:31:51;98  987346022;0.0;Adicional por Ligacoes Realizadas;
2020-08-20 15:15:05;98  32161400;0.0;Adicional por Ligacoes Realizadas;
2020-08-20 14:30:29;51  996820018;0.0;Adicional por Ligacoes Realizadas;
2020-08-20 10:32:33;98  32251008;0.0;Adicional por Ligacoes Realizadas;
2020-08-20 08:57:53;51  996820018;0.0;Adicional por Ligacoes Realizadas;
2020-08-19 15:09:01;51  996820018;0.0;Adicional por Ligacoes Realizadas;
2020-08-19 14:25:41;85  33918123;0.0;Adicional por Ligacoes Realizadas;
2020-08-18 18:47:34;51  996820018;0.0;Adicional por Ligacoes Realizadas;
2020-08-18 15:19:17;51  998115641;0.0;Adicional por Ligacoes Realizadas;
2020-08-18 13:39:36;51  998115641;0.0;Adicional por Ligacoes Realizadas;
2020-08-17 15:06:46;51  992592752;0.0;Adicional por Ligacoes Realizadas;
2020-08-17 11:19:47;98  981272111;0.0;Adicional por Ligacoes Realizadas;
2020-08-14 16:11:13;98  984083834;0.0;Adicional por Ligacoes Realizadas;
2020-08-14 16:10:44;98  984083834;0.0;Adicional por Ligacoes Realizadas;
2020-08-14 14:54:44;98  981469072;0.0;Adicional por Ligacoes Realizadas;
2020-08-14 12:03:58;98  984083834;0.0;Adicional por Ligacoes Realizadas;
2020-08-14 11:40:01;98  984083834;0.0;Adicional por Ligacoes Realizadas;
2020-08-14 08:59:44;98  984083834;0.0;Adicional por Ligacoes Realizadas;
2020-08-14 08:23:24;85  33918123;0.0;Adicional por Ligacoes Realizadas;
2020-08-13 16:37:07;51  992592956;0.0;Adicional por Ligacoes Realizadas;
2020-08-13 15:29:56;51  998115641;0.0;Adicional por Ligacoes Realizadas;
2020-08-12 15:29:37;51  998115641;0.0;Adicional por Ligacoes Realizadas;
2020-08-12 12:13:50;51  992592629;0.0;Adicional por Ligacoes Realizadas;
2020-08-12 10:49:43;51  992592752;0.0;Adicional por Ligacoes Realizadas;
2020-08-12 10:46:59;51  993555430;0.0;Adicional por Ligacoes Realizadas;
2020-08-12 08:34:26;51  992592629;0.0;Adicional por Ligacoes Realizadas;
2020-08-11 18:21:28;51  995838788;0.0;Adicional por Ligacoes Realizadas;
2020-08-11 18:04:34;51  996781699;0.0;Adicional por Ligacoes Realizadas;
2020-08-11 17:21:05;51  991813564;0.0;Adicional por Ligacoes Realizadas;
2020-08-11 16:05:06;51  992545119;0.0;Adicional por Ligacoes Realizadas;
2020-08-11 12:20:45;51  993555430;0.0;Adicional por Ligacoes Realizadas;
2020-08-11 11:45:34;51  996820018;0.0;Adicional por Ligacoes Realizadas;
2020-08-11 11:33:37;51  992592959;0.0;Adicional por Ligacoes Realizadas;
2020-08-11 11:02:24;98  988099967;0.0;Adicional por Ligacoes Realizadas;
2020-08-11 11:01:52;98  988099967;0.0;Adicional por Ligacoes Realizadas;
2020-08-11 10:27:28;51  996820018;0.0;Adicional por Ligacoes Realizadas;
2020-08-11 10:16:58;51  996820018;0.0;Adicional por Ligacoes Realizadas;
2020-08-11 10:01:34;51  996820018;0.0;Adicional por Ligacoes Realizadas;
2020-08-11 09:49:52;51  993555430;0.0;Adicional por Ligacoes Realizadas;
2020-08-11 09:48:34;51  996820018;0.0;Adicional por Ligacoes Realizadas;
2020-08-11 08:32:48;51  998115641;0.0;Adicional por Ligacoes Realizadas;
2020-08-10 16:26:44;51  998115641;0.0;Adicional por Ligacoes Realizadas;
2020-08-10 15:32:22;51  996820018;0.0;Adicional por Ligacoes Realizadas;
2020-08-10 13:23:39;98  32454739;0.0;Adicional por Ligacoes Realizadas;
2020-08-10 13:04:12;51  996820018;0.0;Adicional por Ligacoes Realizadas;
2020-08-10 12:38:12;51  981861609;0.0;Adicional por Ligacoes Realizadas;
2020-08-10 09:26:31;51  996820018;0.0;Adicional por Ligacoes Realizadas;
2020-08-10 07:05:09;51  996820018;0.0;Adicional por Ligacoes Realizadas;
2020-08-07 16:37:13;51  992592959;0.0;Adicional por Ligacoes Realizadas;
2020-08-07 16:21:30;51  992592841;0.0;Adicional por Ligacoes Realizadas;
2020-08-07 10:23:49;51  996820018;0.0;Adicional por Ligacoes Realizadas;
2020-08-06 10:52:11;51  996820018;0.0;Adicional por Ligacoes Realizadas;
2020-08-06 10:48:37;51  996820018;0.0;Adicional por Ligacoes Realizadas;
2020-08-06 10:47:01;51  996820018;0.0;Adicional por Ligacoes Realizadas;
2020-08-05 07:52:31;98  33111580;0.0;Adicional por Ligacoes Realizadas;
2020-08-05 07:46:58;98  33111580;0.0;Adicional por Ligacoes Realizadas;
2020-08-04 18:10:21;51  992592841;0.0;Adicional por Ligacoes Realizadas;
2020-08-04 17:55:33;51  992592841;0.0;Adicional por Ligacoes Realizadas;
2020-08-04 14:35:02;51  996820018;0.0;Adicional por Ligacoes Realizadas;
2020-08-03 15:48:00;51  996820018;0.0;Adicional por Ligacoes Realizadas;
2020-08-28 10:49:40;    ;21.0;Chamadas de Longa Distancia para Outros Estados;
2020-08-27 16:32:57;    ;5.0;Chamadas de Longa Distancia para Outros Estados;
2020-08-27 16:31:43;    ;7.0;Chamadas de Longa Distancia para Outros Estados;
2020-08-27 13:51:00;    ;12.0;Chamadas de Longa Distancia para Outros Estados;
2020-08-27 13:49:04;    ;9.0;Chamadas de Longa Distancia para Outros Estados;
2020-08-26 14:47:25;    ;7.0;Chamadas de Longa Distancia para Outros Estados;
2020-08-26 13:53:48;    ;8.0;Chamadas de Longa Distancia para Outros Estados;
2020-08-26 13:50:03;    ;9.0;Chamadas de Longa Distancia para Outros Estados;
2020-08-26 11:28:08;    ;15.0;Chamadas de Longa Distancia para Outros Estados;
2020-08-25 15:27:40;    ;13.0;Chamadas de Longa Distancia para Outros Estados;
2020-08-25 09:16:44;    ;9.0;Chamadas de Longa Distancia para Outros Estados;
2020-08-25 08:08:07;    ;41.0;Chamadas de Longa Distancia para Outros Estados;
2020-08-21 15:43:29;    ;8.0;Chamadas de Longa Distancia para Outros Estados;
2020-08-21 09:50:58;    ;24.0;Chamadas de Longa Distancia para Outros Estados;
2020-08-21 09:34:32;    ;20.0;Chamadas de Longa Distancia para Outros Estados;
2020-08-20 11:26:22;    ;11.0;Chamadas de Longa Distancia para Outros Estados;
2020-08-20 08:56:20;    ;10.0;Chamadas de Longa Distancia para Outros Estados;
2020-08-20 08:32:13;    ;14.0;Chamadas de Longa Distancia para Outros Estados;
2020-08-19 13:41:30;    ;5.0;Chamadas de Longa Distancia para Outros Estados;
2020-08-19 10:25:12;    ;14.0;Chamadas de Longa Distancia para Outros Estados;
2020-08-18 16:23:45;    ;15.0;Chamadas de Longa Distancia para Outros Estados;
2020-08-18 15:04:18;    ;36.0;Chamadas de Longa Distancia para Outros Estados;
2020-08-18 13:35:44;85  33918123;35.0;Chamadas de Longa Distancia para Outros Estados;
2020-08-17 11:54:03;    ;15.0;Chamadas de Longa Distancia para Outros Estados;
2020-08-17 11:04:53;    ;83.0;Chamadas de Longa Distancia para Outros Estados;
2020-08-17 10:57:27;    ;5.0;Chamadas de Longa Distancia para Outros Estados;
2020-08-14 16:30:36;    ;6.0;Chamadas de Longa Distancia para Outros Estados;
2020-08-14 13:13:54;    ;14.0;Chamadas de Longa Distancia para Outros Estados;
2020-08-14 08:26:54;    ;6.0;Chamadas de Longa Distancia para Outros Estados;
2020-08-14 08:16:41;85  33918123;18.0;Chamadas de Longa Distancia para Outros Estados;
2020-08-13 17:45:02;    ;5.0;Chamadas de Longa Distancia para Outros Estados;
2020-08-13 15:55:54;    ;5.0;Chamadas de Longa Distancia para Outros Estados;
2020-08-12 15:19:16;    ;12.0;Chamadas de Longa Distancia para Outros Estados;
2020-08-12 15:12:35;    ;8.0;Chamadas de Longa Distancia para Outros Estados;
2020-08-12 11:39:54;    ;7.0;Chamadas de Longa Distancia para Outros Estados;
2020-08-12 11:15:48;    ;5.0;Chamadas de Longa Distancia para Outros Estados;
2020-08-12 11:03:05;    ;5.0;Chamadas de Longa Distancia para Outros Estados;
2020-08-12 10:44:27;    ;14.0;Chamadas de Longa Distancia para Outros Estados;
2020-08-12 09:46:34;    ;39.0;Chamadas de Longa Distancia para Outros Estados;
2020-08-12 08:42:05;    ;20.0;Chamadas de Longa Distancia para Outros Estados;
2020-08-11 17:32:13;    ;41.0;Chamadas de Longa Distancia para Outros Estados;
2020-08-11 15:47:00;    ;28.0;Chamadas de Longa Distancia para Outros Estados;
2020-08-11 11:36:10;    ;89.0;Chamadas de Longa Distancia para Outros Estados;
2020-08-11 11:20:45;    ;83.0;Chamadas de Longa Distancia para Outros Estados;
2020-08-11 11:20:14;    ;5.0;Chamadas de Longa Distancia para Outros Estados;
2020-08-11 10:53:18;    ;19.0;Chamadas de Longa Distancia para Outros Estados;
2020-08-11 10:47:29;    ;24.0;Chamadas de Longa Distancia para Outros Estados;
2020-08-11 10:43:21;    ;15.0;Chamadas de Longa Distancia para Outros Estados;
2020-08-11 08:52:18;    ;10.0;Chamadas de Longa Distancia para Outros Estados;
2020-08-11 08:41:12;    ;5.0;Chamadas de Longa Distancia para Outros Estados;
2020-08-10 15:40:05;    ;5.0;Chamadas de Longa Distancia para Outros Estados;
2020-08-10 15:26:50;    ;34.0;Chamadas de Longa Distancia para Outros Estados;
2020-08-10 09:12:07;    ;8.0;Chamadas de Longa Distancia para Outros Estados;
2020-08-10 08:36:59;    ;9.0;Chamadas de Longa Distancia para Outros Estados;
2020-08-07 14:38:03;    ;5.0;Chamadas de Longa Distancia para Outros Estados;
2020-08-07 11:54:12;    ;12.0;Chamadas de Longa Distancia para Outros Estados;
2020-08-05 17:33:50;    ;8.0;Chamadas de Longa Distancia para Outros Estados;
2020-08-05 09:03:11;    ;15.0;Chamadas de Longa Distancia para Outros Estados;
2020-08-05 08:26:06;51  30344378;19.0;Chamadas de Longa Distancia para Outros Estados;
2020-08-28 10:49:40;"";1.0;ADICIONAL;0.00
2020-08-27 16:32:57;"";1.0;ADICIONAL;0.00
2020-08-27 16:31:43;"";1.0;ADICIONAL;0.00
2020-08-27 13:51:00;"";1.0;ADICIONAL;0.00
2020-08-27 13:49:04;"";1.0;ADICIONAL;0.00
2020-08-26 14:47:25;"";1.0;ADICIONAL;0.00
2020-08-26 13:53:48;"";1.0;ADICIONAL;0.00
2020-08-26 13:50:03;"";1.0;ADICIONAL;0.00
2020-08-26 11:28:08;"";1.0;ADICIONAL;0.00
2020-08-25 15:27:40;"";1.0;ADICIONAL;0.00
2020-08-25 09:16:44;"";1.0;ADICIONAL;0.00
2020-08-25 08:08:07;"";1.0;ADICIONAL;0.00
2020-08-21 15:43:29;"";1.0;ADICIONAL;0.00
2020-08-21 09:50:58;"";1.0;ADICIONAL;0.00
2020-08-21 09:34:32;"";1.0;ADICIONAL;0.00
2020-08-20 11:26:22;"";1.0;ADICIONAL;0.00
2020-08-20 08:56:20;"";1.0;ADICIONAL;0.00
2020-08-20 08:32:13;"";1.0;ADICIONAL;0.00
2020-08-19 13:41:30;"";1.0;ADICIONAL;0.00
2020-08-19 10:25:12;"";1.0;ADICIONAL;0.00
2020-08-18 16:23:45;"";1.0;ADICIONAL;0.00
2020-08-18 15:04:18;"";1.0;ADICIONAL;0.00
2020-08-18 13:35:44;8533918123;1.0;ADICIONAL;0.00
2020-08-17 11:54:03;"";1.0;ADICIONAL;0.00
2020-08-17 11:04:53;"";1.0;ADICIONAL;0.00
2020-08-17 10:57:27;"";1.0;ADICIONAL;0.00
2020-08-14 16:30:36;"";1.0;ADICIONAL;0.00
2020-08-14 13:13:54;"";1.0;ADICIONAL;0.00
2020-08-14 08:26:54;"";1.0;ADICIONAL;0.00
2020-08-14 08:16:41;8533918123;1.0;ADICIONAL;0.00
2020-08-13 17:45:02;"";1.0;ADICIONAL;0.00
2020-08-13 15:55:54;"";1.0;ADICIONAL;0.00
2020-08-12 15:19:16;"";1.0;ADICIONAL;0.00
2020-08-12 15:12:35;"";1.0;ADICIONAL;0.00
2020-08-12 11:39:54;"";1.0;ADICIONAL;0.00
2020-08-12 11:15:48;"";1.0;ADICIONAL;0.00
2020-08-12 11:03:05;"";1.0;ADICIONAL;0.00
2020-08-12 10:44:27;"";1.0;ADICIONAL;0.00
2020-08-12 09:46:34;"";1.0;ADICIONAL;0.00
2020-08-12 08:42:05;"";1.0;ADICIONAL;0.00
2020-08-11 17:32:13;"";1.0;ADICIONAL;0.00
2020-08-11 15:47:00;"";1.0;ADICIONAL;0.00
2020-08-11 11:36:10;"";1.0;ADICIONAL;0.00
2020-08-11 11:20:45;"";1.0;ADICIONAL;0.00
2020-08-11 11:20:14;"";1.0;ADICIONAL;0.00
2020-08-11 10:53:18;"";1.0;ADICIONAL;0.00
2020-08-11 10:47:29;"";1.0;ADICIONAL;0.00
2020-08-11 10:43:21;"";1.0;ADICIONAL;0.00
2020-08-11 08:52:18;"";1.0;ADICIONAL;0.00
2020-08-11 08:41:12;"";1.0;ADICIONAL;0.00
2020-08-10 15:40:05;"";1.0;ADICIONAL;0.00
2020-08-10 15:26:50;"";1.0;ADICIONAL;0.00
2020-08-10 09:12:07;"";1.0;ADICIONAL;0.00
2020-08-10 08:36:59;"";1.0;ADICIONAL;0.00
2020-08-07 14:38:03;"";1.0;ADICIONAL;0.00
2020-08-07 11:54:12;"";1.0;ADICIONAL;0.00
2020-08-05 08:23:20;    ;5.0;Chamadas de Longa Distancia para Outros Estados;
2020-08-04 16:57:56;    ;13.0;Chamadas de Longa Distancia para Outros Estados;
2020-08-04 15:37:56;    ;5.0;Chamadas de Longa Distancia para Outros Estados;
2020-08-04 14:16:19;    ;10.0;Chamadas de Longa Distancia para Outros Estados;
2020-08-04 10:55:12;    ;11.0;Chamadas de Longa Distancia para Outros Estados;
2020-08-04 07:40:07;    ;12.0;Chamadas de Longa Distancia para Outros Estados;
2020-08-03 15:31:06;    ;66.0;Chamadas de Longa Distancia para Outros Estados;
2020-08-03 11:20:42;    ;11.0;Chamadas de Longa Distancia para Outros Estados;
2020-08-03 08:43:03;    ;5.0;Chamadas de Longa Distancia para Outros Estados;
2020-08-21 15:17:06;98  32420242;11.0;Para Fixo de Outras Operadoras;
2020-08-20 15:15:05;98  32161400;17.0;Para Fixo de Outras Operadoras;
2020-08-20 10:32:33;98  32251008;47.0;Para Fixo de Outras Operadoras;
2020-08-10 13:23:39;98  32454739;5.0;Para Fixo de Outras Operadoras;
2020-08-05 07:52:31;98  33111580;131.0;Para Fixo de Outras Operadoras;
2020-08-05 07:46:58;98  33111580;54.0;Para Fixo de Outras Operadoras;
2020-08-25 14:08:22;98  988752417;38.0;Para Celulares de Outras Operadoras;
2020-08-25 11:09:56;98  988099967;52.0;Para Celulares de Outras Operadoras;
2020-08-20 15:31:51;98  987346022;10.0;Para Celulares de Outras Operadoras;
2020-08-17 11:19:47;98  981272111;74.0;Para Celulares de Outras Operadoras;
2020-08-14 16:11:13;98  984083834;15.0;Para Celulares de Outras Operadoras;
2020-08-14 16:10:44;98  984083834;5.0;Para Celulares de Outras Operadoras;
2020-08-14 14:54:44;98  981469072;6.0;Para Celulares de Outras Operadoras;
2020-08-14 12:03:58;98  984083834;13.0;Para Celulares de Outras Operadoras;
2020-08-14 11:40:01;98  984083834;7.0;Para Celulares de Outras Operadoras;
2020-08-14 08:59:44;98  984083834;10.0;Para Celulares de Outras Operadoras;
2020-08-11 11:02:24;98  988099967;5.0;Para Celulares de Outras Operadoras;
2020-08-11 11:01:52;98  988099967;5.0;Para Celulares de Outras Operadoras;
