data_hora_inicio;nro_telefone_chamado;duracao_ligacao;desc_categoria;valor_ligacao
2020-08-26 08:48:16;"";1.0;ADICIONAL;0.00
2020-08-18 15:04:04;"";1.0;ADICIONAL;0.00
2020-08-10 06:44:14;"";1.0;ADICIONAL;0.00
2020-08-06 11:17:26;"";1.0;ADICIONAL;0.00
2020-08-05 16:04:31;"";1.0;ADICIONAL;0.00
2020-08-31 08:06:50;51  998115641;12.0;Para Celulares Vivo;
2020-08-29 06:26:31;51  998115641;6.0;Para Celulares Vivo;
2020-08-24 14:38:20;51  999971088;5.0;Para Celulares Vivo;
2020-08-24 14:04:09;51  999971088;13.0;Para Celulares Vivo;
2020-08-05 16:14:54;51  996922316;15.0;Para Celulares Vivo;
2020-08-31 08:06:50;51  998115641;0.0;Adicional por Ligacoes Realizadas;
2020-08-29 06:26:31;51  998115641;0.0;Adicional por Ligacoes Realizadas;
2020-08-24 14:38:20;51  999971088;0.0;Adicional por Ligacoes Realizadas;
2020-08-24 14:04:09;51  999971088;0.0;Adicional por Ligacoes Realizadas;
2020-08-05 16:14:54;51  996922316;0.0;Adicional por Ligacoes Realizadas;
2020-08-26 08:48:16;    ;8.0;Chamadas de Longa Distancia para Outros Estados;
2020-08-18 15:04:04;    ;5.0;Chamadas de Longa Distancia para Outros Estados;
2020-08-10 06:44:14;    ;5.0;Chamadas de Longa Distancia para Outros Estados;
2020-08-06 11:17:26;    ;13.0;Chamadas de Longa Distancia para Outros Estados;
2020-08-05 16:04:31;    ;13.0;Chamadas de Longa Distancia para Outros Estados;
2020-08-18;"";1.0;INTERNET MOVEL 2;0.00
