data_hora_inicio;nro_telefone_chamado;duracao_ligacao;desc_categoria;valor_ligacao
2020-08-20 19:56:55;*5  55;12.0;"";
2020-08-13 13:28:32;51  991987887;5.0;Para Celulares de Outras Operadoras;
2020-08-31 13:15:11;51  992592803;28.0;Para Celulares Vivo;
2020-08-31 12:35:44;51  998664267;64.0;Para Celulares Vivo;
2020-08-25 18:41:12;51  992592803;5.0;Para Celulares Vivo;
2020-08-25 16:23:06;51  992592887;22.0;Para Celulares Vivo;
2020-08-25 14:07:31;51  998851856;44.0;Para Celulares Vivo;
2020-08-13 18:14:36;51  992592887;6.0;Para Celulares Vivo;
2020-08-11 16:26:11;51  995112258;13.0;Para Celulares Vivo;
2020-08-01;"";24.0;INTERNET MOVEL 2;0.00
2020-08-02;"";9.0;INTERNET MOVEL 2;0.00
2020-08-03;"";152.0;INTERNET MOVEL 2;0.00
2020-08-04;"";142.0;INTERNET MOVEL 2;0.00
2020-08-05;"";185.0;INTERNET MOVEL 2;0.00
2020-08-06;"";245.0;INTERNET MOVEL 2;0.00
2020-08-09;"";113.0;INTERNET MOVEL 2;0.00
2020-08-10;"";193.0;INTERNET MOVEL 2;0.00
2020-08-11;"";179.0;INTERNET MOVEL 2;0.00
2020-08-12;"";189.0;INTERNET MOVEL 2;0.00
2020-08-13;"";118.0;INTERNET MOVEL 2;0.00
2020-08-14;"";143.0;INTERNET MOVEL 2;0.00
2020-08-15;"";2.0;INTERNET MOVEL 2;0.00
2020-08-17;"";338.0;INTERNET MOVEL 2;0.00
2020-08-18;"";178.0;INTERNET MOVEL 2;0.00
2020-08-19;"";153.0;INTERNET MOVEL 2;0.00
2020-08-20;"";132.0;INTERNET MOVEL 2;0.00
2020-08-21;"";51.0;INTERNET MOVEL 2;0.00
2020-08-22;"";176.0;INTERNET MOVEL 2;0.00
2020-08-24;"";213.0;INTERNET MOVEL 2;0.00
2020-08-25;"";185.0;INTERNET MOVEL 2;0.00
2020-08-26;"";134.0;INTERNET MOVEL 2;0.00
2020-08-27;"";190.0;INTERNET MOVEL 2;0.00
2020-08-28;"";140.0;INTERNET MOVEL 2;0.00
2020-08-29;"";1.0;INTERNET MOVEL 2;0.00
2020-08-31;"";204.0;INTERNET MOVEL 2;0.00
