data_hora_inicio;nro_telefone_chamado;duracao_ligacao;desc_categoria;valor_ligacao
2020-08-01 13:35:24;51  999601808;25.0;Para Celulares de Outras Operadoras;
2020-08-01 16:33:40;51  999889890;5.0;Para Celulares Vivo;
2020-08-01 13:38:06;51  992359782;7.0;Para Celulares Vivo;
2020-08-01 13:33:19;51  992359782;11.0;Para Celulares Vivo;
2020-08-01 11:55:57;51  992518654;11.0;Para Celulares Vivo;
2020-08-28 11:16:31;71  987713200;5.0;Para Celulares de Outras Operadoras;
2020-08-27 16:14:29;51  33723442;21.0;Para Fixo de Outras Operadoras;
2020-08-19 09:43:16;51  30761500;25.0;Para Fixo de Outras Operadoras;
2020-08-11 14:31:26;51  32148025;27.0;Para Fixo de Outras Operadoras;
2020-08-02 19:51:01;51  34732233;19.0;Para Fixo de Outras Operadoras;
2020-08-19 11:03:59;51  999601808;183.0;Para Celulares de Outras Operadoras;
2020-08-18 18:11:19;51  999601808;25.0;Para Celulares de Outras Operadoras;
2020-08-17 14:37:54;51  999601808;25.0;Para Celulares de Outras Operadoras;
2020-08-28 11:53:51;51  34721924;18.0;Para Fixo Vivo;
2020-08-28 10:40:57;51  999889890;5.0;Para Celulares Vivo;
2020-08-27 18:53:32;51  999889890;5.0;Para Celulares Vivo;
2020-08-27 15:52:24;51  992518654;5.0;Para Celulares Vivo;
2020-08-27 12:14:30;51  999889890;5.0;Para Celulares Vivo;
2020-08-24 19:28:19;51  992518654;5.0;Para Celulares Vivo;
2020-08-21 17:53:33;51  992518654;6.0;Para Celulares Vivo;
2020-08-20 18:49:51;51  992518654;81.0;Para Celulares Vivo;
2020-08-20 09:14:44;51  993158355;232.0;Para Celulares Vivo;
2020-08-19 18:55:51;51  999889890;10.0;Para Celulares Vivo;
2020-08-19 11:00:27;51  992518654;33.0;Para Celulares Vivo;
2020-08-19 09:46:25;51  992592817;5.0;Para Celulares Vivo;
2020-08-19 09:34:40;51  992518654;20.0;Para Celulares Vivo;
2020-08-17 13:56:09;51  992518654;84.0;Para Celulares Vivo;
2020-08-14 17:14:53;51  992518654;40.0;Para Celulares Vivo;
2020-08-13 10:19:30;51  992518654;39.0;Para Celulares Vivo;
2020-08-13 09:43:44;51  992518654;5.0;Para Celulares Vivo;
2020-08-12 20:05:05;51  992592817;44.0;Para Celulares Vivo;
2020-08-12 13:50:25;51  992518654;44.0;Para Celulares Vivo;
2020-08-12 11:08:03;51  999889890;5.0;Para Celulares Vivo;
2020-08-12 11:05:53;51  999889890;5.0;Para Celulares Vivo;
2020-08-12 08:43:05;51  992518654;16.0;Para Celulares Vivo;
2020-08-11 16:01:29;51  992518654;5.0;Para Celulares Vivo;
2020-08-11 08:36:45;51  992518654;5.0;Para Celulares Vivo;
2020-08-10 13:55:55;51  992518654;45.0;Para Celulares Vivo;
2020-08-10 09:45:41;51  999889890;5.0;Para Celulares Vivo;
2020-08-07 12:15:41;51  999889890;5.0;Para Celulares Vivo;
2020-08-07 11:54:24;51  999889890;5.0;Para Celulares Vivo;
2020-08-06 18:20:27;51  999889890;5.0;Para Celulares Vivo;
2020-08-06 18:12:03;51  999889890;18.0;Para Celulares Vivo;
2020-08-06 08:34:31;51  992518654;12.0;Para Celulares Vivo;
2020-08-06 08:00:39;51  992518654;64.0;Para Celulares Vivo;
2020-08-05 15:33:45;51  996572062;5.0;Para Celulares Vivo;
2020-08-05 13:48:28;51  992518654;24.0;Para Celulares Vivo;
2020-08-04 18:15:18;51  992518654;9.0;Para Celulares Vivo;
2020-08-03 13:56:12;51  992518654;5.0;Para Celulares Vivo;
2020-08-03 09:41:05;51  999889890;5.0;Para Celulares Vivo;
2020-07-31;"";415.0;INTERNET MOVEL 2;0.00
2020-08-01;"";118637.8;INTERNET MOVEL 2;0.00
2020-08-02;"";60473.9;INTERNET MOVEL 2;0.00
2020-08-03;"";82427.7;INTERNET MOVEL 2;0.00
2020-08-04;"";95330.1;INTERNET MOVEL 2;0.00
2020-08-05;"";197449.6;INTERNET MOVEL 2;0.00
2020-08-06;"";49631.2;INTERNET MOVEL 2;0.00
2020-08-07;"";166857.3;INTERNET MOVEL 2;0.00
2020-08-08;"";79326.6;INTERNET MOVEL 2;0.00
2020-08-09;"";170991.8;INTERNET MOVEL 2;0.00
2020-08-10;"";108065.7;INTERNET MOVEL 2;0.00
2020-08-11;"";233654.4;INTERNET MOVEL 2;0.00
2020-08-12;"";71500.2;INTERNET MOVEL 2;0.00
2020-08-13;"";143757.7;INTERNET MOVEL 2;0.00
2020-08-14;"";99532.1;INTERNET MOVEL 2;0.00
2020-08-15;"";18326.6;INTERNET MOVEL 2;0.00
2020-08-16;"";161379.0;INTERNET MOVEL 2;0.00
2020-08-17;"";276989.9;INTERNET MOVEL 2;0.00
2020-08-18;"";51055.6;INTERNET MOVEL 2;0.00
2020-08-19;"";82599.2;INTERNET MOVEL 2;0.00
2020-08-20;"";153990.8;INTERNET MOVEL 2;0.00
2020-08-21;"";102841.1;INTERNET MOVEL 2;0.00
2020-08-22;"";1436.0;INTERNET MOVEL 2;0.00
2020-08-23;"";43857.7;INTERNET MOVEL 2;0.00
2020-08-24;"";118769.7;INTERNET MOVEL 2;0.00
2020-08-25;"";121141.0;INTERNET MOVEL 2;0.00
2020-08-26;"";134116.8;INTERNET MOVEL 2;0.00
2020-08-27;"";107638.7;INTERNET MOVEL 2;0.00
2020-08-28;"";81588.0;INTERNET MOVEL 2;0.00
2020-08-29;"";48180.7;INTERNET MOVEL 2;0.00
2020-08-30;"";171580.1;INTERNET MOVEL 2;0.00
2020-08-31;"";70060.8;INTERNET MOVEL 2;0.00
