data_hora_inicio;nro_telefone_chamado;duracao_ligacao;desc_categoria;valor_ligacao
2020-08-29 14:41:54;51  991813564;6.0;Para Celulares Vivo;
2020-08-28 15:06:21;51  998115641;5.0;Para Celulares Vivo;
2020-08-26 13:50:56;51  998115641;7.0;Para Celulares Vivo;
2020-08-25 16:05:12;51  998115641;5.0;Para Celulares Vivo;
2020-08-25 15:57:48;51  998115641;8.0;Para Celulares Vivo;
2020-08-20 08:37:01;51  998115641;6.0;Para Celulares Vivo;
2020-08-19 11:10:32;51  998115641;55.0;Para Celulares Vivo;
2020-08-18 15:16:39;51  998115641;9.0;Para Celulares Vivo;
2020-08-15 07:34:35;92  991924816;8.0;Para Celulares Vivo;
2020-08-14 11:49:55;51  996922316;5.0;Para Celulares Vivo;
2020-08-13 09:21:16;51  998115641;5.0;Para Celulares Vivo;
2020-08-06 17:47:32;51  998115641;5.0;Para Celulares Vivo;
2020-08-06 16:57:47;51  998115641;16.0;Para Celulares Vivo;
2020-08-06 13:16:19;51  998115641;5.0;Para Celulares Vivo;
2020-08-29 14:41:54;51  991813564;0.0;Adicional por Ligacoes Realizadas;
2020-08-28 15:08:36;98  984606712;0.0;Adicional por Ligacoes Realizadas;
2020-08-28 15:06:21;51  998115641;0.0;Adicional por Ligacoes Realizadas;
2020-08-26 13:50:56;51  998115641;0.0;Adicional por Ligacoes Realizadas;
2020-08-25 16:05:12;51  998115641;0.0;Adicional por Ligacoes Realizadas;
2020-08-25 15:57:48;51  998115641;0.0;Adicional por Ligacoes Realizadas;
2020-08-20 18:27:51;98  999723047;0.0;Adicional por Ligacoes Realizadas;
2020-08-20 18:12:10;98  999723047;0.0;Adicional por Ligacoes Realizadas;
2020-08-20 08:37:01;51  998115641;0.0;Adicional por Ligacoes Realizadas;
2020-08-19 18:07:57;98  992139079;0.0;Adicional por Ligacoes Realizadas;
2020-08-19 16:44:18;98  981916058;0.0;Adicional por Ligacoes Realizadas;
2020-08-19 11:10:32;51  998115641;0.0;Adicional por Ligacoes Realizadas;
2020-08-18 15:16:39;51  998115641;0.0;Adicional por Ligacoes Realizadas;
2020-08-15 10:21:15;98  988414172;0.0;Adicional por Ligacoes Realizadas;
2020-08-15 10:00:26;98  988414172;0.0;Adicional por Ligacoes Realizadas;
2020-08-15 07:34:35;92  991924816;0.0;Adicional por Ligacoes Realizadas;
2020-08-14 19:31:56;98  988414172;0.0;Adicional por Ligacoes Realizadas;
2020-08-14 11:49:55;51  996922316;0.0;Adicional por Ligacoes Realizadas;
2020-08-13 17:23:36;98  992139079;0.0;Adicional por Ligacoes Realizadas;
2020-08-13 09:21:16;51  998115641;0.0;Adicional por Ligacoes Realizadas;
2020-08-13 05:21:12;98  987504748;0.0;Adicional por Ligacoes Realizadas;
2020-08-06 17:47:32;51  998115641;0.0;Adicional por Ligacoes Realizadas;
2020-08-06 16:57:47;51  998115641;0.0;Adicional por Ligacoes Realizadas;
2020-08-06 13:16:19;51  998115641;0.0;Adicional por Ligacoes Realizadas;
2020-08-28 15:08:36;98  984606712;5.0;Para Celulares de Outras Operadoras;
2020-08-20 18:27:51;98  999723047;6.0;Para Celulares de Outras Operadoras;
2020-08-20 18:12:10;98  999723047;8.0;Para Celulares de Outras Operadoras;
2020-08-19 16:44:18;98  981916058;12.0;Para Celulares de Outras Operadoras;
2020-08-15 10:21:15;98  988414172;5.0;Para Celulares de Outras Operadoras;
2020-08-15 10:00:26;98  988414172;23.0;Para Celulares de Outras Operadoras;
2020-08-14 19:31:56;98  988414172;37.0;Para Celulares de Outras Operadoras;
2020-08-13 05:21:12;98  987504748;5.0;Para Celulares de Outras Operadoras;
2020-08-19 18:07:57;98  992139079;5.0;Para Celulares Vivo;
2020-08-13 17:23:36;98  992139079;17.0;Para Celulares Vivo;
