data_hora_inicio;nro_telefone_chamado;duracao_ligacao;desc_categoria;valor_ligacao
2020-08-31 23:18:02;"";1.0;ADICIONAL;0.00
2020-08-31 19:51:33;"";1.0;ADICIONAL;0.00
2020-08-31 13:07:16;"";1.0;ADICIONAL;0.00
2020-08-31 13:03:57;"";1.0;ADICIONAL;0.00
2020-08-30 14:59:27;"";1.0;ADICIONAL;0.00
2020-08-30 14:46:44;"";1.0;ADICIONAL;0.00
2020-08-30 00:09:23;"";1.0;ADICIONAL;0.00
2020-08-29 13:12:41;"";1.0;ADICIONAL;0.00
2020-08-29 11:35:55;"";1.0;ADICIONAL;0.00
2020-08-29 09:38:46;"";1.0;ADICIONAL;0.00
2020-08-28 18:54:12;"";1.0;ADICIONAL;0.00
2020-08-28 10:19:22;"";1.0;ADICIONAL;0.00
2020-08-27 18:29:32;"";1.0;ADICIONAL;0.00
2020-08-27 07:39:44;"";1.0;ADICIONAL;0.00
2020-08-26 22:54:49;"";1.0;ADICIONAL;0.00
2020-08-26 21:54:29;"";1.0;ADICIONAL;0.00
2020-08-26 20:02:35;"";1.0;ADICIONAL;0.00
2020-08-26 19:19:09;"";1.0;ADICIONAL;0.00
2020-08-25 12:42:21;"";1.0;ADICIONAL;0.00
2020-08-25 06:55:39;"";1.0;ADICIONAL;0.00
2020-08-24 19:26:19;"";1.0;ADICIONAL;0.00
2020-08-24 18:28:08;"";1.0;ADICIONAL;0.00
2020-08-24 17:27:44;"";1.0;ADICIONAL;0.00
2020-08-24 14:33:00;"";1.0;ADICIONAL;0.00
2020-08-24 13:45:02;"";1.0;ADICIONAL;0.00
2020-08-15 16:49:26;"";1.0;ADICIONAL;0.00
2020-08-15 16:34:28;"";1.0;ADICIONAL;0.00
2020-08-14 20:40:58;"";1.0;ADICIONAL;0.00
2020-08-14 20:24:20;"";1.0;ADICIONAL;0.00
2020-08-14 14:09:44;"";1.0;ADICIONAL;0.00
2020-08-14 13:30:14;"";1.0;ADICIONAL;0.00
2020-08-14 09:51:44;"";1.0;ADICIONAL;0.00
2020-08-14 09:08:56;"";1.0;ADICIONAL;0.00
2020-08-14 08:45:15;"";1.0;ADICIONAL;0.00
2020-08-13 17:51:18;"";1.0;ADICIONAL;0.00
2020-08-13 16:05:43;"";1.0;ADICIONAL;0.00
2020-08-13 11:25:02;"";1.0;ADICIONAL;0.00
2020-08-13 09:54:42;"";1.0;ADICIONAL;0.00
2020-08-13 07:38:07;"";1.0;ADICIONAL;0.00
2020-08-12 19:42:54;"";1.0;ADICIONAL;0.00
2020-08-12 19:08:47;"";1.0;ADICIONAL;0.00
2020-08-12 13:18:05;"";1.0;ADICIONAL;0.00
2020-08-12 11:58:01;"";1.0;ADICIONAL;0.00
2020-08-12 10:41:25;"";1.0;ADICIONAL;0.00
2020-08-12 10:11:14;"";1.0;ADICIONAL;0.00
2020-08-12 09:44:07;"";1.0;ADICIONAL;0.00
2020-08-12 09:34:29;"";1.0;ADICIONAL;0.00
2020-08-11 16:57:44;"";1.0;ADICIONAL;0.00
2020-08-11 10:28:48;"";1.0;ADICIONAL;0.00
2020-08-11 08:36:56;"";1.0;ADICIONAL;0.00
2020-08-10 16:19:22;"";1.0;ADICIONAL;0.00
2020-08-10 14:44:05;"";1.0;ADICIONAL;0.00
2020-08-10 14:38:58;"";1.0;ADICIONAL;0.00
2020-08-10 14:10:52;"";1.0;ADICIONAL;0.00
2020-08-10 12:05:18;"";1.0;ADICIONAL;0.00
2020-08-27 16:39:17;11  34677100;51.0;Para Fixo de Outras Operadoras;
2020-08-27 16:04:40;11  34677100;12.0;Para Fixo de Outras Operadoras;
2020-08-31 10:21:09;51  991980620;36.0;Para Celulares de Outras Operadoras;
2020-08-30 11:58:54;51  989509589;27.0;Para Celulares de Outras Operadoras;
2020-08-29 19:58:56;51  982223067;26.0;Para Celulares de Outras Operadoras;
2020-08-28 16:55:02;51  991980620;14.0;Para Celulares de Outras Operadoras;
2020-08-28 14:54:02;51  991980620;94.0;Para Celulares de Outras Operadoras;
2020-08-28 14:16:27;51  991980620;177.0;Para Celulares de Outras Operadoras;
2020-08-28 12:24:01;51  982223067;7.0;Para Celulares de Outras Operadoras;
2020-08-28 08:44:17;51  982223067;54.0;Para Celulares de Outras Operadoras;
2020-08-27 17:10:25;51  982223067;35.0;Para Celulares de Outras Operadoras;
2020-08-27 15:25:22;51  984649058;131.0;Para Celulares de Outras Operadoras;
2020-08-27 11:17:05;51  982223067;44.0;Para Celulares de Outras Operadoras;
2020-08-27 08:46:27;51  982223067;38.0;Para Celulares de Outras Operadoras;
2020-08-26 22:07:54;51  982223067;91.0;Para Celulares de Outras Operadoras;
2020-08-26 19:55:59;51  985709551;12.0;Para Celulares de Outras Operadoras;
2020-08-26 19:49:24;51  985709551;7.0;Para Celulares de Outras Operadoras;
2020-08-26 18:58:05;51  984649058;182.0;Para Celulares de Outras Operadoras;
2020-08-26 18:51:04;51  984649058;23.0;Para Celulares de Outras Operadoras;
2020-08-26 17:49:36;51  982223067;64.0;Para Celulares de Outras Operadoras;
2020-08-26 13:03:31;51  982223067;15.0;Para Celulares de Outras Operadoras;
2020-08-25 13:42:01;51  984649058;65.0;Para Celulares de Outras Operadoras;
2020-08-15 17:12:30;51  982223067;5.0;Para Celulares de Outras Operadoras;
2020-08-15 16:11:34;51  982223067;186.0;Para Celulares de Outras Operadoras;
2020-08-14 19:46:23;51  984649058;19.0;Para Celulares de Outras Operadoras;
2020-08-14 17:17:07;51  982223067;39.0;Para Celulares de Outras Operadoras;
2020-08-14 09:25:41;51  991980620;70.0;Para Celulares de Outras Operadoras;
2020-08-13 13:17:20;51  984649058;213.0;Para Celulares de Outras Operadoras;
2020-08-12 18:02:58;51  982223067;13.0;Para Celulares de Outras Operadoras;
2020-08-12 17:56:24;51  982223067;8.0;Para Celulares de Outras Operadoras;
2020-08-12 13:07:57;51  982223067;38.0;Para Celulares de Outras Operadoras;
2020-08-12 09:30:52;51  982223067;5.0;Para Celulares de Outras Operadoras;
2020-08-12 09:30:13;51  982184596;5.0;Para Celulares de Outras Operadoras;
2020-08-12 09:00:35;51  982223067;17.0;Para Celulares de Outras Operadoras;
2020-08-11 17:54:34;51  984649058;90.0;Para Celulares de Outras Operadoras;
2020-08-11 17:51:57;51  982223067;18.0;Para Celulares de Outras Operadoras;
2020-08-11 17:34:00;51  982223067;61.0;Para Celulares de Outras Operadoras;
2020-08-11 14:55:44;51  984649058;9.0;Para Celulares de Outras Operadoras;
2020-08-11 12:43:38;51  984649058;75.0;Para Celulares de Outras Operadoras;
2020-08-11 11:07:07;51  984649058;177.0;Para Celulares de Outras Operadoras;
2020-08-31 16:43:09;51  995590187;17.0;Para Celulares Vivo;
2020-08-31 15:58:13;51  995590187;8.0;Para Celulares Vivo;
2020-08-28 16:56:44;51  995590187;14.0;Para Celulares Vivo;
2020-08-28 16:52:34;51  995590187;20.0;Para Celulares Vivo;
2020-08-28 10:15:07;51  995590187;14.0;Para Celulares Vivo;
2020-08-28 09:46:12;51  995590187;8.0;Para Celulares Vivo;
2020-08-25 12:29:47;51  993320342;13.0;Para Celulares Vivo;
2020-08-25 07:28:13;51  991007551;9.0;Para Celulares Vivo;
2020-08-14 17:31:03;51  996781699;98.0;Para Celulares Vivo;
2020-08-14 15:33:30;51  996781699;143.0;Para Celulares Vivo;
2020-08-14 09:19:45;51  996781699;50.0;Para Celulares Vivo;
2020-08-14 08:37:18;48  991664588;14.0;Para Celulares Vivo;
2020-08-13 09:42:31;51  993320336;39.0;Para Celulares Vivo;
2020-08-13 07:52:28;48  991664588;15.0;Para Celulares Vivo;
2020-08-12 18:52:32;48  991664588;27.0;Para Celulares Vivo;
2020-08-12 15:32:16;48  991664588;8.0;Para Celulares Vivo;
2020-08-12 12:12:11;51  996781699;74.0;Para Celulares Vivo;
2020-08-10 13:51:18;51  993320336;20.0;Para Celulares Vivo;
2020-08-31 16:43:09;51  995590187;0.0;Adicional por Ligacoes Realizadas;
2020-08-31 15:58:13;51  995590187;0.0;Adicional por Ligacoes Realizadas;
2020-08-31 10:21:09;51  991980620;0.0;Adicional por Ligacoes Realizadas;
2020-08-31 09:30:36;13  988744479;0.0;Adicional por Ligacoes Realizadas;
2020-08-30 11:58:54;51  989509589;0.0;Adicional por Ligacoes Realizadas;
2020-08-29 19:58:56;51  982223067;0.0;Adicional por Ligacoes Realizadas;
2020-08-28 16:56:44;51  995590187;0.0;Adicional por Ligacoes Realizadas;
2020-08-28 16:55:02;51  991980620;0.0;Adicional por Ligacoes Realizadas;
2020-08-28 16:52:34;51  995590187;0.0;Adicional por Ligacoes Realizadas;
2020-08-28 14:54:02;51  991980620;0.0;Adicional por Ligacoes Realizadas;
2020-08-28 14:16:27;51  991980620;0.0;Adicional por Ligacoes Realizadas;
2020-08-28 12:24:01;51  982223067;0.0;Adicional por Ligacoes Realizadas;
2020-08-28 10:15:07;51  995590187;0.0;Adicional por Ligacoes Realizadas;
2020-08-28 09:46:12;51  995590187;0.0;Adicional por Ligacoes Realizadas;
2020-08-28 08:44:17;51  982223067;0.0;Adicional por Ligacoes Realizadas;
2020-08-27 17:10:25;51  982223067;0.0;Adicional por Ligacoes Realizadas;
2020-08-27 16:39:17;11  34677100;0.0;Adicional por Ligacoes Realizadas;
2020-08-27 16:04:40;11  34677100;0.0;Adicional por Ligacoes Realizadas;
2020-08-27 15:25:22;51  984649058;0.0;Adicional por Ligacoes Realizadas;
2020-08-27 11:17:05;51  982223067;0.0;Adicional por Ligacoes Realizadas;
2020-08-27 09:16:52;13  988610695;0.0;Adicional por Ligacoes Realizadas;
2020-08-27 08:46:27;51  982223067;0.0;Adicional por Ligacoes Realizadas;
2020-08-26 22:07:54;51  982223067;0.0;Adicional por Ligacoes Realizadas;
2020-08-26 19:55:59;51  985709551;0.0;Adicional por Ligacoes Realizadas;
2020-08-26 19:49:24;51  985709551;0.0;Adicional por Ligacoes Realizadas;
2020-08-26 18:58:05;51  984649058;0.0;Adicional por Ligacoes Realizadas;
2020-08-26 18:51:04;51  984649058;0.0;Adicional por Ligacoes Realizadas;
2020-08-26 17:49:36;51  982223067;0.0;Adicional por Ligacoes Realizadas;
2020-08-26 13:03:31;51  982223067;0.0;Adicional por Ligacoes Realizadas;
2020-08-25 13:42:01;51  984649058;0.0;Adicional por Ligacoes Realizadas;
2020-08-25 12:29:47;51  993320342;0.0;Adicional por Ligacoes Realizadas;
2020-08-25 07:28:13;51  991007551;0.0;Adicional por Ligacoes Realizadas;
2020-08-24 14:26:47;13  991828267;0.0;Adicional por Ligacoes Realizadas;
2020-08-24 13:29:01;13  991828267;0.0;Adicional por Ligacoes Realizadas;
2020-08-24 12:30:14;13  988610695;0.0;Adicional por Ligacoes Realizadas;
2020-08-15 17:12:30;51  982223067;0.0;Adicional por Ligacoes Realizadas;
2020-08-15 16:11:34;51  982223067;0.0;Adicional por Ligacoes Realizadas;
2020-08-14 19:58:01;41  34237272;0.0;Adicional por Ligacoes Realizadas;
2020-08-14 19:46:23;51  984649058;0.0;Adicional por Ligacoes Realizadas;
2020-08-14 17:31:03;51  996781699;0.0;Adicional por Ligacoes Realizadas;
2020-08-14 17:17:07;51  982223067;0.0;Adicional por Ligacoes Realizadas;
2020-08-14 15:33:30;51  996781699;0.0;Adicional por Ligacoes Realizadas;
2020-08-14 09:25:41;51  991980620;0.0;Adicional por Ligacoes Realizadas;
2020-08-14 09:19:45;51  996781699;0.0;Adicional por Ligacoes Realizadas;
2020-08-14 08:37:18;48  991664588;0.0;Adicional por Ligacoes Realizadas;
2020-08-13 13:17:20;51  984649058;0.0;Adicional por Ligacoes Realizadas;
2020-08-13 09:42:31;51  993320336;0.0;Adicional por Ligacoes Realizadas;
2020-08-13 07:52:28;48  991664588;0.0;Adicional por Ligacoes Realizadas;
2020-08-12 18:52:32;48  991664588;0.0;Adicional por Ligacoes Realizadas;
2020-08-12 18:02:58;51  982223067;0.0;Adicional por Ligacoes Realizadas;
2020-08-12 17:56:24;51  982223067;0.0;Adicional por Ligacoes Realizadas;
2020-08-12 15:32:16;48  991664588;0.0;Adicional por Ligacoes Realizadas;
2020-08-12 13:07:57;51  982223067;0.0;Adicional por Ligacoes Realizadas;
2020-08-12 12:12:11;51  996781699;0.0;Adicional por Ligacoes Realizadas;
2020-08-12 09:30:52;51  982223067;0.0;Adicional por Ligacoes Realizadas;
2020-08-12 09:30:13;51  982184596;0.0;Adicional por Ligacoes Realizadas;
2020-08-12 09:00:35;51  982223067;0.0;Adicional por Ligacoes Realizadas;
2020-08-11 17:54:34;51  984649058;0.0;Adicional por Ligacoes Realizadas;
2020-08-11 17:51:57;51  982223067;0.0;Adicional por Ligacoes Realizadas;
2020-08-11 17:34:00;51  982223067;0.0;Adicional por Ligacoes Realizadas;
2020-08-11 14:55:44;51  984649058;0.0;Adicional por Ligacoes Realizadas;
2020-08-11 12:43:38;51  984649058;0.0;Adicional por Ligacoes Realizadas;
2020-08-11 11:07:07;51  984649058;0.0;Adicional por Ligacoes Realizadas;
2020-08-10 14:19:21;41  999371945;0.0;Adicional por Ligacoes Realizadas;
2020-08-10 13:51:18;51  993320336;0.0;Adicional por Ligacoes Realizadas;
2020-08-22 21:03:15;48  991664588;5.0;Para Celulares Vivo;
2020-08-31 23:18:02;    ;21.0;Chamadas de Longa Distancia para Outros Estados;
2020-08-31 19:51:33;    ;79.0;Chamadas de Longa Distancia para Outros Estados;
2020-08-31 19:51:33;    ;85.0;Chamadas de Longa Distancia para Outros Estados;
2020-08-31 13:07:16;    ;5.0;Chamadas de Longa Distancia para Outros Estados;
2020-08-31 13:03:57;    ;31.0;Chamadas de Longa Distancia para Outros Estados;
2020-08-30 14:59:27;    ;55.0;Chamadas de Longa Distancia para Outros Estados;
2020-08-30 14:46:44;    ;43.0;Chamadas de Longa Distancia para Outros Estados;
2020-08-30 00:09:23;    ;60.0;Chamadas de Longa Distancia para Outros Estados;
2020-08-29 13:12:41;    ;16.0;Chamadas de Longa Distancia para Outros Estados;
2020-08-29 11:35:55;    ;8.0;Chamadas de Longa Distancia para Outros Estados;
2020-08-29 09:38:46;    ;33.0;Chamadas de Longa Distancia para Outros Estados;
2020-08-28 18:54:12;    ;108.0;Chamadas de Longa Distancia para Outros Estados;
2020-08-28 10:19:22;    ;5.0;Chamadas de Longa Distancia para Outros Estados;
2020-08-27 18:29:32;    ;26.0;Chamadas de Longa Distancia para Outros Estados;
2020-08-27 07:39:44;    ;5.0;Chamadas de Longa Distancia para Outros Estados;
2020-08-26 22:54:49;    ;20.0;Chamadas de Longa Distancia para Outros Estados;
2020-08-26 21:54:29;    ;7.0;Chamadas de Longa Distancia para Outros Estados;
2020-08-26 20:02:35;    ;133.0;Chamadas de Longa Distancia para Outros Estados;
2020-08-26 19:19:09;    ;87.0;Chamadas de Longa Distancia para Outros Estados;
2020-08-25 12:42:21;    ;35.0;Chamadas de Longa Distancia para Outros Estados;
2020-08-25 06:55:39;    ;5.0;Chamadas de Longa Distancia para Outros Estados;
2020-08-24 19:26:19;    ;25.0;Chamadas de Longa Distancia para Outros Estados;
2020-08-24 18:28:08;    ;42.0;Chamadas de Longa Distancia para Outros Estados;
2020-08-24 17:27:44;    ;61.0;Chamadas de Longa Distancia para Outros Estados;
2020-08-24 14:33:00;    ;8.0;Chamadas de Longa Distancia para Outros Estados;
2020-08-24 13:45:02;    ;39.0;Chamadas de Longa Distancia para Outros Estados;
2020-08-15 16:49:26;    ;34.0;Chamadas de Longa Distancia para Outros Estados;
2020-08-15 16:34:28;    ;10.0;Chamadas de Longa Distancia para Outros Estados;
2020-08-14 20:40:58;    ;60.0;Chamadas de Longa Distancia para Outros Estados;
2020-08-14 20:24:20;    ;10.0;Chamadas de Longa Distancia para Outros Estados;
2020-08-14 14:09:44;    ;11.0;Chamadas de Longa Distancia para Outros Estados;
2020-08-14 13:30:14;    ;22.0;Chamadas de Longa Distancia para Outros Estados;
2020-08-14 09:51:44;    ;53.0;Chamadas de Longa Distancia para Outros Estados;
2020-08-14 09:08:56;    ;88.0;Chamadas de Longa Distancia para Outros Estados;
2020-08-14 08:45:15;    ;11.0;Chamadas de Longa Distancia para Outros Estados;
2020-08-13 17:51:18;    ;23.0;Chamadas de Longa Distancia para Outros Estados;
2020-08-13 16:05:43;    ;52.0;Chamadas de Longa Distancia para Outros Estados;
2020-08-13 11:25:02;    ;18.0;Chamadas de Longa Distancia para Outros Estados;
2020-08-13 09:54:42;    ;12.0;Chamadas de Longa Distancia para Outros Estados;
2020-08-13 07:38:07;    ;5.0;Chamadas de Longa Distancia para Outros Estados;
2020-08-12 19:42:54;    ;54.0;Chamadas de Longa Distancia para Outros Estados;
2020-08-12 19:08:47;    ;5.0;Chamadas de Longa Distancia para Outros Estados;
2020-08-12 13:18:05;    ;48.0;Chamadas de Longa Distancia para Outros Estados;
2020-08-12 11:58:01;    ;25.0;Chamadas de Longa Distancia para Outros Estados;
2020-08-12 10:41:25;    ;25.0;Chamadas de Longa Distancia para Outros Estados;
2020-08-12 10:11:14;    ;76.0;Chamadas de Longa Distancia para Outros Estados;
2020-08-12 09:44:07;    ;22.0;Chamadas de Longa Distancia para Outros Estados;
2020-08-12 09:34:29;    ;5.0;Chamadas de Longa Distancia para Outros Estados;
2020-08-11 16:57:44;    ;32.0;Chamadas de Longa Distancia para Outros Estados;
2020-08-11 10:28:48;    ;36.0;Chamadas de Longa Distancia para Outros Estados;
2020-08-11 08:36:56;    ;22.0;Chamadas de Longa Distancia para Outros Estados;
2020-08-10 16:19:22;    ;5.0;Chamadas de Longa Distancia para Outros Estados;
2020-08-10 14:44:05;    ;5.0;Chamadas de Longa Distancia para Outros Estados;
2020-08-10 14:38:58;    ;11.0;Chamadas de Longa Distancia para Outros Estados;
2020-08-10 14:10:52;    ;47.0;Chamadas de Longa Distancia para Outros Estados;
2020-08-10 12:05:18;    ;69.0;Chamadas de Longa Distancia para Outros Estados;
2020-08-14 19:58:01;41  34237272;14.0;Para Fixo de Outras Operadoras;
2020-08-31 09:30:36;13  988744479;7.0;Para Celulares de Outras Operadoras;
2020-08-27 09:16:52;13  988610695;10.0;Para Celulares de Outras Operadoras;
2020-08-24 14:26:47;13  991828267;5.0;Para Celulares de Outras Operadoras;
2020-08-24 13:29:01;13  991828267;24.0;Para Celulares de Outras Operadoras;
2020-08-24 12:30:14;13  988610695;14.0;Para Celulares de Outras Operadoras;
2020-08-10 14:19:21;41  999371945;10.0;Para Celulares de Outras Operadoras;
2020-08-18 15:34:23;51  36842374;15.0;Para Fixo de Outras Operadoras;
2020-08-23 20:37:05;51  989509589;31.0;Para Celulares de Outras Operadoras;
2020-08-23 19:22:13;51  984649058;289.0;Para Celulares de Outras Operadoras;
2020-08-23 09:53:48;51  982223067;5.0;Para Celulares de Outras Operadoras;
2020-08-22 18:14:05;51  989509589;5.0;Para Celulares de Outras Operadoras;
2020-08-22 18:13:04;51  989509589;5.0;Para Celulares de Outras Operadoras;
2020-08-22 18:12:08;51  989509589;5.0;Para Celulares de Outras Operadoras;
2020-08-22 18:03:14;51  992571332;6.0;Para Celulares de Outras Operadoras;
2020-08-22 17:17:02;51  992571332;26.0;Para Celulares de Outras Operadoras;
2020-08-21 14:36:39;51  999188111;230.0;Para Celulares de Outras Operadoras;
2020-08-21 14:07:21;51  991980620;22.0;Para Celulares de Outras Operadoras;
2020-08-20 19:18:50;51  982223067;5.0;Para Celulares de Outras Operadoras;
2020-08-20 18:57:01;51  982223067;12.0;Para Celulares de Outras Operadoras;
2020-08-20 17:35:49;51  982223067;65.0;Para Celulares de Outras Operadoras;
2020-08-20 17:21:41;51  984649058;23.0;Para Celulares de Outras Operadoras;
2020-08-20 16:04:14;51  991980620;27.0;Para Celulares de Outras Operadoras;
2020-08-20 14:15:28;51  984649058;187.0;Para Celulares de Outras Operadoras;
2020-08-20 10:34:42;51  992459675;28.0;Para Celulares de Outras Operadoras;
2020-08-20 09:26:45;51  984649058;83.0;Para Celulares de Outras Operadoras;
2020-08-20 00:23:35;51  992571332;5.0;Para Celulares de Outras Operadoras;
2020-08-19 23:54:04;51  992539816;22.0;Para Celulares de Outras Operadoras;
2020-08-19 20:05:31;51  982223067;5.0;Para Celulares de Outras Operadoras;
2020-08-19 19:27:52;51  984649058;327.0;Para Celulares de Outras Operadoras;
2020-08-19 18:07:32;51  984649058;7.0;Para Celulares de Outras Operadoras;
2020-08-19 17:16:59;51  991980620;61.0;Para Celulares de Outras Operadoras;
2020-08-19 12:10:36;51  984649058;5.0;Para Celulares de Outras Operadoras;
2020-08-18 17:38:51;51  984649058;5.0;Para Celulares de Outras Operadoras;
2020-08-18 14:47:23;51  993770979;54.0;Para Celulares de Outras Operadoras;
2020-08-18 14:44:49;51  993770979;23.0;Para Celulares de Outras Operadoras;
2020-08-18 14:31:50;51  984649058;15.0;Para Celulares de Outras Operadoras;
2020-08-18 12:58:46;51  984649058;27.0;Para Celulares de Outras Operadoras;
2020-08-18 12:21:44;51  984649058;80.0;Para Celulares de Outras Operadoras;
2020-08-17 13:39:51;51  982223067;65.0;Para Celulares de Outras Operadoras;
2020-08-16 10:41:46;51  981288510;8.0;Para Celulares de Outras Operadoras;
2020-08-15 20:23:30;51  982223067;6.0;Para Celulares de Outras Operadoras;
2020-08-09 18:40:41;51  984649058;5.0;Para Celulares de Outras Operadoras;
2020-08-09 18:22:51;51  984649058;6.0;Para Celulares de Outras Operadoras;
2020-08-08 20:06:01;51  982223067;5.0;Para Celulares de Outras Operadoras;
2020-08-08 14:11:06;51  984649058;5.0;Para Celulares de Outras Operadoras;
2020-08-08 13:21:32;51  992571332;20.0;Para Celulares de Outras Operadoras;
2020-08-08 10:34:31;51  984649058;353.0;Para Celulares de Outras Operadoras;
2020-08-07 12:38:39;51  984649058;5.0;Para Celulares de Outras Operadoras;
2020-08-07 08:56:22;51  982223067;7.0;Para Celulares de Outras Operadoras;
2020-08-06 18:00:47;51  984649058;5.0;Para Celulares de Outras Operadoras;
2020-08-06 14:00:06;51  982223067;113.0;Para Celulares de Outras Operadoras;
2020-08-05 12:56:10;51  984649058;5.0;Para Celulares de Outras Operadoras;
2020-08-05 12:30:59;51  984649058;5.0;Para Celulares de Outras Operadoras;
2020-08-04 13:57:45;51  982223067;119.0;Para Celulares de Outras Operadoras;
2020-08-03 14:25:00;51  989509589;227.0;Para Celulares de Outras Operadoras;
2020-08-03 14:14:43;51  989509589;99.0;Para Celulares de Outras Operadoras;
2020-08-03 10:54:51;51  984649058;133.0;Para Celulares de Outras Operadoras;
2020-08-02 20:28:33;51  982223067;104.0;Para Celulares de Outras Operadoras;
2020-08-02 20:25:54;51  984649058;5.0;Para Celulares de Outras Operadoras;
2020-08-02 20:23:46;51  982223067;8.0;Para Celulares de Outras Operadoras;
2020-08-02 19:33:57;51  984649058;5.0;Para Celulares de Outras Operadoras;
2020-08-02 10:23:56;51  982223067;17.0;Para Celulares de Outras Operadoras;
2020-08-03 18:34:47;51  34694242;5.0;Para Fixo Vivo;
2020-08-23 17:04:27;51  997537244;198.0;Para Celulares Vivo;
2020-08-23 16:55:10;51  997537244;90.0;Para Celulares Vivo;
2020-08-23 11:08:27;51  986007208;8.0;Para Celulares Vivo;
2020-08-22 23:45:05;51  993320327;5.0;Para Celulares Vivo;
2020-08-22 23:36:29;51  993320327;19.0;Para Celulares Vivo;
2020-08-22 21:25:06;51  993320327;11.0;Para Celulares Vivo;
2020-08-22 19:48:09;51  997293283;5.0;Para Celulares Vivo;
2020-08-20 00:40:33;51  999817115;10.0;Para Celulares Vivo;
2020-08-04 09:24:03;51  982220036;10.0;Para Celulares Vivo;
2020-07-31;"";1880.1;INTERNET MOVEL 2;0.00
2020-08-01;"";20255.1;INTERNET MOVEL 2;0.00
2020-08-02;"";66017.1;INTERNET MOVEL 2;0.00
2020-08-03;"";82810.8;INTERNET MOVEL 2;0.00
2020-08-04;"";62089.8;INTERNET MOVEL 2;0.00
2020-08-05;"";58580.5;INTERNET MOVEL 2;0.00
2020-08-06;"";39867.6;INTERNET MOVEL 2;0.00
2020-08-07;"";127044.0;INTERNET MOVEL 2;0.00
2020-08-08;"";105696.2;INTERNET MOVEL 2;0.00
2020-08-09;"";161253.6;INTERNET MOVEL 2;0.00
2020-08-10;"";409498.9;INTERNET MOVEL 2;0.00
2020-08-11;"";88361.6;INTERNET MOVEL 2;0.00
2020-08-12;"";307413.7;INTERNET MOVEL 2;0.00
2020-08-13;"";231608.8;INTERNET MOVEL 2;0.00
2020-08-14;"";251671.9;INTERNET MOVEL 2;0.00
2020-08-15;"";195051.3;INTERNET MOVEL 2;0.00
2020-08-16;"";136084.9;INTERNET MOVEL 2;0.00
2020-08-17;"";105885.9;INTERNET MOVEL 2;0.00
2020-08-18;"";102501.3;INTERNET MOVEL 2;0.00
2020-08-19;"";110211.5;INTERNET MOVEL 2;0.00
2020-08-20;"";92555.9;INTERNET MOVEL 2;0.00
2020-08-21;"";267117.9;INTERNET MOVEL 2;0.00
2020-08-22;"";204279.8;INTERNET MOVEL 2;0.00
2020-08-23;"";59701.3;INTERNET MOVEL 2;0.00
2020-08-24;"";193426.5;INTERNET MOVEL 2;0.00
2020-08-25;"";225658.0;INTERNET MOVEL 2;0.00
2020-08-26;"";123862.0;INTERNET MOVEL 2;0.00
2020-08-27;"";304274.7;INTERNET MOVEL 2;0.00
2020-08-28;"";160442.0;INTERNET MOVEL 2;0.00
2020-08-29;"";126909.6;INTERNET MOVEL 2;0.00
2020-08-30;"";263289.1;INTERNET MOVEL 2;0.00
2020-08-31;"";394457.2;INTERNET MOVEL 2;0.00
