data_hora_inicio;nro_telefone_chamado;duracao_ligacao;desc_categoria;valor_ligacao
2020-08-29 16:06:11;11953259218;1.0;GRATIS-SMS;0.00
2020-08-25 21:25:01;51992128632;1.0;GRATIS-SMS;0.00
2020-08-20 14:50:51;19  39350044;71.0;Para Fixo Vivo;
2020-08-17 05:01:41;*5  55;9.0;"";
2020-08-28 18:02:35;51  34392565;20.0;Para Fixo de Outras Operadoras;
2020-08-26 15:16:20;51  33342321;22.0;Para Fixo de Outras Operadoras;
2020-08-25 15:36:21;51  40049009;21.0;Para Fixo de Outras Operadoras;
2020-08-25 15:33:52;51  40049009;18.0;Para Fixo de Outras Operadoras;
2020-08-06 19:12:02;51  34711820;12.0;Para Fixo de Outras Operadoras;
2020-08-28 16:18:14;51  993590488;5.0;Para Celulares de Outras Operadoras;
2020-08-27 08:57:21;51  994591670;5.0;Para Celulares de Outras Operadoras;
2020-08-27 08:53:45;51  994591670;5.0;Para Celulares de Outras Operadoras;
2020-08-26 15:00:13;51  981752193;9.0;Para Celulares de Outras Operadoras;
2020-08-26 14:02:44;51  994591670;34.0;Para Celulares de Outras Operadoras;
2020-08-26 13:32:05;51  981205171;15.0;Para Celulares de Outras Operadoras;
2020-08-26 13:30:15;51  994591670;9.0;Para Celulares de Outras Operadoras;
2020-08-25 21:16:45;51  992128632;7.0;Para Celulares de Outras Operadoras;
2020-08-24 16:48:33;51  993320864;79.0;Para Celulares de Outras Operadoras;
2020-08-18 18:39:52;51  997399716;57.0;Para Celulares de Outras Operadoras;
2020-08-18 18:37:23;51  997399716;21.0;Para Celulares de Outras Operadoras;
2020-08-18 12:01:33;51  981205171;33.0;Para Celulares de Outras Operadoras;
2020-08-08 22:47:04;51  994591670;5.0;Para Celulares de Outras Operadoras;
2020-08-31 10:38:31;51  34157700;78.0;Para Fixo Vivo;
2020-08-31 10:29:24;51  34641000;36.0;Para Fixo Vivo;
2020-08-30 19:18:11;51  30478800;6.0;Para Fixo Vivo;
2020-08-30 19:16:55;51  30478800;6.0;Para Fixo Vivo;
2020-08-20 15:00:32;51  981666572;10.0;Para Fixo Vivo;
2020-08-19 19:50:13;51  21364100;5.0;Para Fixo Vivo;
2020-08-19 11:25:16;51  981666572;56.0;Para Fixo Vivo;
2020-08-04 15:12:54;51  31114099;32.0;Para Fixo Vivo;
2020-08-04 15:08:23;51  30416150;8.0;Para Fixo Vivo;
2020-08-31 12:15:44;51  996046828;59.0;Para Celulares Vivo;
2020-08-27 19:27:10;51  996046828;11.0;Para Celulares Vivo;
2020-08-26 13:45:34;51  999296479;5.0;Para Celulares Vivo;
2020-08-26 13:36:58;51  999296479;5.0;Para Celulares Vivo;
2020-08-25 07:55:49;51  995838788;41.0;Para Celulares Vivo;
2020-08-19 14:22:41;51  996781699;11.0;Para Celulares Vivo;
2020-08-18 16:35:21;51  981679714;37.0;Para Celulares Vivo;
2020-08-18 16:28:54;51  993320336;39.0;Para Celulares Vivo;
2020-08-18 15:31:44;51  995838788;17.0;Para Celulares Vivo;
2020-08-18 14:22:46;51  981679714;27.0;Para Celulares Vivo;
2020-08-18 14:16:20;51  995838788;5.0;Para Celulares Vivo;
2020-08-16 16:10:01;51  996046828;29.0;Para Celulares Vivo;
2020-08-15 14:56:41;51  997417232;5.0;Para Celulares Vivo;
2020-08-07 09:07:30;51  995838788;11.0;Para Celulares Vivo;
2020-08-05 19:36:28;51  996046828;69.0;Para Celulares Vivo;
2020-08-04 15:29:12;51  996781699;18.0;Para Celulares Vivo;
2020-08-03 20:40:03;51  998029564;16.0;Para Celulares Vivo;
2020-08-03 18:33:14;51  999296479;7.0;Para Celulares Vivo;
2020-07-31;"";713.0;INTERNET MOVEL 2;0.00
2020-08-01;"";19574.8;INTERNET MOVEL 2;0.00
2020-08-02;"";825.0;INTERNET MOVEL 2;0.00
2020-08-03;"";212365.0;INTERNET MOVEL 2;0.00
2020-08-04;"";25243.4;INTERNET MOVEL 2;0.00
2020-08-05;"";37324.5;INTERNET MOVEL 2;0.00
2020-08-06;"";2985.0;INTERNET MOVEL 2;0.00
2020-08-07;"";89066.2;INTERNET MOVEL 2;0.00
2020-08-08;"";156232.6;INTERNET MOVEL 2;0.00
2020-08-09;"";99460.6;INTERNET MOVEL 2;0.00
2020-08-10;"";34630.3;INTERNET MOVEL 2;0.00
2020-08-11;"";83074.1;INTERNET MOVEL 2;0.00
2020-08-12;"";1318.0;INTERNET MOVEL 2;0.00
2020-08-13;"";25849.8;INTERNET MOVEL 2;0.00
2020-08-14;"";982.0;INTERNET MOVEL 2;0.00
2020-08-15;"";51808.4;INTERNET MOVEL 2;0.00
2020-08-16;"";3828.2;INTERNET MOVEL 2;0.00
2020-08-17;"";12230.2;INTERNET MOVEL 2;0.00
2020-08-18;"";1442.0;INTERNET MOVEL 2;0.00
2020-08-19;"";335.0;INTERNET MOVEL 2;0.00
2020-08-20;"";12811.0;INTERNET MOVEL 2;0.00
2020-08-21;"";33752.1;INTERNET MOVEL 2;0.00
2020-08-22;"";3054.9;INTERNET MOVEL 2;0.00
2020-08-23;"";3031.6;INTERNET MOVEL 2;0.00
2020-08-24;"";758.0;INTERNET MOVEL 2;0.00
2020-08-25;"";79920.9;INTERNET MOVEL 2;0.00
2020-08-26;"";20427.2;INTERNET MOVEL 2;0.00
2020-08-27;"";85859.2;INTERNET MOVEL 2;0.00
2020-08-28;"";31869.7;INTERNET MOVEL 2;0.00
2020-08-29;"";690.0;INTERNET MOVEL 2;0.00
2020-08-30;"";844.0;INTERNET MOVEL 2;0.00
2020-08-31;"";48141.2;INTERNET MOVEL 2;0.00
