data_hora_inicio;nro_telefone_chamado;duracao_ligacao;desc_categoria;valor_ligacao
2020-08-01 20:04:34;51  980300749;7.0;Para Celulares Vivo;
2020-08-24 11:59:09;51  33145111;12.0;Para Fixo de Outras Operadoras;
2020-08-19 09:49:29;51  34512019;16.0;Para Fixo de Outras Operadoras;
2020-08-12 14:57:09;51  34512019;14.0;Para Fixo de Outras Operadoras;
2020-08-05 16:00:36;51  35799050;11.0;Para Fixo de Outras Operadoras;
2020-08-05 15:55:59;51  34749606;19.0;Para Fixo de Outras Operadoras;
2020-08-05 15:38:29;51  35926933;44.0;Para Fixo de Outras Operadoras;
2020-08-05 15:24:44;51  35926933;12.0;Para Fixo de Outras Operadoras;
2020-08-05 11:51:32;51  35895255;21.0;Para Fixo de Outras Operadoras;
2020-08-05 11:38:21;51  35926933;8.0;Para Fixo de Outras Operadoras;
2020-08-05 11:35:44;51  40203808;23.0;Para Fixo de Outras Operadoras;
2020-08-23 11:13:39;51  989473241;5.0;Para Celulares de Outras Operadoras;
2020-08-20 19:26:09;51  989473241;9.0;Para Celulares de Outras Operadoras;
2020-08-19 15:33:00;51  989473241;151.0;Para Celulares de Outras Operadoras;
2020-08-18 10:19:07;51  989473241;5.0;Para Celulares de Outras Operadoras;
2020-08-15 11:57:57;51  989473241;5.0;Para Celulares de Outras Operadoras;
2020-08-14 20:20:39;51  989473241;7.0;Para Celulares de Outras Operadoras;
2020-08-14 20:14:04;51  989473241;17.0;Para Celulares de Outras Operadoras;
2020-08-09 11:39:08;51  989473241;6.0;Para Celulares de Outras Operadoras;
2020-08-03 18:13:40;51  989473241;5.0;Para Celulares de Outras Operadoras;
2020-08-03 12:19:17;51  989473241;5.0;Para Celulares de Outras Operadoras;
2020-08-08 21:56:37;51  35925273;26.0;Para Fixo Vivo;
2020-08-29 21:14:00;51  980300749;53.0;Para Celulares Vivo;
2020-08-15 11:37:25;51  980300749;9.0;Para Celulares Vivo;
2020-08-14 19:00:09;51  980300749;18.0;Para Celulares Vivo;
2020-08-13 10:12:57;51  996090146;17.0;Para Celulares Vivo;
2020-08-09 11:38:03;51  998625568;7.0;Para Celulares Vivo;
2020-08-09 11:07:13;51  980300749;5.0;Para Celulares Vivo;
2020-08-07 19:07:49;51  996090146;6.0;Para Celulares Vivo;
2020-08-06 19:37:02;51  996090146;6.0;Para Celulares Vivo;
2020-08-05 15:44:12;51  980326741;21.0;Para Celulares Vivo;
2020-08-02 18:01:45;51  998625568;7.0;Para Celulares Vivo;
2020-07-31;"";203.0;INTERNET MOVEL 2;0.00
2020-08-01;"";114062.8;INTERNET MOVEL 2;0.00
2020-08-02;"";2003.4;INTERNET MOVEL 2;0.00
2020-08-03;"";5492.2;INTERNET MOVEL 2;0.00
2020-08-04;"";74.0;INTERNET MOVEL 2;0.00
2020-08-05;"";8868.5;INTERNET MOVEL 2;0.00
2020-08-06;"";484.0;INTERNET MOVEL 2;0.00
2020-08-07;"";134731.0;INTERNET MOVEL 2;0.00
2020-08-08;"";8422.0;INTERNET MOVEL 2;0.00
2020-08-09;"";71340.1;INTERNET MOVEL 2;0.00
2020-08-10;"";3814.2;INTERNET MOVEL 2;0.00
2020-08-11;"";54292.6;INTERNET MOVEL 2;0.00
2020-08-12;"";86771.2;INTERNET MOVEL 2;0.00
2020-08-13;"";104385.5;INTERNET MOVEL 2;0.00
2020-08-14;"";36538.4;INTERNET MOVEL 2;0.00
2020-08-15;"";35384.7;INTERNET MOVEL 2;0.00
2020-08-16;"";2090.6;INTERNET MOVEL 2;0.00
2020-08-17;"";17697.9;INTERNET MOVEL 2;0.00
2020-08-18;"";1419.0;INTERNET MOVEL 2;0.00
2020-08-19;"";35164.4;INTERNET MOVEL 2;0.00
2020-08-20;"";117298.6;INTERNET MOVEL 2;0.00
2020-08-21;"";29.0;INTERNET MOVEL 2;0.00
2020-08-22;"";8858.3;INTERNET MOVEL 2;0.00
2020-08-23;"";175346.5;INTERNET MOVEL 2;0.00
2020-08-24;"";49036.9;INTERNET MOVEL 2;0.00
2020-08-25;"";51871.6;INTERNET MOVEL 2;0.00
2020-08-26;"";115357.9;INTERNET MOVEL 2;0.00
2020-08-27;"";63702.5;INTERNET MOVEL 2;0.00
2020-08-28;"";60662.0;INTERNET MOVEL 2;0.00
2020-08-29;"";7956.0;INTERNET MOVEL 2;0.00
2020-08-30;"";8206.3;INTERNET MOVEL 2;0.00
2020-08-31;"";11819.7;INTERNET MOVEL 2;0.00
