data_hora_inicio;nro_telefone_chamado;duracao_ligacao;desc_categoria;valor_ligacao
2020-08-01 18:32:34;51  991522236;25.0;Para Celulares de Outras Operadoras;
2020-08-01 21:28:26;51  33674749;15.0;Para Fixo Vivo;
2020-08-01 14:20:05;51  997990571;5.0;Para Celulares Vivo;
2020-08-01 10:23:07;51  997990571;5.0;Para Celulares Vivo;
2020-08-01 09:51:41;51  997990571;5.0;Para Celulares Vivo;
2020-08-01 08:59:41;51  997990571;5.0;Para Celulares Vivo;
2020-08-01 08:57:09;51  991026438;5.0;Para Celulares Vivo;
2020-08-10 14:44:16;12  981426100;5.0;Para Celulares Vivo;
2020-08-31 08:32:44;51  994610494;7.0;Para Celulares de Outras Operadoras;
2020-08-29 18:32:59;51  991923089;5.0;Para Celulares de Outras Operadoras;
2020-08-29 15:18:56;51  981539519;8.0;Para Celulares de Outras Operadoras;
2020-08-29 10:09:54;51  991522236;5.0;Para Celulares de Outras Operadoras;
2020-08-29 09:27:37;51  991522236;26.0;Para Celulares de Outras Operadoras;
2020-08-28 16:03:35;51  981539519;6.0;Para Celulares de Outras Operadoras;
2020-08-28 14:22:49;51  994610494;5.0;Para Celulares de Outras Operadoras;
2020-08-28 14:17:22;51  981539519;6.0;Para Celulares de Outras Operadoras;
2020-08-28 13:16:43;51  985666828;5.0;Para Celulares de Outras Operadoras;
2020-08-27 22:08:15;51  991522236;9.0;Para Celulares de Outras Operadoras;
2020-08-27 15:43:01;51  994153036;5.0;Para Celulares de Outras Operadoras;
2020-08-27 14:23:48;51  989434872;10.0;Para Celulares de Outras Operadoras;
2020-08-27 14:13:19;51  994610494;7.0;Para Celulares de Outras Operadoras;
2020-08-26 15:59:12;51  981324390;5.0;Para Celulares de Outras Operadoras;
2020-08-26 09:37:59;51  993438384;7.0;Para Celulares de Outras Operadoras;
2020-08-26 07:42:56;51  989434872;5.0;Para Celulares de Outras Operadoras;
2020-08-25 15:31:59;51  989434872;5.0;Para Celulares de Outras Operadoras;
2020-08-25 11:35:25;51  981539519;5.0;Para Celulares de Outras Operadoras;
2020-08-24 15:11:37;51  989434872;5.0;Para Celulares de Outras Operadoras;
2020-08-24 11:14:54;51  989434872;5.0;Para Celulares de Outras Operadoras;
2020-08-24 10:30:26;51  989434872;6.0;Para Celulares de Outras Operadoras;
2020-08-22 16:27:46;51  984389079;5.0;Para Celulares de Outras Operadoras;
2020-08-22 12:31:11;51  991522236;17.0;Para Celulares de Outras Operadoras;
2020-08-22 12:24:29;51  991522236;12.0;Para Celulares de Outras Operadoras;
2020-08-21 19:59:34;51  991522236;12.0;Para Celulares de Outras Operadoras;
2020-08-21 08:38:52;51  989434872;5.0;Para Celulares de Outras Operadoras;
2020-08-20 13:37:16;51  991854580;5.0;Para Celulares de Outras Operadoras;
2020-08-20 08:43:07;51  989434872;18.0;Para Celulares de Outras Operadoras;
2020-08-20 08:42:08;51  989434872;5.0;Para Celulares de Outras Operadoras;
2020-08-20 07:53:47;51  994610494;7.0;Para Celulares de Outras Operadoras;
2020-08-19 19:25:15;51  991522236;15.0;Para Celulares de Outras Operadoras;
2020-08-19 09:06:27;51  994153036;5.0;Para Celulares de Outras Operadoras;
2020-08-19 07:19:16;51  989434872;7.0;Para Celulares de Outras Operadoras;
2020-08-18 14:57:35;51  994153036;5.0;Para Celulares de Outras Operadoras;
2020-08-18 10:43:21;51  989434872;5.0;Para Celulares de Outras Operadoras;
2020-08-18 08:54:17;51  989434872;5.0;Para Celulares de Outras Operadoras;
2020-08-17 11:57:11;51  989434872;6.0;Para Celulares de Outras Operadoras;
2020-08-17 10:33:18;51  989434872;5.0;Para Celulares de Outras Operadoras;
2020-08-17 09:17:26;51  989434872;5.0;Para Celulares de Outras Operadoras;
2020-08-14 15:52:29;51  989434872;5.0;Para Celulares de Outras Operadoras;
2020-08-14 09:56:12;51  994610494;5.0;Para Celulares de Outras Operadoras;
2020-08-14 09:24:52;51  994153036;5.0;Para Celulares de Outras Operadoras;
2020-08-14 08:58:21;51  981430033;5.0;Para Celulares de Outras Operadoras;
2020-08-13 10:15:58;51  989434872;5.0;Para Celulares de Outras Operadoras;
2020-08-13 10:06:22;51  989434872;9.0;Para Celulares de Outras Operadoras;
2020-08-13 08:37:04;51  989434872;5.0;Para Celulares de Outras Operadoras;
2020-08-12 13:56:14;51  989434872;5.0;Para Celulares de Outras Operadoras;
2020-08-12 09:47:23;51  985666828;5.0;Para Celulares de Outras Operadoras;
2020-08-12 08:32:33;51  989434872;11.0;Para Celulares de Outras Operadoras;
2020-08-10 17:39:51;51  981430033;39.0;Para Celulares de Outras Operadoras;
2020-08-10 13:47:23;51  981430033;43.0;Para Celulares de Outras Operadoras;
2020-08-09 09:22:53;51  984389079;5.0;Para Celulares de Outras Operadoras;
2020-08-07 14:09:48;51  999858151;9.0;Para Celulares de Outras Operadoras;
2020-08-07 08:49:57;51  981430033;15.0;Para Celulares de Outras Operadoras;
2020-08-06 16:27:53;51  994610494;8.0;Para Celulares de Outras Operadoras;
2020-08-06 09:55:36;51  992701366;5.0;Para Celulares de Outras Operadoras;
2020-08-05 18:30:39;51  984389079;11.0;Para Celulares de Outras Operadoras;
2020-08-05 09:01:07;51  989434872;5.0;Para Celulares de Outras Operadoras;
2020-08-04 14:37:11;51  994610494;5.0;Para Celulares de Outras Operadoras;
2020-08-04 14:03:07;51  989434872;6.0;Para Celulares de Outras Operadoras;
2020-08-03 15:58:03;51  994153036;5.0;Para Celulares de Outras Operadoras;
2020-08-28 09:40:12;51  985371028;5.0;Para Fixo Vivo;
2020-08-27 14:25:11;51  985371028;6.0;Para Fixo Vivo;
2020-08-27 14:12:18;51  985371028;5.0;Para Fixo Vivo;
2020-08-17 10:40:14;51  30444774;15.0;Para Fixo Vivo;
2020-08-10 12:17:24;51  30444774;6.0;Para Fixo Vivo;
2020-08-31 16:55:29;51  997990571;5.0;Para Celulares Vivo;
2020-08-31 16:45:19;51  995105815;9.0;Para Celulares Vivo;
2020-08-31 13:30:05;51  997990571;6.0;Para Celulares Vivo;
2020-08-31 10:27:54;51  995105815;5.0;Para Celulares Vivo;
2020-08-31 09:48:32;51  995105815;5.0;Para Celulares Vivo;
2020-08-31 08:11:39;51  997990571;5.0;Para Celulares Vivo;
2020-08-29 15:20:11;51  997990571;5.0;Para Celulares Vivo;
2020-08-29 15:17:48;51  997990571;6.0;Para Celulares Vivo;
2020-08-29 15:06:23;51  997990571;23.0;Para Celulares Vivo;
2020-08-28 16:15:05;51  998267392;5.0;Para Celulares Vivo;
2020-08-28 16:01:50;51  998267392;12.0;Para Celulares Vivo;
2020-08-28 14:53:26;51  997990571;5.0;Para Celulares Vivo;
2020-08-28 14:40:29;51  998267392;5.0;Para Celulares Vivo;
2020-08-28 14:15:50;51  998267392;6.0;Para Celulares Vivo;
2020-08-28 13:52:54;51  997990571;5.0;Para Celulares Vivo;
2020-08-28 13:45:39;51  992518679;5.0;Para Celulares Vivo;
2020-08-28 09:33:30;51  995105815;5.0;Para Celulares Vivo;
2020-08-28 07:43:21;51  997990571;9.0;Para Celulares Vivo;
2020-08-28 07:15:57;51  997990571;5.0;Para Celulares Vivo;
2020-08-28 07:01:08;51  997990571;5.0;Para Celulares Vivo;
2020-08-27 14:26:13;51  991026438;5.0;Para Celulares Vivo;
2020-08-27 09:39:39;51  997990571;5.0;Para Celulares Vivo;
2020-08-27 08:51:36;51  997990571;6.0;Para Celulares Vivo;
2020-08-26 17:13:39;51  995105815;5.0;Para Celulares Vivo;
2020-08-26 17:11:25;51  995105815;5.0;Para Celulares Vivo;
2020-08-26 16:51:18;51  997990571;5.0;Para Celulares Vivo;
2020-08-26 15:32:42;51  992518679;5.0;Para Celulares Vivo;
2020-08-26 14:25:06;51  997990571;5.0;Para Celulares Vivo;
2020-08-26 11:46:08;51  997990571;5.0;Para Celulares Vivo;
2020-08-26 08:54:41;51  992518679;5.0;Para Celulares Vivo;
2020-08-24 13:31:33;51  991026438;5.0;Para Celulares Vivo;
2020-08-24 13:28:59;51  995105815;7.0;Para Celulares Vivo;
2020-08-24 07:24:16;51  995105815;6.0;Para Celulares Vivo;
2020-08-21 12:23:55;51  997990571;15.0;Para Celulares Vivo;
2020-08-21 10:25:19;51  998851856;5.0;Para Celulares Vivo;
2020-08-20 22:28:23;51  999799613;27.0;Para Celulares Vivo;
2020-08-20 16:36:44;51  995105815;5.0;Para Celulares Vivo;
2020-08-20 15:45:55;51  991919823;5.0;Para Celulares Vivo;
2020-08-20 08:33:32;51  992518679;5.0;Para Celulares Vivo;
2020-08-19 08:22:28;51  991026438;35.0;Para Celulares Vivo;
2020-08-19 07:31:59;51  991919823;7.0;Para Celulares Vivo;
2020-08-18 14:01:41;51  998267392;10.0;Para Celulares Vivo;
2020-08-17 22:31:21;51  999799613;7.0;Para Celulares Vivo;
2020-08-17 11:10:25;51  997990571;8.0;Para Celulares Vivo;
2020-08-17 07:18:48;51  995105815;5.0;Para Celulares Vivo;
2020-08-14 15:31:42;51  997990571;6.0;Para Celulares Vivo;
2020-08-14 08:25:23;51  997990571;5.0;Para Celulares Vivo;
2020-08-13 16:43:32;51  998137123;5.0;Para Celulares Vivo;
2020-08-13 15:09:40;51  997990571;5.0;Para Celulares Vivo;
2020-08-13 14:27:32;51  997990571;5.0;Para Celulares Vivo;
2020-08-13 14:23:30;51  998137123;5.0;Para Celulares Vivo;
2020-08-13 14:09:30;51  998137123;12.0;Para Celulares Vivo;
2020-08-13 13:32:58;51  997990571;5.0;Para Celulares Vivo;
2020-08-13 12:33:08;51  991026438;10.0;Para Celulares Vivo;
2020-08-13 10:19:12;51  991026438;7.0;Para Celulares Vivo;
2020-08-13 09:47:00;51  992518679;5.0;Para Celulares Vivo;
2020-08-13 09:27:20;51  997990571;5.0;Para Celulares Vivo;
2020-08-13 09:15:47;51  997990571;8.0;Para Celulares Vivo;
2020-08-13 09:03:26;51  998640660;5.0;Para Celulares Vivo;
2020-08-13 07:26:44;51  997990571;5.0;Para Celulares Vivo;
2020-08-12 07:53:38;51  995105815;5.0;Para Celulares Vivo;
2020-08-12 06:52:03;51  991026438;5.0;Para Celulares Vivo;
2020-08-11 12:15:24;51  998640660;5.0;Para Celulares Vivo;
2020-08-11 11:26:29;51  991026438;5.0;Para Celulares Vivo;
2020-08-11 11:25:35;51  991919823;5.0;Para Celulares Vivo;
2020-08-11 10:45:20;51  997990571;6.0;Para Celulares Vivo;
2020-08-11 10:43:24;51  997990571;6.0;Para Celulares Vivo;
2020-08-11 10:32:00;51  995105815;5.0;Para Celulares Vivo;
2020-08-10 17:23:44;51  998640660;5.0;Para Celulares Vivo;
2020-08-10 17:10:00;51  992518671;14.0;Para Celulares Vivo;
2020-08-10 10:54:46;51  998137123;13.0;Para Celulares Vivo;
2020-08-10 10:31:49;51  997990571;5.0;Para Celulares Vivo;
2020-08-10 10:21:23;51  998137123;11.0;Para Celulares Vivo;
2020-08-10 09:22:03;51  997990571;5.0;Para Celulares Vivo;
2020-08-07 14:12:25;51  998373817;9.0;Para Celulares Vivo;
2020-08-07 14:11:22;51  995105815;5.0;Para Celulares Vivo;
2020-08-26 08:27:55;51  991026438;9.0;Para Celulares Vivo;
2020-08-26 07:18:26;51  997990571;5.0;Para Celulares Vivo;
2020-08-26 07:16:59;51  997990571;7.0;Para Celulares Vivo;
2020-08-26 06:48:45;51  991026438;7.0;Para Celulares Vivo;
2020-08-25 17:01:47;51  991026438;5.0;Para Celulares Vivo;
2020-08-25 16:47:21;51  995105815;5.0;Para Celulares Vivo;
2020-08-25 16:14:12;51  997990571;5.0;Para Celulares Vivo;
2020-08-25 08:46:14;51  995105815;19.0;Para Celulares Vivo;
2020-08-25 08:03:14;51  997990571;11.0;Para Celulares Vivo;
2020-08-25 07:33:13;51  995105815;12.0;Para Celulares Vivo;
2020-08-24 14:25:10;51  997990571;5.0;Para Celulares Vivo;
2020-08-24 13:43:50;51  991919823;7.0;Para Celulares Vivo;
2020-08-07 09:28:59;51  998851856;19.0;Para Celulares Vivo;
2020-08-07 07:15:28;51  995105815;6.0;Para Celulares Vivo;
2020-08-06 08:54:37;51  995105815;5.0;Para Celulares Vivo;
2020-08-06 08:53:18;51  991919823;5.0;Para Celulares Vivo;
2020-08-06 08:46:59;51  995105815;10.0;Para Celulares Vivo;
2020-08-06 07:23:11;51  997990571;8.0;Para Celulares Vivo;
2020-08-05 15:04:25;51  997990571;5.0;Para Celulares Vivo;
2020-08-05 14:41:02;51  997990571;5.0;Para Celulares Vivo;
2020-08-05 14:05:25;51  997990571;5.0;Para Celulares Vivo;
2020-08-05 13:50:58;51  997990571;5.0;Para Celulares Vivo;
2020-08-05 13:50:02;51  991026438;6.0;Para Celulares Vivo;
2020-08-05 11:28:41;51  992518679;5.0;Para Celulares Vivo;
2020-08-05 10:45:56;51  997990571;5.0;Para Celulares Vivo;
2020-08-05 10:30:13;51  997360949;5.0;Para Celulares Vivo;
2020-08-05 10:00:49;51  991919823;5.0;Para Celulares Vivo;
2020-08-05 09:40:30;51  991919823;5.0;Para Celulares Vivo;
2020-08-05 08:55:28;51  997990571;7.0;Para Celulares Vivo;
2020-08-04 14:38:17;51  991919823;6.0;Para Celulares Vivo;
2020-08-04 11:31:21;51  991142843;13.0;Para Celulares Vivo;
2020-08-04 10:39:42;51  997990571;5.0;Para Celulares Vivo;
2020-08-04 09:37:02;51  997990571;5.0;Para Celulares Vivo;
2020-08-04 09:28:14;51  997010115;20.0;Para Celulares Vivo;
2020-08-04 08:16:22;51  998137123;12.0;Para Celulares Vivo;
2020-08-03 17:34:41;51  995105815;5.0;Para Celulares Vivo;
2020-08-03 16:39:13;51  997990571;5.0;Para Celulares Vivo;
2020-08-03 16:34:33;51  997990571;5.0;Para Celulares Vivo;
2020-08-03 15:12:24;51  995105815;9.0;Para Celulares Vivo;
2020-08-03 13:55:19;51  997990571;5.0;Para Celulares Vivo;
2020-08-03 11:23:48;51  992518679;5.0;Para Celulares Vivo;
2020-08-03 11:04:07;51  997990571;5.0;Para Celulares Vivo;
2020-08-03 10:58:42;51  997990571;5.0;Para Celulares Vivo;
2020-08-01;"";128670.1;INTERNET MOVEL 2;0.00
2020-08-02;"";3254.0;INTERNET MOVEL 2;0.00
2020-08-03;"";69552.7;INTERNET MOVEL 2;0.00
2020-08-04;"";44857.5;INTERNET MOVEL 2;0.00
2020-08-05;"";64074.0;INTERNET MOVEL 2;0.00
2020-08-06;"";47179.3;INTERNET MOVEL 2;0.00
2020-08-07;"";138823.3;INTERNET MOVEL 2;0.00
2020-08-08;"";49998.5;INTERNET MOVEL 2;0.00
2020-08-09;"";8259.7;INTERNET MOVEL 2;0.00
2020-08-10;"";33316.7;INTERNET MOVEL 2;0.00
2020-08-11;"";62653.6;INTERNET MOVEL 2;0.00
2020-08-12;"";69428.9;INTERNET MOVEL 2;0.00
2020-08-13;"";123292.4;INTERNET MOVEL 2;0.00
2020-08-14;"";61915.8;INTERNET MOVEL 2;0.00
2020-08-16;"";103630.6;INTERNET MOVEL 2;0.00
2020-08-17;"";81960.5;INTERNET MOVEL 2;0.00
2020-08-18;"";42088.9;INTERNET MOVEL 2;0.00
2020-08-19;"";91505.6;INTERNET MOVEL 2;0.00
2020-08-20;"";60403.3;INTERNET MOVEL 2;0.00
2020-08-21;"";45150.8;INTERNET MOVEL 2;0.00
2020-08-22;"";166709.0;INTERNET MOVEL 2;0.00
2020-08-23;"";1223.0;INTERNET MOVEL 2;0.00
2020-08-24;"";52713.4;INTERNET MOVEL 2;0.00
2020-08-25;"";86683.2;INTERNET MOVEL 2;0.00
2020-08-26;"";47228.0;INTERNET MOVEL 2;0.00
2020-08-27;"";80563.6;INTERNET MOVEL 2;0.00
2020-08-28;"";120203.6;INTERNET MOVEL 2;0.00
2020-08-29;"";32727.6;INTERNET MOVEL 2;0.00
2020-08-30;"";4502.0;INTERNET MOVEL 2;0.00
2020-08-31;"";27824.8;INTERNET MOVEL 2;0.00
