data_hora_inicio;nro_telefone_chamado;duracao_ligacao;desc_categoria;valor_ligacao
2020-08-27 09:50:00;55984476580;1.0;GRATIS-SMS;0.00
2020-08-18 16:53:04;61999448470;1.0;GRATIS-SMS;0.00
2020-08-17 16:23:24;51984468666;1.0;GRATIS-SMS;0.00
2020-08-03 11:49:16;51996872609;1.0;GRATIS-SMS;0.00
2020-08-19 10:58:40;99  988453152;5.0;Para Celulares de Outras Operadoras;
2020-08-19 10:44:56;99  988453152;8.0;Para Celulares de Outras Operadoras;
2020-08-17 11:03:37;51  992496582;72.0;Para Celulares de Outras Operadoras;
2020-08-13 14:02:19;51  992496582;34.0;Para Celulares de Outras Operadoras;
2020-08-13 14:00:22;51  992015602;16.0;Para Celulares de Outras Operadoras;
2020-08-12 11:47:25;55  984476580;128.0;Para Celulares de Outras Operadoras;
2020-08-12 11:29:54;55  984476580;30.0;Para Celulares de Outras Operadoras;
2020-08-12 09:32:56;31  992360404;10.0;Para Celulares de Outras Operadoras;
2020-08-11 17:47:55;55  984476580;5.0;Para Celulares de Outras Operadoras;
2020-08-11 17:42:15;55  984476580;10.0;Para Celulares de Outras Operadoras;
2020-08-11 17:37:19;55  984476580;10.0;Para Celulares de Outras Operadoras;
2020-08-11 16:47:57;55  984476580;12.0;Para Celulares de Outras Operadoras;
2020-08-11 16:37:05;55  984476580;38.0;Para Celulares de Outras Operadoras;
2020-08-06 17:51:31;31  992360404;6.0;Para Celulares de Outras Operadoras;
2020-08-06 12:02:09;31  992360404;5.0;Para Celulares de Outras Operadoras;
2020-08-03 10:05:59;41  999371945;8.0;Para Celulares de Outras Operadoras;
2020-08-03 07:52:50;41  999371945;18.0;Para Celulares de Outras Operadoras;
2020-08-03 07:45:04;51  991980620;22.0;Para Celulares de Outras Operadoras;
2020-08-24 08:46:19;51  984468666;20.0;Para Fixo Vivo;
2020-08-19 15:26:35;51  984468666;15.0;Para Fixo Vivo;
2020-08-19 13:20:54;51  984468666;11.0;Para Fixo Vivo;
2020-08-19 11:47:00;51  984468666;88.0;Para Fixo Vivo;
2020-08-18 12:03:38;51  984468666;51.0;Para Fixo Vivo;
2020-08-18 10:12:44;11  55259777;242.0;Para Fixo Vivo;
2020-08-18 09:55:50;11  55259777;167.0;Para Fixo Vivo;
2020-08-17 16:28:13;51  984468666;33.0;Para Fixo Vivo;
2020-08-17 15:58:14;51  984468666;5.0;Para Fixo Vivo;
2020-08-14 16:45:06;55  991448734;41.0;Para Fixo Vivo;
2020-08-11 16:35:18;55  991448734;14.0;Para Fixo Vivo;
2020-08-11 16:12:08;55  991448734;15.0;Para Fixo Vivo;
2020-08-11 09:20:10;55  991448734;8.0;Para Fixo Vivo;
2020-08-11 08:58:56;55  991448734;16.0;Para Fixo Vivo;
2020-08-31 17:25:15;51  991813564;6.0;Para Celulares Vivo;
2020-08-31 17:20:28;51  991813564;18.0;Para Celulares Vivo;
2020-08-31 10:19:30;51  992467889;29.0;Para Celulares Vivo;
2020-08-28 15:32:24;51  991813564;5.0;Para Celulares Vivo;
2020-08-27 18:06:38;51  993394636;6.0;Para Celulares Vivo;
2020-08-27 14:37:52;51  997537244;47.0;Para Celulares Vivo;
2020-08-27 14:16:40;51  997537244;37.0;Para Celulares Vivo;
2020-08-27 14:00:07;51  991813564;28.0;Para Celulares Vivo;
2020-08-27 13:25:09;51  993394636;32.0;Para Celulares Vivo;
2020-08-25 14:58:29;51  995838788;5.0;Para Celulares Vivo;
2020-08-25 12:28:13;51  995838788;5.0;Para Celulares Vivo;
2020-08-24 20:09:29;51  993394636;100.0;Para Celulares Vivo;
2020-08-24 10:41:57;51  995838788;5.0;Para Celulares Vivo;
2020-08-24 10:39:09;51  995838788;24.0;Para Celulares Vivo;
2020-08-24 10:19:19;51  995838788;74.0;Para Celulares Vivo;
2020-08-24 09:43:46;51  995838788;8.0;Para Celulares Vivo;
2020-08-24 09:23:23;51  997537244;5.0;Para Celulares Vivo;
2020-08-24 08:24:46;51  995838788;16.0;Para Celulares Vivo;
2020-08-23 16:56:50;48  991664588;5.0;Para Celulares Vivo;
2020-08-23 16:49:31;48  991664588;70.0;Para Celulares Vivo;
2020-08-23 16:33:09;51  998558242;162.0;Para Celulares Vivo;
2020-08-23 15:57:56;48  991664588;24.0;Para Celulares Vivo;
2020-08-23 15:21:55;48  991664588;47.0;Para Celulares Vivo;
2020-08-23 15:10:39;48  991664588;34.0;Para Celulares Vivo;
2020-08-23 14:25:51;48  991664588;23.0;Para Celulares Vivo;
2020-08-23 14:15:53;48  991664588;5.0;Para Celulares Vivo;
2020-08-22 21:10:47;51  993394636;21.0;Para Celulares Vivo;
2020-08-22 21:09:24;51  993394636;9.0;Para Celulares Vivo;
2020-08-22 16:23:13;51  991813564;5.0;Para Celulares Vivo;
2020-08-21 16:57:21;51  991813564;29.0;Para Celulares Vivo;
2020-08-21 11:41:24;51  993394636;5.0;Para Celulares Vivo;
2020-08-21 11:40:00;51  993394636;8.0;Para Celulares Vivo;
2020-08-21 11:28:16;51  991813564;10.0;Para Celulares Vivo;
2020-08-20 15:52:56;51  991813564;5.0;Para Celulares Vivo;
2020-08-20 15:46:35;51  991813564;7.0;Para Celulares Vivo;
2020-08-20 15:16:46;51  991813564;5.0;Para Celulares Vivo;
2020-08-20 15:12:01;51  995838788;9.0;Para Celulares Vivo;
2020-08-20 15:06:22;51  995838788;14.0;Para Celulares Vivo;
2020-08-20 12:21:05;51  991813564;7.0;Para Celulares Vivo;
2020-08-20 07:33:30;51  993394636;62.0;Para Celulares Vivo;
2020-08-19 16:03:19;51  991813564;11.0;Para Celulares Vivo;
2020-08-19 12:15:46;51  991813564;8.0;Para Celulares Vivo;
2020-08-19 11:40:46;51  991813564;11.0;Para Celulares Vivo;
2020-08-19 11:39:36;51  993394636;8.0;Para Celulares Vivo;
2020-08-19 10:38:12;51  995838788;5.0;Para Celulares Vivo;
2020-08-19 10:19:01;51  993320336;20.0;Para Celulares Vivo;
2020-08-19 09:44:52;51  995838788;5.0;Para Celulares Vivo;
2020-08-19 08:53:16;51  991813564;6.0;Para Celulares Vivo;
2020-08-18 16:04:42;51  991813564;21.0;Para Celulares Vivo;
2020-08-18 15:01:20;51  991813564;16.0;Para Celulares Vivo;
2020-08-17 13:11:57;51  995838788;5.0;Para Celulares Vivo;
2020-08-17 08:16:05;51  993394636;8.0;Para Celulares Vivo;
2020-08-17 07:25:17;51  993394636;5.0;Para Celulares Vivo;
2020-08-15 12:06:25;51  991813564;10.0;Para Celulares Vivo;
2020-08-15 12:05:00;51  995838788;7.0;Para Celulares Vivo;
2020-08-15 09:49:11;51  995838788;7.0;Para Celulares Vivo;
2020-08-15 09:46:55;51  995838788;5.0;Para Celulares Vivo;
2020-08-14 16:16:32;51  993320336;59.0;Para Celulares Vivo;
2020-08-14 16:11:30;51  993320336;48.0;Para Celulares Vivo;
2020-08-14 11:51:47;51  995838788;6.0;Para Celulares Vivo;
2020-08-14 09:58:58;51  991813564;12.0;Para Celulares Vivo;
2020-08-14 08:58:52;51  995838788;18.0;Para Celulares Vivo;
2020-08-14 08:27:12;51  995838788;10.0;Para Celulares Vivo;
2020-08-13 14:20:59;51  996922316;5.0;Para Celulares Vivo;
2020-08-13 09:37:38;51  995838788;10.0;Para Celulares Vivo;
2020-08-13 09:36:20;51  991813564;6.0;Para Celulares Vivo;
2020-08-13 08:24:32;51  995838788;19.0;Para Celulares Vivo;
2020-08-13 08:12:34;51  995838788;5.0;Para Celulares Vivo;
2020-08-12 15:00:51;51  995838788;10.0;Para Celulares Vivo;
2020-08-12 09:34:30;51  998558242;5.0;Para Celulares Vivo;
2020-08-11 17:16:00;51  991813564;12.0;Para Celulares Vivo;
2020-08-11 17:11:10;51  993320327;11.0;Para Celulares Vivo;
2020-08-11 15:41:51;51  995838788;5.0;Para Celulares Vivo;
2020-08-11 12:31:06;51  993320336;13.0;Para Celulares Vivo;
2020-08-10 22:43:42;51  993320327;40.0;Para Celulares Vivo;
2020-08-10 13:42:19;51  991813564;12.0;Para Celulares Vivo;
2020-08-10 12:01:35;54  996772001;7.0;Para Celulares Vivo;
2020-08-07 12:59:13;51  993320327;6.0;Para Celulares Vivo;
2020-08-07 12:41:07;51  993320327;5.0;Para Celulares Vivo;
2020-08-07 12:09:23;51  995838788;10.0;Para Celulares Vivo;
2020-08-07 11:59:54;51  991813564;10.0;Para Celulares Vivo;
2020-08-06 21:41:51;51  995838788;7.0;Para Celulares Vivo;
2020-08-06 17:45:21;51  998115641;6.0;Para Celulares Vivo;
2020-08-06 10:48:51;51  996872609;30.0;Para Celulares Vivo;
2020-08-05 09:29:38;51  991813564;9.0;Para Celulares Vivo;
2020-08-05 08:29:11;51  991813564;6.0;Para Celulares Vivo;
2020-08-05 08:18:07;51  993394636;10.0;Para Celulares Vivo;
2020-08-05 07:30:59;51  993320327;12.0;Para Celulares Vivo;
2020-08-05 07:29:31;51  993394636;11.0;Para Celulares Vivo;
2020-08-04 18:21:57;51  991813564;5.0;Para Celulares Vivo;
2020-08-04 18:17:37;51  993394636;5.0;Para Celulares Vivo;
2020-08-04 16:31:17;51  993394636;12.0;Para Celulares Vivo;
2020-08-04 15:20:58;51  991813564;9.0;Para Celulares Vivo;
2020-08-04 15:16:24;51  991813564;6.0;Para Celulares Vivo;
2020-08-04 14:51:30;51  993394636;8.0;Para Celulares Vivo;
2020-08-04 12:10:32;51  993320327;21.0;Para Celulares Vivo;
2020-08-04 12:06:16;51  993394636;5.0;Para Celulares Vivo;
2020-08-04 11:31:24;51  993320336;24.0;Para Celulares Vivo;
2020-08-04 11:24:38;51  993394636;9.0;Para Celulares Vivo;
2020-08-04 08:59:47;51  993320336;290.0;Para Celulares Vivo;
2020-08-04 08:30:38;51  993394636;7.0;Para Celulares Vivo;
2020-08-03 18:15:49;51  991259818;36.0;Para Celulares Vivo;
2020-08-03 18:02:36;51  993394636;7.0;Para Celulares Vivo;
2020-08-03 17:55:13;51  996872609;20.0;Para Celulares Vivo;
2020-08-03 17:23:40;51  996872609;13.0;Para Celulares Vivo;
2020-08-12 11:29:54;55  984476580;0.0;Adicional por Ligacoes Realizadas;
2020-08-12 09:34:30;51  998558242;0.0;Adicional por Ligacoes Realizadas;
2020-08-12 09:32:56;31  992360404;0.0;Adicional por Ligacoes Realizadas;
2020-08-12 09:14:08;98  992271581;0.0;Adicional por Ligacoes Realizadas;
2020-08-12 07:26:17;98  981308654;0.0;Adicional por Ligacoes Realizadas;
2020-08-11 17:47:55;55  984476580;0.0;Adicional por Ligacoes Realizadas;
2020-08-11 17:42:15;55  984476580;0.0;Adicional por Ligacoes Realizadas;
2020-08-11 17:37:19;55  984476580;0.0;Adicional por Ligacoes Realizadas;
2020-08-11 17:16:00;51  991813564;0.0;Adicional por Ligacoes Realizadas;
2020-08-11 17:11:10;51  993320327;0.0;Adicional por Ligacoes Realizadas;
2020-08-11 16:47:57;55  984476580;0.0;Adicional por Ligacoes Realizadas;
2020-08-11 16:37:05;55  984476580;0.0;Adicional por Ligacoes Realizadas;
2020-08-11 16:35:18;55  991448734;0.0;Adicional por Ligacoes Realizadas;
2020-08-11 16:26:42;98  987271604;0.0;Adicional por Ligacoes Realizadas;
2020-08-11 16:17:33;98  987271604;0.0;Adicional por Ligacoes Realizadas;
2020-08-11 16:12:08;55  991448734;0.0;Adicional por Ligacoes Realizadas;
2020-08-11 16:05:42;98  987346022;0.0;Adicional por Ligacoes Realizadas;
2020-08-11 15:54:04;98  992090683;0.0;Adicional por Ligacoes Realizadas;
2020-08-11 15:41:51;51  995838788;0.0;Adicional por Ligacoes Realizadas;
2020-08-11 15:28:29;98  987271604;0.0;Adicional por Ligacoes Realizadas;
2020-08-11 12:31:06;51  993320336;0.0;Adicional por Ligacoes Realizadas;
2020-08-11 09:20:10;55  991448734;0.0;Adicional por Ligacoes Realizadas;
2020-08-11 08:58:56;55  991448734;0.0;Adicional por Ligacoes Realizadas;
2020-08-10 22:43:42;51  993320327;0.0;Adicional por Ligacoes Realizadas;
2020-08-10 13:42:19;51  991813564;0.0;Adicional por Ligacoes Realizadas;
2020-08-10 12:01:35;54  996772001;0.0;Adicional por Ligacoes Realizadas;
2020-08-07 12:59:13;51  993320327;0.0;Adicional por Ligacoes Realizadas;
2020-08-07 12:41:07;51  993320327;0.0;Adicional por Ligacoes Realizadas;
2020-08-07 12:09:23;51  995838788;0.0;Adicional por Ligacoes Realizadas;
2020-08-07 11:59:54;51  991813564;0.0;Adicional por Ligacoes Realizadas;
2020-08-06 21:41:51;51  995838788;0.0;Adicional por Ligacoes Realizadas;
2020-08-06 17:51:31;31  992360404;0.0;Adicional por Ligacoes Realizadas;
2020-08-06 17:46:50;98  32355161;0.0;Adicional por Ligacoes Realizadas;
2020-08-06 17:45:21;51  998115641;0.0;Adicional por Ligacoes Realizadas;
2020-08-06 16:27:25;98  987271604;0.0;Adicional por Ligacoes Realizadas;
2020-08-06 12:02:09;31  992360404;0.0;Adicional por Ligacoes Realizadas;
2020-08-06 11:03:14;98  981308654;0.0;Adicional por Ligacoes Realizadas;
2020-08-06 10:48:51;51  996872609;0.0;Adicional por Ligacoes Realizadas;
2020-08-06 08:21:24;98  981308654;0.0;Adicional por Ligacoes Realizadas;
2020-08-06 07:48:27;98  987271604;0.0;Adicional por Ligacoes Realizadas;
2020-08-05 09:29:38;51  991813564;0.0;Adicional por Ligacoes Realizadas;
2020-08-05 08:29:11;51  991813564;0.0;Adicional por Ligacoes Realizadas;
2020-08-05 08:18:07;51  993394636;0.0;Adicional por Ligacoes Realizadas;
2020-08-05 07:30:59;51  993320327;0.0;Adicional por Ligacoes Realizadas;
2020-08-05 07:29:31;51  993394636;0.0;Adicional por Ligacoes Realizadas;
2020-08-05 07:27:38;98  981308654;0.0;Adicional por Ligacoes Realizadas;
2020-08-04 18:21:57;51  991813564;0.0;Adicional por Ligacoes Realizadas;
2020-08-04 18:17:37;51  993394636;0.0;Adicional por Ligacoes Realizadas;
2020-08-04 16:31:17;51  993394636;0.0;Adicional por Ligacoes Realizadas;
2020-08-04 15:20:58;51  991813564;0.0;Adicional por Ligacoes Realizadas;
2020-08-04 15:16:24;51  991813564;0.0;Adicional por Ligacoes Realizadas;
2020-08-04 14:51:30;51  993394636;0.0;Adicional por Ligacoes Realizadas;
2020-08-04 12:10:32;51  993320327;0.0;Adicional por Ligacoes Realizadas;
2020-08-04 12:07:39;98  987346022;0.0;Adicional por Ligacoes Realizadas;
2020-08-04 12:06:16;51  993394636;0.0;Adicional por Ligacoes Realizadas;
2020-08-04 11:31:24;51  993320336;0.0;Adicional por Ligacoes Realizadas;
2020-08-04 11:24:38;51  993394636;0.0;Adicional por Ligacoes Realizadas;
2020-08-04 08:59:47;51  993320336;0.0;Adicional por Ligacoes Realizadas;
2020-08-04 08:30:38;51  993394636;0.0;Adicional por Ligacoes Realizadas;
2020-08-04 07:34:27;98  981308654;0.0;Adicional por Ligacoes Realizadas;
2020-08-03 18:15:49;51  991259818;0.0;Adicional por Ligacoes Realizadas;
2020-08-03 18:02:36;51  993394636;0.0;Adicional por Ligacoes Realizadas;
2020-08-03 17:55:13;51  996872609;0.0;Adicional por Ligacoes Realizadas;
2020-08-03 17:23:40;51  996872609;0.0;Adicional por Ligacoes Realizadas;
2020-08-03 17:15:35;51  993320327;0.0;Adicional por Ligacoes Realizadas;
2020-08-03 16:46:08;51  993320327;0.0;Adicional por Ligacoes Realizadas;
2020-08-03 16:42:33;51  993320327;0.0;Adicional por Ligacoes Realizadas;
2020-08-03 15:54:02;98  981308654;0.0;Adicional por Ligacoes Realizadas;
2020-08-03 14:38:02;98  987271604;0.0;Adicional por Ligacoes Realizadas;
2020-08-03 12:09:07;51  993394636;0.0;Adicional por Ligacoes Realizadas;
2020-08-03 11:50:59;51  996872609;0.0;Adicional por Ligacoes Realizadas;
2020-08-03 11:38:59;51  993320327;0.0;Adicional por Ligacoes Realizadas;
2020-08-03 10:05:59;41  999371945;0.0;Adicional por Ligacoes Realizadas;
2020-08-03 09:58:51;51  993320327;0.0;Adicional por Ligacoes Realizadas;
2020-08-03 08:54:44;51  996872609;0.0;Adicional por Ligacoes Realizadas;
2020-08-03 07:52:50;41  999371945;0.0;Adicional por Ligacoes Realizadas;
2020-08-03 07:47:30;51  998029564;0.0;Adicional por Ligacoes Realizadas;
2020-08-03 07:45:04;51  991980620;0.0;Adicional por Ligacoes Realizadas;
2020-08-03 07:41:04;51  993320336;0.0;Adicional por Ligacoes Realizadas;
2020-08-03 07:27:29;48  991664588;0.0;Adicional por Ligacoes Realizadas;
2020-08-27 15:30:12;51  21313333;65.0;Para Fixo Vivo;
2020-08-27 15:29:07;51  21313373;7.0;Para Fixo Vivo;
2020-08-21 08:04:34;08  007233800;160.0;"";
2020-08-22 13:44:45;98  32167979;49.0;Para Fixo de Outras Operadoras;
2020-08-06 17:46:50;98  32355161;7.0;Para Fixo de Outras Operadoras;
2020-08-31 17:29:25;98  987346022;7.0;Para Celulares de Outras Operadoras;
2020-08-31 13:57:10;98  981308654;12.0;Para Celulares de Outras Operadoras;
2020-08-31 13:23:13;98  981308654;5.0;Para Celulares de Outras Operadoras;
2020-08-29 09:17:53;98  981308654;10.0;Para Celulares de Outras Operadoras;
2020-08-19 08:45:09;51  33744958;78.0;Para Fixo de Outras Operadoras;
2020-08-17 15:54:54;51  33744958;24.0;Para Fixo de Outras Operadoras;
2020-08-13 10:03:54;51  21313800;60.0;Para Fixo de Outras Operadoras;
2020-08-12 15:51:48;16  35137400;398.0;Para Fixo de Outras Operadoras;
2020-08-12 15:46:11;16  35137400;40.0;Para Fixo de Outras Operadoras;
2020-08-12 15:43:02;16  35137400;28.0;Para Fixo de Outras Operadoras;
2020-08-31 08:16:18;54  981121398;82.0;Para Celulares de Outras Operadoras;
2020-08-29 08:25:04;55  984476580;6.0;Para Celulares de Outras Operadoras;
2020-08-19 11:21:18;99  988453152;20.0;Para Celulares de Outras Operadoras;
2020-08-03 17:15:35;51  993320327;5.0;Para Celulares Vivo;
2020-08-03 16:46:08;51  993320327;5.0;Para Celulares Vivo;
2020-08-03 16:42:33;51  993320327;26.0;Para Celulares Vivo;
2020-08-03 12:09:07;51  993394636;18.0;Para Celulares Vivo;
2020-08-03 11:50:59;51  996872609;5.0;Para Celulares Vivo;
2020-08-03 11:38:59;51  993320327;52.0;Para Celulares Vivo;
2020-08-03 09:58:51;51  993320327;5.0;Para Celulares Vivo;
2020-08-03 08:54:44;51  996872609;25.0;Para Celulares Vivo;
2020-08-03 07:47:30;51  998029564;36.0;Para Celulares Vivo;
2020-08-03 07:41:04;51  993320336;27.0;Para Celulares Vivo;
2020-08-03 07:27:29;48  991664588;5.0;Para Celulares Vivo;
2020-08-31 17:29:25;98  987346022;0.0;Adicional por Ligacoes Realizadas;
2020-08-31 17:25:15;51  991813564;0.0;Adicional por Ligacoes Realizadas;
2020-08-31 17:20:28;51  991813564;0.0;Adicional por Ligacoes Realizadas;
2020-08-31 13:57:10;98  981308654;0.0;Adicional por Ligacoes Realizadas;
2020-08-31 13:23:13;98  981308654;0.0;Adicional por Ligacoes Realizadas;
2020-08-31 10:19:30;51  992467889;0.0;Adicional por Ligacoes Realizadas;
2020-08-31 08:16:18;54  981121398;0.0;Adicional por Ligacoes Realizadas;
2020-08-29 09:17:53;98  981308654;0.0;Adicional por Ligacoes Realizadas;
2020-08-29 08:25:04;55  984476580;0.0;Adicional por Ligacoes Realizadas;
2020-08-28 15:32:24;51  991813564;0.0;Adicional por Ligacoes Realizadas;
2020-08-27 18:06:38;51  993394636;0.0;Adicional por Ligacoes Realizadas;
2020-08-27 15:30:12;51  21313333;0.0;Adicional por Ligacoes Realizadas;
2020-08-27 15:29:07;51  21313373;0.0;Adicional por Ligacoes Realizadas;
2020-08-27 14:37:52;51  997537244;0.0;Adicional por Ligacoes Realizadas;
2020-08-27 14:16:40;51  997537244;0.0;Adicional por Ligacoes Realizadas;
2020-08-27 14:00:07;51  991813564;0.0;Adicional por Ligacoes Realizadas;
2020-08-27 13:25:09;51  993394636;0.0;Adicional por Ligacoes Realizadas;
2020-08-25 15:24:04;98  987346022;0.0;Adicional por Ligacoes Realizadas;
2020-08-25 14:58:29;51  995838788;0.0;Adicional por Ligacoes Realizadas;
2020-08-25 12:28:13;51  995838788;0.0;Adicional por Ligacoes Realizadas;
2020-08-24 20:09:29;51  993394636;0.0;Adicional por Ligacoes Realizadas;
2020-08-24 12:47:12;98  981308654;0.0;Adicional por Ligacoes Realizadas;
2020-08-24 10:41:57;51  995838788;0.0;Adicional por Ligacoes Realizadas;
2020-08-24 10:39:09;51  995838788;0.0;Adicional por Ligacoes Realizadas;
2020-08-24 10:19:19;51  995838788;0.0;Adicional por Ligacoes Realizadas;
2020-08-24 09:43:46;51  995838788;0.0;Adicional por Ligacoes Realizadas;
2020-08-24 09:23:23;51  997537244;0.0;Adicional por Ligacoes Realizadas;
2020-08-24 08:46:19;51  984468666;0.0;Adicional por Ligacoes Realizadas;
2020-08-24 08:27:06;98  981308654;0.0;Adicional por Ligacoes Realizadas;
2020-08-24 08:24:46;51  995838788;0.0;Adicional por Ligacoes Realizadas;
2020-08-23 16:56:50;48  991664588;0.0;Adicional por Ligacoes Realizadas;
2020-08-23 16:49:31;48  991664588;0.0;Adicional por Ligacoes Realizadas;
2020-08-23 16:33:09;51  998558242;0.0;Adicional por Ligacoes Realizadas;
2020-08-23 15:57:56;48  991664588;0.0;Adicional por Ligacoes Realizadas;
2020-08-23 15:21:55;48  991664588;0.0;Adicional por Ligacoes Realizadas;
2020-08-23 15:10:39;48  991664588;0.0;Adicional por Ligacoes Realizadas;
2020-08-23 14:25:51;48  991664588;0.0;Adicional por Ligacoes Realizadas;
2020-08-23 14:15:53;48  991664588;0.0;Adicional por Ligacoes Realizadas;
2020-08-22 21:10:47;51  993394636;0.0;Adicional por Ligacoes Realizadas;
2020-08-22 21:09:24;51  993394636;0.0;Adicional por Ligacoes Realizadas;
2020-08-22 16:38:40;98  981308654;0.0;Adicional por Ligacoes Realizadas;
2020-08-22 16:23:13;51  991813564;0.0;Adicional por Ligacoes Realizadas;
2020-08-22 13:44:45;98  32167979;0.0;Adicional por Ligacoes Realizadas;
2020-08-21 16:57:21;51  991813564;0.0;Adicional por Ligacoes Realizadas;
2020-08-21 11:41:24;51  993394636;0.0;Adicional por Ligacoes Realizadas;
2020-08-21 11:40:00;51  993394636;0.0;Adicional por Ligacoes Realizadas;
2020-08-21 11:28:16;51  991813564;0.0;Adicional por Ligacoes Realizadas;
2020-08-21 08:04:34;08  007233800;0.0;Adicional por Ligacoes Realizadas;
2020-08-21 07:24:30;98  984151785;0.0;Adicional por Ligacoes Realizadas;
2020-08-20 15:52:56;51  991813564;0.0;Adicional por Ligacoes Realizadas;
2020-08-20 15:46:35;51  991813564;0.0;Adicional por Ligacoes Realizadas;
2020-08-20 15:16:46;51  991813564;0.0;Adicional por Ligacoes Realizadas;
2020-08-20 15:12:01;51  995838788;0.0;Adicional por Ligacoes Realizadas;
2020-08-20 15:06:22;51  995838788;0.0;Adicional por Ligacoes Realizadas;
2020-08-20 12:21:05;51  991813564;0.0;Adicional por Ligacoes Realizadas;
2020-08-20 07:33:30;51  993394636;0.0;Adicional por Ligacoes Realizadas;
2020-08-19 16:03:19;51  991813564;0.0;Adicional por Ligacoes Realizadas;
2020-08-19 15:26:35;51  984468666;0.0;Adicional por Ligacoes Realizadas;
2020-08-19 13:20:54;51  984468666;0.0;Adicional por Ligacoes Realizadas;
2020-08-19 12:15:46;51  991813564;0.0;Adicional por Ligacoes Realizadas;
2020-08-19 11:47:00;51  984468666;0.0;Adicional por Ligacoes Realizadas;
2020-08-19 11:42:39;98  981308654;0.0;Adicional por Ligacoes Realizadas;
2020-08-19 11:40:46;51  991813564;0.0;Adicional por Ligacoes Realizadas;
2020-08-19 11:39:36;51  993394636;0.0;Adicional por Ligacoes Realizadas;
2020-08-19 11:21:18;99  988453152;0.0;Adicional por Ligacoes Realizadas;
2020-08-19 10:58:40;99  988453152;0.0;Adicional por Ligacoes Realizadas;
2020-08-19 10:44:56;99  988453152;0.0;Adicional por Ligacoes Realizadas;
2020-08-19 10:38:12;51  995838788;0.0;Adicional por Ligacoes Realizadas;
2020-08-19 10:19:01;51  993320336;0.0;Adicional por Ligacoes Realizadas;
2020-08-19 09:45:50;98  981308654;0.0;Adicional por Ligacoes Realizadas;
2020-08-19 09:44:52;51  995838788;0.0;Adicional por Ligacoes Realizadas;
2020-08-19 08:53:16;51  991813564;0.0;Adicional por Ligacoes Realizadas;
2020-08-19 08:45:09;51  33744958;0.0;Adicional por Ligacoes Realizadas;
2020-08-18 16:04:42;51  991813564;0.0;Adicional por Ligacoes Realizadas;
2020-08-18 15:01:20;51  991813564;0.0;Adicional por Ligacoes Realizadas;
2020-08-18 12:03:38;51  984468666;0.0;Adicional por Ligacoes Realizadas;
2020-08-18 10:12:44;11  55259777;0.0;Adicional por Ligacoes Realizadas;
2020-08-18 09:55:50;11  55259777;0.0;Adicional por Ligacoes Realizadas;
2020-08-18 07:12:32;98  981308654;0.0;Adicional por Ligacoes Realizadas;
2020-08-17 16:28:13;51  984468666;0.0;Adicional por Ligacoes Realizadas;
2020-08-17 15:58:14;51  984468666;0.0;Adicional por Ligacoes Realizadas;
2020-08-17 15:54:54;51  33744958;0.0;Adicional por Ligacoes Realizadas;
2020-08-17 13:11:57;51  995838788;0.0;Adicional por Ligacoes Realizadas;
2020-08-17 11:03:37;51  992496582;0.0;Adicional por Ligacoes Realizadas;
2020-08-17 08:16:05;51  993394636;0.0;Adicional por Ligacoes Realizadas;
2020-08-17 07:52:51;98  981308654;0.0;Adicional por Ligacoes Realizadas;
2020-08-17 07:25:17;51  993394636;0.0;Adicional por Ligacoes Realizadas;
2020-08-15 12:06:25;51  991813564;0.0;Adicional por Ligacoes Realizadas;
2020-08-15 12:05:00;51  995838788;0.0;Adicional por Ligacoes Realizadas;
2020-08-15 09:49:11;51  995838788;0.0;Adicional por Ligacoes Realizadas;
2020-08-15 09:46:55;51  995838788;0.0;Adicional por Ligacoes Realizadas;
2020-08-15 07:45:36;98  981308654;0.0;Adicional por Ligacoes Realizadas;
2020-08-15 07:25:18;98  981308654;0.0;Adicional por Ligacoes Realizadas;
2020-08-14 16:45:06;55  991448734;0.0;Adicional por Ligacoes Realizadas;
2020-08-14 16:16:32;51  993320336;0.0;Adicional por Ligacoes Realizadas;
2020-08-14 16:11:30;51  993320336;0.0;Adicional por Ligacoes Realizadas;
2020-08-14 11:51:47;51  995838788;0.0;Adicional por Ligacoes Realizadas;
2020-08-14 09:58:58;51  991813564;0.0;Adicional por Ligacoes Realizadas;
2020-08-14 08:58:52;51  995838788;0.0;Adicional por Ligacoes Realizadas;
2020-08-14 08:27:12;51  995838788;0.0;Adicional por Ligacoes Realizadas;
2020-08-14 08:13:20;98  981308654;0.0;Adicional por Ligacoes Realizadas;
2020-08-13 14:20:59;51  996922316;0.0;Adicional por Ligacoes Realizadas;
2020-08-13 14:02:19;51  992496582;0.0;Adicional por Ligacoes Realizadas;
2020-08-13 14:00:22;51  992015602;0.0;Adicional por Ligacoes Realizadas;
2020-08-13 10:03:54;51  21313800;0.0;Adicional por Ligacoes Realizadas;
2020-08-13 09:37:38;51  995838788;0.0;Adicional por Ligacoes Realizadas;
2020-08-13 09:36:20;51  991813564;0.0;Adicional por Ligacoes Realizadas;
2020-08-13 08:24:32;51  995838788;0.0;Adicional por Ligacoes Realizadas;
2020-08-13 08:12:34;51  995838788;0.0;Adicional por Ligacoes Realizadas;
2020-08-12 15:51:48;16  35137400;0.0;Adicional por Ligacoes Realizadas;
2020-08-12 15:46:11;16  35137400;0.0;Adicional por Ligacoes Realizadas;
2020-08-12 15:43:02;16  35137400;0.0;Adicional por Ligacoes Realizadas;
2020-08-12 15:00:51;51  995838788;0.0;Adicional por Ligacoes Realizadas;
2020-08-12 11:47:25;55  984476580;0.0;Adicional por Ligacoes Realizadas;
2020-08-25 15:24:04;98  987346022;5.0;Para Celulares de Outras Operadoras;
2020-08-24 12:47:12;98  981308654;5.0;Para Celulares de Outras Operadoras;
2020-08-24 08:27:06;98  981308654;5.0;Para Celulares de Outras Operadoras;
2020-08-22 16:38:40;98  981308654;5.0;Para Celulares de Outras Operadoras;
2020-08-21 07:24:30;98  984151785;21.0;Para Celulares de Outras Operadoras;
2020-08-19 11:42:39;98  981308654;5.0;Para Celulares de Outras Operadoras;
2020-08-19 09:45:50;98  981308654;5.0;Para Celulares de Outras Operadoras;
2020-08-18 07:12:32;98  981308654;5.0;Para Celulares de Outras Operadoras;
2020-08-17 07:52:51;98  981308654;5.0;Para Celulares de Outras Operadoras;
2020-08-15 07:45:36;98  981308654;5.0;Para Celulares de Outras Operadoras;
2020-08-15 07:25:18;98  981308654;5.0;Para Celulares de Outras Operadoras;
2020-08-14 08:13:20;98  981308654;5.0;Para Celulares de Outras Operadoras;
2020-08-12 07:26:17;98  981308654;5.0;Para Celulares de Outras Operadoras;
2020-08-11 16:26:42;98  987271604;35.0;Para Celulares de Outras Operadoras;
2020-08-11 16:17:33;98  987271604;13.0;Para Celulares de Outras Operadoras;
2020-08-11 16:05:42;98  987346022;34.0;Para Celulares de Outras Operadoras;
2020-08-11 15:28:29;98  987271604;22.0;Para Celulares de Outras Operadoras;
2020-08-06 16:27:25;98  987271604;33.0;Para Celulares de Outras Operadoras;
2020-08-06 11:03:14;98  981308654;9.0;Para Celulares de Outras Operadoras;
2020-08-06 08:21:24;98  981308654;5.0;Para Celulares de Outras Operadoras;
2020-08-06 07:48:27;98  987271604;14.0;Para Celulares de Outras Operadoras;
2020-08-05 07:27:38;98  981308654;15.0;Para Celulares de Outras Operadoras;
2020-08-04 12:07:39;98  987346022;25.0;Para Celulares de Outras Operadoras;
2020-08-04 07:34:27;98  981308654;13.0;Para Celulares de Outras Operadoras;
2020-08-03 15:54:02;98  981308654;6.0;Para Celulares de Outras Operadoras;
2020-08-03 14:38:02;98  987271604;17.0;Para Celulares de Outras Operadoras;
2020-08-12 09:14:08;98  992271581;12.0;Para Celulares Vivo;
2020-08-11 15:54:04;98  992090683;50.0;Para Celulares Vivo;
2020-08-09 21:13:17;51  34350414;15.0;Para Fixo de Outras Operadoras;
2020-08-08 22:54:47;51  997338366;37.0;Para Celulares Vivo;
2020-08-08 20:16:24;51  997338366;16.0;Para Celulares Vivo;
2020-07-31;"";186667.9;INTERNET MOVEL 2;0.00
2020-08-01;"";217982.0;INTERNET MOVEL 2;0.00
2020-08-02;"";174975.8;INTERNET MOVEL 2;0.00
2020-08-03;"";248656.1;INTERNET MOVEL 2;0.00
2020-08-04;"";146145.3;INTERNET MOVEL 2;0.00
2020-08-05;"";240852.0;INTERNET MOVEL 2;0.00
2020-08-06;"";184787.7;INTERNET MOVEL 2;0.00
2020-08-07;"";72405.4;INTERNET MOVEL 2;0.00
2020-08-08;"";18773.2;INTERNET MOVEL 2;0.00
2020-08-09;"";57424.3;INTERNET MOVEL 2;0.00
2020-08-10;"";252744.3;INTERNET MOVEL 2;0.00
2020-08-11;"";120772.4;INTERNET MOVEL 2;0.00
2020-08-12;"";101218.9;INTERNET MOVEL 2;0.00
2020-08-13;"";137509.1;INTERNET MOVEL 2;0.00
2020-08-14;"";233089.3;INTERNET MOVEL 2;0.00
2020-08-15;"";172987.3;INTERNET MOVEL 2;0.00
2020-08-16;"";63202.1;INTERNET MOVEL 2;0.00
2020-08-17;"";124432.3;INTERNET MOVEL 2;0.00
2020-08-18;"";407801.2;INTERNET MOVEL 2;0.00
2020-08-19;"";97349.5;INTERNET MOVEL 2;0.00
2020-08-20;"";205518.4;INTERNET MOVEL 2;0.00
2020-08-21;"";220901.5;INTERNET MOVEL 2;0.00
2020-08-22;"";195744.2;INTERNET MOVEL 2;0.00
2020-08-23;"";176998.9;INTERNET MOVEL 2;0.00
2020-08-24;"";354154.5;INTERNET MOVEL 2;0.00
2020-08-25;"";176017.8;INTERNET MOVEL 2;0.00
2020-08-26;"";233356.0;INTERNET MOVEL 2;0.00
2020-08-27;"";102393.1;INTERNET MOVEL 2;0.00
2020-08-28;"";58705.3;INTERNET MOVEL 2;0.00
2020-08-29;"";152078.5;INTERNET MOVEL 2;0.00
2020-08-30;"";78750.0;INTERNET MOVEL 2;0.00
2020-08-31;"";84234.0;INTERNET MOVEL 2;0.00
