data_hora_inicio;nro_telefone_chamado;duracao_ligacao;desc_categoria;valor_ligacao
2020-08-20 11:22:26;64  36615043;18.0;Para Fixo de Outras Operadoras;
2020-08-20 08:42:36;64  36615043;17.0;Para Fixo de Outras Operadoras;
2020-08-19 14:24:33;64  36615043;55.0;Para Fixo de Outras Operadoras;
2020-08-19 14:12:03;41  34205700;48.0;Para Fixo de Outras Operadoras;
2020-08-18 10:53:45;41  34205700;54.0;Para Fixo de Outras Operadoras;
2020-08-18 08:35:51;45  35221216;26.0;Para Fixo de Outras Operadoras;
2020-08-06 15:32:10;47  32494653;5.0;Para Fixo de Outras Operadoras;
2020-08-06 15:16:23;16  37214081;6.0;Para Fixo de Outras Operadoras;
2020-08-06 15:02:20;47  32494653;5.0;Para Fixo de Outras Operadoras;
2020-08-06 14:44:39;47  32494653;23.0;Para Fixo de Outras Operadoras;
2020-08-06 14:39:53;16  38205007;29.0;Para Fixo de Outras Operadoras;
2020-08-06 11:55:45;47  32494653;5.0;Para Fixo de Outras Operadoras;
2020-08-06 11:44:13;47  32494653;5.0;Para Fixo de Outras Operadoras;
2020-08-04 10:56:18;16  38205007;12.0;Para Fixo de Outras Operadoras;
2020-08-26 15:41:40;11  992204181;127.0;Para Celulares de Outras Operadoras;
2020-08-06 15:22:33;16  993248620;76.0;Para Celulares de Outras Operadoras;
2020-08-06 15:17:32;16  991354987;45.0;Para Celulares de Outras Operadoras;
2020-08-04 11:06:06;45  991014436;81.0;Para Celulares de Outras Operadoras;
2020-08-26 16:43:02;11  39140072;31.0;Para Fixo Vivo;
2020-08-26 15:38:45;11  55826361;25.0;Para Fixo Vivo;
2020-08-26 15:37:28;11  55826361;7.0;Para Fixo Vivo;
2020-08-24 14:36:05;11  39140072;49.0;Para Fixo Vivo;
2020-08-20 08:44:42;64  36615599;60.0;Para Fixo Vivo;
2020-08-18 08:31:39;45  35242364;34.0;Para Fixo Vivo;
2020-08-10 14:48:15;19  33018400;6.0;Para Fixo Vivo;
2020-08-28 17:25:10;66  999994125;47.0;Para Celulares Vivo;
2020-08-27 15:33:01;66  999858709;29.0;Para Celulares Vivo;
2020-08-24 16:09:46;66  999858709;67.0;Para Celulares Vivo;
2020-08-18 14:32:43;65  998053314;24.0;Para Celulares Vivo;
2020-08-18 12:30:26;65  998053314;9.0;Para Celulares Vivo;
2020-08-17 17:42:20;13  974089865;31.0;Para Celulares Vivo;
2020-08-04 10:36:45;64  999892357;59.0;Para Celulares Vivo;
2020-08-04 09:10:26;13  974089865;72.0;Para Celulares Vivo;
2020-08-03 17:40:24;64  999091659;27.0;Para Celulares Vivo;
2020-08-03 17:16:06;64  999091659;36.0;Para Celulares Vivo;
2020-08-06 17:24:05;54  32312525;6.0;Para Fixo de Outras Operadoras;
2020-08-06 16:48:05;54  32312525;46.0;Para Fixo de Outras Operadoras;
2020-08-04 11:28:21;51  21256646;17.0;Para Fixo de Outras Operadoras;
2020-08-18 08:18:21;51  991651857;45.0;Para Celulares de Outras Operadoras;
2020-08-04 10:26:10;51  993310055;40.0;Para Celulares de Outras Operadoras;
2020-08-18 11:03:34;51  21313301;17.0;Para Fixo Vivo;
2020-08-03 17:31:29;51  34707857;87.0;Para Fixo Vivo;
2020-08-18 15:48:10;51  999820247;5.0;Para Celulares Vivo;
2020-08-03 08:17:03;51  999820247;11.0;Para Celulares Vivo;
2020-08-03;"";33106.1;INTERNET MOVEL 2;0.00
2020-08-04;"";13722.5;INTERNET MOVEL 2;0.00
2020-08-05;"";9717.8;INTERNET MOVEL 2;0.00
2020-08-06;"";6440.0;INTERNET MOVEL 2;0.00
2020-08-07;"";20132.2;INTERNET MOVEL 2;0.00
2020-08-10;"";5465.0;INTERNET MOVEL 2;0.00
2020-08-11;"";2995.0;INTERNET MOVEL 2;0.00
2020-08-12;"";33495.7;INTERNET MOVEL 2;0.00
2020-08-13;"";3543.0;INTERNET MOVEL 2;0.00
2020-08-14;"";7916.4;INTERNET MOVEL 2;0.00
2020-08-17;"";36168.3;INTERNET MOVEL 2;0.00
2020-08-18;"";8776.1;INTERNET MOVEL 2;0.00
2020-08-19;"";3710.0;INTERNET MOVEL 2;0.00
2020-08-20;"";3760.0;INTERNET MOVEL 2;0.00
2020-08-21;"";3171.0;INTERNET MOVEL 2;0.00
2020-08-24;"";3993.0;INTERNET MOVEL 2;0.00
2020-08-25;"";31047.8;INTERNET MOVEL 2;0.00
2020-08-26;"";2779.0;INTERNET MOVEL 2;0.00
2020-08-27;"";3173.0;INTERNET MOVEL 2;0.00
2020-08-28;"";4688.0;INTERNET MOVEL 2;0.00
