data_hora_inicio;nro_telefone_chamado;duracao_ligacao;desc_categoria;valor_ligacao
2020-08-18 14:01:20;47  33945957;5.0;Para Fixo de Outras Operadoras;
2020-08-13 11:08:23;11  976756516;39.0;Para Celulares de Outras Operadoras;
2020-08-17 16:31:33;51  21122601;54.0;Para Fixo de Outras Operadoras;
2020-08-20 09:48:37;51  992592845;5.0;Para Celulares Vivo;
2020-08-04;"";23123.0;INTERNET MOVEL 2;0.00
2020-08-12;"";7629.7;INTERNET MOVEL 2;0.00
2020-08-13;"";1991.0;INTERNET MOVEL 2;0.00
2020-08-17;"";23713.3;INTERNET MOVEL 2;0.00
2020-08-20;"";9583.6;INTERNET MOVEL 2;0.00
2020-08-24;"";4331.8;INTERNET MOVEL 2;0.00
