data_hora_inicio;nro_telefone_chamado;duracao_ligacao;desc_categoria;valor_ligacao
2020-08-15;"";29434.2;INTERNET MOVEL 2;0.00
2020-08-16;"";619.0;INTERNET MOVEL 2;0.00
2020-08-17;"";1241.6;INTERNET MOVEL 2;0.00
2020-08-18;"";598.0;INTERNET MOVEL 2;0.00
2020-08-19;"";462.0;INTERNET MOVEL 2;0.00
2020-08-20;"";746.0;INTERNET MOVEL 2;0.00
2020-08-21;"";906.0;INTERNET MOVEL 2;0.00
2020-08-22;"";118.0;INTERNET MOVEL 2;0.00
2020-08-23;"";930.0;INTERNET MOVEL 2;0.00
2020-08-24;"";360.0;INTERNET MOVEL 2;0.00
2020-08-25;"";869.0;INTERNET MOVEL 2;0.00
2020-08-26;"";368.0;INTERNET MOVEL 2;0.00
2020-08-27;"";3431.0;INTERNET MOVEL 2;0.00
2020-08-28;"";5304.0;INTERNET MOVEL 2;0.00
2020-08-29;"";398.0;INTERNET MOVEL 2;0.00
2020-08-30;"";2453.2;INTERNET MOVEL 2;0.00
2020-08-31;"";222.0;INTERNET MOVEL 2;0.00
