data_hora_inicio;nro_telefone_chamado;duracao_ligacao;desc_categoria;valor_ligacao
2020-08-07 17:05:36;31  997649947;93.0;Para Celulares Vivo;
2020-08-04 18:13:58;51  981111669;265.0;Para Celulares de Outras Operadoras;
2020-08-03 13:55:28;51  995105815;13.0;Para Celulares Vivo;
2020-07-31;"";73421.2;INTERNET MOVEL 2;0.00
2020-08-01;"";37541.6;INTERNET MOVEL 2;0.00
2020-08-02;"";67755.0;INTERNET MOVEL 2;0.00
2020-08-03;"";71007.9;INTERNET MOVEL 2;0.00
2020-08-04;"";76042.6;INTERNET MOVEL 2;0.00
2020-08-06;"";4449.4;INTERNET MOVEL 2;0.00
2020-08-07;"";17027.2;INTERNET MOVEL 2;0.00
2020-08-08;"";79507.0;INTERNET MOVEL 2;0.00
2020-08-09;"";23539.9;INTERNET MOVEL 2;0.00
2020-08-10;"";37757.4;INTERNET MOVEL 2;0.00
2020-08-11;"";18508.2;INTERNET MOVEL 2;0.00
2020-08-12;"";9781.5;INTERNET MOVEL 2;0.00
2020-08-13;"";48703.6;INTERNET MOVEL 2;0.00
2020-08-15;"";24029.7;INTERNET MOVEL 2;0.00
2020-08-16;"";11478.7;INTERNET MOVEL 2;0.00
2020-08-19;"";44171.4;INTERNET MOVEL 2;0.00
2020-08-20;"";513.0;INTERNET MOVEL 2;0.00
2020-08-22;"";793.0;INTERNET MOVEL 2;0.00
2020-08-30;"";669.0;INTERNET MOVEL 2;0.00
