data_hora_inicio;nro_telefone_chamado;duracao_ligacao;desc_categoria;valor_ligacao
2020-08-23 11:09:56;51997142522;1.0;GRATIS-SMS;0.00
2020-08-19 15:10:26;51  35592870;61.0;Para Fixo de Outras Operadoras;
2020-08-17 14:55:45;51  30031616;42.0;Para Fixo de Outras Operadoras;
2020-08-15 11:29:34;51  30031616;94.0;Para Fixo de Outras Operadoras;
2020-08-15 11:19:42;51  30031616;86.0;Para Fixo de Outras Operadoras;
2020-08-14 22:59:34;51  982305005;12.0;Para Celulares de Outras Operadoras;
2020-08-13 19:09:02;51  991655829;22.0;Para Celulares de Outras Operadoras;
2020-08-02 19:48:46;51  999997939;13.0;Para Celulares de Outras Operadoras;
2020-08-31 22:13:41;51  998735294;129.0;Para Celulares Vivo;
2020-08-30 17:11:46;51  999733711;22.0;Para Celulares Vivo;
2020-08-29 20:50:02;51  998735294;5.0;Para Celulares Vivo;
2020-08-27 15:16:17;51  998735294;5.0;Para Celulares Vivo;
2020-08-27 14:13:25;51  998735294;15.0;Para Celulares Vivo;
2020-08-25 21:43:59;51  998735294;21.0;Para Celulares Vivo;
2020-08-24 22:06:24;51  998735294;79.0;Para Celulares Vivo;
2020-08-22 08:50:42;51  992592819;5.0;Para Celulares Vivo;
2020-08-20 23:42:43;51  998735294;32.0;Para Celulares Vivo;
2020-08-20 20:53:02;51  998735294;7.0;Para Celulares Vivo;
2020-08-19 23:46:11;51  998735294;10.0;Para Celulares Vivo;
2020-08-19 16:25:33;51  998735294;29.0;Para Celulares Vivo;
2020-08-19 15:16:48;51  998735294;9.0;Para Celulares Vivo;
2020-08-18 22:35:54;51  998735294;146.0;Para Celulares Vivo;
2020-08-17 21:34:06;51  998735294;103.0;Para Celulares Vivo;
2020-08-16 17:06:56;51  998735294;30.0;Para Celulares Vivo;
2020-08-14 23:04:32;51  998735294;5.0;Para Celulares Vivo;
2020-08-14 22:49:19;51  998735294;16.0;Para Celulares Vivo;
2020-08-14 22:47:07;51  992592819;20.0;Para Celulares Vivo;
2020-08-13 21:39:18;51  998735294;5.0;Para Celulares Vivo;
2020-08-12 21:47:09;51  998735294;45.0;Para Celulares Vivo;
2020-08-12 20:06:16;51  998735294;32.0;Para Celulares Vivo;
2020-08-10 22:22:20;51  998735294;17.0;Para Celulares Vivo;
2020-08-09 23:44:12;51  998735294;5.0;Para Celulares Vivo;
2020-08-09 19:58:50;51  998735294;5.0;Para Celulares Vivo;
2020-08-09 12:26:16;51  99011587;44.0;Para Celulares Vivo;
2020-08-08 14:45:16;51  998735294;5.0;Para Celulares Vivo;
2020-08-08 14:44:57;51  998735294;5.0;Para Celulares Vivo;
2020-08-08 11:14:42;51  992592819;30.0;Para Celulares Vivo;
2020-08-08 11:13:58;51  992592819;5.0;Para Celulares Vivo;
2020-08-06 23:11:24;51  998735294;44.0;Para Celulares Vivo;
2020-08-05 22:31:06;51  998735294;46.0;Para Celulares Vivo;
2020-08-03 22:11:52;51  998735294;110.0;Para Celulares Vivo;
2020-07-31;"";25387.0;INTERNET MOVEL 2;0.00
2020-08-01;"";89357.9;INTERNET MOVEL 2;0.00
2020-08-02;"";93820.7;INTERNET MOVEL 2;0.00
2020-08-03;"";265633.1;INTERNET MOVEL 2;0.00
2020-08-04;"";142411.6;INTERNET MOVEL 2;0.00
2020-08-05;"";332218.5;INTERNET MOVEL 2;0.00
2020-08-06;"";208269.4;INTERNET MOVEL 2;0.00
2020-08-07;"";102699.8;INTERNET MOVEL 2;0.00
2020-08-08;"";119531.2;INTERNET MOVEL 2;0.00
2020-08-09;"";71831.1;INTERNET MOVEL 2;0.00
2020-08-10;"";198109.6;INTERNET MOVEL 2;0.00
2020-08-11;"";346609.7;INTERNET MOVEL 2;0.00
2020-08-12;"";195897.9;INTERNET MOVEL 2;0.00
2020-08-13;"";287538.2;INTERNET MOVEL 2;0.00
2020-08-14;"";177409.8;INTERNET MOVEL 2;0.00
2020-08-15;"";216347.3;INTERNET MOVEL 2;0.00
2020-08-16;"";58459.1;INTERNET MOVEL 2;0.00
2020-08-17;"";247191.6;INTERNET MOVEL 2;0.00
2020-08-18;"";307760.4;INTERNET MOVEL 2;0.00
2020-08-19;"";178692.6;INTERNET MOVEL 2;0.00
2020-08-20;"";160596.4;INTERNET MOVEL 2;0.00
2020-08-21;"";175172.0;INTERNET MOVEL 2;0.00
2020-08-22;"";160791.7;INTERNET MOVEL 2;0.00
2020-08-23;"";235536.5;INTERNET MOVEL 2;0.00
2020-08-24;"";186679.6;INTERNET MOVEL 2;0.00
2020-08-25;"";205773.5;INTERNET MOVEL 2;0.00
2020-08-26;"";288710.8;INTERNET MOVEL 2;0.00
2020-08-27;"";280601.1;INTERNET MOVEL 2;0.00
2020-08-28;"";189923.1;INTERNET MOVEL 2;0.00
2020-08-29;"";232799.5;INTERNET MOVEL 2;0.00
2020-08-30;"";178578.7;INTERNET MOVEL 2;0.00
2020-08-31;"";221388.4;INTERNET MOVEL 2;0.00
