data_hora_inicio;nro_telefone_chamado;duracao_ligacao;desc_categoria;valor_ligacao
2020-08-01 19:09:49;51  37422677;9.0;Para Fixo de Outras Operadoras;
2020-08-01 18:19:56;51  37422444;5.0;Para Fixo de Outras Operadoras;
2020-08-01 16:25:29;51  37422677;39.0;Para Fixo de Outras Operadoras;
2020-08-01 19:20:03;51  981785745;17.0;Para Celulares Vivo;
2020-08-01 19:18:41;51  997979388;10.0;Para Celulares Vivo;
2020-08-01 19:16:40;51  997979388;5.0;Para Celulares Vivo;
2020-08-01 19:11:11;51  992592729;7.0;Para Celulares Vivo;
2020-08-01 17:43:35;51  992592729;5.0;Para Celulares Vivo;
2020-08-01 16:12:36;51  998162288;61.0;Para Celulares Vivo;
2020-08-01 11:37:08;51  992592729;5.0;Para Celulares Vivo;
2020-08-26 12:23:55;55  997204038;59.0;Para Celulares Vivo;
2020-08-03 14:52:51;54  999953350;73.0;Para Celulares Vivo;
2020-08-31 08:55:43;51  996145392;7.0;De Celulares Vivo;
2020-08-27 16:52:14;51  995878817;5.0;De Celulares Vivo;
2020-08-23 17:35:57;51  995878817;5.0;De Celulares Vivo;
2020-08-21 15:27:03;51  995878817;5.0;De Celulares Vivo;
2020-08-08 10:40:09;51  995878817;19.0;De Celulares Vivo;
2020-08-05 19:24:58;51  996145392;15.0;De Celulares Vivo;
2020-08-31 14:30:23;51  37421184;12.0;Para Fixo de Outras Operadoras;
2020-08-31 14:15:22;51  37421184;52.0;Para Fixo de Outras Operadoras;
2020-08-31 09:24:11;51  37422419;20.0;Para Fixo de Outras Operadoras;
2020-08-31 09:17:41;51  37421668;37.0;Para Fixo de Outras Operadoras;
2020-08-29 18:15:44;51  37422677;45.0;Para Fixo de Outras Operadoras;
2020-08-28 20:17:09;51  37421212;29.0;Para Fixo de Outras Operadoras;
2020-08-28 16:51:37;51  37422554;8.0;Para Fixo de Outras Operadoras;
2020-08-28 15:14:36;51  37421255;23.0;Para Fixo de Outras Operadoras;
2020-08-28 13:43:09;51  37421255;58.0;Para Fixo de Outras Operadoras;
2020-08-28 13:40:42;51  37422554;20.0;Para Fixo de Outras Operadoras;
2020-08-28 13:37:42;51  37421668;14.0;Para Fixo de Outras Operadoras;
2020-08-27 17:13:37;51  37421255;16.0;Para Fixo de Outras Operadoras;
2020-08-27 16:09:47;51  37421372;12.0;Para Fixo de Outras Operadoras;
2020-08-27 14:27:29;51  37428200;23.0;Para Fixo de Outras Operadoras;
2020-08-27 14:17:59;51  37423541;14.0;Para Fixo de Outras Operadoras;
2020-08-27 14:10:08;51  37422677;31.0;Para Fixo de Outras Operadoras;
2020-08-27 13:51:26;51  37421372;6.0;Para Fixo de Outras Operadoras;
2020-08-27 10:53:18;51  37422649;30.0;Para Fixo de Outras Operadoras;
2020-08-27 10:15:04;51  37422444;11.0;Para Fixo de Outras Operadoras;
2020-08-27 10:13:00;51  37422677;15.0;Para Fixo de Outras Operadoras;
2020-08-26 17:44:41;51  37423541;30.0;Para Fixo de Outras Operadoras;
2020-08-26 17:18:34;51  37421498;73.0;Para Fixo de Outras Operadoras;
2020-08-26 17:17:59;51  37421498;5.0;Para Fixo de Outras Operadoras;
2020-08-26 16:21:33;51  37421255;7.0;Para Fixo de Outras Operadoras;
2020-08-25 17:33:35;51  37421345;5.0;Para Fixo de Outras Operadoras;
2020-08-25 09:10:37;51  37421372;11.0;Para Fixo de Outras Operadoras;
2020-08-24 17:43:54;51  39375373;8.0;Para Fixo de Outras Operadoras;
2020-08-24 17:12:46;51  39375373;23.0;Para Fixo de Outras Operadoras;
2020-08-24 17:10:50;51  32179885;6.0;Para Fixo de Outras Operadoras;
2020-08-24 14:17:16;51  37485151;13.0;Para Fixo de Outras Operadoras;
2020-08-24 10:39:26;51  37421098;5.0;Para Fixo de Outras Operadoras;
2020-08-24 09:14:15;51  37421212;42.0;Para Fixo de Outras Operadoras;
2020-08-22 09:50:41;51  37422037;9.0;Para Fixo de Outras Operadoras;
2020-08-20 11:01:41;51  37421071;5.0;Para Fixo de Outras Operadoras;
2020-08-20 11:00:38;51  37422798;7.0;Para Fixo de Outras Operadoras;
2020-08-20 10:13:40;51  37428200;48.0;Para Fixo de Outras Operadoras;
2020-08-20 09:38:38;51  37421071;19.0;Para Fixo de Outras Operadoras;
2020-08-20 09:04:33;51  37421098;9.0;Para Fixo de Outras Operadoras;
2020-08-19 11:01:04;51  37421184;5.0;Para Fixo de Outras Operadoras;
2020-08-19 09:06:51;51  37421184;10.0;Para Fixo de Outras Operadoras;
2020-08-18 15:31:43;51  37421372;43.0;Para Fixo de Outras Operadoras;
2020-08-18 14:08:55;51  37422649;27.0;Para Fixo de Outras Operadoras;
2020-08-18 14:05:03;51  37421668;33.0;Para Fixo de Outras Operadoras;
2020-08-18 13:39:28;51  37422677;17.0;Para Fixo de Outras Operadoras;
2020-08-17 16:03:09;51  37422456;12.0;Para Fixo de Outras Operadoras;
2020-08-17 08:31:11;51  37422419;5.0;Para Fixo de Outras Operadoras;
2020-08-14 18:23:06;51  37422677;15.0;Para Fixo de Outras Operadoras;
2020-08-14 17:28:01;51  37421346;7.0;Para Fixo de Outras Operadoras;
2020-08-14 15:32:15;51  37421151;10.0;Para Fixo de Outras Operadoras;
2020-08-14 15:06:51;51  37421778;25.0;Para Fixo de Outras Operadoras;
2020-08-14 14:55:08;51  37428200;16.0;Para Fixo de Outras Operadoras;
2020-08-14 09:53:57;51  37421184;10.0;Para Fixo de Outras Operadoras;
2020-08-13 10:57:30;51  37422605;29.0;Para Fixo de Outras Operadoras;
2020-08-12 18:28:39;51  37422677;20.0;Para Fixo de Outras Operadoras;
2020-08-12 17:42:38;51  37421346;13.0;Para Fixo de Outras Operadoras;
2020-08-12 15:31:33;51  37421255;12.0;Para Fixo de Outras Operadoras;
2020-08-12 15:14:01;51  37428200;20.0;Para Fixo de Outras Operadoras;
2020-08-12 11:43:50;51  37421346;22.0;Para Fixo de Outras Operadoras;
2020-08-12 10:35:10;51  37428200;10.0;Para Fixo de Outras Operadoras;
2020-08-11 18:45:33;51  37422677;19.0;Para Fixo de Outras Operadoras;
2020-08-11 16:58:07;51  37421184;8.0;Para Fixo de Outras Operadoras;
2020-08-11 13:36:42;51  37421184;10.0;Para Fixo de Outras Operadoras;
2020-08-11 09:25:13;51  37423358;40.0;Para Fixo de Outras Operadoras;
2020-08-11 09:21:43;51  37421220;5.0;Para Fixo de Outras Operadoras;
2020-08-11 09:17:52;51  37422444;15.0;Para Fixo de Outras Operadoras;
2020-08-10 18:02:50;51  37423484;85.0;Para Fixo de Outras Operadoras;
2020-08-10 17:34:25;51  37421184;15.0;Para Fixo de Outras Operadoras;
2020-08-10 13:49:29;51  37422419;19.0;Para Fixo de Outras Operadoras;
2020-08-10 11:53:16;51  37421339;19.0;Para Fixo de Outras Operadoras;
2020-08-10 08:34:13;51  37421184;8.0;Para Fixo de Outras Operadoras;
2020-08-08 11:31:26;51  37421346;6.0;Para Fixo de Outras Operadoras;
2020-08-08 10:17:41;51  37422037;9.0;Para Fixo de Outras Operadoras;
2020-08-08 09:21:59;51  37422037;5.0;Para Fixo de Outras Operadoras;
2020-08-07 15:30:47;51  37421543;14.0;Para Fixo de Outras Operadoras;
2020-08-07 10:10:32;51  37428200;10.0;Para Fixo de Outras Operadoras;
2020-08-06 19:26:58;51  37422444;51.0;Para Fixo de Outras Operadoras;
2020-08-06 17:51:37;51  37421543;10.0;Para Fixo de Outras Operadoras;
2020-08-06 17:32:25;51  37421543;10.0;Para Fixo de Outras Operadoras;
2020-08-06 17:02:12;51  37428200;15.0;Para Fixo de Outras Operadoras;
2020-08-06 10:21:05;51  37421151;7.0;Para Fixo de Outras Operadoras;
2020-08-06 09:37:03;51  37421668;34.0;Para Fixo de Outras Operadoras;
2020-08-06 09:04:11;51  37421543;30.0;Para Fixo de Outras Operadoras;
2020-08-05 17:39:20;51  37422456;24.0;Para Fixo de Outras Operadoras;
2020-08-04 16:52:41;51  37421151;7.0;Para Fixo de Outras Operadoras;
2020-08-04 15:30:04;51  37421731;5.0;Para Fixo de Outras Operadoras;
2020-08-04 14:45:14;51  37422419;9.0;Para Fixo de Outras Operadoras;
2020-08-04 11:54:12;51  37421498;48.0;Para Fixo de Outras Operadoras;
2020-08-04 09:39:31;51  37421151;18.0;Para Fixo de Outras Operadoras;
2020-08-03 17:35:24;51  37421151;13.0;Para Fixo de Outras Operadoras;
2020-08-03 16:56:34;51  37422419;7.0;Para Fixo de Outras Operadoras;
2020-08-03 16:09:12;51  37428200;17.0;Para Fixo de Outras Operadoras;
2020-08-03 11:35:18;51  37421543;9.0;Para Fixo de Outras Operadoras;
2020-08-03 10:05:42;51  37421543;22.0;Para Fixo de Outras Operadoras;
2020-08-29 20:17:56;51  992291056;15.0;Para Celulares de Outras Operadoras;
2020-08-29 17:44:34;51  992291056;101.0;Para Celulares de Outras Operadoras;
2020-08-26 15:41:21;51  986819685;9.0;Para Celulares de Outras Operadoras;
2020-08-24 17:16:51;51  985414152;5.0;Para Celulares de Outras Operadoras;
2020-08-20 14:58:58;51  986819685;13.0;Para Celulares de Outras Operadoras;
2020-08-20 11:03:10;51  992848062;36.0;Para Celulares de Outras Operadoras;
2020-08-12 19:50:52;51  981952822;5.0;Para Celulares de Outras Operadoras;
2020-08-11 19:56:45;51  992291056;292.0;Para Celulares de Outras Operadoras;
2020-08-07 15:39:57;51  986819685;12.0;Para Celulares de Outras Operadoras;
2020-08-05 18:47:43;51  986819685;10.0;Para Celulares de Outras Operadoras;
2020-08-05 18:45:18;51  986819685;13.0;Para Celulares de Outras Operadoras;
2020-08-04 11:51:50;51  986819685;13.0;Para Celulares de Outras Operadoras;
2020-08-02 19:08:00;51  991940067;5.0;Para Celulares de Outras Operadoras;
2020-08-02 18:30:00;51  992291056;122.0;Para Celulares de Outras Operadoras;
2020-08-24 15:09:06;51  33391080;5.0;Para Fixo Vivo;
2020-08-11 09:45:44;51  32335200;25.0;Para Fixo Vivo;
2020-08-11 09:38:52;51  40041080;65.0;Para Fixo Vivo;
2020-08-11 09:12:05;51  32335200;43.0;Para Fixo Vivo;
2020-08-10 10:55:20;51  32335200;55.0;Para Fixo Vivo;
2020-09-01 01:24:16;51  992592729;5.0;Para Celulares Vivo;
2020-08-31 22:46:43;51  997842173;170.0;Para Celulares Vivo;
2020-08-31 21:55:47;51  992592729;5.0;Para Celulares Vivo;
2020-08-31 20:53:16;51  996724449;113.0;Para Celulares Vivo;
2020-08-31 20:36:17;51  992592729;8.0;Para Celulares Vivo;
2020-08-31 20:32:48;51  992592729;6.0;Para Celulares Vivo;
2020-08-31 14:23:46;51  999033748;62.0;Para Celulares Vivo;
2020-08-30 10:47:32;51  997979388;56.0;Para Celulares Vivo;
2020-08-29 18:30:50;51  992592729;5.0;Para Celulares Vivo;
2020-08-29 18:09:18;51  992592729;5.0;Para Celulares Vivo;
2020-08-29 17:15:49;51  992592729;6.0;Para Celulares Vivo;
2020-08-29 12:36:22;51  999625626;73.0;Para Celulares Vivo;
2020-08-28 18:03:50;51  996145392;14.0;Para Celulares Vivo;
2020-08-28 12:43:24;51  995604580;291.0;Para Celulares Vivo;
2020-08-28 11:14:55;51  995210231;11.0;Para Celulares Vivo;
2020-08-28 10:24:10;51  986043796;67.0;Para Celulares Vivo;
2020-08-27 20:48:22;51  995107039;27.0;Para Celulares Vivo;
2020-08-27 20:15:03;51  992592729;5.0;Para Celulares Vivo;
2020-08-27 16:14:20;51  995878817;5.0;Para Celulares Vivo;
2020-08-27 16:11:24;51  999830677;16.0;Para Celulares Vivo;
2020-08-27 10:47:04;51  996480122;56.0;Para Celulares Vivo;
2020-08-27 10:17:57;51  997271883;22.0;Para Celulares Vivo;
2020-08-26 15:32:29;51  999830677;21.0;Para Celulares Vivo;
2020-08-26 15:29:42;51  999400144;24.0;Para Celulares Vivo;
2020-08-26 15:24:25;51  992592893;5.0;Para Celulares Vivo;
2020-08-26 15:19:34;51  997842173;22.0;Para Celulares Vivo;
2020-08-26 15:01:47;51  999830677;9.0;Para Celulares Vivo;
2020-08-26 11:38:18;51  999023443;21.0;Para Celulares Vivo;
2020-08-26 11:27:03;51  999023443;5.0;Para Celulares Vivo;
2020-08-25 16:55:29;51  996145392;12.0;Para Celulares Vivo;
2020-08-25 13:20:34;51  995878817;14.0;Para Celulares Vivo;
2020-08-25 09:59:23;51  995878817;33.0;Para Celulares Vivo;
2020-08-24 17:09:35;51  997967621;7.0;Para Celulares Vivo;
2020-08-23 18:40:13;51  997842173;5.0;Para Celulares Vivo;
2020-08-23 16:52:48;51  997842173;9.0;Para Celulares Vivo;
2020-08-23 11:41:24;51  997979388;21.0;Para Celulares Vivo;
2020-08-23 11:22:34;51  997979388;26.0;Para Celulares Vivo;
2020-08-23 01:10:38;51  996145392;9.0;Para Celulares Vivo;
2020-08-22 18:48:55;51  996337994;6.0;Para Celulares Vivo;
2020-08-22 00:08:06;51  996145392;9.0;Para Celulares Vivo;
2020-08-21 22:05:58;51  997842173;237.0;Para Celulares Vivo;
2020-08-21 22:05:16;51  997842173;5.0;Para Celulares Vivo;
2020-08-21 18:28:34;51  997842173;34.0;Para Celulares Vivo;
2020-08-21 18:13:37;51  996145392;33.0;Para Celulares Vivo;
2020-08-21 18:09:56;51  996679135;8.0;Para Celulares Vivo;
2020-08-21 18:08:07;51  992592729;14.0;Para Celulares Vivo;
2020-08-21 18:02:00;51  998872072;7.0;Para Celulares Vivo;
2020-08-21 16:14:55;51  995878817;24.0;Para Celulares Vivo;
2020-08-21 16:10:52;51  986043796;28.0;Para Celulares Vivo;
2020-08-21 14:43:10;51  996679135;71.0;Para Celulares Vivo;
2020-08-21 14:31:05;51  992592729;14.0;Para Celulares Vivo;
2020-08-21 13:51:29;51  997271883;36.0;Para Celulares Vivo;
2020-08-21 13:33:50;51  995878817;5.0;Para Celulares Vivo;
2020-08-21 13:31:08;51  995878817;22.0;Para Celulares Vivo;
2020-08-21 11:52:54;51  997842173;24.0;Para Celulares Vivo;
2020-08-21 11:15:57;51  995878817;20.0;Para Celulares Vivo;
2020-08-20 12:04:25;51  992592729;5.0;Para Celulares Vivo;
2020-08-19 20:26:29;51  996679135;62.0;Para Celulares Vivo;
2020-08-19 18:24:38;51  995878817;21.0;Para Celulares Vivo;
2020-08-19 17:36:20;51  996679135;10.0;Para Celulares Vivo;
2020-08-19 16:19:43;51  996480122;7.0;Para Celulares Vivo;
2020-08-19 15:57:40;51  998751361;5.0;Para Celulares Vivo;
2020-08-19 11:54:12;51  996145392;26.0;Para Celulares Vivo;
2020-08-19 11:52:22;51  992592729;7.0;Para Celulares Vivo;
2020-08-19 11:50:37;51  995878817;7.0;Para Celulares Vivo;
2020-08-19 11:02:27;51  998751361;5.0;Para Celulares Vivo;
2020-08-19 09:21:54;51  999101159;5.0;Para Celulares Vivo;
2020-08-18 23:05:48;51  992592729;6.0;Para Celulares Vivo;
2020-08-18 22:59:30;51  996145392;8.0;Para Celulares Vivo;
2020-08-18 22:57:54;51  995878817;8.0;Para Celulares Vivo;
2020-08-18 21:18:07;51  999957194;225.0;Para Celulares Vivo;
2020-08-18 21:16:31;51  999957194;7.0;Para Celulares Vivo;
2020-08-18 19:44:04;51  992592729;12.0;Para Celulares Vivo;
2020-08-18 18:05:35;51  992592729;15.0;Para Celulares Vivo;
2020-08-18 15:30:26;51  992592729;10.0;Para Celulares Vivo;
2020-08-18 14:25:52;51  999711785;38.0;Para Celulares Vivo;
2020-08-17 23:46:01;51  992592729;5.0;Para Celulares Vivo;
2020-08-17 22:34:33;51  996145392;12.0;Para Celulares Vivo;
2020-08-17 15:39:09;51  999033748;29.0;Para Celulares Vivo;
2020-08-17 15:35:50;51  997128185;15.0;Para Celulares Vivo;
2020-08-17 11:30:28;51  998751353;137.0;Para Celulares Vivo;
2020-08-16 18:57:00;51  997979388;7.0;Para Celulares Vivo;
2020-08-15 18:47:44;51  996679135;18.0;Para Celulares Vivo;
2020-08-15 11:11:12;51  992592729;5.0;Para Celulares Vivo;
2020-08-14 18:18:57;51  992592729;5.0;Para Celulares Vivo;
2020-08-14 17:32:32;51  995107039;19.0;Para Celulares Vivo;
2020-08-14 17:29:03;51  986043796;15.0;Para Celulares Vivo;
2020-08-14 12:36:06;51  999830677;16.0;Para Celulares Vivo;
2020-08-14 12:27:54;51  992592729;5.0;Para Celulares Vivo;
2020-08-14 11:39:50;51  992592729;5.0;Para Celulares Vivo;
2020-08-14 08:49:28;51  986043796;38.0;Para Celulares Vivo;
2020-08-13 21:24:11;51  992592729;12.0;Para Celulares Vivo;
2020-08-13 17:27:46;51  992592729;6.0;Para Celulares Vivo;
2020-08-13 14:39:54;51  999033748;53.0;Para Celulares Vivo;
2020-08-13 11:04:57;51  998230566;8.0;Para Celulares Vivo;
2020-08-13 09:56:22;51  996480122;17.0;Para Celulares Vivo;
2020-08-13 09:27:28;51  999400144;5.0;Para Celulares Vivo;
2020-08-12 22:14:14;51  999400144;16.0;Para Celulares Vivo;
2020-08-12 21:17:53;51  996724449;59.0;Para Celulares Vivo;
2020-08-12 19:50:00;51  995857831;5.0;Para Celulares Vivo;
2020-08-12 18:02:04;51  992592729;5.0;Para Celulares Vivo;
2020-08-12 18:00:52;51  992592729;7.0;Para Celulares Vivo;
2020-08-12 16:40:22;51  995210231;33.0;Para Celulares Vivo;
2020-08-12 11:51:49;51  992592729;6.0;Para Celulares Vivo;
2020-08-11 21:55:53;51  992592729;20.0;Para Celulares Vivo;
2020-08-11 19:43:15;51  997842173;48.0;Para Celulares Vivo;
2020-08-11 19:35:05;51  992592729;19.0;Para Celulares Vivo;
2020-08-11 19:07:28;51  992592729;11.0;Para Celulares Vivo;
2020-08-11 16:18:19;51  995210231;16.0;Para Celulares Vivo;
2020-08-11 09:19:45;51  997842173;13.0;Para Celulares Vivo;
2020-08-11 09:07:36;51  999367144;12.0;Para Celulares Vivo;
2020-08-10 18:14:55;51  992592729;5.0;Para Celulares Vivo;
2020-08-10 18:13:29;51  992592729;11.0;Para Celulares Vivo;
2020-08-10 17:53:16;51  996724449;6.0;Para Celulares Vivo;
2020-08-10 17:16:06;51  996724449;127.0;Para Celulares Vivo;
2020-08-10 17:06:22;51  996742425;37.0;Para Celulares Vivo;
2020-08-10 14:38:07;51  992592729;5.0;Para Celulares Vivo;
2020-08-09 19:15:05;51  997979388;12.0;Para Celulares Vivo;
2020-08-09 10:56:00;51  999215472;34.0;Para Celulares Vivo;
2020-08-09 09:26:57;51  996584264;66.0;Para Celulares Vivo;
2020-08-08 21:47:05;51  992592729;12.0;Para Celulares Vivo;
2020-08-08 20:50:15;51  999215472;5.0;Para Celulares Vivo;
2020-08-08 20:29:56;51  999215472;25.0;Para Celulares Vivo;
2020-08-08 19:47:56;51  992592729;19.0;Para Celulares Vivo;
2020-08-08 16:24:44;51  999101159;14.0;Para Celulares Vivo;
2020-08-08 16:06:08;51  997842173;64.0;Para Celulares Vivo;
2020-08-08 15:42:21;51  998387726;70.0;Para Celulares Vivo;
2020-08-08 15:34:42;51  999215472;72.0;Para Celulares Vivo;
2020-08-08 14:06:45;51  995107039;11.0;Para Celulares Vivo;
2020-08-08 12:30:21;51  992592729;20.0;Para Celulares Vivo;
2020-08-08 10:35:03;51  995107039;9.0;Para Celulares Vivo;
2020-08-08 10:28:09;51  996480122;9.0;Para Celulares Vivo;
2020-08-08 10:07:48;51  996768663;30.0;Para Celulares Vivo;
2020-08-08 09:25:01;51  995215965;12.0;Para Celulares Vivo;
2020-08-07 19:04:53;51  992592729;10.0;Para Celulares Vivo;
2020-08-07 13:28:38;51  996480122;19.0;Para Celulares Vivo;
2020-08-07 11:09:31;51  998230566;11.0;Para Celulares Vivo;
2020-08-07 10:07:43;51  996480122;20.0;Para Celulares Vivo;
2020-08-07 15:12:12;51  37421339;40.0;Para Fixo de Outras Operadoras;
2020-08-07 11:04:17;51  37428200;5.0;Para Fixo de Outras Operadoras;
2020-08-07 10:07:16;51  996480122;5.0;Para Celulares Vivo;
2020-08-06 21:19:53;51  995107039;115.0;Para Celulares Vivo;
2020-08-06 20:33:36;51  992592729;11.0;Para Celulares Vivo;
2020-08-06 19:36:35;51  996897296;80.0;Para Celulares Vivo;
2020-08-06 16:59:08;51  992592729;7.0;Para Celulares Vivo;
2020-08-06 13:14:15;51  996565865;108.0;Para Celulares Vivo;
2020-08-06 12:53:48;51  999704328;191.0;Para Celulares Vivo;
2020-08-06 12:49:17;51  997311401;10.0;Para Celulares Vivo;
2020-08-06 12:46:12;51  995107039;24.0;Para Celulares Vivo;
2020-08-05 19:34:10;51  997842173;5.0;Para Celulares Vivo;
2020-08-05 18:54:49;51  999101159;10.0;Para Celulares Vivo;
2020-08-05 18:15:11;51  998872072;6.0;Para Celulares Vivo;
2020-08-05 15:17:04;51  999840509;10.0;Para Celulares Vivo;
2020-08-05 10:47:49;51  997842173;7.0;Para Celulares Vivo;
2020-08-05 10:23:52;51  997979388;8.0;Para Celulares Vivo;
2020-08-04 20:03:32;51  997842173;193.0;Para Celulares Vivo;
2020-08-04 20:01:32;51  997842173;11.0;Para Celulares Vivo;
2020-08-04 18:58:56;51  998872072;194.0;Para Celulares Vivo;
2020-08-04 17:36:40;51  997979388;208.0;Para Celulares Vivo;
2020-08-04 16:23:50;51  998230566;5.0;Para Celulares Vivo;
2020-08-04 14:46:51;51  981785745;98.0;Para Celulares Vivo;
2020-08-04 14:24:53;51  995107039;11.0;Para Celulares Vivo;
2020-08-04 12:08:42;51  998480728;74.0;Para Celulares Vivo;
2020-08-03 17:12:52;51  997979388;12.0;Para Celulares Vivo;
2020-08-03 16:47:05;51  998480728;38.0;Para Celulares Vivo;
2020-08-03 12:36:54;51  998480728;56.0;Para Celulares Vivo;
2020-08-03 11:44:06;51  995107039;39.0;Para Celulares Vivo;
2020-08-03 10:03:14;51  996061226;17.0;Para Celulares Vivo;
2020-08-03 10:01:25;51  998718497;9.0;Para Celulares Vivo;
2020-08-02 21:16:30;51  997979388;70.0;Para Celulares Vivo;
2020-08-02 17:43:51;51  997979388;84.0;Para Celulares Vivo;
2020-08-01;"";10025.6;INTERNET MOVEL 2;0.00
2020-08-02;"";3323.0;INTERNET MOVEL 2;0.00
2020-08-03;"";5800.6;INTERNET MOVEL 2;0.00
2020-08-05;"";14718.9;INTERNET MOVEL 2;0.00
2020-08-06;"";64942.8;INTERNET MOVEL 2;0.00
2020-08-07;"";20624.5;INTERNET MOVEL 2;0.00
2020-08-09;"";126146.9;INTERNET MOVEL 2;0.00
2020-08-11;"";16758.4;INTERNET MOVEL 2;0.00
2020-08-13;"";5548.1;INTERNET MOVEL 2;0.00
2020-08-15;"";4376.0;INTERNET MOVEL 2;0.00
2020-08-16;"";40520.7;INTERNET MOVEL 2;0.00
2020-08-17;"";13149.5;INTERNET MOVEL 2;0.00
2020-08-19;"";1629.2;INTERNET MOVEL 2;0.00
2020-08-21;"";15673.5;INTERNET MOVEL 2;0.00
2020-08-22;"";5237.3;INTERNET MOVEL 2;0.00
2020-08-24;"";13946.6;INTERNET MOVEL 2;0.00
2020-08-25;"";15332.8;INTERNET MOVEL 2;0.00
2020-08-27;"";15685.6;INTERNET MOVEL 2;0.00
2020-08-28;"";4496.0;INTERNET MOVEL 2;0.00
2020-08-31;"";7264.6;INTERNET MOVEL 2;0.00
