data_hora_inicio;nro_telefone_chamado;duracao_ligacao;desc_categoria;valor_ligacao
2020-08-14;"";683.0;INTERNET MOVEL 2;0.00
2020-08-15;"";2734.3;INTERNET MOVEL 2;0.00
2020-08-16;"";2772.1;INTERNET MOVEL 2;0.00
2020-08-17;"";7254.7;INTERNET MOVEL 2;0.00
2020-08-18;"";7286.5;INTERNET MOVEL 2;0.00
2020-08-19;"";2529.0;INTERNET MOVEL 2;0.00
2020-08-20;"";3186.4;INTERNET MOVEL 2;0.00
2020-08-22;"";17492.8;INTERNET MOVEL 2;0.00
2020-08-23;"";10630.5;INTERNET MOVEL 2;0.00
2020-08-24;"";18073.0;INTERNET MOVEL 2;0.00
2020-08-25;"";66296.6;INTERNET MOVEL 2;0.00
2020-08-26;"";13601.5;INTERNET MOVEL 2;0.00
2020-08-27;"";11050.9;INTERNET MOVEL 2;0.00
2020-08-28;"";11318.1;INTERNET MOVEL 2;0.00
2020-08-29;"";13432.3;INTERNET MOVEL 2;0.00
2020-08-30;"";9406.9;INTERNET MOVEL 2;0.00
2020-08-31;"";82.0;INTERNET MOVEL 2;0.00
