data_hora_inicio;nro_telefone_chamado;duracao_ligacao;desc_categoria;valor_ligacao
2020-08-20 23:39:29;61  981219129;6.0;Para Celulares de Outras Operadoras;
2020-08-10 11:42:40;51  31369525;8.0;Para Fixo de Outras Operadoras;
2020-08-03 15:11:33;51  35920576;30.0;Para Fixo de Outras Operadoras;
2020-08-24 09:37:26;51  991771271;10.0;Para Celulares de Outras Operadoras;
2020-08-11 14:07:33;51  991519092;9.0;Para Celulares de Outras Operadoras;
2020-08-28 13:36:38;51  981148539;13.0;Para Fixo Vivo;
2020-08-24 14:47:05;51  981148539;20.0;Para Fixo Vivo;
2020-08-11 09:33:09;51  981148539;46.0;Para Fixo Vivo;
2020-08-10 11:15:33;51  981148539;46.0;Para Fixo Vivo;
2020-08-05 10:27:29;51  30374397;18.0;Para Fixo Vivo;
2020-08-28 11:17:19;51  999713236;5.0;Para Celulares Vivo;
2020-08-28 11:16:04;51  999112519;8.0;Para Celulares Vivo;
2020-08-27 11:46:26;51  999713236;58.0;Para Celulares Vivo;
2020-08-26 20:13:17;51  999112519;58.0;Para Celulares Vivo;
2020-08-26 14:12:49;51  992592972;36.0;Para Celulares Vivo;
2020-08-11 15:21:02;51  995782151;41.0;Para Celulares Vivo;
2020-08-05 12:00:48;51  998664267;89.0;Para Celulares Vivo;
2020-07-31;"";2745.0;INTERNET MOVEL 2;0.00
2020-08-01;"";6540.5;INTERNET MOVEL 2;0.00
2020-08-02;"";11533.3;INTERNET MOVEL 2;0.00
2020-08-03;"";5965.0;INTERNET MOVEL 2;0.00
2020-08-04;"";13254.1;INTERNET MOVEL 2;0.00
2020-08-05;"";9102.1;INTERNET MOVEL 2;0.00
2020-08-06;"";3871.0;INTERNET MOVEL 2;0.00
2020-08-07;"";14707.3;INTERNET MOVEL 2;0.00
2020-08-08;"";3611.4;INTERNET MOVEL 2;0.00
2020-08-09;"";11208.6;INTERNET MOVEL 2;0.00
2020-08-10;"";3121.0;INTERNET MOVEL 2;0.00
2020-08-11;"";62357.5;INTERNET MOVEL 2;0.00
2020-08-12;"";9153.1;INTERNET MOVEL 2;0.00
2020-08-13;"";17445.2;INTERNET MOVEL 2;0.00
2020-08-14;"";12117.5;INTERNET MOVEL 2;0.00
2020-08-15;"";9312.6;INTERNET MOVEL 2;0.00
2020-08-16;"";5003.0;INTERNET MOVEL 2;0.00
2020-08-17;"";11742.2;INTERNET MOVEL 2;0.00
2020-08-18;"";30003.9;INTERNET MOVEL 2;0.00
2020-08-19;"";12415.7;INTERNET MOVEL 2;0.00
2020-08-20;"";7203.5;INTERNET MOVEL 2;0.00
2020-08-21;"";12854.3;INTERNET MOVEL 2;0.00
2020-08-22;"";5751.6;INTERNET MOVEL 2;0.00
2020-08-23;"";4624.5;INTERNET MOVEL 2;0.00
2020-08-24;"";19184.4;INTERNET MOVEL 2;0.00
2020-08-25;"";10539.1;INTERNET MOVEL 2;0.00
2020-08-26;"";50328.5;INTERNET MOVEL 2;0.00
2020-08-27;"";54418.2;INTERNET MOVEL 2;0.00
2020-08-28;"";6555.7;INTERNET MOVEL 2;0.00
2020-08-29;"";6278.4;INTERNET MOVEL 2;0.00
2020-08-30;"";5010.9;INTERNET MOVEL 2;0.00
2020-08-31;"";34770.2;INTERNET MOVEL 2;0.00
