data_hora_inicio;nro_telefone_chamado;duracao_ligacao;desc_categoria;valor_ligacao
2020-08-01 21:36:50;51  991034978;57.0;Para Celulares Vivo;
2020-08-03 19:58:45;*5  55;5.0;"";
2020-08-23 20:39:04;51  37790086;11.0;Para Fixo de Outras Operadoras;
2020-08-19 19:51:13;51  34856060;12.0;Para Fixo de Outras Operadoras;
2020-08-07 18:44:06;51  37790086;21.0;Para Fixo de Outras Operadoras;
2020-08-02 12:23:57;51  37790086;6.0;Para Fixo de Outras Operadoras;
2020-08-26 09:57:44;51  982688177;48.0;Para Celulares de Outras Operadoras;
2020-08-25 17:19:15;51  991931287;5.0;Para Celulares de Outras Operadoras;
2020-08-25 07:44:44;51  991931287;39.0;Para Celulares de Outras Operadoras;
2020-08-24 20:08:02;51  992255947;5.0;Para Celulares de Outras Operadoras;
2020-08-24 19:43:36;51  992255947;8.0;Para Celulares de Outras Operadoras;
2020-08-21 18:46:42;51  992255947;5.0;Para Celulares de Outras Operadoras;
2020-08-21 08:33:49;51  994610494;5.0;Para Celulares de Outras Operadoras;
2020-08-18 15:27:47;51  993438384;12.0;Para Celulares de Outras Operadoras;
2020-08-17 08:53:46;51  991165673;104.0;Para Celulares de Outras Operadoras;
2020-08-12 08:55:49;51  994610494;5.0;Para Celulares de Outras Operadoras;
2020-08-12 08:53:42;51  994610494;5.0;Para Celulares de Outras Operadoras;
2020-08-11 15:25:09;51  982688177;22.0;Para Celulares de Outras Operadoras;
2020-08-10 15:47:32;51  981211690;8.0;Para Celulares de Outras Operadoras;
2020-08-10 15:29:23;51  981211690;5.0;Para Celulares de Outras Operadoras;
2020-08-10 07:53:43;51  994610494;8.0;Para Celulares de Outras Operadoras;
2020-08-09 09:58:59;51  992255947;5.0;Para Celulares de Outras Operadoras;
2020-08-05 12:12:32;51  982688177;9.0;Para Celulares de Outras Operadoras;
2020-08-04 15:06:00;51  998398916;5.0;Para Celulares de Outras Operadoras;
2020-08-03 19:59:40;51  992255947;13.0;Para Celulares de Outras Operadoras;
2020-08-03 10:46:00;51  994610494;5.0;Para Celulares de Outras Operadoras;
2020-08-03 08:45:52;51  994610494;5.0;Para Celulares de Outras Operadoras;
2020-08-03 16:30:16;51  30223000;31.0;Para Fixo Vivo;
2020-08-03 15:55:01;51  982301338;90.0;Para Fixo Vivo;
2020-08-31 10:26:35;51  991034978;15.0;Para Celulares Vivo;
2020-08-31 10:04:54;51  991919823;6.0;Para Celulares Vivo;
2020-08-31 08:27:02;51  995112258;5.0;Para Celulares Vivo;
2020-08-30 17:36:28;51  991034978;5.0;Para Celulares Vivo;
2020-08-28 13:48:47;51  995105815;5.0;Para Celulares Vivo;
2020-08-27 20:51:23;51  991034978;5.0;Para Celulares Vivo;
2020-08-26 11:07:03;51  991026438;5.0;Para Celulares Vivo;
2020-08-26 09:55:46;51  995112258;7.0;Para Celulares Vivo;
2020-08-25 17:18:15;51  981119588;5.0;Para Celulares Vivo;
2020-08-25 17:16:35;51  991014112;5.0;Para Celulares Vivo;
2020-08-25 16:46:21;51  981119588;5.0;Para Celulares Vivo;
2020-08-25 16:12:14;51  995112258;10.0;Para Celulares Vivo;
2020-08-24 16:58:52;51  992592869;98.0;Para Celulares Vivo;
2020-08-24 16:01:08;51  981119588;5.0;Para Celulares Vivo;
2020-08-23 14:55:44;51  991034978;8.0;Para Celulares Vivo;
2020-08-22 11:55:16;51  991034978;13.0;Para Celulares Vivo;
2020-08-21 14:41:11;51  992592757;5.0;Para Celulares Vivo;
2020-08-20 07:50:10;51  991026438;5.0;Para Celulares Vivo;
2020-08-19 15:51:24;51  991034978;11.0;Para Celulares Vivo;
2020-08-19 11:31:27;51  991034978;62.0;Para Celulares Vivo;
2020-08-19 08:07:21;51  991026438;13.0;Para Celulares Vivo;
2020-08-18 17:56:56;51  991034978;8.0;Para Celulares Vivo;
2020-08-17 17:31:48;51  991034978;127.0;Para Celulares Vivo;
2020-08-17 16:24:06;51  991919823;5.0;Para Celulares Vivo;
2020-08-17 15:17:23;51  995105815;5.0;Para Celulares Vivo;
2020-08-17 13:06:57;51  991034978;6.0;Para Celulares Vivo;
2020-08-15 20:01:57;51  991034978;5.0;Para Celulares Vivo;
2020-08-15 20:01:06;51  991034978;5.0;Para Celulares Vivo;
2020-08-14 15:51:30;51  991034978;5.0;Para Celulares Vivo;
2020-08-14 15:27:39;51  991034978;16.0;Para Celulares Vivo;
2020-08-14 14:29:40;51  991026438;7.0;Para Celulares Vivo;
2020-08-13 11:06:15;51  991916429;5.0;Para Celulares Vivo;
2020-08-13 08:44:15;51  980530481;5.0;Para Celulares Vivo;
2020-08-13 08:30:13;51  981119588;5.0;Para Celulares Vivo;
2020-08-12 08:40:26;51  998851856;20.0;Para Celulares Vivo;
2020-08-11 18:59:00;51  981119588;10.0;Para Celulares Vivo;
2020-08-11 18:11:19;51  991034978;121.0;Para Celulares Vivo;
2020-08-11 15:06:37;51  991911632;21.0;Para Celulares Vivo;
2020-08-10 17:30:22;51  991026438;8.0;Para Celulares Vivo;
2020-08-10 16:22:46;51  991026438;19.0;Para Celulares Vivo;
2020-08-10 15:57:02;51  984274504;13.0;Para Celulares Vivo;
2020-08-10 13:25:36;51  991034978;7.0;Para Celulares Vivo;
2020-08-10 13:09:58;51  991034978;12.0;Para Celulares Vivo;
2020-08-10 10:05:04;51  995112258;18.0;Para Celulares Vivo;
2020-08-09 18:48:56;51  991034978;5.0;Para Celulares Vivo;
2020-08-08 20:11:05;51  991034978;33.0;Para Celulares Vivo;
2020-08-08 19:19:29;51  991034978;28.0;Para Celulares Vivo;
2020-08-07 15:34:08;51  991034978;26.0;Para Celulares Vivo;
2020-08-07 15:17:11;51  992076689;14.0;Para Celulares Vivo;
2020-08-07 15:09:38;51  991034978;5.0;Para Celulares Vivo;
2020-08-07 14:45:36;51  991034807;17.0;Para Celulares Vivo;
2020-08-07 09:30:02;51  995105815;5.0;Para Celulares Vivo;
2020-08-06 13:21:34;51  992592757;9.0;Para Celulares Vivo;
2020-08-05 21:35:48;51  991034978;12.0;Para Celulares Vivo;
2020-08-05 17:22:53;51  998851856;6.0;Para Celulares Vivo;
2020-08-05 07:17:18;51  995105815;5.0;Para Celulares Vivo;
2020-08-04 16:27:00;51  991026438;12.0;Para Celulares Vivo;
2020-08-03 20:56:20;51  991034978;24.0;Para Celulares Vivo;
2020-08-03 15:44:35;51  995105815;5.0;Para Celulares Vivo;
2020-08-03 15:43:34;51  991026438;7.0;Para Celulares Vivo;
2020-08-02 17:47:03;51  991034978;5.0;Para Celulares Vivo;
2020-07-31;"";20209.4;INTERNET MOVEL 2;0.00
2020-08-01;"";205131.0;INTERNET MOVEL 2;0.00
2020-08-02;"";136620.4;INTERNET MOVEL 2;0.00
2020-08-03;"";55956.5;INTERNET MOVEL 2;0.00
2020-08-04;"";105076.3;INTERNET MOVEL 2;0.00
2020-08-05;"";69904.1;INTERNET MOVEL 2;0.00
2020-08-06;"";17097.2;INTERNET MOVEL 2;0.00
2020-08-07;"";120071.6;INTERNET MOVEL 2;0.00
2020-08-08;"";171124.8;INTERNET MOVEL 2;0.00
2020-08-09;"";216675.2;INTERNET MOVEL 2;0.00
2020-08-10;"";59434.2;INTERNET MOVEL 2;0.00
2020-08-11;"";67754.1;INTERNET MOVEL 2;0.00
2020-08-12;"";56384.9;INTERNET MOVEL 2;0.00
2020-08-13;"";39421.2;INTERNET MOVEL 2;0.00
2020-08-14;"";63182.6;INTERNET MOVEL 2;0.00
2020-08-15;"";79030.1;INTERNET MOVEL 2;0.00
2020-08-16;"";3535.4;INTERNET MOVEL 2;0.00
2020-08-17;"";56956.2;INTERNET MOVEL 2;0.00
2020-08-18;"";189904.3;INTERNET MOVEL 2;0.00
2020-08-19;"";75106.6;INTERNET MOVEL 2;0.00
2020-08-20;"";124417.6;INTERNET MOVEL 2;0.00
2020-08-21;"";139061.5;INTERNET MOVEL 2;0.00
2020-08-22;"";101442.9;INTERNET MOVEL 2;0.00
2020-08-23;"";1359.0;INTERNET MOVEL 2;0.00
2020-08-24;"";188974.4;INTERNET MOVEL 2;0.00
2020-08-25;"";107662.4;INTERNET MOVEL 2;0.00
2020-08-26;"";56121.9;INTERNET MOVEL 2;0.00
2020-08-27;"";171967.7;INTERNET MOVEL 2;0.00
2020-08-28;"";39031.7;INTERNET MOVEL 2;0.00
2020-08-29;"";27050.7;INTERNET MOVEL 2;0.00
2020-08-30;"";36354.1;INTERNET MOVEL 2;0.00
2020-08-31;"";8635.6;INTERNET MOVEL 2;0.00
