data_hora_inicio;nro_telefone_chamado;duracao_ligacao;desc_categoria;valor_ligacao
2020-08-05 10:14:14;51  998099313;8.0;Para Celulares de Outras Operadoras;
2020-08-03 13:32:03;51  993251349;40.0;Para Celulares de Outras Operadoras;
2020-08-24 09:13:47;51  21313333;11.0;Para Fixo Vivo;
2020-08-24 09:07:11;51  985371028;5.0;Para Fixo Vivo;
2020-08-13 03:02:29;51  32172121;5.0;Para Fixo Vivo;
2020-08-06 23:53:26;51  32172121;7.0;Para Fixo Vivo;
2020-08-31 13:28:47;51  999907437;20.0;Para Celulares Vivo;
2020-08-31 13:15:00;51  991943334;5.0;Para Celulares Vivo;
2020-08-28 11:01:30;51  991026438;15.0;Para Celulares Vivo;
2020-08-27 15:42:24;51  993355497;8.0;Para Celulares Vivo;
2020-08-27 14:13:47;51  997990571;5.0;Para Celulares Vivo;
2020-08-27 13:25:27;51  993355497;15.0;Para Celulares Vivo;
2020-08-27 09:04:01;51  993355497;38.0;Para Celulares Vivo;
2020-08-26 14:06:35;51  997990571;5.0;Para Celulares Vivo;
2020-08-26 13:28:32;51  992518679;17.0;Para Celulares Vivo;
2020-08-26 11:00:04;51  999907437;8.0;Para Celulares Vivo;
2020-08-24 10:22:48;51  997990571;5.0;Para Celulares Vivo;
2020-08-24 10:05:45;51  992518679;13.0;Para Celulares Vivo;
2020-08-24 08:13:21;51  997990571;5.0;Para Celulares Vivo;
2020-08-21 14:21:15;51  991026438;22.0;Para Celulares Vivo;
2020-08-21 13:39:48;51  993360720;8.0;Para Celulares Vivo;
2020-08-21 11:49:45;51  993355497;34.0;Para Celulares Vivo;
2020-08-21 07:29:23;51  998311708;5.0;Para Celulares Vivo;
2020-08-20 14:25:51;51  991026438;10.0;Para Celulares Vivo;
2020-08-20 10:20:18;51  993355497;11.0;Para Celulares Vivo;
2020-08-18 09:38:47;51  993355497;6.0;Para Celulares Vivo;
2020-08-18 09:01:33;51  993355497;19.0;Para Celulares Vivo;
2020-08-14 15:11:05;51  991026438;9.0;Para Celulares Vivo;
2020-08-14 10:25:01;51  993360720;26.0;Para Celulares Vivo;
2020-08-14 08:33:21;51  993360720;5.0;Para Celulares Vivo;
2020-08-13 16:16:08;51  993360720;5.0;Para Celulares Vivo;
2020-08-01 08:09:17;51  997990571;5.0;Para Celulares Vivo;
2020-08-01 08:07:14;51  991026438;17.0;Para Celulares Vivo;
2020-08-01 07:36:04;51  993360720;5.0;Para Celulares Vivo;
2020-08-10 08:56:08;51  35001777;22.0;Para Fixo de Outras Operadoras;
2020-08-27 08:59:34;51  993897131;26.0;Para Celulares de Outras Operadoras;
2020-08-26 14:23:40;51  989434872;15.0;Para Celulares de Outras Operadoras;
2020-08-26 10:58:59;51  989434872;5.0;Para Celulares de Outras Operadoras;
2020-08-24 09:09:15;51  989434872;5.0;Para Celulares de Outras Operadoras;
2020-08-20 14:07:30;51  989434872;12.0;Para Celulares de Outras Operadoras;
2020-08-18 11:21:09;51  989434872;5.0;Para Celulares de Outras Operadoras;
2020-08-17 16:30:42;51  994610494;11.0;Para Celulares de Outras Operadoras;
2020-08-13 12:53:49;51  985936846;5.0;Para Celulares de Outras Operadoras;
2020-08-11 10:25:15;51  989434872;5.0;Para Celulares de Outras Operadoras;
2020-08-10 11:08:31;51  989434872;9.0;Para Celulares de Outras Operadoras;
2020-08-10 09:45:50;51  993251349;9.0;Para Celulares de Outras Operadoras;
2020-08-06 11:16:05;51  993251349;9.0;Para Celulares de Outras Operadoras;
2020-08-06 08:11:51;51  993251349;17.0;Para Celulares de Outras Operadoras;
2020-08-05 13:15:08;51  993889435;8.0;Para Celulares de Outras Operadoras;
2020-08-13 14:31:28;51  991026438;6.0;Para Celulares Vivo;
2020-08-13 13:08:31;51  999907437;8.0;Para Celulares Vivo;
2020-08-13 10:23:57;51  998311708;7.0;Para Celulares Vivo;
2020-08-13 08:57:30;51  999907437;20.0;Para Celulares Vivo;
2020-08-13 08:23:56;51  998311708;5.0;Para Celulares Vivo;
2020-08-13 08:12:21;51  998311708;5.0;Para Celulares Vivo;
2020-08-13 08:00:34;51  997990571;5.0;Para Celulares Vivo;
2020-08-13 07:55:53;51  998311708;5.0;Para Celulares Vivo;
2020-08-13 07:43:12;51  998311708;5.0;Para Celulares Vivo;
2020-08-12 13:39:37;51  999907437;5.0;Para Celulares Vivo;
2020-08-12 09:45:29;51  997990571;5.0;Para Celulares Vivo;
2020-08-12 09:45:00;51  997990571;5.0;Para Celulares Vivo;
2020-08-12 07:59:02;51  998311708;5.0;Para Celulares Vivo;
2020-08-11 14:21:43;51  998311708;5.0;Para Celulares Vivo;
2020-08-10 14:24:03;51  991026438;14.0;Para Celulares Vivo;
2020-08-10 11:09:46;51  991026438;6.0;Para Celulares Vivo;
2020-08-10 11:05:29;51  991026438;11.0;Para Celulares Vivo;
2020-08-07 16:22:56;51  991026438;10.0;Para Celulares Vivo;
2020-08-07 16:09:08;51  991026438;16.0;Para Celulares Vivo;
2020-08-07 14:46:23;51  993360720;7.0;Para Celulares Vivo;
2020-08-06 14:35:17;51  993360720;10.0;Para Celulares Vivo;
2020-08-06 13:10:32;51  998311708;5.0;Para Celulares Vivo;
2020-08-06 08:14:37;51  998311708;5.0;Para Celulares Vivo;
2020-08-05 14:40:33;51  993360720;13.0;Para Celulares Vivo;
2020-08-05 14:39:53;51  997990571;5.0;Para Celulares Vivo;
2020-08-05 10:15:24;51  991026438;5.0;Para Celulares Vivo;
2020-08-05 10:12:09;51  993360720;9.0;Para Celulares Vivo;
2020-08-05 09:11:28;51  993360720;8.0;Para Celulares Vivo;
2020-08-05 08:37:26;51  999907437;9.0;Para Celulares Vivo;
2020-08-04 07:41:35;51  997990571;5.0;Para Celulares Vivo;
2020-08-03 13:28:36;51  998851856;31.0;Para Celulares Vivo;
2020-07-31;"";2522.0;INTERNET MOVEL 2;0.00
2020-08-01;"";45473.1;INTERNET MOVEL 2;0.00
2020-08-02;"";19098.4;INTERNET MOVEL 2;0.00
2020-08-03;"";9621.0;INTERNET MOVEL 2;0.00
2020-08-04;"";11095.5;INTERNET MOVEL 2;0.00
2020-08-05;"";24657.6;INTERNET MOVEL 2;0.00
2020-08-06;"";3319.4;INTERNET MOVEL 2;0.00
2020-08-07;"";2794.0;INTERNET MOVEL 2;0.00
2020-08-08;"";576.0;INTERNET MOVEL 2;0.00
2020-08-10;"";4494.0;INTERNET MOVEL 2;0.00
2020-08-11;"";14089.4;INTERNET MOVEL 2;0.00
2020-08-12;"";3627.0;INTERNET MOVEL 2;0.00
2020-08-13;"";23675.8;INTERNET MOVEL 2;0.00
2020-08-14;"";55833.3;INTERNET MOVEL 2;0.00
2020-08-15;"";44196.3;INTERNET MOVEL 2;0.00
2020-08-17;"";21268.5;INTERNET MOVEL 2;0.00
2020-08-18;"";7949.0;INTERNET MOVEL 2;0.00
2020-08-19;"";57222.0;INTERNET MOVEL 2;0.00
2020-08-20;"";2859.6;INTERNET MOVEL 2;0.00
2020-08-21;"";7246.3;INTERNET MOVEL 2;0.00
2020-08-22;"";1327.0;INTERNET MOVEL 2;0.00
2020-08-24;"";5933.0;INTERNET MOVEL 2;0.00
2020-08-25;"";2155.0;INTERNET MOVEL 2;0.00
2020-08-26;"";12990.0;INTERNET MOVEL 2;0.00
2020-08-27;"";3666.0;INTERNET MOVEL 2;0.00
2020-08-28;"";11868.6;INTERNET MOVEL 2;0.00
2020-08-29;"";2224.0;INTERNET MOVEL 2;0.00
2020-08-31;"";19961.3;INTERNET MOVEL 2;0.00
