data_hora_inicio;nro_telefone_chamado;duracao_ligacao;desc_categoria;valor_ligacao
2020-08-28 15:05:44;5121313333;1.0;ADICIONAL;0.00
2020-08-28 11:31:12;51  21313333;0.0;Adicional por Ligacoes Realizadas;
2020-08-28 11:31:12;51  21313333;84.0;Para Fixo Vivo;
2020-08-28 15:05:44;51  21313333;181.0;Chamadas de Longa Distancia para Outros Estados;
2020-08-05;"";82735.6;INTERNET MOVEL 2;0.00
2020-08-07;"";29924.5;INTERNET MOVEL 2;0.00
2020-08-21;"";8769.0;INTERNET MOVEL 2;0.00
2020-08-25;"";10354.3;INTERNET MOVEL 2;0.00
2020-08-26;"";464.0;INTERNET MOVEL 2;0.00
2020-08-27;"";289.0;INTERNET MOVEL 2;0.00
2020-08-28;"";3633.0;INTERNET MOVEL 2;0.00
2020-08-29;"";1135.0;INTERNET MOVEL 2;0.00
2020-08-30;"";827.0;INTERNET MOVEL 2;0.00
2020-08-31;"";62710.4;INTERNET MOVEL 2;0.00
