data_hora_inicio;nro_telefone_chamado;duracao_ligacao;desc_categoria;valor_ligacao
2020-08-14 09:15:44;34999941243;1.0;GRATIS-SMS;0.00
2020-08-18 15:05:19;41  997479741;73.0;Para Celulares de Outras Operadoras;
2020-08-18 15:02:49;41  997479741;7.0;Para Celulares de Outras Operadoras;
2020-08-14 08:21:36;11  942462940;6.0;Para Celulares de Outras Operadoras;
2020-08-13 14:46:32;47  999348868;79.0;Para Celulares de Outras Operadoras;
2020-08-13 14:41:12;47  999630593;49.0;Para Celulares de Outras Operadoras;
2020-08-13 14:37:32;42  991036753;5.0;Para Celulares de Outras Operadoras;
2020-08-12 09:03:32;49  984017861;6.0;Para Celulares de Outras Operadoras;
2020-08-12 09:02:12;49  999807880;9.0;Para Celulares de Outras Operadoras;
2020-08-07 14:28:43;49  999807880;78.0;Para Celulares de Outras Operadoras;
2020-08-05 14:10:19;49  999807880;85.0;Para Celulares de Outras Operadoras;
2020-08-26 09:43:19;41  32198138;108.0;Para Fixo Vivo;
2020-08-13 14:57:03;47  33704540;8.0;Para Fixo Vivo;
2020-08-26 10:09:38;42  991077518;5.0;Para Celulares Vivo;
2020-08-25 08:50:56;47  991717871;16.0;Para Celulares Vivo;
2020-08-24 16:28:48;47  988909362;144.0;Para Celulares Vivo;
2020-08-24 09:30:07;41  992275540;47.0;Para Celulares Vivo;
2020-08-18 14:45:10;11  981222233;21.0;Para Celulares Vivo;
2020-08-14 11:06:32;42  991077518;5.0;Para Celulares Vivo;
2020-08-13 16:03:36;47  991717871;223.0;Para Celulares Vivo;
2020-08-13 15:02:21;47  991717871;5.0;Para Celulares Vivo;
2020-08-27 12:42:06;54  981180504;13.0;Para Celulares de Outras Operadoras;
2020-08-19 15:05:00;54  981180504;5.0;Para Celulares de Outras Operadoras;
2020-08-19 11:06:52;53  997101318;5.0;Para Celulares de Outras Operadoras;
2020-08-13 18:42:01;54  981180504;9.0;Para Celulares de Outras Operadoras;
2020-08-13 18:24:22;54  981180504;144.0;Para Celulares de Outras Operadoras;
2020-08-13 16:00:54;54  981180504;24.0;Para Celulares de Outras Operadoras;
2020-08-13 14:28:04;54  991227387;37.0;Para Celulares de Outras Operadoras;
2020-08-07 15:15:14;54  991227387;90.0;Para Celulares de Outras Operadoras;
2020-08-07 15:13:33;54  991227387;12.0;Para Celulares de Outras Operadoras;
2020-08-26 15:22:22;54  999233130;53.0;Para Celulares Vivo;
2020-08-26 09:55:40;54  999233130;124.0;Para Celulares Vivo;
2020-08-26 09:06:09;54  984173851;146.0;Para Celulares Vivo;
2020-08-21 08:55:22;54  999233130;214.0;Para Celulares Vivo;
2020-08-27 09:40:53;44  36498181;127.0;Para Fixo de Outras Operadoras;
2020-08-27 09:36:26;44  36498181;41.0;Para Fixo de Outras Operadoras;
2020-08-26 13:27:49;41  36261156;88.0;Para Fixo de Outras Operadoras;
2020-08-26 11:11:21;49  33161127;9.0;Para Fixo de Outras Operadoras;
2020-08-12 08:54:43;49  33823621;10.0;Para Fixo de Outras Operadoras;
2020-08-28 18:07:03;49  999807880;51.0;Para Celulares de Outras Operadoras;
2020-08-27 10:19:31;49  999207816;68.0;Para Celulares de Outras Operadoras;
2020-08-26 10:00:20;47  996620048;78.0;Para Celulares de Outras Operadoras;
2020-08-26 09:58:30;47  996620048;14.0;Para Celulares de Outras Operadoras;
2020-08-21 14:07:23;49  999807880;100.0;Para Celulares de Outras Operadoras;
2020-08-21 14:06:48;49  988297437;5.0;Para Celulares de Outras Operadoras;
2020-08-19 14:47:13;49  999807880;172.0;Para Celulares de Outras Operadoras;
2020-08-18 15:41:55;47  999866867;90.0;Para Celulares de Outras Operadoras;
2020-08-07 14:57:29;54  984173851;141.0;Para Celulares Vivo;
2020-08-07 14:53:48;54  984173851;29.0;Para Celulares Vivo;
2020-08-05 08:35:06;54  999233130;87.0;Para Celulares Vivo;
2020-08-28 13:03:15;*5  55;6.0;"";
2020-08-27 09:33:27;*5  55;10.0;"";
2020-08-26 11:51:05;*5  55;5.0;"";
2020-08-26 09:24:40;*5  55;5.0;"";
2020-08-11 17:00:54;*5  55;6.0;"";
2020-08-05 08:45:07;*5  55;10.0;"";
2020-08-05 08:44:20;*5  55;5.0;"";
2020-08-26 11:18:10;51  34883874;22.0;Para Fixo de Outras Operadoras;
2020-08-12 14:36:32;51  34881098;17.0;Para Fixo de Outras Operadoras;
2020-08-28 15:00:40;51  991987887;5.0;Para Celulares de Outras Operadoras;
2020-08-26 10:17:57;51  981242372;20.0;Para Celulares de Outras Operadoras;
2020-08-24 11:03:21;51  993581912;131.0;Para Celulares de Outras Operadoras;
2020-08-20 08:34:47;51  993581912;332.0;Para Celulares de Outras Operadoras;
2020-08-14 18:57:16;51  993581912;76.0;Para Celulares de Outras Operadoras;
2020-08-14 13:01:29;51  993581912;106.0;Para Celulares de Outras Operadoras;
2020-08-13 17:13:40;51  981881481;483.0;Para Celulares de Outras Operadoras;
2020-08-10 17:44:57;51  981881481;5.0;Para Celulares de Outras Operadoras;
2020-08-05 11:10:56;51  981881481;21.0;Para Celulares de Outras Operadoras;
2020-08-05 10:33:27;51  981881481;112.0;Para Celulares de Outras Operadoras;
2020-08-05 10:00:46;51  981881481;5.0;Para Celulares de Outras Operadoras;
2020-08-28 13:55:36;51  992592817;101.0;Para Celulares Vivo;
2020-08-28 13:05:33;51  995557024;7.0;Para Celulares Vivo;
2020-08-28 11:17:01;51  992592817;5.0;Para Celulares Vivo;
2020-08-28 11:05:34;51  992592817;5.0;Para Celulares Vivo;
2020-08-27 08:36:24;51  995943973;480.0;Para Celulares Vivo;
2020-08-13 11:05:08;51  999533536;61.0;Para Celulares Vivo;
2020-08-12 17:08:13;51  996443054;6.0;Para Celulares Vivo;
2020-08-05 13:54:15;51  998313290;130.0;Para Celulares Vivo;
2020-07-31;"";95.0;INTERNET MOVEL 2;0.00
2020-08-02;"";162.0;INTERNET MOVEL 2;0.00
2020-08-03;"";530.0;INTERNET MOVEL 2;0.00
2020-08-04;"";124.0;INTERNET MOVEL 2;0.00
2020-08-05;"";453.0;INTERNET MOVEL 2;0.00
2020-08-06;"";2714.1;INTERNET MOVEL 2;0.00
2020-08-07;"";545.0;INTERNET MOVEL 2;0.00
2020-08-08;"";1620.0;INTERNET MOVEL 2;0.00
2020-08-09;"";171.0;INTERNET MOVEL 2;0.00
2020-08-10;"";4389.4;INTERNET MOVEL 2;0.00
2020-08-11;"";5827.2;INTERNET MOVEL 2;0.00
2020-08-12;"";5434.6;INTERNET MOVEL 2;0.00
2020-08-13;"";215.0;INTERNET MOVEL 2;0.00
2020-08-14;"";4491.8;INTERNET MOVEL 2;0.00
2020-08-15;"";163.0;INTERNET MOVEL 2;0.00
2020-08-16;"";216.0;INTERNET MOVEL 2;0.00
2020-08-17;"";315.0;INTERNET MOVEL 2;0.00
2020-08-18;"";744.0;INTERNET MOVEL 2;0.00
2020-08-19;"";720.0;INTERNET MOVEL 2;0.00
2020-08-20;"";400.0;INTERNET MOVEL 2;0.00
2020-08-21;"";9805.5;INTERNET MOVEL 2;0.00
2020-08-22;"";32506.3;INTERNET MOVEL 2;0.00
2020-08-23;"";5.0;INTERNET MOVEL 2;0.00
2020-08-24;"";574.0;INTERNET MOVEL 2;0.00
2020-08-25;"";538.0;INTERNET MOVEL 2;0.00
2020-08-26;"";2268.0;INTERNET MOVEL 2;0.00
2020-08-27;"";186.0;INTERNET MOVEL 2;0.00
2020-08-28;"";28974.6;INTERNET MOVEL 2;0.00
2020-08-29;"";4959.8;INTERNET MOVEL 2;0.00
2020-08-30;"";112.0;INTERNET MOVEL 2;0.00
2020-08-31;"";315.0;INTERNET MOVEL 2;0.00
