data_hora_inicio;nro_telefone_chamado;duracao_ligacao;desc_categoria;valor_ligacao
2020-08-29 14:07:23;72424;1.0;INTERATIVIDADE SMS;5.99
2020-08-22 04:52:53;72424;1.0;INTERATIVIDADE SMS;5.99
2020-08-14 20:16:36;72424;1.0;INTERATIVIDADE SMS;5.99
2020-08-07 14:08:33;72424;1.0;INTERATIVIDADE SMS;5.99
2020-07-31 04:51:40;72424;1.0;INTERATIVIDADE SMS;5.99
2020-08-26 16:57:35;51993788284;1.0;GRATIS-SMS;0.00
2020-08-13 17:08:48;51996591273;1.0;GRATIS-SMS;0.00
2020-08-13 09:57:36;11  30033030;92.0;Para Fixo de Outras Operadoras;
2020-08-25 15:44:02;11  991663198;196.0;Para Celulares de Outras Operadoras;
2020-08-25 08:34:04;41  992410596;56.0;Para Celulares Vivo;
2020-08-25 08:33:41;41  992410596;5.0;Para Celulares Vivo;
2020-08-31 12:34:09;51  40427114;11.0;Para Fixo de Outras Operadoras;
2020-08-27 10:17:36;51  40427114;24.0;Para Fixo de Outras Operadoras;
2020-08-18 11:22:11;51  33744958;41.0;Para Fixo de Outras Operadoras;
2020-08-18 09:54:58;51  34704068;8.0;Para Fixo de Outras Operadoras;
2020-08-18 09:07:49;51  34704068;5.0;Para Fixo de Outras Operadoras;
2020-08-17 10:36:10;51  34701391;12.0;Para Fixo de Outras Operadoras;
2020-08-14 11:54:16;51  34765320;31.0;Para Fixo de Outras Operadoras;
2020-08-07 20:28:55;51  34698894;9.0;Para Fixo de Outras Operadoras;
2020-08-24 14:50:01;51  999245912;30.0;Para Celulares de Outras Operadoras;
2020-08-31 12:36:28;51  33164646;5.0;Para Fixo Vivo;
2020-08-26 09:01:17;51  996781699;49.0;Para Celulares Vivo;
2020-08-25 09:52:23;51  996781699;20.0;Para Celulares Vivo;
2020-08-25 08:32:27;51  996781699;74.0;Para Celulares Vivo;
2020-08-25 08:10:54;51  996781699;40.0;Para Celulares Vivo;
2020-08-25 08:06:57;51  995838788;35.0;Para Celulares Vivo;
2020-08-22 18:32:30;51  992461524;7.0;Para Celulares Vivo;
2020-08-22 10:29:34;51  991991969;11.0;Para Celulares Vivo;
2020-08-22 10:25:50;51  991991969;5.0;Para Celulares Vivo;
2020-08-15 17:04:33;51  991991969;7.0;Para Celulares Vivo;
2020-08-15 09:31:48;51  996781699;47.0;Para Celulares Vivo;
2020-08-14 15:57:09;51  996781699;5.0;Para Celulares Vivo;
2020-08-14 14:01:52;51  991991969;48.0;Para Celulares Vivo;
2020-08-14 13:58:36;51  991991969;28.0;Para Celulares Vivo;
2020-08-13 17:51:18;51  998558242;23.0;Para Celulares Vivo;
2020-08-11 14:12:20;51  997537244;18.0;Para Celulares Vivo;
2020-08-11 09:00:14;51  999713236;27.0;Para Celulares Vivo;
2020-08-11 08:44:28;51  996781699;7.0;Para Celulares Vivo;
2020-08-11 08:36:56;51  998558242;22.0;Para Celulares Vivo;
2020-08-11 08:34:13;51  999713236;5.0;Para Celulares Vivo;
2020-08-11 08:22:41;51  996781699;26.0;Para Celulares Vivo;
2020-08-04 12:02:25;51  996781699;24.0;Para Celulares Vivo;
2020-08-03 15:16:54;51  996781699;76.0;Para Celulares Vivo;
2020-08-03 08:12:21;51  996781699;8.0;Para Celulares Vivo;
2020-07-31;"";83.0;INTERNET MOVEL 2;0.00
2020-08-01;"";4371.2;INTERNET MOVEL 2;0.00
2020-08-02;"";25813.5;INTERNET MOVEL 2;0.00
2020-08-03;"";37636.2;INTERNET MOVEL 2;0.00
2020-08-04;"";177.0;INTERNET MOVEL 2;0.00
2020-08-05;"";183.0;INTERNET MOVEL 2;0.00
2020-08-06;"";34395.1;INTERNET MOVEL 2;0.00
2020-08-07;"";274.0;INTERNET MOVEL 2;0.00
2020-08-08;"";260.0;INTERNET MOVEL 2;0.00
2020-08-09;"";11806.6;INTERNET MOVEL 2;0.00
2020-08-10;"";283.0;INTERNET MOVEL 2;0.00
2020-08-11;"";407.0;INTERNET MOVEL 2;0.00
2020-08-12;"";8615.8;INTERNET MOVEL 2;0.00
2020-08-13;"";2651.0;INTERNET MOVEL 2;0.00
2020-08-14;"";67728.0;INTERNET MOVEL 2;0.00
2020-08-15;"";65680.0;INTERNET MOVEL 2;0.00
2020-08-16;"";98602.8;INTERNET MOVEL 2;0.00
2020-08-17;"";22681.9;INTERNET MOVEL 2;0.00
2020-08-18;"";7545.2;INTERNET MOVEL 2;0.00
2020-08-19;"";36885.1;INTERNET MOVEL 2;0.00
2020-08-20;"";27838.7;INTERNET MOVEL 2;0.00
2020-08-21;"";30486.6;INTERNET MOVEL 2;0.00
2020-08-22;"";11005.1;INTERNET MOVEL 2;0.00
2020-08-23;"";21156.8;INTERNET MOVEL 2;0.00
2020-08-24;"";3871.0;INTERNET MOVEL 2;0.00
2020-08-25;"";10355.0;INTERNET MOVEL 2;0.00
2020-08-26;"";98175.3;INTERNET MOVEL 2;0.00
2020-08-27;"";5808.8;INTERNET MOVEL 2;0.00
2020-08-28;"";87649.9;INTERNET MOVEL 2;0.00
2020-08-29;"";156033.0;INTERNET MOVEL 2;0.00
2020-08-30;"";7901.7;INTERNET MOVEL 2;0.00
2020-08-31;"";26933.8;INTERNET MOVEL 2;0.00
