data_hora_inicio;nro_telefone_chamado;duracao_ligacao;desc_categoria;valor_ligacao
2020-08-26 14:27:17;51993319514;1.0;GRATIS-SMS;0.00
2020-08-26 13:40:47;51996268732;1.0;GRATIS-SMS;0.00
2020-08-25 13:46:55;51991034807;1.0;GRATIS-SMS;0.00
2020-08-21 14:13:38;51994054961;1.0;GRATIS-SMS;0.00
2020-08-20 17:31:04;31997735555;1.0;GRATIS-SMS;0.00
2020-08-20 14:50:52;13981188560;1.0;GRATIS-SMS;0.00
2020-08-20 14:46:55;31997735555;1.0;GRATIS-SMS;0.00
2020-08-19 14:46:30;42988346254;1.0;GRATIS-SMS;0.00
2020-08-18 15:15:16;54996503436;1.0;GRATIS-SMS;0.00
2020-08-18 15:14:40;54996503436;1.0;GRATIS-SMS;0.00
2020-08-18 14:49:44;54996503436;1.0;GRATIS-SMS;0.00
2020-08-18 10:42:05;51993319514;1.0;GRATIS-SMS;0.00
2020-08-05 18:25:29;51998062704;1.0;GRATIS-SMS;0.00
2020-08-04 16:43:37;54996503436;1.0;GRATIS-SMS;0.00
2020-08-03 15:04:16;51991259818;1.0;GRATIS-SMS;0.00
2020-08-01 11:07:20;*5  55;5.0;"";
2020-08-01 14:28:37;51  999439860;5.0;Para Celulares Vivo;
2020-08-01 10:41:19;51  999439860;6.0;Para Celulares Vivo;
2020-08-10 16:21:17;48  36223902;311.0;Para Fixo de Outras Operadoras;
2020-08-10 16:16:37;48  36223902;28.0;Para Fixo de Outras Operadoras;
2020-08-17 16:33:52;41  999781341;95.0;Para Celulares de Outras Operadoras;
2020-08-13 17:30:49;98  984198591;167.0;Para Celulares de Outras Operadoras;
2020-08-31 13:56:07;13  981188560;148.0;Para Celulares Vivo;
2020-08-26 09:07:29;13  981188560;141.0;Para Celulares Vivo;
2020-08-21 10:18:05;13  981188559;57.0;Para Celulares Vivo;
2020-08-20 14:08:45;13  981188560;78.0;Para Celulares Vivo;
2020-08-19 16:52:07;98  991669641;19.0;Para Celulares Vivo;
2020-08-13 13:52:27;41  988445185;6.0;Para Celulares Vivo;
2020-08-13 09:47:11;41  988445185;60.0;Para Celulares Vivo;
2020-08-13 09:21:55;13  981188560;5.0;Para Celulares Vivo;
2020-08-12 08:39:30;13  981188560;76.0;Para Celulares Vivo;
2020-08-07 14:49:08;41  988445185;27.0;Para Celulares Vivo;
2020-08-07 08:50:00;13  981188560;44.0;Para Celulares Vivo;
2020-08-05 13:43:36;13  981188560;5.0;Para Celulares Vivo;
2020-08-04 11:29:41;31  997649947;12.0;Para Celulares Vivo;
2020-08-17 13:49:41;53  32320433;11.0;Para Fixo de Outras Operadoras;
2020-08-17 15:00:04;54  996503436;16.0;Para Celulares Vivo;
2020-08-04 10:11:26;54  996503436;22.0;Para Celulares Vivo;
2020-08-17 13:51:16;51  37839508;24.0;Para Fixo de Outras Operadoras;
2020-08-11 16:42:53;51  31997179;79.0;Para Fixo de Outras Operadoras;
2020-08-11 16:41:50;51  31997179;9.0;Para Fixo de Outras Operadoras;
2020-08-27 16:23:56;51  998062704;16.0;Para Celulares de Outras Operadoras;
2020-08-27 08:20:58;51  991922095;7.0;Para Celulares de Outras Operadoras;
2020-08-25 21:20:17;51  997291989;42.0;Para Celulares de Outras Operadoras;
2020-08-25 13:24:54;51  986111794;39.0;Para Celulares de Outras Operadoras;
2020-08-25 10:52:23;51  986111794;47.0;Para Celulares de Outras Operadoras;
2020-08-24 09:02:47;51  991922095;11.0;Para Celulares de Outras Operadoras;
2020-08-21 15:32:12;51  998062704;20.0;Para Celulares de Outras Operadoras;
2020-08-18 16:38:04;51  998062704;5.0;Para Celulares de Outras Operadoras;
2020-08-18 16:11:07;51  998062704;7.0;Para Celulares de Outras Operadoras;
2020-08-18 15:47:44;51  989370010;229.0;Para Celulares de Outras Operadoras;
2020-08-17 17:26:21;51  991922095;6.0;Para Celulares de Outras Operadoras;
2020-08-17 16:52:09;51  989370010;242.0;Para Celulares de Outras Operadoras;
2020-08-17 09:18:00;51  991922095;5.0;Para Celulares de Outras Operadoras;
2020-08-17 09:03:09;51  991922095;5.0;Para Celulares de Outras Operadoras;
2020-08-16 13:12:16;51  982049694;16.0;Para Celulares de Outras Operadoras;
2020-08-13 17:15:31;51  991987887;136.0;Para Celulares de Outras Operadoras;
2020-08-13 14:13:09;51  991987887;5.0;Para Celulares de Outras Operadoras;
2020-08-12 14:11:57;51  985153898;275.0;Para Celulares de Outras Operadoras;
2020-08-05 17:43:54;51  998062704;5.0;Para Celulares de Outras Operadoras;
2020-08-25 08:09:37;51  33404980;8.0;Para Fixo Vivo;
2020-08-13 09:22:39;51  984468666;34.0;Para Fixo Vivo;
2020-08-12 08:34:25;51  984468666;32.0;Para Fixo Vivo;
2020-08-04 10:55:57;51  30618837;5.0;Para Fixo Vivo;
2020-08-04 09:20:27;51  30618837;21.0;Para Fixo Vivo;
2020-08-31 10:27:32;51  991813564;48.0;Para Celulares Vivo;
2020-08-31 09:17:24;51  993320327;44.0;Para Celulares Vivo;
2020-08-29 10:23:54;51  999956635;6.0;Para Celulares Vivo;
2020-08-28 22:03:34;51  998642691;5.0;Para Celulares Vivo;
2020-08-28 19:03:14;51  993320327;63.0;Para Celulares Vivo;
2020-08-28 19:00:56;51  999439860;5.0;Para Celulares Vivo;
2020-08-28 19:00:07;51  993320327;5.0;Para Celulares Vivo;
2020-08-28 18:59:29;51  993320327;5.0;Para Celulares Vivo;
2020-08-28 10:20:58;51  993319514;20.0;Para Celulares Vivo;
2020-08-27 16:22:08;51  993320327;34.0;Para Celulares Vivo;
2020-08-27 15:54:46;51  993320327;35.0;Para Celulares Vivo;
2020-08-27 14:09:52;51  996922316;11.0;Para Celulares Vivo;
2020-08-27 12:51:34;51  999439860;5.0;Para Celulares Vivo;
2020-08-27 11:31:13;51  991813564;7.0;Para Celulares Vivo;
2020-08-27 09:18:46;51  993320327;74.0;Para Celulares Vivo;
2020-08-27 07:50:23;51  993320327;22.0;Para Celulares Vivo;
2020-08-26 17:02:17;51  993319514;5.0;Para Celulares Vivo;
2020-08-26 15:20:28;51  993320327;18.0;Para Celulares Vivo;
2020-08-26 14:10:20;51  996268732;5.0;Para Celulares Vivo;
2020-08-26 10:40:31;51  993320327;102.0;Para Celulares Vivo;
2020-08-26 09:22:42;51  993319514;13.0;Para Celulares Vivo;
2020-08-26 08:38:50;51  993319514;281.0;Para Celulares Vivo;
2020-08-26 08:16:06;51  991813564;509.0;Para Celulares Vivo;
2020-08-25 18:47:12;51  999439860;5.0;Para Celulares Vivo;
2020-08-25 13:48:28;51  991034807;20.0;Para Celulares Vivo;
2020-08-25 13:28:21;51  991813564;91.0;Para Celulares Vivo;
2020-08-25 11:17:40;51  995878281;9.0;Para Celulares Vivo;
2020-08-25 10:58:59;51  992067522;85.0;Para Celulares Vivo;
2020-08-25 10:57:21;51  991813564;11.0;Para Celulares Vivo;
2020-08-25 09:20:18;51  992592845;5.0;Para Celulares Vivo;
2020-08-25 08:11:36;51  996922316;5.0;Para Celulares Vivo;
2020-08-25 07:58:06;51  996268732;29.0;Para Celulares Vivo;
2020-08-24 19:07:57;51  991813564;39.0;Para Celulares Vivo;
2020-08-24 15:14:39;51  991034807;5.0;Para Celulares Vivo;
2020-08-24 14:39:38;51  991813564;30.0;Para Celulares Vivo;
2020-08-24 14:35:25;51  996922316;72.0;Para Celulares Vivo;
2020-08-24 13:33:51;51  991259818;45.0;Para Celulares Vivo;
2020-08-24 09:39:31;51  993320327;45.0;Para Celulares Vivo;
2020-08-24 08:15:27;51  991200777;53.0;Para Celulares Vivo;
2020-08-21 15:53:35;51  991200777;67.0;Para Celulares Vivo;
2020-08-21 08:06:37;51  993320327;5.0;Para Celulares Vivo;
2020-08-20 08:56:20;51  991223844;10.0;Para Celulares Vivo;
2020-08-20 08:54:15;51  996922316;18.0;Para Celulares Vivo;
2020-08-20 08:47:36;51  991034807;14.0;Para Celulares Vivo;
2020-08-20 08:32:13;51  991223844;14.0;Para Celulares Vivo;
2020-08-20 08:28:52;51  995878281;5.0;Para Celulares Vivo;
2020-08-20 08:05:13;51  994057331;13.0;Para Celulares Vivo;
2020-08-19 13:30:14;51  991813564;9.0;Para Celulares Vivo;
2020-08-19 13:25:31;51  993320327;15.0;Para Celulares Vivo;
2020-08-19 10:25:12;51  991223844;14.0;Para Celulares Vivo;
2020-08-19 08:07:06;51  993320327;262.0;Para Celulares Vivo;
2020-08-18 17:11:27;51  993320327;5.0;Para Celulares Vivo;
2020-08-18 10:53:02;51  993319514;316.0;Para Celulares Vivo;
2020-08-18 10:11:47;51  993319514;51.0;Para Celulares Vivo;
2020-08-18 10:04:21;51  996268732;49.0;Para Celulares Vivo;
2020-08-17 17:31:41;51  992592729;184.0;Para Celulares Vivo;
2020-08-17 17:17:39;51  992592867;80.0;Para Celulares Vivo;
2020-08-17 14:33:42;51  999881155;259.0;Para Celulares Vivo;
2020-08-17 13:57:02;51  992592867;31.0;Para Celulares Vivo;
2020-08-17 11:04:53;51  991223844;83.0;Para Celulares Vivo;
2020-08-17 11:01:17;51  996922316;31.0;Para Celulares Vivo;
2020-08-15 14:02:25;51  991813564;5.0;Para Celulares Vivo;
2020-08-15 10:24:40;51  999439860;5.0;Para Celulares Vivo;
2020-08-14 16:28:50;51  991813564;89.0;Para Celulares Vivo;
2020-08-14 08:28:53;51  993320327;7.0;Para Celulares Vivo;
2020-08-13 14:06:26;51  997303078;7.0;Para Celulares Vivo;
2020-08-13 14:01:27;51  991200777;36.0;Para Celulares Vivo;
2020-08-13 10:27:29;51  991200777;54.0;Para Celulares Vivo;
2020-08-12 17:25:08;51  993320327;19.0;Para Celulares Vivo;
2020-08-12 15:52:53;51  998642691;5.0;Para Celulares Vivo;
2020-08-12 15:48:25;51  992592869;37.0;Para Celulares Vivo;
2020-08-12 13:58:14;51  991813564;42.0;Para Celulares Vivo;
2020-08-12 13:42:52;51  993319514;148.0;Para Celulares Vivo;
2020-08-12 13:40:41;51  996922316;170.0;Para Celulares Vivo;
2020-08-12 13:37:01;51  996922316;34.0;Para Celulares Vivo;
2020-08-12 09:35:17;51  993320327;32.0;Para Celulares Vivo;
2020-08-12 09:04:48;51  992592629;172.0;Para Celulares Vivo;
2020-08-12 08:14:22;51  996872609;19.0;Para Celulares Vivo;
2020-08-11 15:54:00;51  991813564;6.0;Para Celulares Vivo;
2020-08-11 15:51:37;51  992592629;21.0;Para Celulares Vivo;
2020-08-11 14:58:14;51  991200777;5.0;Para Celulares Vivo;
2020-08-11 13:41:40;51  991813564;14.0;Para Celulares Vivo;
2020-08-10 15:28:51;51  996872609;17.0;Para Celulares Vivo;
2020-08-10 14:14:50;51  996872609;9.0;Para Celulares Vivo;
2020-08-10 08:55:00;51  991813564;171.0;Para Celulares Vivo;
2020-08-07 17:24:05;51  993320327;21.0;Para Celulares Vivo;
2020-08-07 17:22:35;51  999244269;11.0;Para Celulares Vivo;
2020-08-07 17:20:15;51  991034807;19.0;Para Celulares Vivo;
2020-08-07 15:58:00;51  992592869;123.0;Para Celulares Vivo;
2020-08-07 08:38:47;51  992592867;10.0;Para Celulares Vivo;
2020-08-07 08:22:37;51  993320327;10.0;Para Celulares Vivo;
2020-08-06 17:01:59;51  992592869;82.0;Para Celulares Vivo;
2020-08-06 14:02:56;51  991813564;6.0;Para Celulares Vivo;
2020-08-06 13:58:04;51  991813564;5.0;Para Celulares Vivo;
2020-08-06 13:53:18;51  991813564;16.0;Para Celulares Vivo;
2020-08-06 11:07:10;51  992592845;11.0;Para Celulares Vivo;
2020-08-05 18:40:53;51  991813564;402.0;Para Celulares Vivo;
2020-08-05 18:23:34;51  993319514;135.0;Para Celulares Vivo;
2020-08-05 16:01:43;51  991200777;28.0;Para Celulares Vivo;
2020-08-05 14:04:54;51  996922316;82.0;Para Celulares Vivo;
2020-08-04 15:47:55;51  991813564;16.0;Para Celulares Vivo;
2020-08-04 14:55:13;51  991813564;35.0;Para Celulares Vivo;
2020-08-04 14:29:07;51  991200777;70.0;Para Celulares Vivo;
2020-08-04 13:53:19;51  998642691;5.0;Para Celulares Vivo;
2020-08-04 09:33:37;51  993320327;5.0;Para Celulares Vivo;
2020-08-04 09:14:10;51  995878281;10.0;Para Celulares Vivo;
2020-08-03 19:46:36;51  998642691;5.0;Para Celulares Vivo;
2020-08-03 14:22:57;51  993189322;5.0;Para Celulares Vivo;
2020-08-03 14:06:27;51  993320327;8.0;Para Celulares Vivo;
2020-08-03 13:19:17;51  992592867;16.0;Para Celulares Vivo;
2020-08-03 11:04:37;51  991813564;37.0;Para Celulares Vivo;
2020-08-03 10:59:05;51  991813564;53.0;Para Celulares Vivo;
2020-08-03 10:07:18;51  992592867;102.0;Para Celulares Vivo;
2020-08-03 09:18:36;51  992592869;78.0;Para Celulares Vivo;
2020-08-03 08:48:32;51  991813564;223.0;Para Celulares Vivo;
2020-08-03 08:43:24;51  993189322;5.0;Para Celulares Vivo;
2020-08-02 22:13:17;51  998069631;577.0;Para Celulares Vivo;
2020-07-31;"";168.0;INTERNET MOVEL 2;0.00
2020-08-01;"";14188.0;INTERNET MOVEL 2;0.00
2020-08-02;"";69315.0;INTERNET MOVEL 2;0.00
2020-08-03;"";162697.5;INTERNET MOVEL 2;0.00
2020-08-04;"";135780.7;INTERNET MOVEL 2;0.00
2020-08-05;"";639.0;INTERNET MOVEL 2;0.00
2020-08-06;"";27471.3;INTERNET MOVEL 2;0.00
2020-08-07;"";802.0;INTERNET MOVEL 2;0.00
2020-08-08;"";157339.4;INTERNET MOVEL 2;0.00
2020-08-09;"";15914.0;INTERNET MOVEL 2;0.00
2020-08-10;"";909.0;INTERNET MOVEL 2;0.00
2020-08-11;"";200818.0;INTERNET MOVEL 2;0.00
2020-08-12;"";19065.4;INTERNET MOVEL 2;0.00
2020-08-13;"";686.0;INTERNET MOVEL 2;0.00
2020-08-14;"";2031.6;INTERNET MOVEL 2;0.00
2020-08-15;"";84962.6;INTERNET MOVEL 2;0.00
2020-08-16;"";182988.1;INTERNET MOVEL 2;0.00
2020-08-17;"";828.0;INTERNET MOVEL 2;0.00
2020-08-18;"";706.0;INTERNET MOVEL 2;0.00
2020-08-19;"";716.0;INTERNET MOVEL 2;0.00
2020-08-20;"";79541.8;INTERNET MOVEL 2;0.00
2020-08-21;"";120487.5;INTERNET MOVEL 2;0.00
2020-08-22;"";72718.1;INTERNET MOVEL 2;0.00
2020-08-23;"";13450.6;INTERNET MOVEL 2;0.00
2020-08-24;"";39632.8;INTERNET MOVEL 2;0.00
2020-08-25;"";584.0;INTERNET MOVEL 2;0.00
2020-08-26;"";53082.8;INTERNET MOVEL 2;0.00
2020-08-27;"";180079.1;INTERNET MOVEL 2;0.00
2020-08-28;"";173784.8;INTERNET MOVEL 2;0.00
2020-08-29;"";80806.8;INTERNET MOVEL 2;0.00
2020-08-30;"";43066.6;INTERNET MOVEL 2;0.00
2020-08-31;"";67308.3;INTERNET MOVEL 2;0.00
