data_hora_inicio;nro_telefone_chamado;duracao_ligacao;desc_categoria;valor_ligacao
2020-08-20 18:26:02;51991924824;1.0;GRATIS-SMS;0.00
2020-08-13 13:42:53;51999747053;1.0;GRATIS-SMS;0.00
2020-08-13 13:40:34;51999747053;1.0;GRATIS-SMS;0.00
2020-08-07 15:09:15;51980554201;1.0;GRATIS-SMS;0.00
2020-08-07 15:03:48;51980554201;1.0;GRATIS-SMS;0.00
2020-08-05 14:47:37;51981119588;1.0;GRATIS-SMS;0.00
2020-08-04 11:26:35;51985766067;1.0;GRATIS-SMS;0.00
2020-08-04 11:18:26;51992592847;1.0;GRATIS-SMS;0.00
2020-08-04 10:54:37;51997653800;1.0;GRATIS-SMS;0.00
2020-08-04 10:49:47;51980554201;1.0;GRATIS-SMS;0.00
2020-08-20 09:19:34;44  999481346;96.0;Para Celulares de Outras Operadoras;
2020-08-06 14:53:48;44  999481346;202.0;Para Celulares de Outras Operadoras;
2020-08-11 14:35:30;55  32122288;61.0;Para Fixo de Outras Operadoras;
2020-08-05 13:42:48;55  996384203;10.0;Para Celulares Vivo;
2020-08-04 10:07:40;55  999730103;9.0;Para Celulares Vivo;
2020-08-31 09:22:35;*5  55;5.0;"";
2020-08-19 16:35:44;51  21234461;6.0;Para Fixo de Outras Operadoras;
2020-08-06 14:34:18;51  33495555;31.0;Para Fixo de Outras Operadoras;
2020-08-06 11:36:45;51  33495555;15.0;Para Fixo de Outras Operadoras;
2020-08-05 15:30:54;51  37421345;5.0;Para Fixo de Outras Operadoras;
2020-08-13 16:37:38;51  985766067;59.0;Para Celulares de Outras Operadoras;
2020-08-13 11:06:38;51  985766067;79.0;Para Celulares de Outras Operadoras;
2020-08-07 15:17:20;51  985766067;26.0;Para Celulares de Outras Operadoras;
2020-08-04 11:32:40;51  985766067;28.0;Para Celulares de Outras Operadoras;
2020-08-03 18:21:59;51  985766067;28.0;Para Celulares de Outras Operadoras;
2020-08-20 09:44:28;51  30756565;61.0;Para Fixo Vivo;
2020-08-31 18:32:09;51  992592893;14.0;Para Celulares Vivo;
2020-08-31 14:56:51;51  992592847;132.0;Para Celulares Vivo;
2020-08-31 11:24:02;51  992592847;58.0;Para Celulares Vivo;
2020-08-31 11:09:51;51  997567539;14.0;Para Celulares Vivo;
2020-08-31 09:03:07;51  980554201;5.0;Para Celulares Vivo;
2020-08-27 18:33:11;51  999069866;139.0;Para Celulares Vivo;
2020-08-27 17:05:52;51  998369942;22.0;Para Celulares Vivo;
2020-08-27 14:39:09;51  984274504;71.0;Para Celulares Vivo;
2020-08-26 09:51:23;51  992592893;5.0;Para Celulares Vivo;
2020-08-25 10:19:02;51  997653800;24.0;Para Celulares Vivo;
2020-08-24 16:26:24;51  998369942;12.0;Para Celulares Vivo;
2020-08-22 22:33:38;51  992592893;13.0;Para Celulares Vivo;
2020-08-22 22:24:19;51  992592893;31.0;Para Celulares Vivo;
2020-08-21 17:02:58;51  998369942;8.0;Para Celulares Vivo;
2020-08-21 11:45:12;51  991924824;20.0;Para Celulares Vivo;
2020-08-20 18:32:31;51  991924824;5.0;Para Celulares Vivo;
2020-08-20 10:21:25;51  998369942;21.0;Para Celulares Vivo;
2020-08-20 09:53:19;51  998203677;75.0;Para Celulares Vivo;
2020-08-20 09:52:31;51  998582813;5.0;Para Celulares Vivo;
2020-08-20 09:34:09;51  996268732;60.0;Para Celulares Vivo;
2020-08-20 09:29:50;51  984274504;29.0;Para Celulares Vivo;
2020-08-19 16:04:12;51  999524563;8.0;Para Celulares Vivo;
2020-08-19 10:20:20;51  997842173;25.0;Para Celulares Vivo;
2020-08-19 10:09:01;51  992592893;64.0;Para Celulares Vivo;
2020-08-19 09:26:52;51  998369942;14.0;Para Celulares Vivo;
2020-08-19 09:24:33;51  999524563;15.0;Para Celulares Vivo;
2020-08-18 23:26:35;51  991924824;5.0;Para Celulares Vivo;
2020-08-17 19:13:35;51  991924824;18.0;Para Celulares Vivo;
2020-08-14 16:25:25;51  999109682;5.0;Para Celulares Vivo;
2020-08-13 13:49:29;51  999747053;9.0;Para Celulares Vivo;
2020-08-10 10:29:38;51  996145392;6.0;Para Celulares Vivo;
2020-08-10 09:24:12;51  992592752;22.0;Para Celulares Vivo;
2020-08-07 15:39:09;51  980554201;45.0;Para Celulares Vivo;
2020-08-07 14:30:48;51  996268732;398.0;Para Celulares Vivo;
2020-08-07 14:12:48;51  980554201;5.0;Para Celulares Vivo;
2020-08-06 15:57:40;51  997676670;18.0;Para Celulares Vivo;
2020-08-06 15:47:19;51  996268732;98.0;Para Celulares Vivo;
2020-08-05 21:16:05;51  997567539;17.0;Para Celulares Vivo;
2020-08-05 20:13:36;51  991924824;9.0;Para Celulares Vivo;
2020-08-05 14:12:54;51  998411668;9.0;Para Celulares Vivo;
2020-08-03 18:45:05;51  992592893;160.0;Para Celulares Vivo;
2020-08-01;"";28993.8;INTERNET MOVEL 2;0.00
2020-08-02;"";4410.8;INTERNET MOVEL 2;0.00
2020-08-03;"";3272.6;INTERNET MOVEL 2;0.00
2020-08-04;"";9280.8;INTERNET MOVEL 2;0.00
2020-08-05;"";3201.0;INTERNET MOVEL 2;0.00
2020-08-06;"";10501.0;INTERNET MOVEL 2;0.00
2020-08-07;"";1180.0;INTERNET MOVEL 2;0.00
2020-08-08;"";22489.6;INTERNET MOVEL 2;0.00
2020-08-09;"";16066.2;INTERNET MOVEL 2;0.00
2020-08-10;"";9420.7;INTERNET MOVEL 2;0.00
2020-08-11;"";8808.5;INTERNET MOVEL 2;0.00
2020-08-12;"";8361.1;INTERNET MOVEL 2;0.00
2020-08-13;"";28112.6;INTERNET MOVEL 2;0.00
2020-08-14;"";130374.8;INTERNET MOVEL 2;0.00
2020-08-15;"";53139.0;INTERNET MOVEL 2;0.00
2020-08-16;"";107695.9;INTERNET MOVEL 2;0.00
2020-08-17;"";69629.3;INTERNET MOVEL 2;0.00
2020-08-18;"";128052.4;INTERNET MOVEL 2;0.00
2020-08-19;"";79326.3;INTERNET MOVEL 2;0.00
2020-08-20;"";81071.4;INTERNET MOVEL 2;0.00
2020-08-21;"";80043.7;INTERNET MOVEL 2;0.00
2020-08-22;"";85309.2;INTERNET MOVEL 2;0.00
2020-08-23;"";85084.5;INTERNET MOVEL 2;0.00
2020-08-24;"";66922.7;INTERNET MOVEL 2;0.00
2020-08-25;"";79099.6;INTERNET MOVEL 2;0.00
2020-08-26;"";67116.9;INTERNET MOVEL 2;0.00
2020-08-27;"";115284.2;INTERNET MOVEL 2;0.00
2020-08-28;"";63901.9;INTERNET MOVEL 2;0.00
2020-08-29;"";67295.7;INTERNET MOVEL 2;0.00
2020-08-30;"";82132.8;INTERNET MOVEL 2;0.00
2020-08-31;"";105602.4;INTERNET MOVEL 2;0.00
