data_hora_inicio;nro_telefone_chamado;duracao_ligacao;desc_categoria;valor_ligacao
2020-08-01;"";180.0;INTERNET MOVEL 2;0.00
2020-08-02;"";106.0;INTERNET MOVEL 2;0.00
2020-08-03;"";52.0;INTERNET MOVEL 2;0.00
2020-08-04;"";105.0;INTERNET MOVEL 2;0.00
2020-08-05;"";137.0;INTERNET MOVEL 2;0.00
2020-08-06;"";62.0;INTERNET MOVEL 2;0.00
2020-08-07;"";41.0;INTERNET MOVEL 2;0.00
2020-08-08;"";229.0;INTERNET MOVEL 2;0.00
2020-08-09;"";33.0;INTERNET MOVEL 2;0.00
2020-08-10;"";141.0;INTERNET MOVEL 2;0.00
2020-08-11;"";51.0;INTERNET MOVEL 2;0.00
2020-08-12;"";79.0;INTERNET MOVEL 2;0.00
2020-08-13;"";26.0;INTERNET MOVEL 2;0.00
2020-08-14;"";22.0;INTERNET MOVEL 2;0.00
2020-08-15;"";1.0;INTERNET MOVEL 2;0.00
2020-08-16;"";24.0;INTERNET MOVEL 2;0.00
2020-08-17;"";25.0;INTERNET MOVEL 2;0.00
2020-08-18;"";340.0;INTERNET MOVEL 2;0.00
2020-08-19;"";185.0;INTERNET MOVEL 2;0.00
2020-08-20;"";65.0;INTERNET MOVEL 2;0.00
2020-08-21;"";1042.0;INTERNET MOVEL 2;0.00
2020-08-22;"";47.0;INTERNET MOVEL 2;0.00
2020-08-23;"";442.0;INTERNET MOVEL 2;0.00
2020-08-24;"";251.0;INTERNET MOVEL 2;0.00
2020-08-25;"";2907.0;INTERNET MOVEL 2;0.00
2020-08-26;"";3157.0;INTERNET MOVEL 2;0.00
2020-08-27;"";512.0;INTERNET MOVEL 2;0.00
2020-08-28;"";10755.7;INTERNET MOVEL 2;0.00
2020-08-29;"";42490.6;INTERNET MOVEL 2;0.00
2020-08-30;"";934.0;INTERNET MOVEL 2;0.00
2020-08-31;"";581.0;INTERNET MOVEL 2;0.00
