data_hora_inicio;nro_telefone_chamado;duracao_ligacao;desc_categoria;valor_ligacao
2020-08-11 17:06:56;11984719731;1.0;GRATIS-SMS;0.00
2020-08-11 17:01:30;11984719731;1.0;GRATIS-SMS;0.00
2020-08-06 15:31:53;11984719731;1.0;GRATIS-SMS;0.00
2020-08-01 13:36:07;53  984051627;58.0;Para Celulares de Outras Operadoras;
2020-08-01 12:40:34;53  991498616;5.0;Para Celulares de Outras Operadoras;
2020-08-17 10:13:15;34  991386704;5.0;Para Celulares de Outras Operadoras;
2020-08-07 14:52:08;54  991656678;54.0;Para Celulares de Outras Operadoras;
2020-08-07 10:09:54;54  991656678;5.0;Para Celulares de Outras Operadoras;
2020-08-27 14:54:00;51  992592629;44.0;Para Celulares Vivo;
2020-08-24 14:22:18;11  984229596;5.0;Para Celulares Vivo;
2020-08-17 10:29:25;11  984229596;24.0;Para Celulares Vivo;
2020-08-17 10:21:40;11  984229596;5.0;Para Celulares Vivo;
2020-08-17 10:14:45;11  984229596;65.0;Para Celulares Vivo;
2020-08-05 11:52:00;11  997222456;18.0;Para Celulares Vivo;
2020-08-31 15:17:22;53  991498616;5.0;Para Celulares de Outras Operadoras;
2020-08-31 15:16:35;53  991498616;5.0;Para Celulares de Outras Operadoras;
2020-08-31 10:48:54;53  991498616;8.0;Para Celulares de Outras Operadoras;
2020-08-28 11:05:47;53  991644738;6.0;Para Celulares de Outras Operadoras;
2020-08-27 15:00:22;53  984076842;17.0;Para Celulares de Outras Operadoras;
2020-08-27 14:32:56;53  984076842;25.0;Para Celulares de Outras Operadoras;
2020-08-27 14:22:02;53  984076842;5.0;Para Celulares de Outras Operadoras;
2020-08-27 10:54:04;53  991644738;5.0;Para Celulares de Outras Operadoras;
2020-08-26 14:21:36;53  991644738;22.0;Para Celulares de Outras Operadoras;
2020-08-26 14:20:29;53  991644738;8.0;Para Celulares de Outras Operadoras;
2020-08-24 14:50:20;53  991644738;5.0;Para Celulares de Outras Operadoras;
2020-08-24 14:26:25;53  991644738;5.0;Para Celulares de Outras Operadoras;
2020-08-24 13:54:33;53  991644738;16.0;Para Celulares de Outras Operadoras;
2020-08-21 14:56:44;53  991498616;5.0;Para Celulares de Outras Operadoras;
2020-08-21 14:55:46;53  991498616;7.0;Para Celulares de Outras Operadoras;
2020-08-20 16:50:27;53  981233938;5.0;Para Celulares de Outras Operadoras;
2020-08-17 10:07:54;53  991644738;8.0;Para Celulares de Outras Operadoras;
2020-08-14 15:48:49;53  991498616;5.0;Para Celulares de Outras Operadoras;
2020-08-14 15:40:06;53  991498616;7.0;Para Celulares de Outras Operadoras;
2020-08-10 16:21:28;53  991701000;12.0;Para Celulares de Outras Operadoras;
2020-08-10 15:37:23;53  991701000;22.0;Para Celulares de Outras Operadoras;
2020-08-10 15:17:35;53  984352596;24.0;Para Celulares de Outras Operadoras;
2020-08-10 08:56:18;53  991382564;5.0;Para Celulares de Outras Operadoras;
2020-08-07 10:18:51;53  991644738;11.0;Para Celulares de Outras Operadoras;
2020-08-06 16:13:14;53  991498616;5.0;Para Celulares de Outras Operadoras;
2020-08-06 16:11:52;53  991498616;9.0;Para Celulares de Outras Operadoras;
2020-08-06 15:47:18;53  981233938;51.0;Para Celulares de Outras Operadoras;
2020-08-06 14:33:35;53  991701000;7.0;Para Celulares de Outras Operadoras;
2020-08-06 10:21:25;53  991701000;6.0;Para Celulares de Outras Operadoras;
2020-08-04 15:28:31;53  984352596;11.0;Para Celulares de Outras Operadoras;
2020-08-04 11:39:05;53  981233938;76.0;Para Celulares de Outras Operadoras;
2020-08-26 14:49:52;53  981384416;17.0;Para Fixo Vivo;
2020-08-15 17:26:21;53  981384416;9.0;Para Fixo Vivo;
2020-08-15 10:58:33;53  981384416;6.0;Para Fixo Vivo;
2020-08-06 11:35:27;53  981384416;12.0;Para Fixo Vivo;
2020-08-28 09:47:38;53  999944026;5.0;Para Celulares Vivo;
2020-08-27 17:45:20;53  999944026;10.0;Para Celulares Vivo;
2020-08-21 11:32:59;53  999944026;6.0;Para Celulares Vivo;
2020-08-21 10:35:24;53  999944026;21.0;Para Celulares Vivo;
2020-08-12 09:18:56;53  999944026;7.0;Para Celulares Vivo;
2020-08-03 15:00:00;53  999221725;5.0;Para Celulares Vivo;
2020-08-03 14:40:34;53  999308875;5.0;Para Celulares Vivo;
2020-08-01;"";7932.4;INTERNET MOVEL 2;0.00
2020-08-02;"";1.0;INTERNET MOVEL 2;0.00
2020-08-03;"";7290.2;INTERNET MOVEL 2;0.00
2020-08-04;"";10482.0;INTERNET MOVEL 2;0.00
2020-08-05;"";8900.3;INTERNET MOVEL 2;0.00
2020-08-06;"";12666.8;INTERNET MOVEL 2;0.00
2020-08-07;"";14958.8;INTERNET MOVEL 2;0.00
2020-08-09;"";4316.6;INTERNET MOVEL 2;0.00
2020-08-10;"";12359.6;INTERNET MOVEL 2;0.00
2020-08-11;"";7352.2;INTERNET MOVEL 2;0.00
2020-08-12;"";16265.6;INTERNET MOVEL 2;0.00
2020-08-13;"";5693.4;INTERNET MOVEL 2;0.00
2020-08-14;"";5039.1;INTERNET MOVEL 2;0.00
2020-08-15;"";6559.9;INTERNET MOVEL 2;0.00
2020-08-16;"";732.0;INTERNET MOVEL 2;0.00
2020-08-17;"";45872.7;INTERNET MOVEL 2;0.00
2020-08-18;"";6961.2;INTERNET MOVEL 2;0.00
2020-08-19;"";9518.1;INTERNET MOVEL 2;0.00
2020-08-20;"";9003.2;INTERNET MOVEL 2;0.00
2020-08-21;"";11102.4;INTERNET MOVEL 2;0.00
2020-08-22;"";2106.0;INTERNET MOVEL 2;0.00
2020-08-23;"";61.0;INTERNET MOVEL 2;0.00
2020-08-24;"";5667.0;INTERNET MOVEL 2;0.00
2020-08-25;"";5594.2;INTERNET MOVEL 2;0.00
2020-08-26;"";7498.0;INTERNET MOVEL 2;0.00
2020-08-27;"";9400.3;INTERNET MOVEL 2;0.00
2020-08-28;"";17125.8;INTERNET MOVEL 2;0.00
2020-08-29;"";5091.0;INTERNET MOVEL 2;0.00
2020-08-30;"";663.0;INTERNET MOVEL 2;0.00
2020-08-31;"";5199.2;INTERNET MOVEL 2;0.00
