data_hora_inicio;nro_telefone_chamado;duracao_ligacao;desc_categoria;valor_ligacao
2020-08-25 08:17:10;11953259214;1.0;GRATIS-SMS;0.00
2020-08-04 08:45:19;15996580266;1.0;GRATIS-SMS;0.00
2020-08-07 09:51:47;51  991317721;24.0;Para Celulares Vivo;
2020-08-07 09:23:37;51  991059183;5.0;Para Celulares Vivo;
2020-08-07 09:12:49;51  995590187;9.0;Para Celulares Vivo;
2020-08-07 08:59:27;51  998331892;6.0;Para Celulares Vivo;
2020-08-07 08:58:35;51  998932684;5.0;Para Celulares Vivo;
2020-08-07 08:32:20;51  998331892;5.0;Para Celulares Vivo;
2020-08-07 08:04:15;51  991059183;5.0;Para Celulares Vivo;
2020-08-06 17:49:51;51  991317721;58.0;Para Celulares Vivo;
2020-08-06 17:48:37;51  991317721;8.0;Para Celulares Vivo;
2020-08-06 16:51:47;51  995590187;21.0;Para Celulares Vivo;
2020-08-06 16:29:20;53  999782092;5.0;Para Celulares Vivo;
2020-08-06 16:26:26;51  995590187;5.0;Para Celulares Vivo;
2020-08-06 15:34:15;54  996465740;17.0;Para Celulares Vivo;
2020-08-06 14:18:15;51  998331892;5.0;Para Celulares Vivo;
2020-08-06 13:19:51;53  999782092;5.0;Para Celulares Vivo;
2020-08-06 13:16:57;53  999782092;10.0;Para Celulares Vivo;
2020-08-06 11:36:13;51  995590187;21.0;Para Celulares Vivo;
2020-08-06 09:05:48;51  995590460;5.0;Para Celulares Vivo;
2020-08-06 08:49:39;51  995590460;5.0;Para Celulares Vivo;
2020-08-06 07:50:25;53  999782092;11.0;Para Celulares Vivo;
2020-08-05 17:22:57;51  999625085;11.0;Para Celulares Vivo;
2020-08-05 17:12:11;51  998331892;13.0;Para Celulares Vivo;
2020-08-05 15:10:55;51  991317721;11.0;Para Celulares Vivo;
2020-08-05 14:32:49;51  995590187;17.0;Para Celulares Vivo;
2020-08-05 11:04:00;51  995590187;6.0;Para Celulares Vivo;
2020-08-05 08:38:11;51  991317721;7.0;Para Celulares Vivo;
2020-08-05 08:30:49;54  999804066;17.0;Para Celulares Vivo;
2020-08-05 08:27:27;54  996465740;30.0;Para Celulares Vivo;
2020-08-05 07:47:07;51  995590460;24.0;Para Celulares Vivo;
2020-08-04 18:58:58;51  999625085;7.0;Para Celulares Vivo;
2020-08-04 18:10:43;51  992592867;49.0;Para Celulares Vivo;
2020-08-04 15:33:54;51  991317721;5.0;Para Celulares Vivo;
2020-08-04 15:11:41;51  995590187;13.0;Para Celulares Vivo;
2020-08-04 13:52:32;51  998932684;5.0;Para Celulares Vivo;
2020-08-04 13:44:18;51  991317721;24.0;Para Celulares Vivo;
2020-08-04 11:46:24;54  999804066;6.0;Para Celulares Vivo;
2020-08-04 11:12:12;51  991317721;5.0;Para Celulares Vivo;
2020-08-04 07:41:49;51  992592754;5.0;Para Celulares Vivo;
2020-08-03 16:12:41;54  999804066;5.0;Para Celulares Vivo;
2020-08-03 14:52:43;51  995590187;8.0;Para Celulares Vivo;
2020-08-03 14:22:34;51  995590187;6.0;Para Celulares Vivo;
2020-08-03 09:36:27;51  991059183;5.0;Para Celulares Vivo;
2020-08-03 09:33:08;51  995590187;6.0;Para Celulares Vivo;
2020-08-03 09:13:12;53  999782092;62.0;Para Celulares Vivo;
2020-08-03 07:12:32;51  995590460;9.0;Para Celulares Vivo;
2020-08-31 18:11:36;51  995590187;0.0;Adicional por Ligacoes Realizadas;
2020-08-31 17:39:43;51  991317721;0.0;Adicional por Ligacoes Realizadas;
2020-08-31 16:43:59;13  996196986;0.0;Adicional por Ligacoes Realizadas;
2020-08-31 15:43:13;51  995590460;0.0;Adicional por Ligacoes Realizadas;
2020-08-31 15:40:13;13  981844745;0.0;Adicional por Ligacoes Realizadas;
2020-08-31 15:27:31;13  981844745;0.0;Adicional por Ligacoes Realizadas;
2020-08-31 11:26:49;13  981844745;0.0;Adicional por Ligacoes Realizadas;
2020-08-31 11:21:57;13  981844745;0.0;Adicional por Ligacoes Realizadas;
2020-08-31 10:38:55;51  995590460;0.0;Adicional por Ligacoes Realizadas;
2020-08-31 09:21:54;13  981844745;0.0;Adicional por Ligacoes Realizadas;
2020-08-31 08:59:59;13  32193715;0.0;Adicional por Ligacoes Realizadas;
2020-08-31 08:57:34;53  999782092;0.0;Adicional por Ligacoes Realizadas;
2020-08-31 08:49:46;13  988610695;0.0;Adicional por Ligacoes Realizadas;
2020-08-31 08:35:31;13  996196986;0.0;Adicional por Ligacoes Realizadas;
2020-08-31 08:26:02;51  995590460;0.0;Adicional por Ligacoes Realizadas;
2020-08-31 08:21:04;13  988774658;0.0;Adicional por Ligacoes Realizadas;
2020-08-30 19:33:39;13  982028634;0.0;Adicional por Ligacoes Realizadas;
2020-08-30 19:31:54;51  995838788;0.0;Adicional por Ligacoes Realizadas;
2020-08-29 22:07:20;13  974040724;0.0;Adicional por Ligacoes Realizadas;
2020-08-29 17:30:58;51  991317721;0.0;Adicional por Ligacoes Realizadas;
2020-08-29 11:32:08;51  991317721;0.0;Adicional por Ligacoes Realizadas;
2020-08-29 11:19:34;51  995590187;0.0;Adicional por Ligacoes Realizadas;
2020-08-29 10:09:20;51  991317721;0.0;Adicional por Ligacoes Realizadas;
2020-08-29 08:35:15;13  981844745;0.0;Adicional por Ligacoes Realizadas;
2020-08-28 18:35:52;13  997615352;0.0;Adicional por Ligacoes Realizadas;
2020-08-28 18:18:45;13  997615352;0.0;Adicional por Ligacoes Realizadas;
2020-08-28 18:13:10;51  991317721;0.0;Adicional por Ligacoes Realizadas;
2020-08-28 18:11:37;13  974040724;0.0;Adicional por Ligacoes Realizadas;
2020-08-28 18:05:37;13  997654328;0.0;Adicional por Ligacoes Realizadas;
2020-08-28 17:08:02;51  995590187;0.0;Adicional por Ligacoes Realizadas;
2020-08-28 16:40:47;51  981111669;0.0;Adicional por Ligacoes Realizadas;
2020-08-28 16:36:12;11  33936353;0.0;Adicional por Ligacoes Realizadas;
2020-08-28 16:24:03;13  991026348;0.0;Adicional por Ligacoes Realizadas;
2020-08-28 16:22:01;51  992592754;0.0;Adicional por Ligacoes Realizadas;
2020-08-28 16:01:32;51  995590460;0.0;Adicional por Ligacoes Realizadas;
2020-08-28 15:47:30;51  995590187;0.0;Adicional por Ligacoes Realizadas;
2020-08-28 15:45:02;51  981111669;0.0;Adicional por Ligacoes Realizadas;
2020-08-28 15:43:33;51  992592870;0.0;Adicional por Ligacoes Realizadas;
2020-08-28 15:24:35;13  991828267;0.0;Adicional por Ligacoes Realizadas;
2020-08-28 11:58:14;13  991026348;0.0;Adicional por Ligacoes Realizadas;
2020-08-28 11:56:47;53  999782092;0.0;Adicional por Ligacoes Realizadas;
2020-08-28 11:42:15;51  995590460;0.0;Adicional por Ligacoes Realizadas;
2020-08-28 11:39:45;51  995590460;0.0;Adicional por Ligacoes Realizadas;
2020-08-28 11:16:19;13  996196986;0.0;Adicional por Ligacoes Realizadas;
2020-08-28 10:42:11;53  999782092;0.0;Adicional por Ligacoes Realizadas;
2020-08-28 09:24:19;53  999782092;0.0;Adicional por Ligacoes Realizadas;
2020-08-28 08:44:00;51  995590460;0.0;Adicional por Ligacoes Realizadas;
2020-08-28 08:39:05;15  996580266;0.0;Adicional por Ligacoes Realizadas;
2020-08-28 08:29:29;51  995590187;0.0;Adicional por Ligacoes Realizadas;
2020-08-28 08:25:33;53  999782092;0.0;Adicional por Ligacoes Realizadas;
2020-08-27 18:40:34;51  995590187;0.0;Adicional por Ligacoes Realizadas;
2020-08-27 18:36:54;53  999782092;0.0;Adicional por Ligacoes Realizadas;
2020-08-27 18:33:18;13  988610695;0.0;Adicional por Ligacoes Realizadas;
2020-08-27 17:51:10;51  991059183;0.0;Adicional por Ligacoes Realizadas;
2020-08-27 17:28:21;53  999782092;0.0;Adicional por Ligacoes Realizadas;
2020-08-27 15:41:57;51  993958719;0.0;Adicional por Ligacoes Realizadas;
2020-08-27 15:40:30;13  981373430;0.0;Adicional por Ligacoes Realizadas;
2020-08-27 15:27:19;51  995590460;0.0;Adicional por Ligacoes Realizadas;
2020-08-27 13:42:05;13  988824070;0.0;Adicional por Ligacoes Realizadas;
2020-08-27 13:26:19;51  981111669;0.0;Adicional por Ligacoes Realizadas;
2020-08-27 11:57:50;13  997149158;0.0;Adicional por Ligacoes Realizadas;
2020-08-27 09:58:58;51  995590460;0.0;Adicional por Ligacoes Realizadas;
2020-08-27 09:58:27;51  995590460;0.0;Adicional por Ligacoes Realizadas;
2020-08-27 09:37:15;13  981373430;0.0;Adicional por Ligacoes Realizadas;
2020-08-27 09:26:42;13  974040724;0.0;Adicional por Ligacoes Realizadas;
2020-08-27 08:49:14;51  991059183;0.0;Adicional por Ligacoes Realizadas;
2020-08-27 07:50:21;13  981373430;0.0;Adicional por Ligacoes Realizadas;
2020-08-27 07:48:22;51  995590187;0.0;Adicional por Ligacoes Realizadas;
2020-08-26 20:36:57;13  988824070;0.0;Adicional por Ligacoes Realizadas;
2020-08-26 15:38:17;13  974040724;0.0;Adicional por Ligacoes Realizadas;
2020-08-26 15:33:08;51  981111669;0.0;Adicional por Ligacoes Realizadas;
2020-08-26 13:54:29;51  981111669;0.0;Adicional por Ligacoes Realizadas;
2020-08-26 12:15:21;13  988610695;0.0;Adicional por Ligacoes Realizadas;
2020-08-26 11:46:05;13  981373430;0.0;Adicional por Ligacoes Realizadas;
2020-08-26 11:45:35;13  981373430;0.0;Adicional por Ligacoes Realizadas;
2020-08-26 09:08:36;13  988824070;0.0;Adicional por Ligacoes Realizadas;
2020-08-25 20:02:45;51  995590187;0.0;Adicional por Ligacoes Realizadas;
2020-08-25 18:28:45;13  988610695;0.0;Adicional por Ligacoes Realizadas;
2020-08-25 17:54:11;51  995590187;0.0;Adicional por Ligacoes Realizadas;
2020-08-25 17:09:32;51  998331892;0.0;Adicional por Ligacoes Realizadas;
2020-08-25 17:08:22;13  988774658;0.0;Adicional por Ligacoes Realizadas;
2020-08-25 16:49:47;54  999804066;0.0;Adicional por Ligacoes Realizadas;
2020-08-25 15:12:34;53  999782092;0.0;Adicional por Ligacoes Realizadas;
2020-08-25 15:11:42;54  999804066;0.0;Adicional por Ligacoes Realizadas;
2020-08-25 15:09:20;54  999804066;0.0;Adicional por Ligacoes Realizadas;
2020-08-25 14:37:28;13  981373430;0.0;Adicional por Ligacoes Realizadas;
2020-08-25 10:33:58;13  988507088;0.0;Adicional por Ligacoes Realizadas;
2020-08-24 18:49:28;51  995590187;0.0;Adicional por Ligacoes Realizadas;
2020-08-24 18:41:35;51  991059183;0.0;Adicional por Ligacoes Realizadas;
2020-08-24 18:27:11;51  991059183;0.0;Adicional por Ligacoes Realizadas;
2020-08-24 15:28:41;53  999782092;0.0;Adicional por Ligacoes Realizadas;
2020-08-24 15:22:30;13  974040724;0.0;Adicional por Ligacoes Realizadas;
2020-08-24 12:07:12;13  981844745;0.0;Adicional por Ligacoes Realizadas;
2020-08-24 12:04:49;13  981844745;0.0;Adicional por Ligacoes Realizadas;
2020-08-24 11:42:52;13  974040724;0.0;Adicional por Ligacoes Realizadas;
2020-08-24 11:38:18;13  981844745;0.0;Adicional por Ligacoes Realizadas;
2020-08-24 11:35:32;51  991007551;0.0;Adicional por Ligacoes Realizadas;
2020-08-24 11:08:47;54  996465740;0.0;Adicional por Ligacoes Realizadas;
2020-08-24 10:02:10;51  991317721;0.0;Adicional por Ligacoes Realizadas;
2020-08-24 09:16:32;51  981111669;0.0;Adicional por Ligacoes Realizadas;
2020-08-23 14:06:29;51  992592867;0.0;Adicional por Ligacoes Realizadas;
2020-08-22 17:51:42;53  999782092;0.0;Adicional por Ligacoes Realizadas;
2020-08-22 17:27:27;51  991317721;0.0;Adicional por Ligacoes Realizadas;
2020-08-22 14:27:44;51  991317721;0.0;Adicional por Ligacoes Realizadas;
2020-08-22 13:33:59;51  995590187;0.0;Adicional por Ligacoes Realizadas;
2020-08-22 09:31:16;53  999782092;0.0;Adicional por Ligacoes Realizadas;
2020-08-22 09:10:24;51  992592867;0.0;Adicional por Ligacoes Realizadas;
2020-08-22 09:01:55;51  995590187;0.0;Adicional por Ligacoes Realizadas;
2020-08-22 08:59:04;51  993542151;0.0;Adicional por Ligacoes Realizadas;
2020-08-11 11:47:39;13  981188560;0.0;Adicional por Ligacoes Realizadas;
2020-08-11 10:39:39;54  999804066;0.0;Adicional por Ligacoes Realizadas;
2020-08-11 10:16:27;54  999804066;0.0;Adicional por Ligacoes Realizadas;
2020-08-11 08:38:49;13  988282912;0.0;Adicional por Ligacoes Realizadas;
2020-08-10 18:03:19;13  991499239;0.0;Adicional por Ligacoes Realizadas;
2020-08-10 18:02:34;13  991499239;0.0;Adicional por Ligacoes Realizadas;
2020-08-10 17:59:44;13  981914242;0.0;Adicional por Ligacoes Realizadas;
2020-08-10 16:08:13;13  991026348;0.0;Adicional por Ligacoes Realizadas;
2020-08-10 14:01:16;13  981844745;0.0;Adicional por Ligacoes Realizadas;
2020-08-10 12:47:59;51  995590187;0.0;Adicional por Ligacoes Realizadas;
2020-08-10 11:56:36;51  992592867;0.0;Adicional por Ligacoes Realizadas;
2020-08-10 10:52:21;13  974099996;0.0;Adicional por Ligacoes Realizadas;
2020-08-10 10:45:13;51  991317721;0.0;Adicional por Ligacoes Realizadas;
2020-08-10 10:23:08;53  999782092;0.0;Adicional por Ligacoes Realizadas;
2020-08-10 09:23:03;13  988507088;0.0;Adicional por Ligacoes Realizadas;
2020-08-10 09:14:15;51  995590187;0.0;Adicional por Ligacoes Realizadas;
2020-08-10 09:08:18;51  995590460;0.0;Adicional por Ligacoes Realizadas;
2020-08-10 08:04:24;51  995590187;0.0;Adicional por Ligacoes Realizadas;
2020-08-10 08:03:23;13  988507088;0.0;Adicional por Ligacoes Realizadas;
2020-08-10 08:01:15;13  981373430;0.0;Adicional por Ligacoes Realizadas;
2020-08-10 07:41:30;13  981844745;0.0;Adicional por Ligacoes Realizadas;
2020-08-10 07:34:16;51  992592870;0.0;Adicional por Ligacoes Realizadas;
2020-08-08 10:53:28;51  995590187;0.0;Adicional por Ligacoes Realizadas;
2020-08-08 10:33:59;51  991317721;0.0;Adicional por Ligacoes Realizadas;
2020-08-08 09:28:53;51  991317721;0.0;Adicional por Ligacoes Realizadas;
2020-08-08 09:27:23;51  998331892;0.0;Adicional por Ligacoes Realizadas;
2020-08-08 08:59:34;51  995590187;0.0;Adicional por Ligacoes Realizadas;
2020-08-08 08:32:45;51  991317721;0.0;Adicional por Ligacoes Realizadas;
2020-08-07 19:04:04;13  988025635;0.0;Adicional por Ligacoes Realizadas;
2020-08-07 17:07:44;51  995590187;0.0;Adicional por Ligacoes Realizadas;
2020-08-07 16:05:34;11  967904004;0.0;Adicional por Ligacoes Realizadas;
2020-08-07 14:56:30;13  988025635;0.0;Adicional por Ligacoes Realizadas;
2020-08-07 14:53:02;21  983199658;0.0;Adicional por Ligacoes Realizadas;
2020-08-07 14:47:46;51  995590187;0.0;Adicional por Ligacoes Realizadas;
2020-08-07 14:10:56;51  995590187;0.0;Adicional por Ligacoes Realizadas;
2020-08-07 14:10:21;51  995590187;0.0;Adicional por Ligacoes Realizadas;
2020-08-07 13:52:42;51  991059183;0.0;Adicional por Ligacoes Realizadas;
2020-08-07 12:47:06;21  983199658;0.0;Adicional por Ligacoes Realizadas;
2020-08-07 12:20:30;51  991059183;0.0;Adicional por Ligacoes Realizadas;
2020-08-07 12:17:54;51  991317721;0.0;Adicional por Ligacoes Realizadas;
2020-08-07 12:16:59;53  999782092;0.0;Adicional por Ligacoes Realizadas;
2020-08-07 11:53:00;53  999782092;0.0;Adicional por Ligacoes Realizadas;
2020-08-07 11:50:50;51  991059183;0.0;Adicional por Ligacoes Realizadas;
2020-08-07 11:41:24;13  991026348;0.0;Adicional por Ligacoes Realizadas;
2020-08-07 11:38:39;51  991059183;0.0;Adicional por Ligacoes Realizadas;
2020-08-07 11:19:41;51  991317721;0.0;Adicional por Ligacoes Realizadas;
2020-08-07 11:10:37;51  998932684;0.0;Adicional por Ligacoes Realizadas;
2020-08-07 10:18:07;51  991059183;0.0;Adicional por Ligacoes Realizadas;
2020-08-07 09:51:47;51  991317721;0.0;Adicional por Ligacoes Realizadas;
2020-08-07 09:23:37;51  991059183;0.0;Adicional por Ligacoes Realizadas;
2020-08-07 09:17:23;13  988025635;0.0;Adicional por Ligacoes Realizadas;
2020-08-07 09:16:05;13  988413467;0.0;Adicional por Ligacoes Realizadas;
2020-08-07 09:14:31;11  950570291;0.0;Adicional por Ligacoes Realizadas;
2020-08-07 09:12:49;51  995590187;0.0;Adicional por Ligacoes Realizadas;
2020-08-07 08:59:27;51  998331892;0.0;Adicional por Ligacoes Realizadas;
2020-08-07 08:58:35;51  998932684;0.0;Adicional por Ligacoes Realizadas;
2020-08-07 08:32:20;51  998331892;0.0;Adicional por Ligacoes Realizadas;
2020-08-07 08:31:30;13  981844745;0.0;Adicional por Ligacoes Realizadas;
2020-08-07 08:21:45;13  988507088;0.0;Adicional por Ligacoes Realizadas;
2020-08-07 08:04:15;51  991059183;0.0;Adicional por Ligacoes Realizadas;
2020-08-07 07:35:23;13  981844745;0.0;Adicional por Ligacoes Realizadas;
2020-08-06 18:41:16;13  988025635;0.0;Adicional por Ligacoes Realizadas;
2020-08-06 17:49:51;51  991317721;0.0;Adicional por Ligacoes Realizadas;
2020-08-06 17:48:37;51  991317721;0.0;Adicional por Ligacoes Realizadas;
2020-08-06 16:51:47;51  995590187;0.0;Adicional por Ligacoes Realizadas;
2020-08-06 16:39:07;13  991026348;0.0;Adicional por Ligacoes Realizadas;
2020-08-06 16:29:20;53  999782092;0.0;Adicional por Ligacoes Realizadas;
2020-08-06 16:26:26;51  995590187;0.0;Adicional por Ligacoes Realizadas;
2020-08-06 15:34:15;54  996465740;0.0;Adicional por Ligacoes Realizadas;
2020-08-06 14:18:15;51  998331892;0.0;Adicional por Ligacoes Realizadas;
2020-08-06 13:19:51;53  999782092;0.0;Adicional por Ligacoes Realizadas;
2020-08-06 13:16:57;53  999782092;0.0;Adicional por Ligacoes Realizadas;
2020-08-06 12:04:18;13  997619254;0.0;Adicional por Ligacoes Realizadas;
2020-08-06 11:38:40;13  997654328;0.0;Adicional por Ligacoes Realizadas;
2020-08-06 11:36:13;51  995590187;0.0;Adicional por Ligacoes Realizadas;
2020-08-06 11:17:01;24  988817973;0.0;Adicional por Ligacoes Realizadas;
2020-08-06 11:15:38;13  981373430;0.0;Adicional por Ligacoes Realizadas;
2020-08-06 11:13:45;13  991441122;0.0;Adicional por Ligacoes Realizadas;
2020-08-06 11:12:00;13  981373430;0.0;Adicional por Ligacoes Realizadas;
2020-08-06 11:01:22;13  988774658;0.0;Adicional por Ligacoes Realizadas;
2020-08-06 10:33:11;13  981373430;0.0;Adicional por Ligacoes Realizadas;
2020-08-06 09:05:48;51  995590460;0.0;Adicional por Ligacoes Realizadas;
2020-08-06 09:01:14;13  981844745;0.0;Adicional por Ligacoes Realizadas;
2020-08-06 08:49:39;51  995590460;0.0;Adicional por Ligacoes Realizadas;
2020-08-28 16:40:47;51  981111669;18.0;Para Celulares de Outras Operadoras;
2020-08-28 15:45:02;51  981111669;21.0;Para Celulares de Outras Operadoras;
2020-08-27 15:41:57;51  993958719;8.0;Para Celulares de Outras Operadoras;
2020-08-27 13:26:19;51  981111669;14.0;Para Celulares de Outras Operadoras;
2020-08-26 15:33:08;51  981111669;25.0;Para Celulares de Outras Operadoras;
2020-08-26 13:54:29;51  981111669;20.0;Para Celulares de Outras Operadoras;
2020-08-24 09:16:32;51  981111669;22.0;Para Celulares de Outras Operadoras;
2020-08-22 08:59:04;51  993542151;8.0;Para Celulares de Outras Operadoras;
2020-08-21 13:41:34;11  967904004;6.0;Para Celulares de Outras Operadoras;
2020-08-19 14:30:20;51  981111669;44.0;Para Celulares de Outras Operadoras;
2020-08-19 08:46:58;51  981111669;12.0;Para Celulares de Outras Operadoras;
2020-08-18 10:27:14;11  967904004;7.0;Para Celulares de Outras Operadoras;
2020-08-17 13:41:51;51  981111669;6.0;Para Celulares de Outras Operadoras;
2020-08-17 12:00:00;53  991735553;5.0;Para Celulares de Outras Operadoras;
2020-08-15 10:47:37;11  950570291;27.0;Para Celulares de Outras Operadoras;
2020-08-07 16:05:34;11  967904004;6.0;Para Celulares de Outras Operadoras;
2020-08-07 14:53:02;21  983199658;9.0;Para Celulares de Outras Operadoras;
2020-08-07 12:47:06;21  983199658;5.0;Para Celulares de Outras Operadoras;
2020-08-28 11:56:47;53  999782092;7.0;Para Celulares Vivo;
2020-08-28 11:42:15;51  995590460;21.0;Para Celulares Vivo;
2020-08-28 11:39:45;51  995590460;23.0;Para Celulares Vivo;
2020-08-28 10:42:11;53  999782092;5.0;Para Celulares Vivo;
2020-08-28 09:24:19;53  999782092;13.0;Para Celulares Vivo;
2020-08-28 08:44:00;51  995590460;41.0;Para Celulares Vivo;
2020-08-28 08:39:05;15  996580266;5.0;Para Celulares Vivo;
2020-08-28 08:29:29;51  995590187;6.0;Para Celulares Vivo;
2020-08-28 08:25:33;53  999782092;11.0;Para Celulares Vivo;
2020-08-27 18:40:34;51  995590187;52.0;Para Celulares Vivo;
2020-08-27 18:36:54;53  999782092;5.0;Para Celulares Vivo;
2020-08-27 17:51:10;51  991059183;5.0;Para Celulares Vivo;
2020-08-27 17:28:21;53  999782092;46.0;Para Celulares Vivo;
2020-08-27 15:27:19;51  995590460;34.0;Para Celulares Vivo;
2020-08-27 09:58:58;51  995590460;67.0;Para Celulares Vivo;
2020-08-27 09:58:27;51  995590460;5.0;Para Celulares Vivo;
2020-08-27 08:49:14;51  991059183;11.0;Para Celulares Vivo;
2020-08-27 07:48:22;51  995590187;17.0;Para Celulares Vivo;
2020-08-25 20:02:45;51  995590187;5.0;Para Celulares Vivo;
2020-08-25 17:54:11;51  995590187;14.0;Para Celulares Vivo;
2020-08-25 17:09:32;51  998331892;34.0;Para Celulares Vivo;
2020-08-25 16:49:47;54  999804066;11.0;Para Celulares Vivo;
2020-08-25 15:12:34;53  999782092;7.0;Para Celulares Vivo;
2020-08-25 15:11:42;54  999804066;5.0;Para Celulares Vivo;
2020-08-25 15:09:20;54  999804066;20.0;Para Celulares Vivo;
2020-08-24 18:49:28;51  995590187;491.0;Para Celulares Vivo;
2020-08-24 18:41:35;51  991059183;9.0;Para Celulares Vivo;
2020-08-24 18:27:11;51  991059183;5.0;Para Celulares Vivo;
2020-08-24 15:28:41;53  999782092;5.0;Para Celulares Vivo;
2020-08-24 11:35:32;51  991007551;10.0;Para Celulares Vivo;
2020-08-24 11:08:47;54  996465740;54.0;Para Celulares Vivo;
2020-08-24 10:02:10;51  991317721;7.0;Para Celulares Vivo;
2020-08-23 14:06:29;51  992592867;26.0;Para Celulares Vivo;
2020-08-22 17:51:42;53  999782092;5.0;Para Celulares Vivo;
2020-08-22 17:27:27;51  991317721;5.0;Para Celulares Vivo;
2020-08-22 14:27:44;51  991317721;8.0;Para Celulares Vivo;
2020-08-22 13:33:59;51  995590187;18.0;Para Celulares Vivo;
2020-08-22 09:31:16;53  999782092;5.0;Para Celulares Vivo;
2020-08-22 09:10:24;51  992592867;33.0;Para Celulares Vivo;
2020-08-22 09:01:55;51  995590187;81.0;Para Celulares Vivo;
2020-08-22 08:57:27;53  999782092;11.0;Para Celulares Vivo;
2020-08-22 08:53:58;51  991317721;15.0;Para Celulares Vivo;
2020-08-22 08:13:05;51  991317721;21.0;Para Celulares Vivo;
2020-08-21 16:32:59;51  992592754;5.0;Para Celulares Vivo;
2020-08-21 15:32:51;51  992592754;8.0;Para Celulares Vivo;
2020-08-21 13:57:25;54  996465740;10.0;Para Celulares Vivo;
2020-08-21 13:42:32;54  996465740;13.0;Para Celulares Vivo;
2020-08-21 13:39:57;54  996465740;10.0;Para Celulares Vivo;
2020-08-21 12:17:24;53  999782092;5.0;Para Celulares Vivo;
2020-08-21 09:07:43;51  995590187;16.0;Para Celulares Vivo;
2020-08-21 08:52:54;51  991059183;65.0;Para Celulares Vivo;
2020-08-21 06:57:01;53  999782092;5.0;Para Celulares Vivo;
2020-08-20 18:07:52;51  995590187;5.0;Para Celulares Vivo;
2020-08-20 17:43:46;51  991317721;106.0;Para Celulares Vivo;
2020-08-20 17:38:00;51  995590187;51.0;Para Celulares Vivo;
2020-08-20 13:50:44;51  995590187;6.0;Para Celulares Vivo;
2020-08-20 13:49:25;51  992592754;10.0;Para Celulares Vivo;
2020-08-20 08:49:42;31  992228609;190.0;Para Celulares Vivo;
2020-08-19 17:48:37;51  998331892;7.0;Para Celulares Vivo;
2020-08-19 09:24:44;53  999782092;17.0;Para Celulares Vivo;
2020-08-19 07:51:41;53  999782092;13.0;Para Celulares Vivo;
2020-08-18 18:19:54;51  991317721;51.0;Para Celulares Vivo;
2020-08-18 14:14:28;51  998331892;77.0;Para Celulares Vivo;
2020-08-18 12:43:03;51  991059183;14.0;Para Celulares Vivo;
2020-08-18 11:07:40;51  998932684;5.0;Para Celulares Vivo;
2020-08-18 10:19:57;51  998932684;6.0;Para Celulares Vivo;
2020-08-18 09:00:44;53  999782092;6.0;Para Celulares Vivo;
2020-08-18 07:48:49;51  991317721;5.0;Para Celulares Vivo;
2020-08-18 07:47:22;15  996580266;9.0;Para Celulares Vivo;
2020-08-18 07:21:42;53  999782092;7.0;Para Celulares Vivo;
2020-08-17 17:50:19;51  991317721;5.0;Para Celulares Vivo;
2020-08-17 17:04:09;51  992592754;5.0;Para Celulares Vivo;
2020-08-17 16:48:05;51  992592870;5.0;Para Celulares Vivo;
2020-08-17 16:09:14;15  996580266;5.0;Para Celulares Vivo;
2020-08-17 15:29:37;51  995590187;10.0;Para Celulares Vivo;
2020-08-17 14:13:35;51  995590187;12.0;Para Celulares Vivo;
2020-08-17 12:55:12;51  992592867;18.0;Para Celulares Vivo;
2020-08-17 10:10:34;51  991317721;9.0;Para Celulares Vivo;
2020-08-17 10:07:02;51  991317721;27.0;Para Celulares Vivo;
2020-08-17 09:11:51;51  992592870;5.0;Para Celulares Vivo;
2020-08-17 08:03:38;51  991317721;5.0;Para Celulares Vivo;
2020-08-16 12:02:13;54  999804066;5.0;Para Celulares Vivo;
2020-08-15 14:45:28;51  991317721;32.0;Para Celulares Vivo;
2020-08-15 13:53:13;51  995590460;11.0;Para Celulares Vivo;
2020-08-15 11:44:57;51  995590187;16.0;Para Celulares Vivo;
2020-08-15 10:12:50;51  992592870;18.0;Para Celulares Vivo;
2020-08-14 17:09:22;54  999804066;7.0;Para Celulares Vivo;
2020-08-14 16:25:53;51  995590460;56.0;Para Celulares Vivo;
2020-08-14 15:41:10;51  995590460;8.0;Para Celulares Vivo;
2020-08-14 11:58:28;51  991317721;12.0;Para Celulares Vivo;
2020-08-13 14:09:03;54  999804066;11.0;Para Celulares Vivo;
2020-08-13 14:07:48;51  995590187;6.0;Para Celulares Vivo;
2020-08-13 10:53:12;51  998932684;7.0;Para Celulares Vivo;
2020-08-12 18:28:13;51  995590187;5.0;Para Celulares Vivo;
2020-08-12 18:12:49;51  991317721;7.0;Para Celulares Vivo;
2020-08-12 15:42:45;51  995590187;5.0;Para Celulares Vivo;
2020-08-12 13:53:41;51  991317721;19.0;Para Celulares Vivo;
2020-08-12 13:50:12;51  995590187;11.0;Para Celulares Vivo;
2020-08-12 08:18:21;51  991059183;7.0;Para Celulares Vivo;
2020-08-11 17:49:47;51  995590187;5.0;Para Celulares Vivo;
2020-08-11 17:31:33;51  995590187;22.0;Para Celulares Vivo;
2020-08-11 16:15:15;51  999625085;13.0;Para Celulares Vivo;
2020-08-11 14:55:44;51  998331892;5.0;Para Celulares Vivo;
2020-08-11 14:12:31;51  995590187;19.0;Para Celulares Vivo;
2020-08-11 14:10:33;51  995590187;15.0;Para Celulares Vivo;
2020-08-11 13:50:50;51  995590187;38.0;Para Celulares Vivo;
2020-08-11 10:39:39;54  999804066;5.0;Para Celulares Vivo;
2020-08-11 10:16:27;54  999804066;12.0;Para Celulares Vivo;
2020-08-10 12:47:59;51  995590187;7.0;Para Celulares Vivo;
2020-08-10 11:56:36;51  992592867;10.0;Para Celulares Vivo;
2020-08-10 10:45:13;51  991317721;6.0;Para Celulares Vivo;
2020-08-10 10:23:08;53  999782092;10.0;Para Celulares Vivo;
2020-08-10 09:14:15;51  995590187;6.0;Para Celulares Vivo;
2020-08-10 09:08:18;51  995590460;5.0;Para Celulares Vivo;
2020-08-10 08:04:24;51  995590187;27.0;Para Celulares Vivo;
2020-08-10 07:34:16;51  992592870;11.0;Para Celulares Vivo;
2020-08-08 10:53:28;51  995590187;8.0;Para Celulares Vivo;
2020-08-08 10:33:59;51  991317721;48.0;Para Celulares Vivo;
2020-08-08 09:28:53;51  991317721;13.0;Para Celulares Vivo;
2020-08-08 09:27:23;51  998331892;9.0;Para Celulares Vivo;
2020-08-08 08:59:34;51  995590187;6.0;Para Celulares Vivo;
2020-08-08 08:32:45;51  991317721;21.0;Para Celulares Vivo;
2020-08-07 17:07:44;51  995590187;14.0;Para Celulares Vivo;
2020-08-07 14:47:46;51  995590187;47.0;Para Celulares Vivo;
2020-08-07 14:10:56;51  995590187;6.0;Para Celulares Vivo;
2020-08-07 14:10:21;51  995590187;5.0;Para Celulares Vivo;
2020-08-07 13:52:42;51  991059183;6.0;Para Celulares Vivo;
2020-08-07 12:20:30;51  991059183;5.0;Para Celulares Vivo;
2020-08-07 12:17:54;51  991317721;11.0;Para Celulares Vivo;
2020-08-07 12:16:59;53  999782092;5.0;Para Celulares Vivo;
2020-08-07 11:53:00;53  999782092;8.0;Para Celulares Vivo;
2020-08-07 11:50:50;51  991059183;16.0;Para Celulares Vivo;
2020-08-07 11:38:39;51  991059183;8.0;Para Celulares Vivo;
2020-08-07 11:19:41;51  991317721;19.0;Para Celulares Vivo;
2020-08-07 11:10:37;51  998932684;5.0;Para Celulares Vivo;
2020-08-07 10:18:07;51  991059183;8.0;Para Celulares Vivo;
2020-08-06 08:45:05;13  988507088;0.0;Adicional por Ligacoes Realizadas;
2020-08-06 08:41:24;13  981844745;0.0;Adicional por Ligacoes Realizadas;
2020-08-06 07:50:25;53  999782092;0.0;Adicional por Ligacoes Realizadas;
2020-08-06 07:44:49;13  988413467;0.0;Adicional por Ligacoes Realizadas;
2020-08-05 21:22:49;13  988025635;0.0;Adicional por Ligacoes Realizadas;
2020-08-05 17:22:57;51  999625085;0.0;Adicional por Ligacoes Realizadas;
2020-08-05 17:12:11;51  998331892;0.0;Adicional por Ligacoes Realizadas;
2020-08-05 15:10:55;51  991317721;0.0;Adicional por Ligacoes Realizadas;
2020-08-05 14:51:09;13  988025635;0.0;Adicional por Ligacoes Realizadas;
2020-08-05 14:46:30;13  981844745;0.0;Adicional por Ligacoes Realizadas;
2020-08-05 14:32:49;51  995590187;0.0;Adicional por Ligacoes Realizadas;
2020-08-05 13:21:34;13  988014776;0.0;Adicional por Ligacoes Realizadas;
2020-08-05 11:17:12;13  981844745;0.0;Adicional por Ligacoes Realizadas;
2020-08-05 11:04:00;51  995590187;0.0;Adicional por Ligacoes Realizadas;
2020-08-05 09:25:17;13  988507088;0.0;Adicional por Ligacoes Realizadas;
2020-08-05 08:38:11;51  991317721;0.0;Adicional por Ligacoes Realizadas;
2020-08-05 08:30:49;54  999804066;0.0;Adicional por Ligacoes Realizadas;
2020-08-05 08:27:27;54  996465740;0.0;Adicional por Ligacoes Realizadas;
2020-08-05 08:11:05;13  981373430;0.0;Adicional por Ligacoes Realizadas;
2020-08-05 07:59:10;13  988610695;0.0;Adicional por Ligacoes Realizadas;
2020-08-05 07:57:22;13  997619254;0.0;Adicional por Ligacoes Realizadas;
2020-08-05 07:47:07;51  995590460;0.0;Adicional por Ligacoes Realizadas;
2020-08-05 07:43:56;51  981111669;0.0;Adicional por Ligacoes Realizadas;
2020-08-05 07:30:04;11  967904004;0.0;Adicional por Ligacoes Realizadas;
2020-08-04 19:09:52;13  988610695;0.0;Adicional por Ligacoes Realizadas;
2020-08-04 18:58:58;51  999625085;0.0;Adicional por Ligacoes Realizadas;
2020-08-04 18:10:43;51  992592867;0.0;Adicional por Ligacoes Realizadas;
2020-08-04 17:47:08;13  981373430;0.0;Adicional por Ligacoes Realizadas;
2020-08-04 15:33:54;51  991317721;0.0;Adicional por Ligacoes Realizadas;
2020-08-04 15:11:41;51  995590187;0.0;Adicional por Ligacoes Realizadas;
2020-08-04 13:52:32;51  998932684;0.0;Adicional por Ligacoes Realizadas;
2020-08-04 13:44:18;51  991317721;0.0;Adicional por Ligacoes Realizadas;
2020-08-04 11:50:19;13  981373430;0.0;Adicional por Ligacoes Realizadas;
2020-08-04 11:46:24;54  999804066;0.0;Adicional por Ligacoes Realizadas;
2020-08-04 11:12:12;51  991317721;0.0;Adicional por Ligacoes Realizadas;
2020-08-04 09:12:13;13  988507088;0.0;Adicional por Ligacoes Realizadas;
2020-08-04 08:52:49;13  996620694;0.0;Adicional por Ligacoes Realizadas;
2020-08-04 08:18:26;13  997654328;0.0;Adicional por Ligacoes Realizadas;
2020-08-04 07:49:27;13  988507088;0.0;Adicional por Ligacoes Realizadas;
2020-08-04 07:41:49;51  992592754;0.0;Adicional por Ligacoes Realizadas;
2020-08-03 17:35:11;53  991735553;0.0;Adicional por Ligacoes Realizadas;
2020-08-03 17:10:40;21  983199658;0.0;Adicional por Ligacoes Realizadas;
2020-08-03 16:20:29;13  988507088;0.0;Adicional por Ligacoes Realizadas;
2020-08-03 16:12:41;54  999804066;0.0;Adicional por Ligacoes Realizadas;
2020-08-03 14:52:43;51  995590187;0.0;Adicional por Ligacoes Realizadas;
2020-08-03 14:51:57;13  996046381;0.0;Adicional por Ligacoes Realizadas;
2020-08-03 14:38:05;13  996046381;0.0;Adicional por Ligacoes Realizadas;
2020-08-03 14:22:34;51  995590187;0.0;Adicional por Ligacoes Realizadas;
2020-08-03 14:17:46;13  32311300;0.0;Adicional por Ligacoes Realizadas;
2020-08-03 10:50:11;13  981844745;0.0;Adicional por Ligacoes Realizadas;
2020-08-03 09:36:27;51  991059183;0.0;Adicional por Ligacoes Realizadas;
2020-08-03 09:33:08;51  995590187;0.0;Adicional por Ligacoes Realizadas;
2020-08-03 09:13:12;53  999782092;0.0;Adicional por Ligacoes Realizadas;
2020-08-03 07:12:32;51  995590460;0.0;Adicional por Ligacoes Realizadas;
2020-08-03 05:58:03;13  991828267;0.0;Adicional por Ligacoes Realizadas;
2020-08-19 17:05:44;*5  55;8.0;"";
2020-08-31 08:59:59;13  32193715;10.0;Para Fixo de Outras Operadoras;
2020-08-21 10:02:18;13  40042262;65.0;Para Fixo de Outras Operadoras;
2020-08-31 16:43:59;13  996196986;21.0;Para Celulares de Outras Operadoras;
2020-08-31 15:40:13;13  981844745;5.0;Para Celulares de Outras Operadoras;
2020-08-31 15:27:31;13  981844745;5.0;Para Celulares de Outras Operadoras;
2020-08-31 11:26:49;13  981844745;18.0;Para Celulares de Outras Operadoras;
2020-08-31 11:21:57;13  981844745;5.0;Para Celulares de Outras Operadoras;
2020-08-31 09:21:54;13  981844745;13.0;Para Celulares de Outras Operadoras;
2020-08-31 08:49:46;13  988610695;5.0;Para Celulares de Outras Operadoras;
2020-08-31 08:35:31;13  996196986;6.0;Para Celulares de Outras Operadoras;
2020-08-31 08:21:04;13  988774658;8.0;Para Celulares de Outras Operadoras;
2020-08-30 19:33:39;13  982028634;43.0;Para Celulares de Outras Operadoras;
2020-08-29 08:35:15;13  981844745;72.0;Para Celulares de Outras Operadoras;
2020-08-28 18:05:37;13  997654328;24.0;Para Celulares de Outras Operadoras;
2020-08-28 16:24:03;13  991026348;32.0;Para Celulares de Outras Operadoras;
2020-08-28 15:24:35;13  991828267;5.0;Para Celulares de Outras Operadoras;
2020-08-28 11:58:14;13  991026348;7.0;Para Celulares de Outras Operadoras;
2020-08-28 11:16:19;13  996196986;12.0;Para Celulares de Outras Operadoras;
2020-08-27 18:33:18;13  988610695;12.0;Para Celulares de Outras Operadoras;
2020-08-27 15:40:30;13  981373430;11.0;Para Celulares de Outras Operadoras;
2020-08-27 13:42:05;13  988824070;36.0;Para Celulares de Outras Operadoras;
2020-08-27 11:57:50;13  997149158;5.0;Para Celulares de Outras Operadoras;
2020-08-27 09:37:15;13  981373430;10.0;Para Celulares de Outras Operadoras;
2020-08-27 07:50:21;13  981373430;8.0;Para Celulares de Outras Operadoras;
2020-08-26 20:36:57;13  988824070;628.0;Para Celulares de Outras Operadoras;
2020-08-26 12:15:21;13  988610695;9.0;Para Celulares de Outras Operadoras;
2020-08-26 11:46:05;13  981373430;18.0;Para Celulares de Outras Operadoras;
2020-08-26 11:45:35;13  981373430;5.0;Para Celulares de Outras Operadoras;
2020-08-26 09:08:36;13  988824070;10.0;Para Celulares de Outras Operadoras;
2020-08-25 18:28:45;13  988610695;9.0;Para Celulares de Outras Operadoras;
2020-08-25 17:08:22;13  988774658;7.0;Para Celulares de Outras Operadoras;
2020-08-25 14:37:28;13  981373430;16.0;Para Celulares de Outras Operadoras;
2020-08-25 10:33:58;13  988507088;22.0;Para Celulares de Outras Operadoras;
2020-08-24 12:07:12;13  981844745;7.0;Para Celulares de Outras Operadoras;
2020-08-24 12:04:49;13  981844745;10.0;Para Celulares de Outras Operadoras;
2020-08-24 11:38:18;13  981844745;20.0;Para Celulares de Outras Operadoras;
2020-08-20 10:56:38;13  997654328;8.0;Para Celulares de Outras Operadoras;
2020-08-19 16:57:14;13  981373430;7.0;Para Celulares de Outras Operadoras;
2020-08-19 07:48:33;13  997654328;18.0;Para Celulares de Outras Operadoras;
2020-08-19 07:46:43;13  991026348;7.0;Para Celulares de Outras Operadoras;
2020-08-18 16:03:37;13  997654328;5.0;Para Celulares de Outras Operadoras;
2020-08-18 08:14:13;13  988507088;12.0;Para Celulares de Outras Operadoras;
2020-08-18 07:57:35;13  988507088;7.0;Para Celulares de Outras Operadoras;
2020-08-17 17:15:13;13  991828267;5.0;Para Celulares de Outras Operadoras;
2020-08-17 17:07:16;13  981844745;34.0;Para Celulares de Outras Operadoras;
2020-08-17 17:02:47;13  991828267;8.0;Para Celulares de Outras Operadoras;
2020-08-17 07:41:48;13  981373430;26.0;Para Celulares de Outras Operadoras;
2020-08-14 17:00:02;13  988744479;47.0;Para Celulares de Outras Operadoras;
2020-08-14 11:24:11;13  988025635;5.0;Para Celulares de Outras Operadoras;
2020-08-14 08:25:45;13  991026348;9.0;Para Celulares de Outras Operadoras;
2020-08-13 17:59:35;13  982028634;12.0;Para Celulares de Outras Operadoras;
2020-08-13 17:51:59;13  981844745;11.0;Para Celulares de Outras Operadoras;
2020-08-13 17:43:45;13  981844745;15.0;Para Celulares de Outras Operadoras;
2020-08-13 14:36:42;13  988025635;16.0;Para Celulares de Outras Operadoras;
2020-08-12 20:48:04;13  988025635;10.0;Para Celulares de Outras Operadoras;
2020-08-12 17:59:47;13  991828267;5.0;Para Celulares de Outras Operadoras;
2020-08-12 09:44:12;13  981844745;27.0;Para Celulares de Outras Operadoras;
2020-08-12 07:49:51;13  981844745;34.0;Para Celulares de Outras Operadoras;
2020-08-11 08:38:49;13  988282912;53.0;Para Celulares de Outras Operadoras;
2020-08-10 18:03:19;13  991499239;5.0;Para Celulares de Outras Operadoras;
2020-08-10 18:02:34;13  991499239;5.0;Para Celulares de Outras Operadoras;
2020-08-10 17:59:44;13  981914242;9.0;Para Celulares de Outras Operadoras;
2020-08-10 16:08:13;13  991026348;20.0;Para Celulares de Outras Operadoras;
2020-08-10 14:01:16;13  981844745;17.0;Para Celulares de Outras Operadoras;
2020-08-10 09:23:03;13  988507088;6.0;Para Celulares de Outras Operadoras;
2020-08-10 08:03:23;13  988507088;5.0;Para Celulares de Outras Operadoras;
2020-08-10 08:01:15;13  981373430;17.0;Para Celulares de Outras Operadoras;
2020-08-10 07:41:30;13  981844745;5.0;Para Celulares de Outras Operadoras;
2020-08-07 19:04:04;13  988025635;11.0;Para Celulares de Outras Operadoras;
2020-08-07 14:56:30;13  988025635;21.0;Para Celulares de Outras Operadoras;
2020-08-07 11:41:24;13  991026348;16.0;Para Celulares de Outras Operadoras;
2020-08-07 09:17:23;13  988025635;6.0;Para Celulares de Outras Operadoras;
2020-08-07 09:16:05;13  988413467;7.0;Para Celulares de Outras Operadoras;
2020-08-07 08:31:30;13  981844745;5.0;Para Celulares de Outras Operadoras;
2020-08-07 08:21:45;13  988507088;16.0;Para Celulares de Outras Operadoras;
2020-08-07 07:35:23;13  981844745;5.0;Para Celulares de Outras Operadoras;
2020-08-06 18:41:16;13  988025635;23.0;Para Celulares de Outras Operadoras;
2020-08-06 16:39:07;13  991026348;28.0;Para Celulares de Outras Operadoras;
2020-08-06 11:38:40;13  997654328;8.0;Para Celulares de Outras Operadoras;
2020-08-06 11:15:38;13  981373430;10.0;Para Celulares de Outras Operadoras;
2020-08-06 11:13:45;13  991441122;12.0;Para Celulares de Outras Operadoras;
2020-08-06 11:12:00;13  981373430;13.0;Para Celulares de Outras Operadoras;
2020-08-06 11:01:22;13  988774658;5.0;Para Celulares de Outras Operadoras;
2020-08-06 10:33:11;13  981373430;5.0;Para Celulares de Outras Operadoras;
2020-08-06 09:01:14;13  981844745;12.0;Para Celulares de Outras Operadoras;
2020-08-06 08:45:05;13  988507088;26.0;Para Celulares de Outras Operadoras;
2020-08-06 08:41:24;13  981844745;12.0;Para Celulares de Outras Operadoras;
2020-08-06 07:44:49;13  988413467;5.0;Para Celulares de Outras Operadoras;
2020-08-05 21:22:49;13  988025635;5.0;Para Celulares de Outras Operadoras;
2020-08-05 14:51:09;13  988025635;16.0;Para Celulares de Outras Operadoras;
2020-08-05 14:46:30;13  981844745;13.0;Para Celulares de Outras Operadoras;
2020-08-05 13:21:34;13  988014776;21.0;Para Celulares de Outras Operadoras;
2020-08-05 11:17:12;13  981844745;15.0;Para Celulares de Outras Operadoras;
2020-08-05 09:25:17;13  988507088;13.0;Para Celulares de Outras Operadoras;
2020-08-05 08:11:05;13  981373430;9.0;Para Celulares de Outras Operadoras;
2020-08-05 07:59:10;13  988610695;10.0;Para Celulares de Outras Operadoras;
2020-08-04 19:09:52;13  988610695;5.0;Para Celulares de Outras Operadoras;
2020-08-04 17:47:08;13  981373430;37.0;Para Celulares de Outras Operadoras;
2020-08-07 09:14:31;11  950570291;11.0;Para Celulares de Outras Operadoras;
2020-08-06 11:17:01;24  988817973;12.0;Para Celulares de Outras Operadoras;
2020-08-05 07:43:56;51  981111669;26.0;Para Celulares de Outras Operadoras;
2020-08-05 07:30:04;11  967904004;5.0;Para Celulares de Outras Operadoras;
2020-08-03 17:35:11;53  991735553;40.0;Para Celulares de Outras Operadoras;
2020-08-03 17:10:40;21  983199658;9.0;Para Celulares de Outras Operadoras;
2020-08-28 16:36:12;11  33936353;42.0;Para Fixo Vivo;
2020-08-31 18:11:36;51  995590187;5.0;Para Celulares Vivo;
2020-08-31 17:39:43;51  991317721;30.0;Para Celulares Vivo;
2020-08-31 15:43:13;51  995590460;70.0;Para Celulares Vivo;
2020-08-31 10:38:55;51  995590460;67.0;Para Celulares Vivo;
2020-08-31 08:57:34;53  999782092;10.0;Para Celulares Vivo;
2020-08-31 08:26:02;51  995590460;73.0;Para Celulares Vivo;
2020-08-30 19:31:54;51  995838788;5.0;Para Celulares Vivo;
2020-08-29 17:30:58;51  991317721;5.0;Para Celulares Vivo;
2020-08-29 11:32:08;51  991317721;11.0;Para Celulares Vivo;
2020-08-29 11:19:34;51  995590187;6.0;Para Celulares Vivo;
2020-08-29 10:09:20;51  991317721;29.0;Para Celulares Vivo;
2020-08-28 18:13:10;51  991317721;31.0;Para Celulares Vivo;
2020-08-28 17:08:02;51  995590187;13.0;Para Celulares Vivo;
2020-08-28 16:22:01;51  992592754;5.0;Para Celulares Vivo;
2020-08-28 16:01:32;51  995590460;37.0;Para Celulares Vivo;
2020-08-28 15:47:30;51  995590187;24.0;Para Celulares Vivo;
2020-08-28 15:43:33;51  992592870;12.0;Para Celulares Vivo;
2020-08-22 08:57:27;53  999782092;0.0;Adicional por Ligacoes Realizadas;
2020-08-22 08:53:58;51  991317721;0.0;Adicional por Ligacoes Realizadas;
2020-08-22 08:13:05;51  991317721;0.0;Adicional por Ligacoes Realizadas;
2020-08-21 16:32:59;51  992592754;0.0;Adicional por Ligacoes Realizadas;
2020-08-21 15:32:51;51  992592754;0.0;Adicional por Ligacoes Realizadas;
2020-08-21 14:00:33;13  997615352;0.0;Adicional por Ligacoes Realizadas;
2020-08-21 13:57:25;54  996465740;0.0;Adicional por Ligacoes Realizadas;
2020-08-21 13:42:32;54  996465740;0.0;Adicional por Ligacoes Realizadas;
2020-08-21 13:41:34;11  967904004;0.0;Adicional por Ligacoes Realizadas;
2020-08-21 13:39:57;54  996465740;0.0;Adicional por Ligacoes Realizadas;
2020-08-21 12:17:24;53  999782092;0.0;Adicional por Ligacoes Realizadas;
2020-08-21 10:02:18;13  40042262;0.0;Adicional por Ligacoes Realizadas;
2020-08-21 09:53:12;13  996159012;0.0;Adicional por Ligacoes Realizadas;
2020-08-21 09:52:14;13  996159012;0.0;Adicional por Ligacoes Realizadas;
2020-08-21 09:07:43;51  995590187;0.0;Adicional por Ligacoes Realizadas;
2020-08-21 08:52:54;51  991059183;0.0;Adicional por Ligacoes Realizadas;
2020-08-21 07:04:40;13  40043535;0.0;Adicional por Ligacoes Realizadas;
2020-08-21 06:57:01;53  999782092;0.0;Adicional por Ligacoes Realizadas;
2020-08-20 18:53:58;13  974040724;0.0;Adicional por Ligacoes Realizadas;
2020-08-20 18:07:52;51  995590187;0.0;Adicional por Ligacoes Realizadas;
2020-08-20 17:43:46;51  991317721;0.0;Adicional por Ligacoes Realizadas;
2020-08-20 17:38:00;51  995590187;0.0;Adicional por Ligacoes Realizadas;
2020-08-20 16:17:03;13  996841984;0.0;Adicional por Ligacoes Realizadas;
2020-08-20 13:50:44;51  995590187;0.0;Adicional por Ligacoes Realizadas;
2020-08-20 13:49:25;51  992592754;0.0;Adicional por Ligacoes Realizadas;
2020-08-20 10:56:38;13  997654328;0.0;Adicional por Ligacoes Realizadas;
2020-08-20 08:49:42;31  992228609;0.0;Adicional por Ligacoes Realizadas;
2020-08-19 17:48:37;51  998331892;0.0;Adicional por Ligacoes Realizadas;
2020-08-19 17:05:44;*5  55;0.0;Adicional por Ligacoes Realizadas;
2020-08-19 16:57:14;13  981373430;0.0;Adicional por Ligacoes Realizadas;
2020-08-19 14:30:20;51  981111669;0.0;Adicional por Ligacoes Realizadas;
2020-08-19 09:24:44;53  999782092;0.0;Adicional por Ligacoes Realizadas;
2020-08-19 08:46:58;51  981111669;0.0;Adicional por Ligacoes Realizadas;
2020-08-19 07:51:41;53  999782092;0.0;Adicional por Ligacoes Realizadas;
2020-08-19 07:48:33;13  997654328;0.0;Adicional por Ligacoes Realizadas;
2020-08-19 07:46:43;13  991026348;0.0;Adicional por Ligacoes Realizadas;
2020-08-18 18:19:54;51  991317721;0.0;Adicional por Ligacoes Realizadas;
2020-08-18 16:03:37;13  997654328;0.0;Adicional por Ligacoes Realizadas;
2020-08-18 14:14:28;51  998331892;0.0;Adicional por Ligacoes Realizadas;
2020-08-18 12:43:03;51  991059183;0.0;Adicional por Ligacoes Realizadas;
2020-08-18 11:07:40;51  998932684;0.0;Adicional por Ligacoes Realizadas;
2020-08-18 10:27:14;11  967904004;0.0;Adicional por Ligacoes Realizadas;
2020-08-18 10:19:57;51  998932684;0.0;Adicional por Ligacoes Realizadas;
2020-08-18 09:00:44;53  999782092;0.0;Adicional por Ligacoes Realizadas;
2020-08-18 08:14:13;13  988507088;0.0;Adicional por Ligacoes Realizadas;
2020-08-18 07:57:35;13  988507088;0.0;Adicional por Ligacoes Realizadas;
2020-08-18 07:48:49;51  991317721;0.0;Adicional por Ligacoes Realizadas;
2020-08-18 07:47:22;15  996580266;0.0;Adicional por Ligacoes Realizadas;
2020-08-18 07:21:42;53  999782092;0.0;Adicional por Ligacoes Realizadas;
2020-08-17 17:50:19;51  991317721;0.0;Adicional por Ligacoes Realizadas;
2020-08-17 17:15:13;13  991828267;0.0;Adicional por Ligacoes Realizadas;
2020-08-17 17:07:16;13  981844745;0.0;Adicional por Ligacoes Realizadas;
2020-08-17 17:04:09;51  992592754;0.0;Adicional por Ligacoes Realizadas;
2020-08-17 17:02:47;13  991828267;0.0;Adicional por Ligacoes Realizadas;
2020-08-17 16:48:05;51  992592870;0.0;Adicional por Ligacoes Realizadas;
2020-08-17 16:09:14;15  996580266;0.0;Adicional por Ligacoes Realizadas;
2020-08-17 15:29:37;51  995590187;0.0;Adicional por Ligacoes Realizadas;
2020-08-17 14:13:35;51  995590187;0.0;Adicional por Ligacoes Realizadas;
2020-08-17 13:41:51;51  981111669;0.0;Adicional por Ligacoes Realizadas;
2020-08-17 12:55:12;51  992592867;0.0;Adicional por Ligacoes Realizadas;
2020-08-17 12:00:00;53  991735553;0.0;Adicional por Ligacoes Realizadas;
2020-08-17 10:10:34;51  991317721;0.0;Adicional por Ligacoes Realizadas;
2020-08-17 10:07:02;51  991317721;0.0;Adicional por Ligacoes Realizadas;
2020-08-17 09:11:51;51  992592870;0.0;Adicional por Ligacoes Realizadas;
2020-08-17 08:03:38;51  991317721;0.0;Adicional por Ligacoes Realizadas;
2020-08-17 07:41:48;13  981373430;0.0;Adicional por Ligacoes Realizadas;
2020-08-16 17:21:39;13  974040724;0.0;Adicional por Ligacoes Realizadas;
2020-08-16 12:02:13;54  999804066;0.0;Adicional por Ligacoes Realizadas;
2020-08-15 14:45:28;51  991317721;0.0;Adicional por Ligacoes Realizadas;
2020-08-15 13:53:13;51  995590460;0.0;Adicional por Ligacoes Realizadas;
2020-08-15 11:44:57;51  995590187;0.0;Adicional por Ligacoes Realizadas;
2020-08-15 10:47:37;11  950570291;0.0;Adicional por Ligacoes Realizadas;
2020-08-15 10:12:50;51  992592870;0.0;Adicional por Ligacoes Realizadas;
2020-08-14 17:09:22;54  999804066;0.0;Adicional por Ligacoes Realizadas;
2020-08-14 17:00:02;13  988744479;0.0;Adicional por Ligacoes Realizadas;
2020-08-14 16:25:53;51  995590460;0.0;Adicional por Ligacoes Realizadas;
2020-08-14 15:41:10;51  995590460;0.0;Adicional por Ligacoes Realizadas;
2020-08-14 11:58:28;51  991317721;0.0;Adicional por Ligacoes Realizadas;
2020-08-14 11:24:11;13  988025635;0.0;Adicional por Ligacoes Realizadas;
2020-08-14 08:25:45;13  991026348;0.0;Adicional por Ligacoes Realizadas;
2020-08-13 17:59:35;13  982028634;0.0;Adicional por Ligacoes Realizadas;
2020-08-13 17:51:59;13  981844745;0.0;Adicional por Ligacoes Realizadas;
2020-08-13 17:43:45;13  981844745;0.0;Adicional por Ligacoes Realizadas;
2020-08-13 14:36:42;13  988025635;0.0;Adicional por Ligacoes Realizadas;
2020-08-13 14:09:03;54  999804066;0.0;Adicional por Ligacoes Realizadas;
2020-08-13 14:07:48;51  995590187;0.0;Adicional por Ligacoes Realizadas;
2020-08-13 10:53:12;51  998932684;0.0;Adicional por Ligacoes Realizadas;
2020-08-13 07:12:16;13  997481846;0.0;Adicional por Ligacoes Realizadas;
2020-08-12 20:48:04;13  988025635;0.0;Adicional por Ligacoes Realizadas;
2020-08-12 18:28:13;51  995590187;0.0;Adicional por Ligacoes Realizadas;
2020-08-12 18:12:49;51  991317721;0.0;Adicional por Ligacoes Realizadas;
2020-08-12 17:59:47;13  991828267;0.0;Adicional por Ligacoes Realizadas;
2020-08-12 15:42:45;51  995590187;0.0;Adicional por Ligacoes Realizadas;
2020-08-12 13:53:41;51  991317721;0.0;Adicional por Ligacoes Realizadas;
2020-08-12 13:50:12;51  995590187;0.0;Adicional por Ligacoes Realizadas;
2020-08-12 09:44:12;13  981844745;0.0;Adicional por Ligacoes Realizadas;
2020-08-12 08:18:21;51  991059183;0.0;Adicional por Ligacoes Realizadas;
2020-08-12 07:49:51;13  981844745;0.0;Adicional por Ligacoes Realizadas;
2020-08-11 17:49:47;51  995590187;0.0;Adicional por Ligacoes Realizadas;
2020-08-11 17:31:33;51  995590187;0.0;Adicional por Ligacoes Realizadas;
2020-08-11 16:15:15;51  999625085;0.0;Adicional por Ligacoes Realizadas;
2020-08-11 14:55:44;51  998331892;0.0;Adicional por Ligacoes Realizadas;
2020-08-11 14:12:31;51  995590187;0.0;Adicional por Ligacoes Realizadas;
2020-08-11 14:10:33;51  995590187;0.0;Adicional por Ligacoes Realizadas;
2020-08-11 13:50:50;51  995590187;0.0;Adicional por Ligacoes Realizadas;
2020-08-04 11:50:19;13  981373430;32.0;Para Celulares de Outras Operadoras;
2020-08-04 09:12:13;13  988507088;18.0;Para Celulares de Outras Operadoras;
2020-08-04 08:18:26;13  997654328;5.0;Para Celulares de Outras Operadoras;
2020-08-04 07:49:27;13  988507088;24.0;Para Celulares de Outras Operadoras;
2020-08-03 16:20:29;13  988507088;12.0;Para Celulares de Outras Operadoras;
2020-08-03 14:51:57;13  996046381;5.0;Para Celulares de Outras Operadoras;
2020-08-03 14:38:05;13  996046381;33.0;Para Celulares de Outras Operadoras;
2020-08-03 10:50:11;13  981844745;18.0;Para Celulares de Outras Operadoras;
2020-08-03 05:58:03;13  991828267;5.0;Para Celulares de Outras Operadoras;
2020-08-21 07:04:40;13  40043535;144.0;Para Fixo Vivo;
2020-08-03 14:17:46;13  32311300;8.0;Para Fixo Vivo;
2020-08-29 22:07:20;13  974040724;169.0;Para Celulares Vivo;
2020-08-28 18:35:52;13  997615352;5.0;Para Celulares Vivo;
2020-08-28 18:18:45;13  997615352;9.0;Para Celulares Vivo;
2020-08-28 18:11:37;13  974040724;12.0;Para Celulares Vivo;
2020-08-27 09:26:42;13  974040724;12.0;Para Celulares Vivo;
2020-08-26 15:38:17;13  974040724;18.0;Para Celulares Vivo;
2020-08-24 15:22:30;13  974040724;13.0;Para Celulares Vivo;
2020-08-24 11:42:52;13  974040724;6.0;Para Celulares Vivo;
2020-08-21 14:00:33;13  997615352;9.0;Para Celulares Vivo;
2020-08-21 09:53:12;13  996159012;5.0;Para Celulares Vivo;
2020-08-21 09:52:14;13  996159012;8.0;Para Celulares Vivo;
2020-08-20 18:53:58;13  974040724;68.0;Para Celulares Vivo;
2020-08-20 16:17:03;13  996841984;9.0;Para Celulares Vivo;
2020-08-16 17:21:39;13  974040724;17.0;Para Celulares Vivo;
2020-08-13 07:12:16;13  997481846;13.0;Para Celulares Vivo;
2020-08-11 11:47:39;13  981188560;28.0;Para Celulares Vivo;
2020-08-10 10:52:21;13  974099996;13.0;Para Celulares Vivo;
2020-08-06 12:04:18;13  997619254;9.0;Para Celulares Vivo;
2020-08-05 07:57:22;13  997619254;6.0;Para Celulares Vivo;
2020-08-04 08:52:49;13  996620694;31.0;Para Celulares Vivo;
2020-08-01;"";100951.2;INTERNET MOVEL 2;0.00
2020-08-02;"";126.0;INTERNET MOVEL 2;0.00
2020-08-03;"";164412.3;INTERNET MOVEL 2;0.00
2020-08-04;"";98628.3;INTERNET MOVEL 2;0.00
2020-08-05;"";178384.2;INTERNET MOVEL 2;0.00
2020-08-06;"";182085.6;INTERNET MOVEL 2;0.00
2020-08-07;"";124210.3;INTERNET MOVEL 2;0.00
2020-08-08;"";209631.1;INTERNET MOVEL 2;0.00
2020-08-09;"";42315.6;INTERNET MOVEL 2;0.00
2020-08-10;"";103359.2;INTERNET MOVEL 2;0.00
2020-08-11;"";106531.3;INTERNET MOVEL 2;0.00
2020-08-12;"";134413.7;INTERNET MOVEL 2;0.00
2020-08-13;"";130121.8;INTERNET MOVEL 2;0.00
2020-08-14;"";120256.3;INTERNET MOVEL 2;0.00
2020-08-15;"";47119.1;INTERNET MOVEL 2;0.00
2020-08-16;"";150391.6;INTERNET MOVEL 2;0.00
2020-08-17;"";146179.8;INTERNET MOVEL 2;0.00
2020-08-18;"";136657.9;INTERNET MOVEL 2;0.00
2020-08-19;"";128767.0;INTERNET MOVEL 2;0.00
2020-08-20;"";135059.5;INTERNET MOVEL 2;0.00
2020-08-21;"";210699.4;INTERNET MOVEL 2;0.00
2020-08-22;"";157666.0;INTERNET MOVEL 2;0.00
2020-08-23;"";12625.7;INTERNET MOVEL 2;0.00
2020-08-24;"";78936.3;INTERNET MOVEL 2;0.00
2020-08-25;"";95921.1;INTERNET MOVEL 2;0.00
2020-08-26;"";67836.5;INTERNET MOVEL 2;0.00
2020-08-27;"";154600.7;INTERNET MOVEL 2;0.00
2020-08-28;"";160328.3;INTERNET MOVEL 2;0.00
2020-08-29;"";61619.2;INTERNET MOVEL 2;0.00
2020-08-30;"";63993.6;INTERNET MOVEL 2;0.00
2020-08-31;"";170817.4;INTERNET MOVEL 2;0.00
