data_hora_inicio;nro_telefone_chamado;duracao_ligacao;desc_categoria;valor_ligacao
2020-08-17 10:18:21;51993120121;1.0;GRATIS-SMS;0.00
2020-08-01 12:05:29;51  997139758;9.0;Para Celulares Vivo;
2020-08-06 11:28:45;11  35661760;5.0;Para Fixo de Outras Operadoras;
2020-08-31 15:37:34;51  985948318;5.0;Para Celulares de Outras Operadoras;
2020-08-14 16:23:47;51  985948318;5.0;Para Celulares de Outras Operadoras;
2020-08-10 14:33:13;51  985948318;5.0;Para Celulares de Outras Operadoras;
2020-08-07 18:10:14;51  993976076;36.0;Para Fixo Vivo;
2020-08-07 17:54:51;51  993976076;145.0;Para Fixo Vivo;
2020-08-31 23:04:06;51  999106910;19.0;Para Celulares Vivo;
2020-08-31 17:57:52;51  985757000;5.0;Para Celulares Vivo;
2020-08-30 16:00:14;51  999106910;5.0;Para Celulares Vivo;
2020-08-08 09:12:13;51  999266110;13.0;Para Celulares Vivo;
2020-07-31;"";36.0;INTERNET MOVEL 2;0.00
2020-08-01;"";68551.4;INTERNET MOVEL 2;0.00
2020-08-02;"";5423.3;INTERNET MOVEL 2;0.00
2020-08-03;"";3520.1;INTERNET MOVEL 2;0.00
2020-08-04;"";8093.7;INTERNET MOVEL 2;0.00
2020-08-05;"";36578.7;INTERNET MOVEL 2;0.00
2020-08-06;"";1305.0;INTERNET MOVEL 2;0.00
2020-08-07;"";4529.9;INTERNET MOVEL 2;0.00
2020-08-08;"";1404.0;INTERNET MOVEL 2;0.00
2020-08-09;"";1827.0;INTERNET MOVEL 2;0.00
2020-08-10;"";2495.9;INTERNET MOVEL 2;0.00
2020-08-11;"";20036.7;INTERNET MOVEL 2;0.00
2020-08-12;"";15089.2;INTERNET MOVEL 2;0.00
2020-08-13;"";127135.4;INTERNET MOVEL 2;0.00
2020-08-14;"";18507.2;INTERNET MOVEL 2;0.00
2020-08-15;"";1272.0;INTERNET MOVEL 2;0.00
2020-08-16;"";1936.8;INTERNET MOVEL 2;0.00
2020-08-17;"";9093.4;INTERNET MOVEL 2;0.00
2020-08-18;"";54017.4;INTERNET MOVEL 2;0.00
2020-08-19;"";14123.2;INTERNET MOVEL 2;0.00
2020-08-20;"";1361.4;INTERNET MOVEL 2;0.00
2020-08-21;"";2101.5;INTERNET MOVEL 2;0.00
2020-08-22;"";29325.8;INTERNET MOVEL 2;0.00
2020-08-23;"";48447.9;INTERNET MOVEL 2;0.00
2020-08-24;"";80807.8;INTERNET MOVEL 2;0.00
2020-08-25;"";23208.4;INTERNET MOVEL 2;0.00
2020-08-26;"";40171.8;INTERNET MOVEL 2;0.00
2020-08-27;"";24332.6;INTERNET MOVEL 2;0.00
2020-08-28;"";67006.7;INTERNET MOVEL 2;0.00
2020-08-29;"";59261.5;INTERNET MOVEL 2;0.00
2020-08-30;"";24694.1;INTERNET MOVEL 2;0.00
2020-08-31;"";44833.5;INTERNET MOVEL 2;0.00
