data_hora_inicio;nro_telefone_chamado;duracao_ligacao;desc_categoria;valor_ligacao
2020-07-31;"";496.0;INTERNET MOVEL 2;0.00
2020-08-01;"";855.0;INTERNET MOVEL 2;0.00
2020-08-02;"";594.0;INTERNET MOVEL 2;0.00
2020-08-03;"";590.0;INTERNET MOVEL 2;0.00
2020-08-04;"";469.0;INTERNET MOVEL 2;0.00
2020-08-05;"";835.0;INTERNET MOVEL 2;0.00
2020-08-06;"";801.0;INTERNET MOVEL 2;0.00
2020-08-07;"";1033.0;INTERNET MOVEL 2;0.00
2020-08-08;"";885.0;INTERNET MOVEL 2;0.00
2020-08-09;"";606.0;INTERNET MOVEL 2;0.00
2020-08-10;"";737.0;INTERNET MOVEL 2;0.00
2020-08-11;"";645.0;INTERNET MOVEL 2;0.00
2020-08-12;"";688.0;INTERNET MOVEL 2;0.00
2020-08-13;"";511.0;INTERNET MOVEL 2;0.00
2020-08-14;"";521.0;INTERNET MOVEL 2;0.00
2020-08-15;"";600.0;INTERNET MOVEL 2;0.00
2020-08-16;"";966.0;INTERNET MOVEL 2;0.00
2020-08-17;"";693.0;INTERNET MOVEL 2;0.00
2020-08-18;"";717.0;INTERNET MOVEL 2;0.00
2020-08-19;"";798.0;INTERNET MOVEL 2;0.00
2020-08-20;"";790.0;INTERNET MOVEL 2;0.00
2020-08-21;"";883.0;INTERNET MOVEL 2;0.00
2020-08-22;"";735.0;INTERNET MOVEL 2;0.00
2020-08-23;"";598.0;INTERNET MOVEL 2;0.00
2020-08-24;"";707.0;INTERNET MOVEL 2;0.00
2020-08-25;"";566.0;INTERNET MOVEL 2;0.00
2020-08-26;"";591.0;INTERNET MOVEL 2;0.00
2020-08-27;"";679.0;INTERNET MOVEL 2;0.00
2020-08-28;"";532.0;INTERNET MOVEL 2;0.00
2020-08-29;"";433.0;INTERNET MOVEL 2;0.00
2020-08-30;"";772.0;INTERNET MOVEL 2;0.00
2020-08-31;"";411.0;INTERNET MOVEL 2;0.00
