data_hora_inicio;nro_telefone_chamado;duracao_ligacao;desc_categoria;valor_ligacao
2020-08-28 01:20:25;21960100741;1.0;GRATIS-SMS;0.00
2020-08-18 09:54:13;11999733055;1.0;GRATIS-SMS;0.00
2020-08-28 13:21:21;11  41482518;99.0;Para Fixo de Outras Operadoras;
2020-08-28 11:40:49;11  41482518;11.0;Para Fixo de Outras Operadoras;
2020-08-24 14:19:41;11  41482518;50.0;Para Fixo de Outras Operadoras;
2020-08-24 15:37:17;11  44282888;50.0;Para Fixo Vivo;
2020-08-27 15:27:30;03  001157001;122.0;"";
2020-08-25 14:03:29;03  001157001;107.0;"";
2020-08-25 14:01:54;03  001157001;14.0;"";
2020-08-24 22:53:33;51  33143434;43.0;Para Fixo de Outras Operadoras;
2020-08-19 09:13:34;51  33202500;26.0;Para Fixo de Outras Operadoras;
2020-08-19 09:10:53;51  33262000;24.0;Para Fixo de Outras Operadoras;
2020-08-18 14:27:04;51  30251830;31.0;Para Fixo de Outras Operadoras;
2020-08-14 14:08:59;51  40040001;19.0;Para Fixo de Outras Operadoras;
2020-08-05 12:52:29;51  33209750;21.0;Para Fixo de Outras Operadoras;
2020-08-25 17:00:04;51  991193511;61.0;Para Celulares de Outras Operadoras;
2020-08-13 14:21:00;51  993527478;43.0;Para Celulares de Outras Operadoras;
2020-08-21 14:15:05;51  981148539;13.0;Para Fixo Vivo;
2020-08-18 14:17:31;51  981148539;39.0;Para Fixo Vivo;
2020-08-31 17:57:46;51  999854882;5.0;Para Celulares Vivo;
2020-08-24 19:00:01;51  999854882;5.0;Para Celulares Vivo;
2020-08-23 09:23:30;51  999854882;15.0;Para Celulares Vivo;
2020-08-19 17:23:40;51  999854882;14.0;Para Celulares Vivo;
2020-08-19 13:27:23;51  999854882;5.0;Para Celulares Vivo;
2020-08-13 15:05:08;51  995538300;70.0;Para Celulares Vivo;
2020-08-13 15:03:01;51  999854882;5.0;Para Celulares Vivo;
2020-08-13 14:48:08;51  995538300;9.0;Para Celulares Vivo;
2020-08-12 11:02:49;51  989028545;13.0;Para Celulares Vivo;
2020-08-10 17:04:35;51  995538300;125.0;Para Celulares Vivo;
2020-08-07 09:21:56;51  995538300;52.0;Para Celulares Vivo;
2020-07-31;"";64.0;INTERNET MOVEL 2;0.00
2020-08-01;"";1220.0;INTERNET MOVEL 2;0.00
2020-08-02;"";1037.0;INTERNET MOVEL 2;0.00
2020-08-03;"";3561.8;INTERNET MOVEL 2;0.00
2020-08-04;"";5865.5;INTERNET MOVEL 2;0.00
2020-08-05;"";352.0;INTERNET MOVEL 2;0.00
2020-08-06;"";574.0;INTERNET MOVEL 2;0.00
2020-08-07;"";2792.8;INTERNET MOVEL 2;0.00
2020-08-08;"";688.0;INTERNET MOVEL 2;0.00
2020-08-09;"";503.0;INTERNET MOVEL 2;0.00
2020-08-10;"";242.0;INTERNET MOVEL 2;0.00
2020-08-11;"";945.0;INTERNET MOVEL 2;0.00
2020-08-12;"";10078.3;INTERNET MOVEL 2;0.00
2020-08-13;"";445.0;INTERNET MOVEL 2;0.00
2020-08-14;"";1889.0;INTERNET MOVEL 2;0.00
2020-08-15;"";891.0;INTERNET MOVEL 2;0.00
2020-08-16;"";24812.9;INTERNET MOVEL 2;0.00
2020-08-17;"";344.0;INTERNET MOVEL 2;0.00
2020-08-18;"";557.0;INTERNET MOVEL 2;0.00
2020-08-19;"";3133.3;INTERNET MOVEL 2;0.00
2020-08-20;"";151.0;INTERNET MOVEL 2;0.00
2020-08-21;"";259.0;INTERNET MOVEL 2;0.00
2020-08-22;"";20305.7;INTERNET MOVEL 2;0.00
2020-08-23;"";10483.0;INTERNET MOVEL 2;0.00
2020-08-24;"";1260.0;INTERNET MOVEL 2;0.00
2020-08-25;"";933.0;INTERNET MOVEL 2;0.00
2020-08-26;"";435.0;INTERNET MOVEL 2;0.00
2020-08-27;"";349.0;INTERNET MOVEL 2;0.00
2020-08-28;"";637.0;INTERNET MOVEL 2;0.00
2020-08-29;"";1628.8;INTERNET MOVEL 2;0.00
2020-08-30;"";1551.2;INTERNET MOVEL 2;0.00
2020-08-31;"";228.0;INTERNET MOVEL 2;0.00
