data_hora_inicio;nro_telefone_chamado;duracao_ligacao;desc_categoria;valor_ligacao
2020-08-28 16:07:54;51  991813564;36.0;Para Celulares Vivo;
2020-08-27 09:06:35;51  991813564;5.0;Para Celulares Vivo;
2020-08-31 15:49:57;98  996116143;0.0;Adicional por Ligacoes Realizadas;
2020-08-31 14:10:30;98  996116143;0.0;Adicional por Ligacoes Realizadas;
2020-08-30 13:54:32;98  987799674;0.0;Adicional por Ligacoes Realizadas;
2020-08-30 12:22:47;98  985618092;0.0;Adicional por Ligacoes Realizadas;
2020-08-29 10:04:43;98  987799674;0.0;Adicional por Ligacoes Realizadas;
2020-08-28 16:07:54;51  991813564;0.0;Adicional por Ligacoes Realizadas;
2020-08-28 11:47:50;98  989066215;0.0;Adicional por Ligacoes Realizadas;
2020-08-28 11:45:33;98  991550560;0.0;Adicional por Ligacoes Realizadas;
2020-08-27 18:53:25;98  987799674;0.0;Adicional por Ligacoes Realizadas;
2020-08-27 18:52:34;98  987799674;0.0;Adicional por Ligacoes Realizadas;
2020-08-27 14:12:38;98  988278723;0.0;Adicional por Ligacoes Realizadas;
2020-08-27 09:06:35;51  991813564;0.0;Adicional por Ligacoes Realizadas;
2020-08-14 16:27:18;98  991416431;0.0;Adicional por Ligacoes Realizadas;
2020-08-14 09:51:39;98  991890514;0.0;Adicional por Ligacoes Realizadas;
2020-08-06 14:11:52;98  989066215;0.0;Adicional por Ligacoes Realizadas;
2020-08-06 13:40:28;98  996116143;0.0;Adicional por Ligacoes Realizadas;
2020-08-04 11:43:40;98  996116143;0.0;Adicional por Ligacoes Realizadas;
2020-08-31 15:49:57;98  996116143;27.0;Para Celulares de Outras Operadoras;
2020-08-31 14:10:30;98  996116143;23.0;Para Celulares de Outras Operadoras;
2020-08-30 13:54:32;98  987799674;5.0;Para Celulares de Outras Operadoras;
2020-08-30 12:22:47;98  985618092;6.0;Para Celulares de Outras Operadoras;
2020-08-29 10:04:43;98  987799674;5.0;Para Celulares de Outras Operadoras;
2020-08-28 11:47:50;98  989066215;30.0;Para Celulares de Outras Operadoras;
2020-08-27 18:53:25;98  987799674;5.0;Para Celulares de Outras Operadoras;
2020-08-27 18:52:34;98  987799674;5.0;Para Celulares de Outras Operadoras;
2020-08-27 14:12:38;98  988278723;5.0;Para Celulares de Outras Operadoras;
2020-08-06 14:11:52;98  989066215;11.0;Para Celulares de Outras Operadoras;
2020-08-06 13:40:28;98  996116143;11.0;Para Celulares de Outras Operadoras;
2020-08-04 11:43:40;98  996116143;5.0;Para Celulares de Outras Operadoras;
2020-08-28 11:45:33;98  991550560;12.0;Para Celulares Vivo;
2020-08-14 16:27:18;98  991416431;69.0;Para Celulares Vivo;
2020-08-14 09:51:39;98  991890514;26.0;Para Celulares Vivo;
2020-08-01;"";66031.5;INTERNET MOVEL 2;0.00
2020-08-03;"";56195.6;INTERNET MOVEL 2;0.00
2020-08-04;"";39487.1;INTERNET MOVEL 2;0.00
2020-08-05;"";10236.9;INTERNET MOVEL 2;0.00
2020-08-06;"";14959.2;INTERNET MOVEL 2;0.00
2020-08-07;"";7086.4;INTERNET MOVEL 2;0.00
2020-08-08;"";15217.4;INTERNET MOVEL 2;0.00
2020-08-10;"";2315.0;INTERNET MOVEL 2;0.00
2020-08-11;"";62034.3;INTERNET MOVEL 2;0.00
2020-08-12;"";10147.3;INTERNET MOVEL 2;0.00
2020-08-13;"";18971.7;INTERNET MOVEL 2;0.00
2020-08-14;"";12026.7;INTERNET MOVEL 2;0.00
2020-08-17;"";4280.9;INTERNET MOVEL 2;0.00
2020-08-18;"";2765.4;INTERNET MOVEL 2;0.00
2020-08-20;"";15299.9;INTERNET MOVEL 2;0.00
2020-08-21;"";18932.3;INTERNET MOVEL 2;0.00
2020-08-22;"";47643.0;INTERNET MOVEL 2;0.00
2020-08-23;"";48683.1;INTERNET MOVEL 2;0.00
2020-08-24;"";1852.0;INTERNET MOVEL 2;0.00
2020-08-25;"";13669.9;INTERNET MOVEL 2;0.00
2020-08-26;"";48026.4;INTERNET MOVEL 2;0.00
2020-08-27;"";16883.4;INTERNET MOVEL 2;0.00
2020-08-28;"";5996.8;INTERNET MOVEL 2;0.00
2020-08-30;"";5256.4;INTERNET MOVEL 2;0.00
2020-08-31;"";8681.5;INTERNET MOVEL 2;0.00
