data_hora_inicio;nro_telefone_chamado;duracao_ligacao;desc_categoria;valor_ligacao
2020-08-25 23:21:27;51982796482;1.0;GRATIS-SMS;0.00
2020-08-01 13:15:05;*5  55;7.0;"";
2020-08-01 10:28:05;51  989121990;112.0;Para Celulares Vivo;
2020-08-23 17:03:28;51  999002100;8.0;Para Celulares de Outras Operadoras;
2020-08-18 13:05:57;03  007893800;37.0;Servicos Prestados por Terceiros;
2020-08-18 12:36:57;48  991101055;67.0;Para Celulares Vivo;
2020-08-26 15:22:12;54  981346173;22.0;Para Celulares Vivo;
2020-08-15 09:50:18;51  984462360;9.0;De Celulares Vivo;
2020-08-09 20:02:35;51  984462360;6.0;De Celulares Vivo;
2020-08-21 08:25:55;51  34916597;33.0;Para Fixo de Outras Operadoras;
2020-08-14 17:05:30;51  34762184;8.0;Para Fixo de Outras Operadoras;
2020-08-31 13:46:36;51  994610494;5.0;Para Celulares de Outras Operadoras;
2020-08-30 14:11:23;51  984652480;36.0;Para Celulares de Outras Operadoras;
2020-08-29 15:13:47;51  982185268;15.0;Para Celulares de Outras Operadoras;
2020-08-28 10:44:32;51  982185268;17.0;Para Celulares de Outras Operadoras;
2020-08-28 09:48:22;51  993535111;12.0;Para Celulares de Outras Operadoras;
2020-08-28 08:35:40;51  989434872;5.0;Para Celulares de Outras Operadoras;
2020-08-27 16:23:15;51  993443836;92.0;Para Celulares de Outras Operadoras;
2020-08-27 15:57:12;51  993438384;35.0;Para Celulares de Outras Operadoras;
2020-08-27 14:53:21;51  989434872;5.0;Para Celulares de Outras Operadoras;
2020-08-27 10:39:01;51  996733199;17.0;Para Celulares de Outras Operadoras;
2020-08-27 09:21:24;51  994610494;10.0;Para Celulares de Outras Operadoras;
2020-08-27 07:20:49;51  993438384;21.0;Para Celulares de Outras Operadoras;
2020-08-26 17:05:15;51  993438384;6.0;Para Celulares de Outras Operadoras;
2020-08-25 13:29:04;51  993535111;17.0;Para Celulares de Outras Operadoras;
2020-08-25 09:48:40;51  993438384;55.0;Para Celulares de Outras Operadoras;
2020-08-25 09:45:20;51  981247107;7.0;Para Celulares de Outras Operadoras;
2020-08-25 09:44:10;51  989434872;5.0;Para Celulares de Outras Operadoras;
2020-08-25 07:49:09;51  998677118;18.0;Para Celulares de Outras Operadoras;
2020-08-24 11:30:07;51  984431413;6.0;Para Celulares de Outras Operadoras;
2020-08-24 10:11:57;51  997300279;11.0;Para Celulares de Outras Operadoras;
2020-08-24 08:06:15;51  994610494;11.0;Para Celulares de Outras Operadoras;
2020-08-21 12:47:59;51  994610494;5.0;Para Celulares de Outras Operadoras;
2020-08-21 10:59:32;51  986272519;5.0;Para Celulares de Outras Operadoras;
2020-08-20 14:05:05;51  982185268;20.0;Para Celulares de Outras Operadoras;
2020-08-20 14:02:23;51  986272519;7.0;Para Celulares de Outras Operadoras;
2020-08-20 10:34:37;51  993251349;23.0;Para Celulares de Outras Operadoras;
2020-08-20 10:25:16;51  984125445;14.0;Para Celulares de Outras Operadoras;
2020-08-19 14:45:24;51  993438384;17.0;Para Celulares de Outras Operadoras;
2020-08-19 14:29:30;51  991771271;26.0;Para Celulares de Outras Operadoras;
2020-08-19 13:21:04;51  998398916;5.0;Para Celulares de Outras Operadoras;
2020-08-19 10:01:10;51  994218893;5.0;Para Celulares de Outras Operadoras;
2020-08-18 15:35:39;51  994218893;5.0;Para Celulares de Outras Operadoras;
2020-08-18 11:00:22;51  989434872;10.0;Para Celulares de Outras Operadoras;
2020-08-18 10:53:33;51  998398916;5.0;Para Celulares de Outras Operadoras;
2020-08-17 18:50:18;51  982185268;5.0;Para Celulares de Outras Operadoras;
2020-08-17 15:28:07;51  984619982;5.0;Para Celulares de Outras Operadoras;
2020-08-17 11:10:04;51  989434872;6.0;Para Celulares de Outras Operadoras;
2020-08-16 15:18:15;51  982185268;7.0;Para Celulares de Outras Operadoras;
2020-08-16 08:21:28;51  984652480;5.0;Para Celulares de Outras Operadoras;
2020-08-15 17:46:36;51  984462360;6.0;Para Celulares de Outras Operadoras;
2020-08-15 17:07:44;51  982185268;7.0;Para Celulares de Outras Operadoras;
2020-08-15 10:12:52;51  984462360;5.0;Para Celulares de Outras Operadoras;
2020-08-14 17:42:45;51  982185268;5.0;Para Celulares de Outras Operadoras;
2020-08-14 08:33:00;51  989434872;5.0;Para Celulares de Outras Operadoras;
2020-08-13 18:00:38;51  982796482;6.0;Para Celulares de Outras Operadoras;
2020-08-13 14:25:07;51  989434872;5.0;Para Celulares de Outras Operadoras;
2020-08-13 13:55:42;51  993438384;11.0;Para Celulares de Outras Operadoras;
2020-08-13 13:53:57;51  985666828;11.0;Para Celulares de Outras Operadoras;
2020-08-13 09:25:19;51  993438384;7.0;Para Celulares de Outras Operadoras;
2020-08-13 07:50:22;51  993438384;9.0;Para Celulares de Outras Operadoras;
2020-08-12 14:46:56;51  993889435;14.0;Para Celulares de Outras Operadoras;
2020-08-12 11:52:05;51  989434872;8.0;Para Celulares de Outras Operadoras;
2020-08-11 18:58:25;51  984462360;65.0;Para Celulares de Outras Operadoras;
2020-08-11 18:47:30;51  982185268;11.0;Para Celulares de Outras Operadoras;
2020-08-11 15:06:09;51  993438384;13.0;Para Celulares de Outras Operadoras;
2020-08-11 11:13:32;51  984125445;40.0;Para Celulares de Outras Operadoras;
2020-08-11 09:45:18;51  982938205;28.0;Para Celulares de Outras Operadoras;
2020-08-11 08:50:43;51  981313471;70.0;Para Celulares de Outras Operadoras;
2020-08-11 08:13:36;51  993438384;47.0;Para Celulares de Outras Operadoras;
2020-08-10 17:32:43;51  982185268;5.0;Para Celulares de Outras Operadoras;
2020-08-10 16:37:38;51  994610494;5.0;Para Celulares de Outras Operadoras;
2020-08-10 15:24:25;51  989434872;5.0;Para Celulares de Outras Operadoras;
2020-08-10 09:41:54;51  993535111;16.0;Para Celulares de Outras Operadoras;
2020-08-10 08:05:20;51  984267732;5.0;Para Celulares de Outras Operadoras;
2020-08-10 07:29:53;51  984267732;12.0;Para Celulares de Outras Operadoras;
2020-08-09 20:30:02;51  984462360;5.0;Para Celulares de Outras Operadoras;
2020-08-09 18:53:22;51  984462360;10.0;Para Celulares de Outras Operadoras;
2020-08-09 17:47:25;51  984462360;6.0;Para Celulares de Outras Operadoras;
2020-08-09 16:00:00;51  999002100;7.0;Para Celulares de Outras Operadoras;
2020-08-09 14:55:07;51  984462360;15.0;Para Celulares de Outras Operadoras;
2020-08-09 13:04:36;51  984462360;7.0;Para Celulares de Outras Operadoras;
2020-08-08 17:43:54;51  984462360;8.0;Para Celulares de Outras Operadoras;
2020-08-08 13:46:10;51  984619982;5.0;Para Celulares de Outras Operadoras;
2020-08-08 13:28:27;51  984619982;5.0;Para Celulares de Outras Operadoras;
2020-08-07 17:40:05;51  982185268;5.0;Para Celulares de Outras Operadoras;
2020-08-07 14:51:00;51  984470292;39.0;Para Celulares de Outras Operadoras;
2020-08-07 13:26:18;51  984619982;5.0;Para Celulares de Outras Operadoras;
2020-08-07 13:25:18;51  984619982;5.0;Para Celulares de Outras Operadoras;
2020-08-07 11:23:46;51  991821279;21.0;Para Celulares de Outras Operadoras;
2020-08-06 13:36:04;51  994610494;9.0;Para Celulares de Outras Operadoras;
2020-08-06 08:57:17;51  994610494;5.0;Para Celulares de Outras Operadoras;
2020-08-05 18:41:35;51  982185268;5.0;Para Celulares de Outras Operadoras;
2020-08-05 11:18:52;51  981047946;38.0;Para Celulares de Outras Operadoras;
2020-08-04 18:01:03;51  982185268;7.0;Para Celulares de Outras Operadoras;
2020-08-04 15:22:39;51  989398695;9.0;Para Celulares de Outras Operadoras;
2020-08-04 15:06:35;51  989434872;9.0;Para Celulares de Outras Operadoras;
2020-08-03 13:36:49;51  993053606;37.0;Para Celulares de Outras Operadoras;
2020-08-03 09:13:21;51  993438384;7.0;Para Celulares de Outras Operadoras;
2020-08-02 12:09:44;51  982185268;5.0;Para Celulares de Outras Operadoras;
2020-08-02 11:58:41;51  982185268;5.0;Para Celulares de Outras Operadoras;
2020-08-28 10:59:00;51  21313333;8.0;Para Fixo Vivo;
2020-08-21 21:24:21;51  30512182;8.0;Para Fixo Vivo;
2020-08-12 12:00:09;51  21313333;10.0;Para Fixo Vivo;
2020-08-28 13:22:20;51  999907437;5.0;Para Celulares Vivo;
2020-08-27 14:50:39;51  992518679;5.0;Para Celulares Vivo;
2020-08-26 16:11:47;51  995112258;8.0;Para Celulares Vivo;
2020-08-26 15:36:21;51  995953046;5.0;Para Celulares Vivo;
2020-08-26 14:38:43;51  999669092;65.0;Para Celulares Vivo;
2020-08-26 14:16:19;51  997360949;12.0;Para Celulares Vivo;
2020-08-26 11:04:54;51  999482226;5.0;Para Celulares Vivo;
2020-08-26 09:39:56;51  991919823;6.0;Para Celulares Vivo;
2020-08-24 13:29:40;51  995112258;5.0;Para Celulares Vivo;
2020-08-24 13:07:37;51  991919823;6.0;Para Celulares Vivo;
2020-08-24 11:39:33;51  991919823;9.0;Para Celulares Vivo;
2020-08-21 13:50:40;51  995112258;25.0;Para Celulares Vivo;
2020-08-21 10:47:37;51  995112258;16.0;Para Celulares Vivo;
2020-08-21 09:30:21;51  998851856;11.0;Para Celulares Vivo;
2020-08-21 09:18:36;51  995953046;9.0;Para Celulares Vivo;
2020-08-20 16:11:02;51  999244269;44.0;Para Celulares Vivo;
2020-08-20 10:31:24;51  997360949;6.0;Para Celulares Vivo;
2020-08-19 16:53:01;51  997905949;18.0;Para Celulares Vivo;
2020-08-19 11:03:57;51  980530481;38.0;Para Celulares Vivo;
2020-08-18 16:59:00;51  993360720;16.0;Para Celulares Vivo;
2020-08-18 16:46:05;51  998851856;8.0;Para Celulares Vivo;
2020-08-18 16:35:37;51  998851856;17.0;Para Celulares Vivo;
2020-08-18 12:00:33;51  980530481;22.0;Para Celulares Vivo;
2020-08-18 11:26:50;51  995112258;5.0;Para Celulares Vivo;
2020-08-18 11:08:32;51  998851856;7.0;Para Celulares Vivo;
2020-08-18 11:03:38;51  995112258;13.0;Para Celulares Vivo;
2020-08-18 09:51:20;51  998851856;31.0;Para Celulares Vivo;
2020-08-17 17:19:13;51  999669092;16.0;Para Celulares Vivo;
2020-08-17 14:33:06;51  999607378;33.0;Para Celulares Vivo;
2020-08-14 16:54:45;51  997360949;11.0;Para Celulares Vivo;
2020-08-14 16:05:15;51  995112258;7.0;Para Celulares Vivo;
2020-08-14 15:32:48;51  980530481;11.0;Para Celulares Vivo;
2020-08-14 14:27:40;51  996969729;8.0;Para Celulares Vivo;
2020-08-14 10:25:29;51  980530481;32.0;Para Celulares Vivo;
2020-08-14 07:52:05;51  992957261;66.0;Para Celulares Vivo;
2020-08-14 07:35:07;51  997905949;13.0;Para Celulares Vivo;
2020-08-13 12:17:51;51  999669092;14.0;Para Celulares Vivo;
2020-08-13 12:15:23;51  995112258;5.0;Para Celulares Vivo;
2020-08-13 11:27:58;51  995112258;15.0;Para Celulares Vivo;
2020-08-13 11:02:52;51  997990571;7.0;Para Celulares Vivo;
2020-08-13 10:50:35;51  992518671;11.0;Para Celulares Vivo;
2020-08-13 10:46:42;51  993360720;7.0;Para Celulares Vivo;
2020-08-12 15:41:53;51  995112258;7.0;Para Celulares Vivo;
2020-08-12 10:42:40;51  997360949;5.0;Para Celulares Vivo;
2020-08-11 09:36:16;51  999650065;45.0;Para Celulares Vivo;
2020-08-11 07:12:59;51  991916429;5.0;Para Celulares Vivo;
2020-08-10 14:42:04;51  997360949;5.0;Para Celulares Vivo;
2020-08-10 14:23:11;51  991916429;5.0;Para Celulares Vivo;
2020-08-10 09:29:18;51  995105815;11.0;Para Celulares Vivo;
2020-08-07 16:24:32;51  991916429;6.0;Para Celulares Vivo;
2020-08-06 23:21:20;51  999838046;25.0;Para Celulares Vivo;
2020-08-06 09:01:39;51  991919823;5.0;Para Celulares Vivo;
2020-08-04 11:38:35;51  999472055;9.0;Para Celulares Vivo;
2020-08-04 08:32:49;51  999786908;18.0;Para Celulares Vivo;
2020-07-31;"";58.0;INTERNET MOVEL 2;0.00
2020-08-01;"";105589.9;INTERNET MOVEL 2;0.00
2020-08-02;"";7660.3;INTERNET MOVEL 2;0.00
2020-08-03;"";41171.3;INTERNET MOVEL 2;0.00
2020-08-04;"";83503.0;INTERNET MOVEL 2;0.00
2020-08-05;"";57130.1;INTERNET MOVEL 2;0.00
2020-08-06;"";94432.0;INTERNET MOVEL 2;0.00
2020-08-07;"";33056.7;INTERNET MOVEL 2;0.00
2020-08-08;"";111447.2;INTERNET MOVEL 2;0.00
2020-08-09;"";73063.4;INTERNET MOVEL 2;0.00
2020-08-10;"";36897.3;INTERNET MOVEL 2;0.00
2020-08-11;"";69541.0;INTERNET MOVEL 2;0.00
2020-08-12;"";85612.3;INTERNET MOVEL 2;0.00
2020-08-13;"";129576.2;INTERNET MOVEL 2;0.00
2020-08-14;"";71460.2;INTERNET MOVEL 2;0.00
2020-08-15;"";105645.9;INTERNET MOVEL 2;0.00
2020-08-16;"";38621.2;INTERNET MOVEL 2;0.00
2020-08-17;"";53364.9;INTERNET MOVEL 2;0.00
2020-08-18;"";89471.5;INTERNET MOVEL 2;0.00
2020-08-19;"";68516.1;INTERNET MOVEL 2;0.00
2020-08-20;"";59957.3;INTERNET MOVEL 2;0.00
2020-08-21;"";41471.9;INTERNET MOVEL 2;0.00
2020-08-22;"";230685.3;INTERNET MOVEL 2;0.00
2020-08-23;"";77881.7;INTERNET MOVEL 2;0.00
2020-08-24;"";64197.8;INTERNET MOVEL 2;0.00
2020-08-25;"";117039.2;INTERNET MOVEL 2;0.00
2020-08-26;"";66702.3;INTERNET MOVEL 2;0.00
2020-08-27;"";79946.1;INTERNET MOVEL 2;0.00
2020-08-28;"";109769.8;INTERNET MOVEL 2;0.00
2020-08-29;"";46200.0;INTERNET MOVEL 2;0.00
2020-08-30;"";97347.0;INTERNET MOVEL 2;0.00
2020-08-31;"";114381.0;INTERNET MOVEL 2;0.00
