data_hora_inicio;nro_telefone_chamado;duracao_ligacao;desc_categoria;valor_ligacao
2020-08-01 16:02:49;"";1.0;ADICIONAL;0.00
2020-08-31 12:57:09;"";1.0;ADICIONAL;0.00
2020-08-27 18:06:37;"";1.0;ADICIONAL;0.00
2020-08-27 13:25:08;"";1.0;ADICIONAL;0.00
2020-08-24 20:09:28;"";1.0;ADICIONAL;0.00
2020-08-24 11:46:50;"";1.0;ADICIONAL;0.00
2020-08-22 21:10:46;"";1.0;ADICIONAL;0.00
2020-08-22 21:09:23;"";1.0;ADICIONAL;0.00
2020-08-22 19:26:55;"";1.0;ADICIONAL;0.00
2020-08-21 17:07:30;"";1.0;ADICIONAL;0.00
2020-08-21 14:56:46;"";1.0;ADICIONAL;0.00
2020-08-21 11:41:24;"";1.0;ADICIONAL;0.00
2020-08-21 11:40:00;"";1.0;ADICIONAL;0.00
2020-08-20 07:33:29;"";1.0;ADICIONAL;0.00
2020-08-19 17:03:52;"";1.0;ADICIONAL;0.00
2020-08-19 14:03:08;"";1.0;ADICIONAL;0.00
2020-08-19 13:57:54;"";1.0;ADICIONAL;0.00
2020-08-19 11:39:35;"";1.0;ADICIONAL;0.00
2020-08-18 17:18:08;"";1.0;ADICIONAL;0.00
2020-08-18 13:41:27;"";1.0;ADICIONAL;0.00
2020-08-17 08:16:05;"";1.0;ADICIONAL;0.00
2020-08-17 07:25:17;"";1.0;ADICIONAL;0.00
2020-08-05 08:18:07;"";1.0;ADICIONAL;0.00
2020-08-05 07:29:30;"";1.0;ADICIONAL;0.00
2020-08-04 18:17:37;"";1.0;ADICIONAL;0.00
2020-08-04 16:31:17;"";1.0;ADICIONAL;0.00
2020-08-04 14:51:30;"";1.0;ADICIONAL;0.00
2020-08-04 14:47:59;"";1.0;ADICIONAL;0.00
2020-08-04 12:06:15;"";1.0;ADICIONAL;0.00
2020-08-04 11:24:38;"";1.0;ADICIONAL;0.00
2020-08-04 09:13:30;"";1.0;ADICIONAL;0.00
2020-08-04 08:30:37;"";1.0;ADICIONAL;0.00
2020-08-03 18:02:36;"";1.0;ADICIONAL;0.00
2020-08-03 12:29:46;"";1.0;ADICIONAL;0.00
2020-08-03 12:09:07;"";1.0;ADICIONAL;0.00
2020-08-03 11:09:12;"";1.0;ADICIONAL;0.00
2020-08-01 10:00:01;51  992592841;0.0;Adicional por Ligacoes Realizadas;
2020-08-25 10:27:08;54  991331194;171.0;Para Celulares de Outras Operadoras;
2020-08-02 11:26:58;54  991331194;171.0;Para Celulares de Outras Operadoras;
2020-08-02 08:58:35;54  991331194;10.0;Para Celulares de Outras Operadoras;
2020-08-27 20:41:31;51  996781699;6.0;Para Celulares Vivo;
2020-08-24 14:48:28;51  995838788;12.0;Para Celulares Vivo;
2020-08-22 16:37:39;51  992592841;6.0;Para Celulares Vivo;
2020-08-21 15:43:29;51  991223844;8.0;Para Celulares Vivo;
2020-08-21 14:41:58;51  991813564;29.0;Para Celulares Vivo;
2020-08-21 10:03:05;51  996781699;6.0;Para Celulares Vivo;
2020-08-20 16:01:04;51  996781699;10.0;Para Celulares Vivo;
2020-08-20 15:55:12;51  996781699;13.0;Para Celulares Vivo;
2020-08-20 14:40:02;51  995838788;6.0;Para Celulares Vivo;
2020-08-20 12:32:20;51  996781699;9.0;Para Celulares Vivo;
2020-08-20 08:49:49;51  996781699;17.0;Para Celulares Vivo;
2020-08-19 16:42:58;51  991813564;16.0;Para Celulares Vivo;
2020-08-19 14:44:48;51  991813564;7.0;Para Celulares Vivo;
2020-08-18 09:22:57;51  994053722;7.0;Para Celulares Vivo;
2020-08-16 14:09:41;51  994057331;16.0;Para Celulares Vivo;
2020-08-14 16:34:17;51  992592956;62.0;Para Celulares Vivo;
2020-08-04 15:06:37;51  996781699;5.0;Para Celulares Vivo;
2020-08-04 07:40:08;51  991223844;12.0;Para Celulares Vivo;
2020-08-01 10:00:01;51  992592841;5.0;Para Celulares Vivo;
2020-08-27 20:41:31;51  996781699;0.0;Adicional por Ligacoes Realizadas;
2020-08-25 10:27:08;54  991331194;0.0;Adicional por Ligacoes Realizadas;
2020-08-24 14:48:28;51  995838788;0.0;Adicional por Ligacoes Realizadas;
2020-08-22 16:37:39;51  992592841;0.0;Adicional por Ligacoes Realizadas;
2020-08-22 13:59:15;98  32167979;0.0;Adicional por Ligacoes Realizadas;
2020-08-22 13:49:02;98  32167979;0.0;Adicional por Ligacoes Realizadas;
2020-08-21 15:43:29;51  991223844;0.0;Adicional por Ligacoes Realizadas;
2020-08-21 14:41:58;51  991813564;0.0;Adicional por Ligacoes Realizadas;
2020-08-21 10:03:05;51  996781699;0.0;Adicional por Ligacoes Realizadas;
2020-08-21 08:13:50;98  984151785;0.0;Adicional por Ligacoes Realizadas;
2020-08-20 16:01:04;51  996781699;0.0;Adicional por Ligacoes Realizadas;
2020-08-20 15:55:12;51  996781699;0.0;Adicional por Ligacoes Realizadas;
2020-08-20 14:40:02;51  995838788;0.0;Adicional por Ligacoes Realizadas;
2020-08-20 12:32:20;51  996781699;0.0;Adicional por Ligacoes Realizadas;
2020-08-20 08:49:49;51  996781699;0.0;Adicional por Ligacoes Realizadas;
2020-08-19 16:42:58;51  991813564;0.0;Adicional por Ligacoes Realizadas;
2020-08-19 14:44:48;51  991813564;0.0;Adicional por Ligacoes Realizadas;
2020-08-18 09:22:57;51  994053722;0.0;Adicional por Ligacoes Realizadas;
2020-08-16 14:09:41;51  994057331;0.0;Adicional por Ligacoes Realizadas;
2020-08-14 16:34:17;51  992592956;0.0;Adicional por Ligacoes Realizadas;
2020-08-13 20:32:49;71  33786938;0.0;Adicional por Ligacoes Realizadas;
2020-08-13 20:28:34;71  985154982;0.0;Adicional por Ligacoes Realizadas;
2020-08-13 20:26:47;71  35080672;0.0;Adicional por Ligacoes Realizadas;
2020-08-04 15:06:37;51  996781699;0.0;Adicional por Ligacoes Realizadas;
2020-08-04 07:40:08;51  991223844;0.0;Adicional por Ligacoes Realizadas;
2020-08-02 11:26:58;54  991331194;0.0;Adicional por Ligacoes Realizadas;
2020-08-02 08:58:35;54  991331194;0.0;Adicional por Ligacoes Realizadas;
2020-08-31 12:57:09;    ;10.0;Chamadas de Longa Distancia para Outros Estados;
2020-08-27 18:06:37;    ;6.0;Chamadas de Longa Distancia para Outros Estados;
2020-08-27 13:25:08;    ;32.0;Chamadas de Longa Distancia para Outros Estados;
2020-08-24 20:09:28;    ;100.0;Chamadas de Longa Distancia para Outros Estados;
2020-08-24 11:46:50;    ;34.0;Chamadas de Longa Distancia para Outros Estados;
2020-08-22 21:10:46;    ;21.0;Chamadas de Longa Distancia para Outros Estados;
2020-08-22 21:09:23;    ;9.0;Chamadas de Longa Distancia para Outros Estados;
2020-08-22 19:26:55;    ;52.0;Chamadas de Longa Distancia para Outros Estados;
2020-08-21 17:07:30;    ;11.0;Chamadas de Longa Distancia para Outros Estados;
2020-08-21 14:56:46;    ;13.0;Chamadas de Longa Distancia para Outros Estados;
2020-08-21 11:41:24;    ;5.0;Chamadas de Longa Distancia para Outros Estados;
2020-08-21 11:40:00;    ;8.0;Chamadas de Longa Distancia para Outros Estados;
2020-08-20 07:33:29;    ;62.0;Chamadas de Longa Distancia para Outros Estados;
2020-08-19 17:03:52;    ;5.0;Chamadas de Longa Distancia para Outros Estados;
2020-08-19 14:03:08;    ;17.0;Chamadas de Longa Distancia para Outros Estados;
2020-08-19 13:57:54;    ;5.0;Chamadas de Longa Distancia para Outros Estados;
2020-08-19 11:39:35;    ;9.0;Chamadas de Longa Distancia para Outros Estados;
2020-08-18 17:18:08;    ;11.0;Chamadas de Longa Distancia para Outros Estados;
2020-08-18 13:41:27;    ;24.0;Chamadas de Longa Distancia para Outros Estados;
2020-08-17 08:16:05;    ;8.0;Chamadas de Longa Distancia para Outros Estados;
2020-08-17 07:25:17;    ;5.0;Chamadas de Longa Distancia para Outros Estados;
2020-08-05 08:18:07;    ;10.0;Chamadas de Longa Distancia para Outros Estados;
2020-08-05 07:29:30;    ;11.0;Chamadas de Longa Distancia para Outros Estados;
2020-08-04 18:17:37;    ;5.0;Chamadas de Longa Distancia para Outros Estados;
2020-08-04 16:31:17;    ;12.0;Chamadas de Longa Distancia para Outros Estados;
2020-08-04 14:51:30;    ;8.0;Chamadas de Longa Distancia para Outros Estados;
2020-08-04 14:47:59;    ;5.0;Chamadas de Longa Distancia para Outros Estados;
2020-08-04 12:06:15;    ;5.0;Chamadas de Longa Distancia para Outros Estados;
2020-08-04 11:24:38;    ;9.0;Chamadas de Longa Distancia para Outros Estados;
2020-08-04 09:13:30;    ;21.0;Chamadas de Longa Distancia para Outros Estados;
2020-08-04 08:30:37;    ;7.0;Chamadas de Longa Distancia para Outros Estados;
2020-08-03 18:02:36;    ;8.0;Chamadas de Longa Distancia para Outros Estados;
2020-08-03 12:29:46;    ;8.0;Chamadas de Longa Distancia para Outros Estados;
2020-08-03 12:09:07;    ;18.0;Chamadas de Longa Distancia para Outros Estados;
2020-08-03 11:09:12;    ;11.0;Chamadas de Longa Distancia para Outros Estados;
2020-08-01 16:02:49;    ;6.0;Chamadas de Longa Distancia para Outros Estados;
2020-08-22 13:59:15;98  32167979;26.0;Para Fixo de Outras Operadoras;
2020-08-22 13:49:02;98  32167979;59.0;Para Fixo de Outras Operadoras;
2020-08-13 20:32:49;71  33786938;19.0;Para Fixo de Outras Operadoras;
2020-08-13 20:26:47;71  35080672;5.0;Para Fixo de Outras Operadoras;
2020-08-21 08:13:50;98  984151785;15.0;Para Celulares de Outras Operadoras;
2020-08-13 20:28:34;71  985154982;5.0;Para Celulares de Outras Operadoras;
2020-07-31;"";441.0;INTERNET MOVEL 2;0.00
2020-08-01;"";339764.9;INTERNET MOVEL 2;0.00
2020-08-02;"";56101.1;INTERNET MOVEL 2;0.00
2020-08-03;"";344293.3;INTERNET MOVEL 2;0.00
2020-08-04;"";197641.8;INTERNET MOVEL 2;0.00
2020-08-05;"";192238.4;INTERNET MOVEL 2;0.00
2020-08-06;"";150597.5;INTERNET MOVEL 2;0.00
2020-08-07;"";33764.3;INTERNET MOVEL 2;0.00
2020-08-08;"";32632.3;INTERNET MOVEL 2;0.00
2020-08-09;"";7375.0;INTERNET MOVEL 2;0.00
2020-08-10;"";4227.8;INTERNET MOVEL 2;0.00
2020-08-11;"";895.0;INTERNET MOVEL 2;0.00
2020-08-12;"";919.0;INTERNET MOVEL 2;0.00
2020-08-13;"";998.0;INTERNET MOVEL 2;0.00
2020-08-14;"";78145.6;INTERNET MOVEL 2;0.00
2020-08-15;"";922.0;INTERNET MOVEL 2;0.00
2020-08-16;"";77866.9;INTERNET MOVEL 2;0.00
2020-08-17;"";106096.8;INTERNET MOVEL 2;0.00
2020-08-18;"";149094.2;INTERNET MOVEL 2;0.00
2020-08-19;"";90318.4;INTERNET MOVEL 2;0.00
2020-08-20;"";227222.5;INTERNET MOVEL 2;0.00
2020-08-21;"";169381.1;INTERNET MOVEL 2;0.00
2020-08-22;"";239687.0;INTERNET MOVEL 2;0.00
2020-08-23;"";3969.0;INTERNET MOVEL 2;0.00
2020-08-24;"";9616.0;INTERNET MOVEL 2;0.00
2020-08-25;"";3962.0;INTERNET MOVEL 2;0.00
2020-08-26;"";124286.4;INTERNET MOVEL 2;0.00
2020-08-27;"";121806.0;INTERNET MOVEL 2;0.00
2020-08-28;"";81556.4;INTERNET MOVEL 2;0.00
2020-08-29;"";17777.2;INTERNET MOVEL 2;0.00
2020-08-30;"";908.0;INTERNET MOVEL 2;0.00
2020-08-31;"";90098.4;INTERNET MOVEL 2;0.00
