data_hora_inicio;nro_telefone_chamado;duracao_ligacao;desc_categoria;valor_ligacao
2020-08-01 17:54:10;51  36892999;5.0;Para Fixo de Outras Operadoras;
2020-08-01 17:53:18;51  992592803;5.0;Para Celulares Vivo;
2020-08-01 14:40:43;51  992592843;23.0;Para Celulares Vivo;
2020-08-01 10:02:09;51  992592803;9.0;Para Celulares Vivo;
2020-08-13 12:07:37;51  40021552;60.0;Para Fixo de Outras Operadoras;
2020-08-23 12:10:23;51  993888589;8.0;Para Celulares de Outras Operadoras;
2020-08-08 16:39:56;51  991955330;5.0;Para Celulares de Outras Operadoras;
2020-08-17 10:47:44;51  31359090;5.0;Para Fixo Vivo;
2020-08-17 10:45:52;51  31359090;5.0;Para Fixo Vivo;
2020-08-12 17:00:22;51  31359440;29.0;Para Fixo Vivo;
2020-08-23 11:40:03;51  992592818;5.0;Para Celulares Vivo;
2020-08-17 19:55:57;51  992592716;5.0;Para Celulares Vivo;
2020-08-16 18:29:39;51  998980236;17.0;Para Celulares Vivo;
2020-08-09 13:29:40;51  992592148;5.0;Para Celulares Vivo;
2020-08-09 12:48:13;51  992592148;5.0;Para Celulares Vivo;
2020-08-06 17:39:23;51  992592818;36.0;Para Celulares Vivo;
2020-08-05 11:04:53;51  999890170;6.0;Para Celulares Vivo;
2020-08-04 17:01:43;51  992592843;5.0;Para Celulares Vivo;
2020-07-31;"";23060.7;INTERNET MOVEL 2;0.00
2020-08-01;"";87019.0;INTERNET MOVEL 2;0.00
2020-08-02;"";209964.8;INTERNET MOVEL 2;0.00
2020-08-03;"";108577.1;INTERNET MOVEL 2;0.00
2020-08-04;"";46328.4;INTERNET MOVEL 2;0.00
2020-08-05;"";97520.0;INTERNET MOVEL 2;0.00
2020-08-06;"";28051.9;INTERNET MOVEL 2;0.00
2020-08-07;"";80675.2;INTERNET MOVEL 2;0.00
2020-08-08;"";17280.8;INTERNET MOVEL 2;0.00
2020-08-09;"";114235.2;INTERNET MOVEL 2;0.00
2020-08-10;"";92422.3;INTERNET MOVEL 2;0.00
2020-08-11;"";57888.3;INTERNET MOVEL 2;0.00
2020-08-12;"";16741.0;INTERNET MOVEL 2;0.00
2020-08-13;"";21599.0;INTERNET MOVEL 2;0.00
2020-08-14;"";66629.4;INTERNET MOVEL 2;0.00
2020-08-15;"";143407.7;INTERNET MOVEL 2;0.00
2020-08-16;"";157245.6;INTERNET MOVEL 2;0.00
2020-08-17;"";158100.5;INTERNET MOVEL 2;0.00
2020-08-18;"";40617.4;INTERNET MOVEL 2;0.00
2020-08-19;"";14556.4;INTERNET MOVEL 2;0.00
2020-08-20;"";72478.8;INTERNET MOVEL 2;0.00
2020-08-21;"";16442.3;INTERNET MOVEL 2;0.00
2020-08-22;"";1021.0;INTERNET MOVEL 2;0.00
2020-08-23;"";105222.4;INTERNET MOVEL 2;0.00
2020-08-24;"";85057.3;INTERNET MOVEL 2;0.00
2020-08-25;"";68933.0;INTERNET MOVEL 2;0.00
2020-08-26;"";78167.7;INTERNET MOVEL 2;0.00
2020-08-27;"";118332.8;INTERNET MOVEL 2;0.00
2020-08-28;"";10892.7;INTERNET MOVEL 2;0.00
2020-08-29;"";996.0;INTERNET MOVEL 2;0.00
2020-08-30;"";2183.0;INTERNET MOVEL 2;0.00
2020-08-31;"";23445.6;INTERNET MOVEL 2;0.00
