data_hora_inicio;nro_telefone_chamado;duracao_ligacao;desc_categoria;valor_ligacao
2020-07-31;"";258.0;INTERNET MOVEL 2;0.00
2020-08-01;"";387.0;INTERNET MOVEL 2;0.00
2020-08-03;"";1690.0;INTERNET MOVEL 2;0.00
2020-08-04;"";3063.9;INTERNET MOVEL 2;0.00
2020-08-05;"";2759.6;INTERNET MOVEL 2;0.00
2020-08-06;"";3867.2;INTERNET MOVEL 2;0.00
2020-08-07;"";1614.0;INTERNET MOVEL 2;0.00
2020-08-08;"";2370.0;INTERNET MOVEL 2;0.00
2020-08-09;"";3750.0;INTERNET MOVEL 2;0.00
2020-08-10;"";2982.0;INTERNET MOVEL 2;0.00
2020-08-11;"";2907.0;INTERNET MOVEL 2;0.00
2020-08-12;"";1546.0;INTERNET MOVEL 2;0.00
2020-08-13;"";3990.4;INTERNET MOVEL 2;0.00
2020-08-14;"";1958.0;INTERNET MOVEL 2;0.00
2020-08-15;"";2737.0;INTERNET MOVEL 2;0.00
2020-08-16;"";3876.0;INTERNET MOVEL 2;0.00
2020-08-17;"";1951.0;INTERNET MOVEL 2;0.00
2020-08-18;"";2752.0;INTERNET MOVEL 2;0.00
2020-08-19;"";2246.0;INTERNET MOVEL 2;0.00
2020-08-20;"";1283.0;INTERNET MOVEL 2;0.00
2020-08-22;"";1752.0;INTERNET MOVEL 2;0.00
2020-08-23;"";4875.2;INTERNET MOVEL 2;0.00
2020-08-24;"";1934.0;INTERNET MOVEL 2;0.00
2020-08-25;"";3465.0;INTERNET MOVEL 2;0.00
2020-08-26;"";679.0;INTERNET MOVEL 2;0.00
