data_hora_inicio;nro_telefone_chamado;duracao_ligacao;desc_categoria;valor_ligacao
2020-08-02 17:15:34;51  993296437;5.0;Para Celulares de Outras Operadoras;
2020-08-31 18:16:42;51  980522512;5.0;Para Celulares Vivo;
2020-08-31 18:05:08;51  980522512;5.0;Para Celulares Vivo;
2020-08-29 16:17:21;51  980522512;5.0;Para Celulares Vivo;
2020-08-29 16:01:55;51  980522512;7.0;Para Celulares Vivo;
2020-08-27 18:01:40;51  980522512;5.0;Para Celulares Vivo;
2020-08-26 18:44:02;51  980522512;7.0;Para Celulares Vivo;
2020-08-26 16:32:05;51  999337070;35.0;Para Celulares Vivo;
2020-08-24 18:35:05;51  980522512;10.0;Para Celulares Vivo;
2020-08-24 16:51:49;51  989128836;138.0;Para Celulares Vivo;
2020-08-17 19:37:15;51  980522512;5.0;Para Celulares Vivo;
2020-08-17 17:53:48;51  980522512;5.0;Para Celulares Vivo;
2020-08-17 15:51:47;51  991654186;325.0;Para Celulares Vivo;
2020-08-17 15:50:45;51  999934667;7.0;Para Celulares Vivo;
2020-08-10 16:46:28;51  999337070;39.0;Para Celulares Vivo;
2020-08-08 13:30:00;51  980522512;5.0;Para Celulares Vivo;
2020-08-05 17:34:33;51  980522512;7.0;Para Celulares Vivo;
2020-08-05 15:18:55;51  989128836;161.0;Para Celulares Vivo;
2020-08-05 15:16:33;51  980522512;5.0;Para Celulares Vivo;
2020-08-05 14:08:06;51  989128836;202.0;Para Celulares Vivo;
2020-08-03 17:51:04;51  980522512;5.0;Para Celulares Vivo;
2020-07-31;"";20697.4;INTERNET MOVEL 2;0.00
2020-08-01;"";60353.2;INTERNET MOVEL 2;0.00
2020-08-02;"";100993.7;INTERNET MOVEL 2;0.00
2020-08-03;"";44983.9;INTERNET MOVEL 2;0.00
2020-08-04;"";47452.8;INTERNET MOVEL 2;0.00
2020-08-05;"";73867.1;INTERNET MOVEL 2;0.00
2020-08-06;"";222145.6;INTERNET MOVEL 2;0.00
2020-08-07;"";136604.6;INTERNET MOVEL 2;0.00
2020-08-08;"";117879.7;INTERNET MOVEL 2;0.00
2020-08-09;"";95394.9;INTERNET MOVEL 2;0.00
2020-08-10;"";78219.9;INTERNET MOVEL 2;0.00
2020-08-11;"";219441.2;INTERNET MOVEL 2;0.00
2020-08-12;"";38164.7;INTERNET MOVEL 2;0.00
2020-08-13;"";104238.3;INTERNET MOVEL 2;0.00
2020-08-14;"";34314.0;INTERNET MOVEL 2;0.00
2020-08-15;"";160355.4;INTERNET MOVEL 2;0.00
2020-08-16;"";86009.4;INTERNET MOVEL 2;0.00
2020-08-17;"";15018.4;INTERNET MOVEL 2;0.00
2020-08-18;"";21641.8;INTERNET MOVEL 2;0.00
2020-08-19;"";8429.5;INTERNET MOVEL 2;0.00
2020-08-20;"";63181.0;INTERNET MOVEL 2;0.00
2020-08-21;"";33500.8;INTERNET MOVEL 2;0.00
2020-08-22;"";83872.0;INTERNET MOVEL 2;0.00
2020-08-23;"";86458.0;INTERNET MOVEL 2;0.00
2020-08-24;"";53885.4;INTERNET MOVEL 2;0.00
2020-08-25;"";32017.8;INTERNET MOVEL 2;0.00
2020-08-26;"";197970.8;INTERNET MOVEL 2;0.00
2020-08-27;"";105096.7;INTERNET MOVEL 2;0.00
2020-08-28;"";33873.6;INTERNET MOVEL 2;0.00
2020-08-29;"";34039.1;INTERNET MOVEL 2;0.00
2020-08-30;"";37304.5;INTERNET MOVEL 2;0.00
2020-08-31;"";392.0;INTERNET MOVEL 2;0.00
