data_hora_inicio;nro_telefone_chamado;duracao_ligacao;desc_categoria;valor_ligacao
2020-08-24 00:37:26;21960100382;1.0;GRATIS-SMS;0.00
2020-08-01 17:40:24;54  999342888;11.0;Para Celulares Vivo;
2020-08-04 10:52:01;51  992347825;22.0;Para Celulares de Outras Operadoras;
2020-08-09 10:47:57;51  996160301;5.0;Para Celulares Vivo;
2020-08-09 08:51:14;51  996160301;10.0;Para Celulares Vivo;
2020-08-09 08:46:11;51  996160301;14.0;Para Celulares Vivo;
2020-08-08 13:27:01;51  996160301;22.0;Para Celulares Vivo;
2020-08-08 08:09:06;51  996160301;18.0;Para Celulares Vivo;
2020-08-05 14:39:46;51  996160301;21.0;Para Celulares Vivo;
2020-08-05 08:36:14;51  996160301;26.0;Para Celulares Vivo;
2020-08-04 20:53:30;51  996160301;65.0;Para Celulares Vivo;
2020-08-03 07:49:14;51  996160301;46.0;Para Celulares Vivo;
2020-08-01 09:46:08;51  996160301;123.0;Para Celulares Vivo;
2020-08-26 16:11:28;31  999205046;24.0;Para Celulares Vivo;
2020-08-26 11:07:26;91  992626949;14.0;Para Celulares Vivo;
2020-08-07 21:46:27;54  34624990;5.0;Para Fixo de Outras Operadoras;
2020-08-07 21:16:34;54  34624990;5.0;Para Fixo de Outras Operadoras;
2020-08-05 12:28:23;54  34628200;16.0;Para Fixo de Outras Operadoras;
2020-08-05 12:26:48;54  34628200;15.0;Para Fixo de Outras Operadoras;
2020-08-03 09:34:12;54  34626982;5.0;Para Fixo de Outras Operadoras;
2020-08-03 09:32:39;54  34626900;9.0;Para Fixo de Outras Operadoras;
2020-08-08 11:00:45;54  999075951;55.0;Para Celulares Vivo;
2020-08-05 13:51:08;54  996380080;16.0;Para Celulares Vivo;
2020-08-04 20:05:19;54  999342888;19.0;Para Celulares Vivo;
2020-08-04 10:54:48;54  996380080;5.0;Para Celulares Vivo;
2020-08-03 09:37:40;54  999465923;11.0;Para Celulares Vivo;
2020-08-03 09:13:12;54  996380080;5.0;Para Celulares Vivo;
2020-08-31 13:28:37;51  34802201;13.0;Para Fixo de Outras Operadoras;
2020-08-31 10:28:32;51  34599144;19.0;Para Fixo de Outras Operadoras;
2020-08-29 19:35:33;51  34655555;5.0;Para Fixo de Outras Operadoras;
2020-08-27 14:30:17;51  33649216;6.0;Para Fixo de Outras Operadoras;
2020-08-27 13:32:13;51  33649216;6.0;Para Fixo de Outras Operadoras;
2020-08-27 10:39:44;51  33649216;5.0;Para Fixo de Outras Operadoras;
2020-08-27 10:37:30;51  33649216;6.0;Para Fixo de Outras Operadoras;
2020-08-21 13:52:43;51  34731365;9.0;Para Fixo de Outras Operadoras;
2020-08-21 13:50:22;51  34730408;6.0;Para Fixo de Outras Operadoras;
2020-08-21 13:31:40;51  34735266;23.0;Para Fixo de Outras Operadoras;
2020-08-19 18:28:22;51  37835263;16.0;Para Fixo de Outras Operadoras;
2020-08-17 17:57:43;51  33758700;7.0;Para Fixo de Outras Operadoras;
2020-08-17 17:56:37;51  33758700;9.0;Para Fixo de Outras Operadoras;
2020-08-14 15:16:29;51  30803000;53.0;Para Fixo de Outras Operadoras;
2020-08-14 15:15:42;51  30803000;7.0;Para Fixo de Outras Operadoras;
2020-08-14 15:10:41;51  30803000;35.0;Para Fixo de Outras Operadoras;
2020-08-27 20:39:54;51  985614203;5.0;Para Celulares de Outras Operadoras;
2020-08-10 13:36:31;51  983301986;9.0;Para Celulares de Outras Operadoras;
2020-08-21 13:49:21;51  34583984;5.0;Para Fixo Vivo;
2020-08-18 19:19:01;51  30336030;16.0;Para Fixo Vivo;
2020-08-18 17:59:09;51  30336030;7.0;Para Fixo Vivo;
2020-08-18 17:53:40;51  34735757;12.0;Para Fixo Vivo;
2020-08-30 20:23:13;51  996160301;10.0;Para Celulares Vivo;
2020-08-30 11:49:11;51  996160301;5.0;Para Celulares Vivo;
2020-08-29 20:38:18;51  996160301;5.0;Para Celulares Vivo;
2020-08-27 17:59:34;51  996160301;5.0;Para Celulares Vivo;
2020-08-27 11:19:46;51  996160301;5.0;Para Celulares Vivo;
2020-08-26 14:42:50;51  996160301;12.0;Para Celulares Vivo;
2020-08-24 19:07:40;51  999965131;7.0;Para Celulares Vivo;
2020-08-24 12:03:19;51  996160301;5.0;Para Celulares Vivo;
2020-08-24 10:25:43;51  996160301;8.0;Para Celulares Vivo;
2020-08-23 14:59:59;51  996160301;5.0;Para Celulares Vivo;
2020-08-21 18:59:14;51  996160301;5.0;Para Celulares Vivo;
2020-08-18 18:49:13;51  996160301;5.0;Para Celulares Vivo;
2020-08-18 18:29:30;51  996160301;5.0;Para Celulares Vivo;
2020-08-14 10:51:30;51  997859240;15.0;Para Celulares Vivo;
2020-08-10 15:41:04;51  996264842;13.0;Para Celulares Vivo;
2020-08-10 12:05:28;51  998525944;6.0;Para Celulares Vivo;
2020-08-01;"";73722.6;INTERNET MOVEL 2;0.00
2020-08-02;"";4554.0;INTERNET MOVEL 2;0.00
2020-08-03;"";3736.4;INTERNET MOVEL 2;0.00
2020-08-04;"";49292.4;INTERNET MOVEL 2;0.00
2020-08-05;"";26425.6;INTERNET MOVEL 2;0.00
2020-08-06;"";17172.4;INTERNET MOVEL 2;0.00
2020-08-07;"";158653.6;INTERNET MOVEL 2;0.00
2020-08-08;"";94345.6;INTERNET MOVEL 2;0.00
2020-08-09;"";46505.6;INTERNET MOVEL 2;0.00
2020-08-10;"";61047.4;INTERNET MOVEL 2;0.00
2020-08-11;"";1325.0;INTERNET MOVEL 2;0.00
2020-08-12;"";34064.1;INTERNET MOVEL 2;0.00
2020-08-13;"";1104.0;INTERNET MOVEL 2;0.00
2020-08-14;"";99098.8;INTERNET MOVEL 2;0.00
2020-08-15;"";197222.1;INTERNET MOVEL 2;0.00
2020-08-16;"";5483.8;INTERNET MOVEL 2;0.00
2020-08-17;"";41781.3;INTERNET MOVEL 2;0.00
2020-08-18;"";14425.2;INTERNET MOVEL 2;0.00
2020-08-19;"";753.0;INTERNET MOVEL 2;0.00
2020-08-20;"";3788.8;INTERNET MOVEL 2;0.00
2020-08-21;"";21892.2;INTERNET MOVEL 2;0.00
2020-08-22;"";15626.0;INTERNET MOVEL 2;0.00
2020-08-23;"";63692.3;INTERNET MOVEL 2;0.00
2020-08-24;"";12904.8;INTERNET MOVEL 2;0.00
2020-08-25;"";117648.5;INTERNET MOVEL 2;0.00
2020-08-26;"";4496.8;INTERNET MOVEL 2;0.00
2020-08-27;"";7549.4;INTERNET MOVEL 2;0.00
2020-08-28;"";800.0;INTERNET MOVEL 2;0.00
2020-08-29;"";17683.2;INTERNET MOVEL 2;0.00
2020-08-30;"";1088.0;INTERNET MOVEL 2;0.00
2020-08-31;"";277.0;INTERNET MOVEL 2;0.00
