data_hora_inicio;nro_telefone_chamado;duracao_ligacao;desc_categoria;valor_ligacao
2020-08-11 17:23:29;"";1.0;ADICIONAL;0.00
2020-08-11 17:21:40;"";1.0;ADICIONAL;0.00
2020-08-11 17:09:08;"";1.0;ADICIONAL;0.00
2020-08-11 16:59:24;"";1.0;ADICIONAL;0.00
2020-08-11 10:52:50;"";1.0;ADICIONAL;0.00
2020-08-08 10:42:09;"";1.0;ADICIONAL;0.00
2020-08-07 17:56:45;"";1.0;ADICIONAL;0.00
2020-08-06 14:22:09;"";1.0;ADICIONAL;0.00
2020-08-06 14:16:57;"";1.0;ADICIONAL;0.00
2020-08-05 09:21:48;"";1.0;ADICIONAL;0.00
2020-08-04 21:56:36;"";1.0;ADICIONAL;0.00
2020-08-04 21:51:29;"";1.0;ADICIONAL;0.00
2020-08-11 15:01:27;51  992592959;5.0;Para Celulares Vivo;
2020-08-11 14:33:38;51  992592959;5.0;Para Celulares Vivo;
2020-08-11 11:42:46;51  992592959;5.0;Para Celulares Vivo;
2020-08-10 15:56:02;51  992592959;5.0;Para Celulares Vivo;
2020-08-10 15:16:07;51  992592959;7.0;Para Celulares Vivo;
2020-08-08 11:39:52;51  992592959;9.0;Para Celulares Vivo;
2020-08-08 11:29:59;51  992592959;5.0;Para Celulares Vivo;
2020-08-08 09:07:09;51  992592959;16.0;Para Celulares Vivo;
2020-08-07 16:23:10;51  992592959;10.0;Para Celulares Vivo;
2020-08-07 16:05:37;51  992592959;16.0;Para Celulares Vivo;
2020-08-07 10:58:39;51  992592959;5.0;Para Celulares Vivo;
2020-08-07 08:59:38;51  992592959;6.0;Para Celulares Vivo;
2020-08-06 16:34:39;51  992592959;11.0;Para Celulares Vivo;
2020-08-06 11:20:25;51  992592959;8.0;Para Celulares Vivo;
2020-08-06 08:48:12;51  998115641;9.0;Para Celulares Vivo;
2020-08-11 15:01:27;51  992592959;0.0;Adicional por Ligacoes Realizadas;
2020-08-11 14:33:38;51  992592959;0.0;Adicional por Ligacoes Realizadas;
2020-08-11 11:42:46;51  992592959;0.0;Adicional por Ligacoes Realizadas;
2020-08-11 10:11:46;98  987389144;0.0;Adicional por Ligacoes Realizadas;
2020-08-10 18:37:04;98  988157636;0.0;Adicional por Ligacoes Realizadas;
2020-08-10 15:56:02;51  992592959;0.0;Adicional por Ligacoes Realizadas;
2020-08-10 15:16:07;51  992592959;0.0;Adicional por Ligacoes Realizadas;
2020-08-08 11:39:52;51  992592959;0.0;Adicional por Ligacoes Realizadas;
2020-08-08 11:29:59;51  992592959;0.0;Adicional por Ligacoes Realizadas;
2020-08-08 09:07:09;51  992592959;0.0;Adicional por Ligacoes Realizadas;
2020-08-07 16:23:10;51  992592959;0.0;Adicional por Ligacoes Realizadas;
2020-08-07 16:05:37;51  992592959;0.0;Adicional por Ligacoes Realizadas;
2020-08-07 10:58:39;51  992592959;0.0;Adicional por Ligacoes Realizadas;
2020-08-07 08:59:38;51  992592959;0.0;Adicional por Ligacoes Realizadas;
2020-08-06 16:34:39;51  992592959;0.0;Adicional por Ligacoes Realizadas;
2020-08-06 11:20:25;51  992592959;0.0;Adicional por Ligacoes Realizadas;
2020-08-06 08:48:12;51  998115641;0.0;Adicional por Ligacoes Realizadas;
2020-08-04 21:54:11;98  988157636;0.0;Adicional por Ligacoes Realizadas;
2020-08-11 17:23:29;    ;5.0;Chamadas de Longa Distancia para Outros Estados;
2020-08-11 17:21:40;    ;6.0;Chamadas de Longa Distancia para Outros Estados;
2020-08-11 17:09:08;    ;13.0;Chamadas de Longa Distancia para Outros Estados;
2020-08-11 16:59:24;    ;7.0;Chamadas de Longa Distancia para Outros Estados;
2020-08-11 10:52:50;    ;8.0;Chamadas de Longa Distancia para Outros Estados;
2020-08-08 10:42:09;    ;13.0;Chamadas de Longa Distancia para Outros Estados;
2020-08-07 17:56:45;    ;5.0;Chamadas de Longa Distancia para Outros Estados;
2020-08-06 14:22:09;    ;5.0;Chamadas de Longa Distancia para Outros Estados;
2020-08-06 14:16:57;    ;8.0;Chamadas de Longa Distancia para Outros Estados;
2020-08-05 09:21:48;    ;10.0;Chamadas de Longa Distancia para Outros Estados;
2020-08-04 21:56:36;    ;436.0;Chamadas de Longa Distancia para Outros Estados;
2020-08-04 21:51:29;    ;15.0;Chamadas de Longa Distancia para Outros Estados;
2020-08-11 10:11:46;98  987389144;10.0;Para Celulares de Outras Operadoras;
2020-08-10 18:37:04;98  988157636;5.0;Para Celulares de Outras Operadoras;
2020-08-04 21:54:11;98  988157636;7.0;Para Celulares de Outras Operadoras;
