data_hora_inicio;nro_telefone_chamado;duracao_ligacao;desc_categoria;valor_ligacao
2020-08-28 16:09:04;51989064696;1.0;GRATIS-SMS;0.00
2020-08-27 16:22:19;31998265646;1.0;GRATIS-SMS;0.00
2020-08-27 14:23:12;31998265646;1.0;GRATIS-SMS;0.00
2020-08-26 15:15:40;51993385115;1.0;GRATIS-SMS;0.00
2020-08-26 11:22:57;51999681341;1.0;GRATIS-SMS;0.00
2020-08-25 15:44:59;51999216700;1.0;GRATIS-SMS;0.00
2020-08-25 10:04:37;51999681341;1.0;GRATIS-SMS;0.00
2020-08-20 11:02:23;51999681341;1.0;GRATIS-SMS;0.00
2020-08-19 10:09:36;51997702414;1.0;GRATIS-SMS;0.00
2020-08-19 09:51:50;51992518679;1.0;GRATIS-SMS;0.00
2020-08-14 09:20:24;51981629704;1.0;GRATIS-SMS;0.00
2020-08-03 10:58:33;51992592757;1.0;GRATIS-SMS;0.00
2020-08-28 16:58:52;51  989064696;6.0;Para Celulares de Outras Operadoras;
2020-08-27 20:53:27;51  986112225;55.0;Para Celulares de Outras Operadoras;
2020-08-27 20:19:13;51  991050318;44.0;Para Celulares de Outras Operadoras;
2020-08-27 18:43:29;51  993634341;38.0;Para Celulares de Outras Operadoras;
2020-08-27 17:34:30;51  984042727;171.0;Para Celulares de Outras Operadoras;
2020-08-27 16:05:19;51  992642818;5.0;Para Celulares de Outras Operadoras;
2020-08-27 11:25:19;51  999766752;18.0;Para Celulares de Outras Operadoras;
2020-08-26 14:39:30;51  998062704;126.0;Para Celulares de Outras Operadoras;
2020-08-26 12:32:07;51  992454145;43.0;Para Celulares de Outras Operadoras;
2020-08-26 10:10:30;51  992454145;55.0;Para Celulares de Outras Operadoras;
2020-08-25 15:07:15;51  998062704;5.0;Para Celulares de Outras Operadoras;
2020-08-21 19:47:53;51  998062704;7.0;Para Celulares de Outras Operadoras;
2020-08-21 11:21:38;51  982938048;252.0;Para Celulares de Outras Operadoras;
2020-08-21 11:20:57;51  984142996;259.0;Para Celulares de Outras Operadoras;
2020-08-19 10:43:51;51  997702414;567.0;Para Celulares de Outras Operadoras;
2020-08-18 20:43:28;51  992642818;63.0;Para Celulares de Outras Operadoras;
2020-08-18 19:42:19;51  992787284;159.0;Para Celulares de Outras Operadoras;
2020-08-18 19:18:11;51  999766752;5.0;Para Celulares de Outras Operadoras;
2020-08-17 16:50:46;51  998062704;13.0;Para Celulares de Outras Operadoras;
2020-08-14 09:14:14;51  993701780;33.0;Para Celulares de Outras Operadoras;
2020-08-09 12:08:44;51  995920709;51.0;Para Celulares de Outras Operadoras;
2020-08-09 11:51:23;51  993352318;20.0;Para Celulares de Outras Operadoras;
2020-08-09 11:49:59;51  993352318;5.0;Para Celulares de Outras Operadoras;
2020-08-09 10:46:24;51  984066274;214.0;Para Celulares de Outras Operadoras;
2020-08-07 16:42:49;51  982938048;24.0;Para Celulares de Outras Operadoras;
2020-08-07 16:28:49;51  993385115;76.0;Para Celulares de Outras Operadoras;
2020-08-04 15:26:52;51  993120121;11.0;Para Celulares de Outras Operadoras;
2020-08-03 12:02:28;51  991987887;49.0;Para Celulares de Outras Operadoras;
2020-08-03 09:46:37;51  993701780;49.0;Para Celulares de Outras Operadoras;
2020-08-03 09:45:31;51  998062704;5.0;Para Celulares de Outras Operadoras;
2020-08-03 09:38:59;51  998062704;19.0;Para Celulares de Outras Operadoras;
2020-08-03 09:14:46;51  981211690;24.0;Para Celulares de Outras Operadoras;
2020-08-02 10:59:41;51  991020010;264.0;Para Celulares de Outras Operadoras;
2020-08-27 08:26:28;51  35179556;17.0;Para Fixo Vivo;
2020-08-26 17:33:53;51  35179556;59.0;Para Fixo Vivo;
2020-08-21 18:24:57;51  981148539;11.0;Para Fixo Vivo;
2020-08-31 12:00:11;51  999141461;65.0;Para Celulares Vivo;
2020-08-31 10:37:03;51  992592819;110.0;Para Celulares Vivo;
2020-08-31 10:33:25;51  992592819;23.0;Para Celulares Vivo;
2020-08-31 09:41:43;51  992518679;5.0;Para Celulares Vivo;
2020-08-31 09:04:41;51  998664267;5.0;Para Celulares Vivo;
2020-08-28 11:40:49;51  992592873;5.0;Para Celulares Vivo;
2020-08-28 10:03:13;51  992592819;147.0;Para Celulares Vivo;
2020-08-27 19:27:37;51  993319514;356.0;Para Celulares Vivo;
2020-08-27 17:52:30;51  981767890;23.0;Para Celulares Vivo;
2020-08-26 17:45:44;51  999681341;37.0;Para Celulares Vivo;
2020-08-26 11:28:31;51  992592817;592.0;Para Celulares Vivo;
2020-08-26 10:11:03;51  999216700;49.0;Para Celulares Vivo;
2020-08-26 08:27:42;51  984274504;84.0;Para Celulares Vivo;
2020-08-26 08:26:20;51  999681341;98.0;Para Celulares Vivo;
2020-08-24 15:49:27;51  999216700;89.0;Para Celulares Vivo;
2020-08-24 14:07:20;51  999244269;5.0;Para Celulares Vivo;
2020-08-24 12:12:11;51  998058819;51.0;Para Celulares Vivo;
2020-08-21 15:51:47;51  999681341;205.0;Para Celulares Vivo;
2020-08-01 16:21:41;51  984042727;65.0;Para Celulares de Outras Operadoras;
2020-08-01 13:06:53;51  992642818;171.0;Para Celulares de Outras Operadoras;
2020-08-01 13:04:23;51  984042727;5.0;Para Celulares de Outras Operadoras;
2020-08-01 12:57:58;51  997245051;28.0;Para Celulares Vivo;
2020-08-19 09:12:11;31  34994000;26.0;Para Fixo de Outras Operadoras;
2020-08-18 10:37:31;19  21030973;50.0;Para Fixo de Outras Operadoras;
2020-08-14 09:21:53;11  21338900;271.0;Para Fixo de Outras Operadoras;
2020-08-13 15:18:31;11  21338900;16.0;Para Fixo de Outras Operadoras;
2020-08-13 15:17:09;11  21338900;6.0;Para Fixo de Outras Operadoras;
2020-08-26 15:59:42;21  964263381;6.0;Para Celulares de Outras Operadoras;
2020-08-26 12:41:24;11  952868374;29.0;Para Celulares de Outras Operadoras;
2020-08-24 17:40:19;11  975459117;79.0;Para Celulares de Outras Operadoras;
2020-08-24 15:48:52;11  940282589;95.0;Para Celulares de Outras Operadoras;
2020-08-24 15:47:33;11  940282589;6.0;Para Celulares de Outras Operadoras;
2020-08-21 15:34:18;11  989818708;53.0;Para Celulares de Outras Operadoras;
2020-08-13 18:46:11;13  991026348;76.0;Para Celulares de Outras Operadoras;
2020-08-13 18:37:04;31  997735555;53.0;Para Celulares de Outras Operadoras;
2020-08-26 09:44:01;11  41477777;30.0;Para Fixo Vivo;
2020-08-31 17:06:25;13  981188560;16.0;Para Celulares Vivo;
2020-08-31 17:02:13;13  981188560;25.0;Para Celulares Vivo;
2020-08-31 16:51:59;13  981188560;99.0;Para Celulares Vivo;
2020-08-27 19:27:02;13  981188560;361.0;Para Celulares Vivo;
2020-08-26 14:38:54;47  991270587;121.0;Para Celulares Vivo;
2020-08-24 17:17:28;31  998265646;5.0;Para Celulares Vivo;
2020-08-24 15:07:03;13  981188560;5.0;Para Celulares Vivo;
2020-08-21 16:14:49;13  981188560;14.0;Para Celulares Vivo;
2020-08-21 09:16:44;31  988549958;97.0;Para Celulares Vivo;
2020-08-21 08:11:10;31  984527204;21.0;Para Celulares Vivo;
2020-08-20 10:19:45;31  998265646;28.0;Para Celulares Vivo;
2020-08-18 10:43:30;31  992783425;47.0;Para Celulares Vivo;
2020-08-14 10:58:20;48  991664588;5.0;Para Celulares Vivo;
2020-08-13 19:27:10;31  984526706;48.0;Para Celulares Vivo;
2020-08-05 17:47:53;11  985555121;53.0;Para Celulares Vivo;
2020-08-04 16:47:17;11  984719726;70.0;Para Celulares Vivo;
2020-08-03 17:31:02;11  984719726;88.0;Para Celulares Vivo;
2020-08-03 17:30:37;11  950347943;5.0;Para Celulares Vivo;
2020-08-03 17:27:11;48  999744636;126.0;Para Celulares Vivo;
2020-08-03 17:11:22;48  999744636;5.0;Para Celulares Vivo;
2020-08-03 09:52:07;53  999469430;44.0;Para Celulares de Outras Operadoras;
2020-08-27 18:00:51;54  996503436;5.0;Para Celulares Vivo;
2020-08-07 16:47:21;*5  55;5.0;"";
2020-08-27 08:21:14;51  32376535;44.0;Para Fixo de Outras Operadoras;
2020-08-18 11:59:46;51  33143020;17.0;Para Fixo de Outras Operadoras;
2020-08-17 16:57:12;51  40042040;22.0;Para Fixo de Outras Operadoras;
2020-08-05 16:46:38;51  32376535;41.0;Para Fixo de Outras Operadoras;
2020-08-05 16:35:56;51  32376535;15.0;Para Fixo de Outras Operadoras;
2020-08-31 18:56:10;51  986112225;5.0;Para Celulares de Outras Operadoras;
2020-08-31 17:24:31;51  999766752;10.0;Para Celulares de Outras Operadoras;
2020-08-31 09:40:45;51  993385115;5.0;Para Celulares de Outras Operadoras;
2020-08-31 09:23:43;51  993385115;5.0;Para Celulares de Outras Operadoras;
2020-08-28 18:41:25;51  986112225;20.0;Para Celulares de Outras Operadoras;
2020-08-21 15:35:10;51  998447472;44.0;Para Celulares Vivo;
2020-08-21 13:02:42;51  992518679;123.0;Para Celulares Vivo;
2020-08-19 08:18:56;51  991813564;17.0;Para Celulares Vivo;
2020-08-18 19:36:59;51  981767890;46.0;Para Celulares Vivo;
2020-08-17 17:00:51;51  998782226;31.0;Para Celulares Vivo;
2020-08-17 15:02:13;51  981629704;121.0;Para Celulares Vivo;
2020-08-17 15:00:49;51  991813564;122.0;Para Celulares Vivo;
2020-08-17 10:25:40;51  999244269;28.0;Para Celulares Vivo;
2020-08-14 13:38:39;51  997284465;131.0;Para Celulares Vivo;
2020-08-14 11:02:05;51  993320327;53.0;Para Celulares Vivo;
2020-08-14 10:56:47;51  993320327;5.0;Para Celulares Vivo;
2020-08-14 09:49:11;51  991813564;86.0;Para Celulares Vivo;
2020-08-14 09:44:17;51  991813564;5.0;Para Celulares Vivo;
2020-08-14 09:18:38;51  981629704;5.0;Para Celulares Vivo;
2020-08-11 11:33:46;51  993320327;32.0;Para Celulares Vivo;
2020-08-10 16:23:34;51  992592819;28.0;Para Celulares Vivo;
2020-08-10 11:06:10;51  993319514;96.0;Para Celulares Vivo;
2020-08-10 09:30:27;51  991813564;9.0;Para Celulares Vivo;
2020-08-10 09:17:05;51  993096683;8.0;Para Celulares Vivo;
2020-08-09 16:12:08;51  999549604;20.0;Para Celulares Vivo;
2020-08-09 12:07:50;51  999549604;5.0;Para Celulares Vivo;
2020-08-09 11:39:57;51  997245051;29.0;Para Celulares Vivo;
2020-08-09 11:17:51;51  991813564;5.0;Para Celulares Vivo;
2020-08-07 14:32:59;51  999681341;96.0;Para Celulares Vivo;
2020-08-07 10:25:12;51  993319514;12.0;Para Celulares Vivo;
2020-08-06 11:20:32;51  996474664;5.0;Para Celulares Vivo;
2020-08-06 09:06:20;51  992592803;30.0;Para Celulares Vivo;
2020-08-05 20:05:24;51  999015047;296.0;Para Celulares Vivo;
2020-08-03 10:47:51;51  992518679;11.0;Para Celulares Vivo;
2020-08-03 09:22:05;51  992592819;21.0;Para Celulares Vivo;
2020-08-03 08:30:07;51  999244269;5.0;Para Celulares Vivo;
2020-07-31;"";10414.8;INTERNET MOVEL 2;0.00
2020-08-01;"";145129.5;INTERNET MOVEL 2;0.00
2020-08-02;"";89209.4;INTERNET MOVEL 2;0.00
2020-08-03;"";98264.3;INTERNET MOVEL 2;0.00
2020-08-04;"";97224.8;INTERNET MOVEL 2;0.00
2020-08-05;"";151928.7;INTERNET MOVEL 2;0.00
2020-08-06;"";116764.3;INTERNET MOVEL 2;0.00
2020-08-07;"";122915.1;INTERNET MOVEL 2;0.00
2020-08-08;"";123856.0;INTERNET MOVEL 2;0.00
2020-08-09;"";131961.2;INTERNET MOVEL 2;0.00
2020-08-10;"";82488.5;INTERNET MOVEL 2;0.00
2020-08-11;"";77844.7;INTERNET MOVEL 2;0.00
2020-08-12;"";43605.2;INTERNET MOVEL 2;0.00
2020-08-13;"";88392.6;INTERNET MOVEL 2;0.00
2020-08-14;"";151195.9;INTERNET MOVEL 2;0.00
2020-08-15;"";107874.8;INTERNET MOVEL 2;0.00
2020-08-16;"";224020.5;INTERNET MOVEL 2;0.00
2020-08-17;"";152188.3;INTERNET MOVEL 2;0.00
2020-08-18;"";206884.6;INTERNET MOVEL 2;0.00
2020-08-19;"";52787.2;INTERNET MOVEL 2;0.00
2020-08-20;"";133685.6;INTERNET MOVEL 2;0.00
2020-08-21;"";48764.2;INTERNET MOVEL 2;0.00
2020-08-22;"";103951.5;INTERNET MOVEL 2;0.00
2020-08-23;"";70461.1;INTERNET MOVEL 2;0.00
2020-08-24;"";101551.2;INTERNET MOVEL 2;0.00
2020-08-25;"";162415.6;INTERNET MOVEL 2;0.00
2020-08-26;"";55801.0;INTERNET MOVEL 2;0.00
2020-08-27;"";77159.9;INTERNET MOVEL 2;0.00
2020-08-28;"";117042.7;INTERNET MOVEL 2;0.00
2020-08-29;"";5619.0;INTERNET MOVEL 2;0.00
2020-08-30;"";82921.8;INTERNET MOVEL 2;0.00
2020-08-31;"";15215.0;INTERNET MOVEL 2;0.00
