data_hora_inicio;nro_telefone_chamado;duracao_ligacao;desc_categoria;valor_ligacao
2020-08-31 09:18:18;"";1.0;ADICIONAL;0.00
2020-08-31 08:44:09;"";1.0;ADICIONAL;0.00
2020-08-31 08:40:03;"";1.0;ADICIONAL;0.00
2020-08-28 12:50:10;"";1.0;ADICIONAL;0.00
2020-08-27 08:53:43;"";1.0;ADICIONAL;0.00
2020-08-24 10:23:58;"";1.0;ADICIONAL;0.00
2020-08-24 07:26:37;"";1.0;ADICIONAL;0.00
2020-08-21 10:18:00;"";1.0;ADICIONAL;0.00
2020-08-21 10:16:08;"";1.0;ADICIONAL;0.00
2020-08-20 09:05:13;"";1.0;ADICIONAL;0.00
2020-08-20 08:13:37;6635351155;1.0;ADICIONAL;0.00
2020-08-14 16:07:44;"";1.0;ADICIONAL;0.00
2020-08-10 13:09:33;"";1.0;ADICIONAL;0.00
2020-08-10 10:59:25;"";1.0;ADICIONAL;0.00
2020-08-10 10:28:47;"";1.0;ADICIONAL;0.00
2020-08-05 17:24:45;66  34981247;12.0;Para Fixo de Outras Operadoras;
2020-08-05 17:18:24;66  34971595;16.0;Para Fixo de Outras Operadoras;
2020-08-03 11:36:56;64  36291686;19.0;Para Fixo de Outras Operadoras;
2020-08-03 11:33:29;64  36291686;7.0;Para Fixo de Outras Operadoras;
2020-08-30 08:03:25;45  999031892;435.0;Para Celulares de Outras Operadoras;
2020-08-19 06:47:40;65  992602571;8.0;Para Celulares de Outras Operadoras;
2020-08-10 08:59:11;45  999031892;9.0;Para Celulares de Outras Operadoras;
2020-08-30 16:07:52;64  999848111;7.0;Para Celulares Vivo;
2020-08-14 17:45:31;66  997197075;9.0;Para Celulares Vivo;
2020-08-14 10:12:13;51  995863683;101.0;Para Celulares Vivo;
2020-08-12 09:20:56;51  995863683;72.0;Para Celulares Vivo;
2020-08-05 13:15:28;51  995863683;36.0;Para Celulares Vivo;
2020-08-31 16:06:31;66  984473697;0.0;Adicional por Ligacoes Realizadas;
2020-08-31 15:59:57;66  34191512;0.0;Adicional por Ligacoes Realizadas;
2020-08-30 16:07:52;64  999848111;0.0;Adicional por Ligacoes Realizadas;
2020-08-30 08:03:25;45  999031892;0.0;Adicional por Ligacoes Realizadas;
2020-08-28 07:53:52;66  34193367;0.0;Adicional por Ligacoes Realizadas;
2020-08-27 08:43:27;66  34193367;0.0;Adicional por Ligacoes Realizadas;
2020-08-24 08:06:40;66  34193367;0.0;Adicional por Ligacoes Realizadas;
2020-08-24 07:16:57;66  34193367;0.0;Adicional por Ligacoes Realizadas;
2020-08-20 08:04:46;66  35351155;0.0;Adicional por Ligacoes Realizadas;
2020-08-19 06:47:40;65  992602571;0.0;Adicional por Ligacoes Realizadas;
2020-08-19 06:44:56;66  999303435;0.0;Adicional por Ligacoes Realizadas;
2020-08-18 08:22:44;66  997197075;0.0;Adicional por Ligacoes Realizadas;
2020-08-17 19:43:49;66  34981247;0.0;Adicional por Ligacoes Realizadas;
2020-08-17 19:41:16;66  34981247;0.0;Adicional por Ligacoes Realizadas;
2020-08-14 17:45:31;66  997197075;0.0;Adicional por Ligacoes Realizadas;
2020-08-14 17:04:19;64  992371435;0.0;Adicional por Ligacoes Realizadas;
2020-08-14 10:12:13;51  995863683;0.0;Adicional por Ligacoes Realizadas;
2020-08-12 09:20:56;51  995863683;0.0;Adicional por Ligacoes Realizadas;
2020-08-10 08:59:11;45  999031892;0.0;Adicional por Ligacoes Realizadas;
2020-08-06 19:01:15;64  999580421;0.0;Adicional por Ligacoes Realizadas;
2020-08-05 17:24:45;66  34981247;0.0;Adicional por Ligacoes Realizadas;
2020-08-05 17:18:24;66  34971595;0.0;Adicional por Ligacoes Realizadas;
2020-08-05 13:15:28;51  995863683;0.0;Adicional por Ligacoes Realizadas;
2020-08-04 11:27:09;64  36291686;0.0;Adicional por Ligacoes Realizadas;
2020-08-03 11:36:56;64  36291686;0.0;Adicional por Ligacoes Realizadas;
2020-08-03 11:33:29;64  36291686;0.0;Adicional por Ligacoes Realizadas;
2020-08-31 09:18:18;    ;52.0;Chamadas de Longa Distancia para Outros Estados;
2020-08-31 08:44:09;    ;5.0;Chamadas de Longa Distancia para Outros Estados;
2020-08-31 08:40:03;    ;18.0;Chamadas de Longa Distancia para Outros Estados;
2020-08-28 12:50:10;    ;11.0;Chamadas de Longa Distancia para Outros Estados;
2020-08-27 08:53:43;    ;510.0;Chamadas de Longa Distancia para Outros Estados;
2020-08-06 11:30:26;"";1.0;ADICIONAL;0.00
2020-08-05 19:29:44;"";1.0;ADICIONAL;0.00
2020-08-05 19:19:26;"";1.0;ADICIONAL;0.00
2020-08-05 13:11:34;"";1.0;ADICIONAL;0.00
2020-08-05 10:29:10;"";1.0;ADICIONAL;0.00
2020-08-05 08:29:35;"";1.0;ADICIONAL;0.00
2020-08-03 11:52:04;"";1.0;ADICIONAL;0.00
2020-08-24 10:23:58;    ;59.0;Chamadas de Longa Distancia para Outros Estados;
2020-08-24 07:26:37;    ;49.0;Chamadas de Longa Distancia para Outros Estados;
2020-08-21 10:18:00;    ;29.0;Chamadas de Longa Distancia para Outros Estados;
2020-08-21 10:16:08;    ;9.0;Chamadas de Longa Distancia para Outros Estados;
2020-08-20 09:05:13;    ;9.0;Chamadas de Longa Distancia para Outros Estados;
2020-08-20 08:13:37;66  35351155;27.0;Chamadas de Longa Distancia para Outros Estados;
2020-08-14 16:07:44;    ;11.0;Chamadas de Longa Distancia para Outros Estados;
2020-08-10 13:09:33;    ;136.0;Chamadas de Longa Distancia para Outros Estados;
2020-08-10 10:59:25;    ;11.0;Chamadas de Longa Distancia para Outros Estados;
2020-08-10 10:28:47;    ;37.0;Chamadas de Longa Distancia para Outros Estados;
2020-08-06 11:30:26;    ;25.0;Chamadas de Longa Distancia para Outros Estados;
2020-08-05 19:29:44;    ;225.0;Chamadas de Longa Distancia para Outros Estados;
2020-08-05 19:19:26;    ;92.0;Chamadas de Longa Distancia para Outros Estados;
2020-08-05 13:11:34;    ;6.0;Chamadas de Longa Distancia para Outros Estados;
2020-08-05 10:29:10;    ;93.0;Chamadas de Longa Distancia para Outros Estados;
2020-08-05 08:29:35;    ;33.0;Chamadas de Longa Distancia para Outros Estados;
2020-08-03 11:52:04;    ;20.0;Chamadas de Longa Distancia para Outros Estados;
2020-08-31 15:59:57;66  34191512;26.0;Para Fixo de Outras Operadoras;
2020-08-28 07:53:52;66  34193367;13.0;Para Fixo de Outras Operadoras;
2020-08-27 08:43:27;66  34193367;21.0;Para Fixo de Outras Operadoras;
2020-08-24 08:06:40;66  34193367;73.0;Para Fixo de Outras Operadoras;
2020-08-24 07:16:57;66  34193367;29.0;Para Fixo de Outras Operadoras;
2020-08-20 08:04:46;66  35351155;21.0;Para Fixo de Outras Operadoras;
2020-08-17 19:43:49;66  34981247;19.0;Para Fixo de Outras Operadoras;
2020-08-17 19:41:16;66  34981247;21.0;Para Fixo de Outras Operadoras;
2020-08-04 11:27:09;64  36291686;10.0;Para Fixo de Outras Operadoras;
2020-08-31 16:06:31;66  984473697;5.0;Para Celulares de Outras Operadoras;
2020-08-14 17:04:19;64  992371435;22.0;Para Celulares de Outras Operadoras;
2020-08-06 19:01:15;64  999580421;16.0;Para Celulares de Outras Operadoras;
2020-08-19 06:44:56;66  999303435;6.0;Para Celulares Vivo;
2020-08-18 08:22:44;66  997197075;18.0;Para Celulares Vivo;
2020-07-31;"";46791.1;INTERNET MOVEL 2;0.00
2020-08-01;"";46929.0;INTERNET MOVEL 2;0.00
2020-08-02;"";25426.6;INTERNET MOVEL 2;0.00
2020-08-03;"";33073.9;INTERNET MOVEL 2;0.00
2020-08-04;"";77010.7;INTERNET MOVEL 2;0.00
2020-08-05;"";81832.9;INTERNET MOVEL 2;0.00
2020-08-06;"";123781.0;INTERNET MOVEL 2;0.00
2020-08-07;"";40690.1;INTERNET MOVEL 2;0.00
2020-08-08;"";22341.5;INTERNET MOVEL 2;0.00
2020-08-09;"";3010.8;INTERNET MOVEL 2;0.00
2020-08-10;"";34615.0;INTERNET MOVEL 2;0.00
2020-08-11;"";170772.5;INTERNET MOVEL 2;0.00
2020-08-12;"";65265.0;INTERNET MOVEL 2;0.00
2020-08-13;"";49645.8;INTERNET MOVEL 2;0.00
2020-08-14;"";56627.4;INTERNET MOVEL 2;0.00
2020-08-15;"";3232.1;INTERNET MOVEL 2;0.00
2020-08-16;"";14380.8;INTERNET MOVEL 2;0.00
2020-08-17;"";23146.9;INTERNET MOVEL 2;0.00
2020-08-18;"";71367.8;INTERNET MOVEL 2;0.00
2020-08-19;"";154502.3;INTERNET MOVEL 2;0.00
2020-08-20;"";108425.6;INTERNET MOVEL 2;0.00
2020-08-21;"";109144.4;INTERNET MOVEL 2;0.00
2020-08-22;"";52987.9;INTERNET MOVEL 2;0.00
2020-08-23;"";129381.7;INTERNET MOVEL 2;0.00
2020-08-24;"";93680.1;INTERNET MOVEL 2;0.00
2020-08-25;"";52333.9;INTERNET MOVEL 2;0.00
2020-08-26;"";106303.7;INTERNET MOVEL 2;0.00
2020-08-27;"";77324.5;INTERNET MOVEL 2;0.00
2020-08-28;"";69693.9;INTERNET MOVEL 2;0.00
2020-08-29;"";31007.5;INTERNET MOVEL 2;0.00
2020-08-30;"";127581.4;INTERNET MOVEL 2;0.00
2020-08-31;"";89806.1;INTERNET MOVEL 2;0.00
