data_hora_inicio;nro_telefone_chamado;duracao_ligacao;desc_categoria;valor_ligacao
2020-08-27 11:37:35;51  991771271;86.0;Para Celulares de Outras Operadoras;
2020-08-26 17:42:51;51  993173269;12.0;Para Celulares de Outras Operadoras;
2020-08-26 12:06:44;51  991771271;5.0;Para Celulares de Outras Operadoras;
2020-08-25 16:14:15;51  993438384;22.0;Para Celulares de Outras Operadoras;
2020-08-24 11:46:02;51  991987887;10.0;Para Celulares de Outras Operadoras;
2020-08-21 17:06:55;51  991987887;5.0;Para Celulares de Outras Operadoras;
2020-08-21 10:47:16;51  991987887;14.0;Para Celulares de Outras Operadoras;
2020-08-19 16:51:49;51  981588888;5.0;Para Celulares de Outras Operadoras;
2020-08-19 16:50:21;51  981588888;10.0;Para Celulares de Outras Operadoras;
2020-08-14 16:17:01;51  991931287;12.0;Para Celulares de Outras Operadoras;
2020-08-13 16:01:05;51  991771271;40.0;Para Celulares de Outras Operadoras;
2020-08-07 17:07:34;51  991987887;6.0;Para Celulares de Outras Operadoras;
2020-08-07 09:51:02;51  991987887;12.0;Para Celulares de Outras Operadoras;
2020-08-06 16:06:43;51  991987887;26.0;Para Celulares de Outras Operadoras;
2020-08-05 16:16:12;51  981588888;16.0;Para Celulares de Outras Operadoras;
2020-08-04 09:44:40;51  993173269;26.0;Para Celulares de Outras Operadoras;
2020-08-31 18:10:06;51  991014112;24.0;Para Celulares Vivo;
2020-08-31 18:07:11;51  992592887;20.0;Para Celulares Vivo;
2020-08-31 15:18:28;51  999844804;7.0;Para Celulares Vivo;
2020-08-28 17:10:58;51  992592716;5.0;Para Celulares Vivo;
2020-08-28 17:08:04;51  992592803;13.0;Para Celulares Vivo;
2020-08-28 14:53:11;51  995823276;22.0;Para Celulares Vivo;
2020-08-28 11:56:28;51  999844804;5.0;Para Celulares Vivo;
2020-08-27 18:10:49;51  992592887;5.0;Para Celulares Vivo;
2020-08-27 11:34:39;51  992592817;13.0;Para Celulares Vivo;
2020-08-27 11:27:33;51  999936236;5.0;Para Celulares Vivo;
2020-08-26 17:59:06;51  992592716;7.0;Para Celulares Vivo;
2020-08-26 17:48:56;51  992592817;5.0;Para Celulares Vivo;
2020-08-26 17:27:39;51  984274504;20.0;Para Celulares Vivo;
2020-08-26 17:24:57;51  984274504;5.0;Para Celulares Vivo;
2020-08-26 17:23:15;51  992592817;5.0;Para Celulares Vivo;
2020-08-26 17:13:20;51  992592887;15.0;Para Celulares Vivo;
2020-08-25 17:45:51;51  992592803;5.0;Para Celulares Vivo;
2020-08-25 17:44:36;51  992592817;5.0;Para Celulares Vivo;
2020-08-25 17:11:01;51  999936236;28.0;Para Celulares Vivo;
2020-08-25 16:57:27;51  991014112;24.0;Para Celulares Vivo;
2020-08-25 16:53:11;51  992592887;18.0;Para Celulares Vivo;
2020-08-25 16:21:12;51  999844804;5.0;Para Celulares Vivo;
2020-08-24 17:12:17;51  999936236;24.0;Para Celulares Vivo;
2020-08-23 12:04:36;51  992592716;20.0;Para Celulares Vivo;
2020-08-21 17:03:45;51  992592803;5.0;Para Celulares Vivo;
2020-08-20 17:38:03;51  992592148;5.0;Para Celulares Vivo;
2020-08-20 17:33:49;51  992592887;5.0;Para Celulares Vivo;
2020-08-20 17:31:48;51  992592887;6.0;Para Celulares Vivo;
2020-08-20 17:27:54;51  991014112;11.0;Para Celulares Vivo;
2020-08-20 11:54:18;51  992592817;16.0;Para Celulares Vivo;
2020-08-20 11:46:48;51  999844804;16.0;Para Celulares Vivo;
2020-08-19 18:07:03;51  992592817;5.0;Para Celulares Vivo;
2020-08-19 17:53:29;51  999844804;18.0;Para Celulares Vivo;
2020-08-19 17:51:15;51  992592887;9.0;Para Celulares Vivo;
2020-08-19 17:49:11;51  992592817;15.0;Para Celulares Vivo;
2020-08-18 18:37:20;51  992592504;23.0;Para Celulares Vivo;
2020-08-18 18:04:53;51  992592887;8.0;Para Celulares Vivo;
2020-08-18 18:00:59;51  999844804;8.0;Para Celulares Vivo;
2020-08-18 17:58:49;51  999936236;12.0;Para Celulares Vivo;
2020-08-18 12:50:52;51  992592148;6.0;Para Celulares Vivo;
2020-08-17 16:46:22;51  992592887;17.0;Para Celulares Vivo;
2020-08-17 11:59:35;51  999844804;45.0;Para Celulares Vivo;
2020-08-17 11:57:57;51  999936236;13.0;Para Celulares Vivo;
2020-08-14 19:50:09;51  999844804;32.0;Para Celulares Vivo;
2020-08-14 19:19:36;51  999844804;33.0;Para Celulares Vivo;
2020-08-14 15:56:51;51  992592803;5.0;Para Celulares Vivo;
2020-08-13 17:51:04;51  999844804;17.0;Para Celulares Vivo;
2020-08-13 15:17:01;51  992592803;5.0;Para Celulares Vivo;
2020-08-13 15:12:33;51  992592803;42.0;Para Celulares Vivo;
2020-08-13 14:54:26;51  992592148;27.0;Para Celulares Vivo;
2020-08-12 20:17:40;51  992592716;5.0;Para Celulares Vivo;
2020-08-12 13:44:35;51  984274504;14.0;Para Celulares Vivo;
2020-08-12 13:40:17;51  992592887;10.0;Para Celulares Vivo;
2020-08-12 13:38:38;51  992592817;11.0;Para Celulares Vivo;
2020-08-12 13:36:01;51  999936236;18.0;Para Celulares Vivo;
2020-08-10 17:48:33;51  992592803;5.0;Para Celulares Vivo;
2020-08-10 17:36:33;51  996732270;45.0;Para Celulares Vivo;
2020-08-10 17:27:11;51  999936236;39.0;Para Celulares Vivo;
2020-08-10 17:18:15;51  999844804;8.0;Para Celulares Vivo;
2020-08-10 15:37:21;51  992592887;6.0;Para Celulares Vivo;
2020-08-10 10:49:07;51  984274504;27.0;Para Celulares Vivo;
2020-08-10 09:40:29;51  995823276;20.0;Para Celulares Vivo;
2020-08-09 20:12:31;51  992592716;71.0;Para Celulares Vivo;
2020-08-09 16:33:21;51  992592816;25.0;Para Celulares Vivo;
2020-08-09 16:29:51;51  992592816;34.0;Para Celulares Vivo;
2020-08-09 11:26:53;51  992592716;5.0;Para Celulares Vivo;
2020-08-08 17:45:11;51  998062033;28.0;Para Celulares Vivo;
2020-08-08 17:42:45;51  992592803;14.0;Para Celulares Vivo;
2020-08-07 15:13:09;51  999936236;49.0;Para Celulares Vivo;
2020-08-07 10:00:12;51  998062033;14.0;Para Celulares Vivo;
2020-08-07 09:57:29;51  998062033;17.0;Para Celulares Vivo;
2020-08-06 17:43:17;51  992592504;41.0;Para Celulares Vivo;
2020-08-06 17:30:57;51  999844804;17.0;Para Celulares Vivo;
2020-08-06 17:05:16;51  991014112;34.0;Para Celulares Vivo;
2020-08-06 17:02:16;51  992592803;25.0;Para Celulares Vivo;
2020-08-06 16:02:26;51  992592887;33.0;Para Celulares Vivo;
2020-08-05 16:18:35;51  999844804;15.0;Para Celulares Vivo;
2020-08-04 13:28:30;51  992592803;20.0;Para Celulares Vivo;
2020-08-04 10:02:31;51  992592887;23.0;Para Celulares Vivo;
2020-08-04 09:55:02;51  992592817;23.0;Para Celulares Vivo;
2020-08-03 15:52:01;51  999844804;16.0;Para Celulares Vivo;
2020-08-02 16:35:36;51  992592803;43.0;Para Celulares Vivo;
2020-08-02 09:02:32;51  992592803;37.0;Para Celulares Vivo;
2020-07-31;"";1587.2;INTERNET MOVEL 2;0.00
2020-08-01;"";7963.8;INTERNET MOVEL 2;0.00
2020-08-02;"";2170.0;INTERNET MOVEL 2;0.00
2020-08-03;"";7078.4;INTERNET MOVEL 2;0.00
2020-08-04;"";7998.1;INTERNET MOVEL 2;0.00
2020-08-05;"";4164.2;INTERNET MOVEL 2;0.00
2020-08-06;"";10567.9;INTERNET MOVEL 2;0.00
2020-08-07;"";61411.5;INTERNET MOVEL 2;0.00
2020-08-08;"";8587.1;INTERNET MOVEL 2;0.00
2020-08-09;"";5682.3;INTERNET MOVEL 2;0.00
2020-08-10;"";53227.9;INTERNET MOVEL 2;0.00
2020-08-11;"";6544.2;INTERNET MOVEL 2;0.00
2020-08-12;"";4363.0;INTERNET MOVEL 2;0.00
2020-08-13;"";5793.8;INTERNET MOVEL 2;0.00
2020-08-14;"";75703.0;INTERNET MOVEL 2;0.00
2020-08-15;"";6114.6;INTERNET MOVEL 2;0.00
2020-08-16;"";10392.0;INTERNET MOVEL 2;0.00
2020-08-17;"";4813.2;INTERNET MOVEL 2;0.00
2020-08-18;"";5172.9;INTERNET MOVEL 2;0.00
2020-08-19;"";6375.5;INTERNET MOVEL 2;0.00
2020-08-20;"";14705.1;INTERNET MOVEL 2;0.00
2020-08-21;"";3045.8;INTERNET MOVEL 2;0.00
2020-08-22;"";15035.0;INTERNET MOVEL 2;0.00
2020-08-23;"";3985.1;INTERNET MOVEL 2;0.00
2020-08-24;"";6436.8;INTERNET MOVEL 2;0.00
2020-08-25;"";12067.6;INTERNET MOVEL 2;0.00
2020-08-26;"";6447.9;INTERNET MOVEL 2;0.00
2020-08-27;"";10741.6;INTERNET MOVEL 2;0.00
2020-08-28;"";55536.4;INTERNET MOVEL 2;0.00
2020-08-29;"";2311.0;INTERNET MOVEL 2;0.00
2020-08-30;"";2610.5;INTERNET MOVEL 2;0.00
2020-08-31;"";4604.2;INTERNET MOVEL 2;0.00
