data_hora_inicio;nro_telefone_chamado;duracao_ligacao;desc_categoria;valor_ligacao
2020-08-01 11:07:08;51  34694080;61.0;Para Fixo de Outras Operadoras;
2020-08-10 16:32:20;49  33223684;5.0;Para Fixo de Outras Operadoras;
2020-08-10 11:24:26;47  30275444;213.0;Para Fixo de Outras Operadoras;
2020-08-27 17:16:58;48  991195005;210.0;Para Celulares de Outras Operadoras;
2020-08-27 15:45:31;43  996336496;69.0;Para Celulares de Outras Operadoras;
2020-08-26 17:50:54;45  991014436;105.0;Para Celulares de Outras Operadoras;
2020-08-25 08:55:07;43  996336496;217.0;Para Celulares de Outras Operadoras;
2020-08-24 15:08:39;43  996336496;17.0;Para Celulares de Outras Operadoras;
2020-08-24 10:05:51;43  996336496;69.0;Para Celulares de Outras Operadoras;
2020-08-19 10:17:50;47  984020410;31.0;Para Celulares de Outras Operadoras;
2020-08-12 15:02:55;43  996336496;5.0;Para Celulares de Outras Operadoras;
2020-08-11 14:59:48;47  984020410;116.0;Para Celulares de Outras Operadoras;
2020-08-10 12:20:33;43  996248447;245.0;Para Celulares de Outras Operadoras;
2020-08-20 19:15:46;66  999848575;221.0;Para Celulares Vivo;
2020-08-14 15:38:33;66  999848575;449.0;Para Celulares Vivo;
2020-08-25 11:12:59;53  32433066;76.0;Para Fixo de Outras Operadoras;
2020-08-25 11:09:38;53  32433066;6.0;Para Fixo de Outras Operadoras;
2020-08-25 10:41:10;53  32433066;65.0;Para Fixo de Outras Operadoras;
2020-08-07 13:04:49;54  33423011;37.0;Para Fixo de Outras Operadoras;
2020-08-06 15:18:42;53  32404500;191.0;Para Fixo de Outras Operadoras;
2020-08-06 15:07:18;53  32404500;7.0;Para Fixo de Outras Operadoras;
2020-08-06 10:32:17;54  33427325;39.0;Para Fixo de Outras Operadoras;
2020-08-05 10:31:08;53  32433066;11.0;Para Fixo de Outras Operadoras;
2020-08-05 10:29:29;53  32404500;7.0;Para Fixo de Outras Operadoras;
2020-08-04 09:33:28;53  32404500;393.0;Para Fixo de Outras Operadoras;
2020-08-06 11:32:47;53  991025433;15.0;Para Celulares de Outras Operadoras;
2020-08-05 16:04:53;53  991000567;11.0;Para Celulares de Outras Operadoras;
2020-08-17 10:05:07;54  981190112;204.0;Para Fixo Vivo;
2020-08-27 15:56:21;54  991660919;210.0;Para Celulares Vivo;
2020-08-26 11:21:14;53  999721206;15.0;Para Celulares Vivo;
2020-08-25 19:34:11;53  999721206;10.0;Para Celulares Vivo;
2020-08-06 10:43:40;54  991660919;158.0;Para Celulares Vivo;
2020-08-04 11:10:32;54  996912098;52.0;Para Celulares Vivo;
2020-08-03 11:50:27;55  999334650;15.0;Para Celulares Vivo;
2020-08-03 11:39:46;55  999334650;36.0;Para Celulares Vivo;
2020-08-27 10:28:36;*5  55;9.0;"";
2020-08-27 10:26:45;*5  55;6.0;"";
2020-08-27 10:12:02;*5  55;5.0;"";
2020-08-27 10:10:42;*5  55;6.0;"";
2020-08-26 10:36:20;*5  55;5.0;"";
2020-08-23 04:18:01;51  34415000;13.0;Para Fixo de Outras Operadoras;
2020-08-03 15:13:31;51  39373785;11.0;Para Fixo de Outras Operadoras;
2020-08-30 12:15:24;51  994626209;34.0;Para Celulares de Outras Operadoras;
2020-08-26 16:36:44;51  985073370;8.0;Para Celulares de Outras Operadoras;
2020-08-25 16:19:48;51  991153364;236.0;Para Celulares de Outras Operadoras;
2020-08-21 10:24:45;51  994626209;8.0;Para Celulares de Outras Operadoras;
2020-08-17 10:28:46;51  993581912;290.0;Para Celulares de Outras Operadoras;
2020-08-12 09:19:40;51  994626209;5.0;Para Celulares de Outras Operadoras;
2020-08-11 19:02:07;51  994626209;5.0;Para Celulares de Outras Operadoras;
2020-08-09 11:08:58;51  994626209;39.0;Para Celulares de Outras Operadoras;
2020-08-08 11:49:01;51  981937498;33.0;Para Celulares de Outras Operadoras;
2020-08-06 20:38:05;51  991153364;75.0;Para Celulares de Outras Operadoras;
2020-08-03 20:53:39;51  994626209;47.0;Para Celulares de Outras Operadoras;
2020-08-02 18:55:11;51  994626209;8.0;Para Celulares de Outras Operadoras;
2020-08-08 17:06:00;51  34691586;6.0;Para Fixo Vivo;
2020-08-03 17:13:17;51  34691586;10.0;Para Fixo Vivo;
2020-08-03 16:57:03;51  30433140;111.0;Para Fixo Vivo;
2020-08-31 13:34:39;51  992592887;28.0;Para Celulares Vivo;
2020-08-28 13:31:53;51  992592887;23.0;Para Celulares Vivo;
2020-08-27 09:14:03;51  992592887;27.0;Para Celulares Vivo;
2020-08-25 19:29:18;51  992592887;44.0;Para Celulares Vivo;
2020-08-25 11:44:03;51  992592887;20.0;Para Celulares Vivo;
2020-08-25 10:48:21;51  992592887;15.0;Para Celulares Vivo;
2020-08-21 18:46:22;51  992592887;57.0;Para Celulares Vivo;
2020-08-11 17:15:37;51  999327878;189.0;Para Celulares Vivo;
2020-08-07 16:21:40;51  999051977;5.0;Para Celulares Vivo;
2020-08-05 17:23:27;51  996580928;43.0;Para Celulares Vivo;
2020-08-05 14:12:21;51  999051977;61.0;Para Celulares Vivo;
2020-07-31;"";447.0;INTERNET MOVEL 2;0.00
2020-08-01;"";209.0;INTERNET MOVEL 2;0.00
2020-08-02;"";110.0;INTERNET MOVEL 2;0.00
2020-08-03;"";303.0;INTERNET MOVEL 2;0.00
2020-08-04;"";139.0;INTERNET MOVEL 2;0.00
2020-08-05;"";264.0;INTERNET MOVEL 2;0.00
2020-08-06;"";276.0;INTERNET MOVEL 2;0.00
2020-08-07;"";384.0;INTERNET MOVEL 2;0.00
2020-08-08;"";8512.6;INTERNET MOVEL 2;0.00
2020-08-09;"";1050.0;INTERNET MOVEL 2;0.00
2020-08-10;"";196.0;INTERNET MOVEL 2;0.00
2020-08-11;"";219.0;INTERNET MOVEL 2;0.00
2020-08-12;"";32780.6;INTERNET MOVEL 2;0.00
2020-08-13;"";16467.6;INTERNET MOVEL 2;0.00
2020-08-14;"";301.0;INTERNET MOVEL 2;0.00
2020-08-15;"";250.0;INTERNET MOVEL 2;0.00
2020-08-16;"";235.0;INTERNET MOVEL 2;0.00
2020-08-17;"";237.0;INTERNET MOVEL 2;0.00
2020-08-18;"";214.0;INTERNET MOVEL 2;0.00
2020-08-19;"";340.0;INTERNET MOVEL 2;0.00
2020-08-20;"";12107.2;INTERNET MOVEL 2;0.00
2020-08-21;"";10070.2;INTERNET MOVEL 2;0.00
2020-08-22;"";277.0;INTERNET MOVEL 2;0.00
2020-08-23;"";258.0;INTERNET MOVEL 2;0.00
2020-08-24;"";204.0;INTERNET MOVEL 2;0.00
2020-08-25;"";135.0;INTERNET MOVEL 2;0.00
2020-08-26;"";30960.1;INTERNET MOVEL 2;0.00
2020-08-27;"";4233.6;INTERNET MOVEL 2;0.00
2020-08-28;"";12309.0;INTERNET MOVEL 2;0.00
2020-08-29;"";255.0;INTERNET MOVEL 2;0.00
2020-08-30;"";190.0;INTERNET MOVEL 2;0.00
2020-08-31;"";322.0;INTERNET MOVEL 2;0.00
