data_hora_inicio;nro_telefone_chamado;duracao_ligacao;desc_categoria;valor_ligacao
2020-08-01 18:27:46;51  35740387;18.0;Para Fixo de Outras Operadoras;
2020-08-01 10:59:38;51  35574779;11.0;Para Fixo de Outras Operadoras;
2020-08-01 17:51:45;51  992188221;5.0;Para Fixo Vivo;
2020-08-13 14:47:00;66  34811265;29.0;Para Fixo de Outras Operadoras;
2020-08-13 09:58:16;66  34811265;20.0;Para Fixo de Outras Operadoras;
2020-08-13 09:31:47;64  34918037;5.0;Para Fixo de Outras Operadoras;
2020-08-13 09:25:07;64  34918037;61.0;Para Fixo de Outras Operadoras;
2020-08-13 09:24:33;64  34918037;5.0;Para Fixo de Outras Operadoras;
2020-08-13 09:20:01;64  34918037;33.0;Para Fixo de Outras Operadoras;
2020-08-13 16:08:49;65  999546519;12.0;Para Celulares Vivo;
2020-08-11 16:29:58;13  997029091;19.0;Para Celulares Vivo;
2020-08-10 16:28:38;65  996364250;84.0;Para Celulares Vivo;
2020-08-08 15:30:59;13  997029091;10.0;Para Celulares Vivo;
2020-08-10 13:50:22;53  32343615;69.0;Para Fixo de Outras Operadoras;
2020-08-18 08:22:39;53  99713141;14.0;Para Celulares Vivo;
2020-08-14 09:48:57;53  999719188;9.0;Para Celulares Vivo;
2020-08-12 10:41:58;53  999719188;8.0;Para Celulares Vivo;
2020-08-12 10:22:16;53  999719188;21.0;Para Celulares Vivo;
2020-08-27 17:11:27;*5  55;5.0;"";
2020-08-18 10:45:07;51  30130123;14.0;Para Fixo de Outras Operadoras;
2020-08-18 08:24:39;51  991722020;11.0;Para Celulares de Outras Operadoras;
2020-08-11 16:33:24;51  991379270;59.0;Para Celulares de Outras Operadoras;
2020-08-07 14:17:28;51  991499779;20.0;Para Celulares de Outras Operadoras;
2020-08-05 16:24:01;51  991499779;173.0;Para Celulares de Outras Operadoras;
2020-08-31 17:55:47;51  992188221;5.0;Para Fixo Vivo;
2020-08-28 17:20:54;51  992188221;5.0;Para Fixo Vivo;
2020-08-22 11:03:38;51  992188221;5.0;Para Fixo Vivo;
2020-08-18 16:30:14;51  992188221;6.0;Para Fixo Vivo;
2020-08-14 18:02:51;51  992188221;5.0;Para Fixo Vivo;
2020-08-14 17:31:17;51  992188221;6.0;Para Fixo Vivo;
2020-08-14 17:16:50;51  992188221;5.0;Para Fixo Vivo;
2020-08-13 17:30:28;51  992188221;6.0;Para Fixo Vivo;
2020-08-12 17:30:42;51  992188221;37.0;Para Fixo Vivo;
2020-08-12 16:54:27;51  992188221;8.0;Para Fixo Vivo;
2020-08-11 17:32:02;51  992188221;22.0;Para Fixo Vivo;
2020-08-09 19:57:26;51  992188221;5.0;Para Fixo Vivo;
2020-08-05 13:04:05;51  992188221;6.0;Para Fixo Vivo;
2020-08-27 15:30:26;51  992592714;312.0;Para Celulares Vivo;
2020-08-25 13:34:22;51  992518679;21.0;Para Celulares Vivo;
2020-08-12 16:23:20;51  984274504;10.0;Para Celulares Vivo;
2020-08-12 11:44:45;51  984274504;11.0;Para Celulares Vivo;
2020-08-12 10:55:55;51  984274504;18.0;Para Celulares Vivo;
2020-08-12 10:52:07;51  993320342;25.0;Para Celulares Vivo;
2020-08-12 10:25:00;51  984274504;42.0;Para Celulares Vivo;
2020-08-11 16:32:17;51  984274504;5.0;Para Celulares Vivo;
2020-07-31;"";15567.1;INTERNET MOVEL 2;0.00
2020-08-01;"";81026.6;INTERNET MOVEL 2;0.00
2020-08-02;"";72738.9;INTERNET MOVEL 2;0.00
2020-08-03;"";7231.9;INTERNET MOVEL 2;0.00
2020-08-04;"";67308.7;INTERNET MOVEL 2;0.00
2020-08-05;"";39629.1;INTERNET MOVEL 2;0.00
2020-08-06;"";53555.1;INTERNET MOVEL 2;0.00
2020-08-07;"";143116.7;INTERNET MOVEL 2;0.00
2020-08-08;"";44055.1;INTERNET MOVEL 2;0.00
2020-08-09;"";62451.0;INTERNET MOVEL 2;0.00
2020-08-10;"";90215.9;INTERNET MOVEL 2;0.00
2020-08-11;"";73774.9;INTERNET MOVEL 2;0.00
2020-08-12;"";64502.3;INTERNET MOVEL 2;0.00
2020-08-13;"";47530.2;INTERNET MOVEL 2;0.00
2020-08-14;"";95017.7;INTERNET MOVEL 2;0.00
2020-08-15;"";96283.4;INTERNET MOVEL 2;0.00
2020-08-16;"";58315.7;INTERNET MOVEL 2;0.00
2020-08-17;"";7787.8;INTERNET MOVEL 2;0.00
2020-08-18;"";106372.2;INTERNET MOVEL 2;0.00
2020-08-19;"";44019.9;INTERNET MOVEL 2;0.00
2020-08-20;"";67446.0;INTERNET MOVEL 2;0.00
2020-08-21;"";76363.3;INTERNET MOVEL 2;0.00
2020-08-22;"";177771.7;INTERNET MOVEL 2;0.00
2020-08-23;"";69668.4;INTERNET MOVEL 2;0.00
2020-08-24;"";94359.6;INTERNET MOVEL 2;0.00
2020-08-25;"";95796.1;INTERNET MOVEL 2;0.00
2020-08-26;"";52540.2;INTERNET MOVEL 2;0.00
2020-08-27;"";59740.7;INTERNET MOVEL 2;0.00
2020-08-28;"";67454.2;INTERNET MOVEL 2;0.00
2020-08-29;"";63791.3;INTERNET MOVEL 2;0.00
2020-08-30;"";48982.4;INTERNET MOVEL 2;0.00
2020-08-31;"";109.0;INTERNET MOVEL 2;0.00
