data_hora_inicio;nro_telefone_chamado;duracao_ligacao;desc_categoria;valor_ligacao
2020-07-31;"";767.0;INTERNET MOVEL 2;0.00
2020-08-01;"";60762.4;INTERNET MOVEL 2;0.00
2020-08-02;"";136873.0;INTERNET MOVEL 2;0.00
2020-08-03;"";276764.5;INTERNET MOVEL 2;0.00
2020-08-04;"";257739.6;INTERNET MOVEL 2;0.00
2020-08-05;"";85795.0;INTERNET MOVEL 2;0.00
2020-08-06;"";130697.8;INTERNET MOVEL 2;0.00
2020-08-07;"";122135.1;INTERNET MOVEL 2;0.00
2020-08-08;"";29415.9;INTERNET MOVEL 2;0.00
2020-08-09;"";48267.2;INTERNET MOVEL 2;0.00
2020-08-10;"";53055.1;INTERNET MOVEL 2;0.00
2020-08-11;"";171957.3;INTERNET MOVEL 2;0.00
2020-08-12;"";126510.3;INTERNET MOVEL 2;0.00
2020-08-13;"";341245.0;INTERNET MOVEL 2;0.00
2020-08-14;"";15083.9;INTERNET MOVEL 2;0.00
2020-08-15;"";2329.0;INTERNET MOVEL 2;0.00
2020-08-16;"";8406.4;INTERNET MOVEL 2;0.00
2020-08-17;"";4439.7;INTERNET MOVEL 2;0.00
2020-08-18;"";704.0;INTERNET MOVEL 2;0.00
2020-08-19;"";938.0;INTERNET MOVEL 2;0.00
2020-08-20;"";1289.0;INTERNET MOVEL 2;0.00
2020-08-21;"";880.0;INTERNET MOVEL 2;0.00
2020-08-22;"";935.0;INTERNET MOVEL 2;0.00
2020-08-23;"";21934.0;INTERNET MOVEL 2;0.00
2020-08-24;"";2399.6;INTERNET MOVEL 2;0.00
2020-08-25;"";1110.0;INTERNET MOVEL 2;0.00
2020-08-26;"";605.0;INTERNET MOVEL 2;0.00
2020-08-27;"";586.0;INTERNET MOVEL 2;0.00
2020-08-28;"";651.0;INTERNET MOVEL 2;0.00
2020-08-29;"";521.0;INTERNET MOVEL 2;0.00
2020-08-30;"";996.0;INTERNET MOVEL 2;0.00
2020-08-31;"";239.0;INTERNET MOVEL 2;0.00
