data_hora_inicio;nro_telefone_chamado;duracao_ligacao;desc_categoria;valor_ligacao
2020-08-31 20:12:02;51  993706506;117.0;Para Celulares de Outras Operadoras;
2020-08-31 09:04:58;51  992592869;5.0;Para Celulares Vivo;
2020-08-29 10:03:48;54  999992950;5.0;Para Celulares Vivo;
2020-08-28 09:20:20;54  999992950;29.0;Para Celulares Vivo;
2020-08-14 12:15:36;54  999992950;14.0;Para Celulares Vivo;
2020-08-10 12:03:55;54  999992950;6.0;Para Celulares Vivo;
2020-08-29 14:53:00;54  999992950;5.0;Para Celulares Vivo;
2020-08-29 14:17:15;54  999992950;5.0;Para Celulares Vivo;
2020-08-22 10:35:23;51  35163516;9.0;Para Fixo de Outras Operadoras;
2020-08-20 17:13:43;51  35911122;61.0;Para Fixo de Outras Operadoras;
2020-08-20 16:59:28;51  35911122;8.0;Para Fixo de Outras Operadoras;
2020-08-26 17:47:16;51  993706506;133.0;Para Celulares de Outras Operadoras;
2020-08-26 16:01:04;51  984640567;226.0;Para Celulares de Outras Operadoras;
2020-08-21 18:44:55;51  992433321;37.0;Para Celulares de Outras Operadoras;
2020-08-18 14:49:27;51  993706506;41.0;Para Celulares de Outras Operadoras;
2020-08-16 13:01:23;51  999590856;158.0;Para Celulares de Outras Operadoras;
2020-08-13 17:26:40;51  992433321;253.0;Para Celulares de Outras Operadoras;
2020-08-10 15:48:30;51  992433321;26.0;Para Celulares de Outras Operadoras;
2020-08-22 11:32:09;51  30580590;10.0;Para Fixo Vivo;
2020-08-22 10:33:31;51  33353555;8.0;Para Fixo Vivo;
2020-08-17 08:57:22;51  33124955;29.0;Para Fixo Vivo;
2020-08-28 12:25:19;51  992592869;12.0;Para Celulares Vivo;
2020-08-28 12:16:47;51  992592869;40.0;Para Celulares Vivo;
2020-08-27 18:21:49;51  997541700;5.0;Para Celulares Vivo;
2020-08-27 12:53:50;51  999666016;137.0;Para Celulares Vivo;
2020-08-12 14:33:25;51  998937389;27.0;Para Celulares Vivo;
2020-08-12 13:57:28;51  998937389;8.0;Para Celulares Vivo;
2020-08-11 18:10:41;51  998937389;11.0;Para Celulares Vivo;
2020-08-02 11:34:10;51  992592869;5.0;Para Celulares Vivo;
2020-07-31;"";1847.0;INTERNET MOVEL 2;0.00
2020-08-01;"";9529.4;INTERNET MOVEL 2;0.00
2020-08-02;"";2488.5;INTERNET MOVEL 2;0.00
2020-08-03;"";297.0;INTERNET MOVEL 2;0.00
2020-08-04;"";178.0;INTERNET MOVEL 2;0.00
2020-08-05;"";352.0;INTERNET MOVEL 2;0.00
2020-08-06;"";303.0;INTERNET MOVEL 2;0.00
2020-08-07;"";418.0;INTERNET MOVEL 2;0.00
2020-08-08;"";249.0;INTERNET MOVEL 2;0.00
2020-08-09;"";177.0;INTERNET MOVEL 2;0.00
2020-08-10;"";279.0;INTERNET MOVEL 2;0.00
2020-08-11;"";256.0;INTERNET MOVEL 2;0.00
2020-08-12;"";213.0;INTERNET MOVEL 2;0.00
2020-08-13;"";17366.9;INTERNET MOVEL 2;0.00
2020-08-14;"";6064.6;INTERNET MOVEL 2;0.00
2020-08-15;"";2777.4;INTERNET MOVEL 2;0.00
2020-08-16;"";2995.4;INTERNET MOVEL 2;0.00
2020-08-17;"";7027.0;INTERNET MOVEL 2;0.00
2020-08-18;"";20853.4;INTERNET MOVEL 2;0.00
2020-08-19;"";3109.6;INTERNET MOVEL 2;0.00
2020-08-20;"";8318.7;INTERNET MOVEL 2;0.00
2020-08-21;"";2461.7;INTERNET MOVEL 2;0.00
2020-08-22;"";3043.8;INTERNET MOVEL 2;0.00
2020-08-23;"";1459.1;INTERNET MOVEL 2;0.00
2020-08-24;"";3509.1;INTERNET MOVEL 2;0.00
2020-08-25;"";6613.3;INTERNET MOVEL 2;0.00
2020-08-26;"";3184.5;INTERNET MOVEL 2;0.00
2020-08-27;"";41734.0;INTERNET MOVEL 2;0.00
2020-08-28;"";29419.4;INTERNET MOVEL 2;0.00
2020-08-29;"";80323.0;INTERNET MOVEL 2;0.00
2020-08-30;"";29724.8;INTERNET MOVEL 2;0.00
2020-08-31;"";109693.0;INTERNET MOVEL 2;0.00
