data_hora_inicio;nro_telefone_chamado;duracao_ligacao;desc_categoria;valor_ligacao
2020-08-21 10:58:38;27  999119247;17.0;Para Celulares de Outras Operadoras;
2020-08-05 10:30:26;27  999119247;61.0;Para Celulares de Outras Operadoras;
2020-08-21 11:29:29;51  997878500;17.0;Para Celulares de Outras Operadoras;
2020-08-15 18:50:36;51  981211690;51.0;Para Celulares de Outras Operadoras;
2020-08-14 11:31:53;51  997878500;12.0;Para Celulares de Outras Operadoras;
2020-08-10 11:09:48;51  37104050;64.0;Para Fixo Vivo;
2020-08-31 08:38:38;51  981119588;21.0;Para Celulares Vivo;
2020-08-01;"";573.0;INTERNET MOVEL 2;0.00
2020-08-02;"";495.0;INTERNET MOVEL 2;0.00
2020-08-03;"";685.0;INTERNET MOVEL 2;0.00
2020-08-04;"";231.0;INTERNET MOVEL 2;0.00
2020-08-05;"";10663.6;INTERNET MOVEL 2;0.00
2020-08-06;"";178.0;INTERNET MOVEL 2;0.00
2020-08-07;"";122989.8;INTERNET MOVEL 2;0.00
2020-08-08;"";273.0;INTERNET MOVEL 2;0.00
2020-08-09;"";22711.0;INTERNET MOVEL 2;0.00
2020-08-10;"";3454.0;INTERNET MOVEL 2;0.00
2020-08-11;"";373.0;INTERNET MOVEL 2;0.00
2020-08-12;"";150.0;INTERNET MOVEL 2;0.00
2020-08-13;"";50.0;INTERNET MOVEL 2;0.00
2020-08-14;"";70261.8;INTERNET MOVEL 2;0.00
2020-08-15;"";1677.0;INTERNET MOVEL 2;0.00
2020-08-16;"";54049.0;INTERNET MOVEL 2;0.00
2020-08-17;"";4636.6;INTERNET MOVEL 2;0.00
2020-08-18;"";35389.9;INTERNET MOVEL 2;0.00
2020-08-19;"";81783.0;INTERNET MOVEL 2;0.00
2020-08-20;"";814.0;INTERNET MOVEL 2;0.00
2020-08-21;"";42084.2;INTERNET MOVEL 2;0.00
2020-08-22;"";167.0;INTERNET MOVEL 2;0.00
2020-08-23;"";53731.2;INTERNET MOVEL 2;0.00
2020-08-24;"";76.0;INTERNET MOVEL 2;0.00
2020-08-25;"";54734.9;INTERNET MOVEL 2;0.00
2020-08-26;"";490.0;INTERNET MOVEL 2;0.00
2020-08-27;"";98612.2;INTERNET MOVEL 2;0.00
2020-08-28;"";110067.4;INTERNET MOVEL 2;0.00
2020-08-29;"";159.0;INTERNET MOVEL 2;0.00
2020-08-30;"";225.0;INTERNET MOVEL 2;0.00
2020-08-31;"";31839.7;INTERNET MOVEL 2;0.00
