data_hora_inicio;nro_telefone_chamado;duracao_ligacao;desc_categoria;valor_ligacao
2020-08-28 19:00:48;51991813564;1.0;GRATIS-SMS;0.00
2020-08-11 15:08:10;51991499779;1.0;GRATIS-SMS;0.00
2020-08-28 10:53:44;51  993160769;53.0;Para Celulares de Outras Operadoras;
2020-08-28 10:22:02;51  993160769;8.0;Para Celulares de Outras Operadoras;
2020-08-16 12:14:05;51  993160769;5.0;Para Celulares de Outras Operadoras;
2020-08-28 19:03:50;51  991813564;87.0;Para Celulares Vivo;
2020-08-18 09:17:47;51  984274504;75.0;Para Celulares Vivo;
2020-08-06 09:59:16;51  998447472;78.0;Para Celulares Vivo;
2020-08-06 09:55:55;51  998447472;30.0;Para Celulares Vivo;
2020-07-31;"";426.0;INTERNET MOVEL 2;0.00
2020-08-01;"";12057.8;INTERNET MOVEL 2;0.00
2020-08-02;"";2213.0;INTERNET MOVEL 2;0.00
2020-08-03;"";37858.1;INTERNET MOVEL 2;0.00
2020-08-04;"";107674.2;INTERNET MOVEL 2;0.00
2020-08-05;"";26968.8;INTERNET MOVEL 2;0.00
2020-08-06;"";52407.2;INTERNET MOVEL 2;0.00
2020-08-07;"";61488.0;INTERNET MOVEL 2;0.00
2020-08-08;"";1524.3;INTERNET MOVEL 2;0.00
2020-08-09;"";1310.0;INTERNET MOVEL 2;0.00
2020-08-10;"";54804.1;INTERNET MOVEL 2;0.00
2020-08-11;"";43290.2;INTERNET MOVEL 2;0.00
2020-08-12;"";38452.7;INTERNET MOVEL 2;0.00
2020-08-13;"";45542.6;INTERNET MOVEL 2;0.00
2020-08-14;"";70108.6;INTERNET MOVEL 2;0.00
2020-08-15;"";3346.2;INTERNET MOVEL 2;0.00
2020-08-16;"";1642.6;INTERNET MOVEL 2;0.00
2020-08-17;"";55990.6;INTERNET MOVEL 2;0.00
2020-08-18;"";27887.8;INTERNET MOVEL 2;0.00
2020-08-19;"";146741.0;INTERNET MOVEL 2;0.00
2020-08-20;"";32754.2;INTERNET MOVEL 2;0.00
2020-08-21;"";47371.4;INTERNET MOVEL 2;0.00
2020-08-22;"";1150.0;INTERNET MOVEL 2;0.00
2020-08-23;"";1096.0;INTERNET MOVEL 2;0.00
2020-08-24;"";61902.6;INTERNET MOVEL 2;0.00
2020-08-25;"";37014.1;INTERNET MOVEL 2;0.00
2020-08-26;"";28654.1;INTERNET MOVEL 2;0.00
2020-08-27;"";68764.6;INTERNET MOVEL 2;0.00
2020-08-28;"";114030.1;INTERNET MOVEL 2;0.00
2020-08-29;"";1480.8;INTERNET MOVEL 2;0.00
2020-08-30;"";1061.0;INTERNET MOVEL 2;0.00
2020-08-31;"";75026.7;INTERNET MOVEL 2;0.00
