data_hora_inicio;nro_telefone_chamado;duracao_ligacao;desc_categoria;valor_ligacao
2020-08-13 10:07:15;31  992360404;5.0;Para Celulares de Outras Operadoras;
2020-08-28 08:51:40;43  999577641;6.0;Para Celulares Vivo;
2020-08-24 10:20:36;51  993320327;17.0;Para Celulares Vivo;
2020-08-18 06:42:48;51  994057331;5.0;Para Celulares Vivo;
2020-08-17 14:57:48;51  994057331;5.0;Para Celulares Vivo;
2020-08-17 08:36:51;51  994057331;5.0;Para Celulares Vivo;
2020-08-14 08:04:37;51  993320327;12.0;Para Celulares Vivo;
2020-08-12 15:00:02;51  993320327;5.0;Para Celulares Vivo;
2020-08-12 11:02:08;51  993189322;6.0;Para Celulares Vivo;
2020-08-12 10:32:12;51  993189322;17.0;Para Celulares Vivo;
2020-08-12 10:31:20;51  993189322;6.0;Para Celulares Vivo;
2020-08-07 14:32:59;51  993320327;30.0;Para Celulares Vivo;
2020-08-07 13:02:50;51  996781699;6.0;Para Celulares Vivo;
2020-08-07 12:48:21;51  996781699;14.0;Para Celulares Vivo;
2020-08-06 10:41:16;51  993320327;12.0;Para Celulares Vivo;
2020-08-04 08:44:44;51  992592752;39.0;Para Celulares Vivo;
2020-08-03 18:54:28;51  993320327;9.0;Para Celulares Vivo;
2020-08-03 18:06:38;51  996781699;58.0;Para Celulares Vivo;
2020-08-03 17:44:25;51  996781699;92.0;Para Celulares Vivo;
2020-08-03 16:39:34;51  996781699;5.0;Para Celulares Vivo;
2020-08-03 16:21:15;51  993320327;5.0;Para Celulares Vivo;
2020-08-03 14:15:33;51  993320327;5.0;Para Celulares Vivo;
2020-08-03 11:26:11;51  996781699;5.0;Para Celulares Vivo;
2020-08-03 11:17:46;51  993320327;8.0;Para Celulares Vivo;
2020-08-03 11:12:19;51  996781699;50.0;Para Celulares Vivo;
2020-08-03 10:07:11;51  996781699;9.0;Para Celulares Vivo;
2020-08-03 09:49:30;51  996781699;28.0;Para Celulares Vivo;
2020-08-03 09:45:03;51  993189322;39.0;Para Celulares Vivo;
2020-08-28 08:51:40;43  999577641;0.0;Adicional por Ligacoes Realizadas;
2020-08-24 10:20:36;51  993320327;0.0;Adicional por Ligacoes Realizadas;
2020-08-18 06:42:48;51  994057331;0.0;Adicional por Ligacoes Realizadas;
2020-08-17 14:57:48;51  994057331;0.0;Adicional por Ligacoes Realizadas;
2020-08-17 08:36:51;51  994057331;0.0;Adicional por Ligacoes Realizadas;
2020-08-14 08:04:37;51  993320327;0.0;Adicional por Ligacoes Realizadas;
2020-08-13 10:07:15;31  992360404;0.0;Adicional por Ligacoes Realizadas;
2020-08-12 15:00:02;51  993320327;0.0;Adicional por Ligacoes Realizadas;
2020-08-12 11:02:08;51  993189322;0.0;Adicional por Ligacoes Realizadas;
2020-08-12 10:32:12;51  993189322;0.0;Adicional por Ligacoes Realizadas;
2020-08-12 10:31:20;51  993189322;0.0;Adicional por Ligacoes Realizadas;
2020-08-11 11:38:25;41  30220500;0.0;Adicional por Ligacoes Realizadas;
2020-08-11 08:07:39;41  30220500;0.0;Adicional por Ligacoes Realizadas;
2020-08-10 17:38:05;41  34255160;0.0;Adicional por Ligacoes Realizadas;
2020-08-07 14:32:59;51  993320327;0.0;Adicional por Ligacoes Realizadas;
2020-08-07 13:02:50;51  996781699;0.0;Adicional por Ligacoes Realizadas;
2020-08-07 12:48:21;51  996781699;0.0;Adicional por Ligacoes Realizadas;
2020-08-06 10:41:16;51  993320327;0.0;Adicional por Ligacoes Realizadas;
2020-08-04 08:44:44;51  992592752;0.0;Adicional por Ligacoes Realizadas;
2020-08-03 18:54:28;51  993320327;0.0;Adicional por Ligacoes Realizadas;
2020-08-03 18:06:38;51  996781699;0.0;Adicional por Ligacoes Realizadas;
2020-08-03 17:44:25;51  996781699;0.0;Adicional por Ligacoes Realizadas;
2020-08-03 16:39:34;51  996781699;0.0;Adicional por Ligacoes Realizadas;
2020-08-03 16:21:15;51  993320327;0.0;Adicional por Ligacoes Realizadas;
2020-08-03 14:15:33;51  993320327;0.0;Adicional por Ligacoes Realizadas;
2020-08-03 11:26:11;51  996781699;0.0;Adicional por Ligacoes Realizadas;
2020-08-03 11:17:46;51  993320327;0.0;Adicional por Ligacoes Realizadas;
2020-08-03 11:12:19;51  996781699;0.0;Adicional por Ligacoes Realizadas;
2020-08-03 10:56:52;41  34223229;0.0;Adicional por Ligacoes Realizadas;
2020-08-03 10:07:11;51  996781699;0.0;Adicional por Ligacoes Realizadas;
2020-08-03 09:49:30;51  996781699;0.0;Adicional por Ligacoes Realizadas;
2020-08-03 09:45:03;51  993189322;0.0;Adicional por Ligacoes Realizadas;
2020-08-11 11:38:25;41  30220500;14.0;Para Fixo de Outras Operadoras;
2020-08-11 08:07:39;41  30220500;11.0;Para Fixo de Outras Operadoras;
2020-08-10 17:38:05;41  34255160;25.0;Para Fixo de Outras Operadoras;
2020-08-03 10:56:52;41  34223229;7.0;Para Fixo de Outras Operadoras;
2020-08-01;"";116712.9;INTERNET MOVEL 2;0.00
2020-08-02;"";150858.7;INTERNET MOVEL 2;0.00
2020-08-03;"";197384.5;INTERNET MOVEL 2;0.00
2020-08-04;"";60158.8;INTERNET MOVEL 2;0.00
2020-08-05;"";383725.3;INTERNET MOVEL 2;0.00
2020-08-06;"";223365.6;INTERNET MOVEL 2;0.00
2020-08-07;"";122461.8;INTERNET MOVEL 2;0.00
2020-08-08;"";58065.8;INTERNET MOVEL 2;0.00
2020-08-11;"";206503.9;INTERNET MOVEL 2;0.00
2020-08-12;"";205289.1;INTERNET MOVEL 2;0.00
2020-08-13;"";90884.9;INTERNET MOVEL 2;0.00
2020-08-14;"";285519.6;INTERNET MOVEL 2;0.00
2020-08-15;"";742.0;INTERNET MOVEL 2;0.00
2020-08-17;"";95774.7;INTERNET MOVEL 2;0.00
2020-08-18;"";403740.2;INTERNET MOVEL 2;0.00
2020-08-19;"";234732.1;INTERNET MOVEL 2;0.00
2020-08-20;"";107676.5;INTERNET MOVEL 2;0.00
2020-08-23;"";59986.8;INTERNET MOVEL 2;0.00
2020-08-24;"";39786.8;INTERNET MOVEL 2;0.00
2020-08-25;"";117628.5;INTERNET MOVEL 2;0.00
2020-08-26;"";333716.3;INTERNET MOVEL 2;0.00
2020-08-27;"";235127.8;INTERNET MOVEL 2;0.00
2020-08-28;"";199343.2;INTERNET MOVEL 2;0.00
2020-08-29;"";72158.4;INTERNET MOVEL 2;0.00
2020-08-31;"";34918.5;INTERNET MOVEL 2;0.00
