data_hora_inicio;nro_telefone_chamado;duracao_ligacao;desc_categoria;valor_ligacao
2020-08-29 06:52:37;11953259215;1.0;GRATIS-SMS;0.00
2020-08-28 11:08:04;31988954288;1.0;GRATIS-SMS;0.00
2020-08-28 10:42:45;31988954288;1.0;GRATIS-SMS;0.00
2020-08-28 10:42:44;31988954288;1.0;GRATIS-SMS;0.00
2020-08-18 10:32:55;51999862525;1.0;GRATIS-SMS;0.00
2020-08-18 10:32:54;51999862525;1.0;GRATIS-SMS;0.00
2020-08-28 14:43:10;31  38544398;38.0;Para Fixo de Outras Operadoras;
2020-08-28 14:42:03;31  38544398;7.0;Para Fixo de Outras Operadoras;
2020-08-28 10:39:25;94  33523186;5.0;Para Fixo de Outras Operadoras;
2020-08-07 11:13:43;31  32698815;31.0;Para Fixo de Outras Operadoras;
2020-08-26 10:40:01;31  992011555;21.0;Para Celulares de Outras Operadoras;
2020-08-19 10:19:04;31  984569160;77.0;Para Celulares de Outras Operadoras;
2020-08-05 14:02:25;31  994493935;9.0;Para Celulares de Outras Operadoras;
2020-08-27 17:08:56;51  991035458;357.0;Para Celulares Vivo;
2020-08-21 17:30:01;51  995212663;135.0;Para Celulares Vivo;
2020-08-12 16:01:52;51  991035458;59.0;Para Celulares Vivo;
2020-08-12 11:03:18;51  999862525;73.0;Para Celulares Vivo;
2020-08-06 14:04:23;51  992592803;24.0;Para Celulares Vivo;
2020-08-06 14:04:02;51  992592803;5.0;Para Celulares Vivo;
2020-08-05 14:08:41;51  992592803;6.0;Para Celulares Vivo;
2020-08-05 14:00:31;51  992592803;11.0;Para Celulares Vivo;
2020-08-17 08:49:33;11  976787210;80.0;Para Celulares de Outras Operadoras;
2020-08-12 16:40:16;11  976787210;31.0;Para Celulares de Outras Operadoras;
2020-08-06 13:07:23;11  985855660;152.0;Para Celulares de Outras Operadoras;
2020-08-05 10:19:32;11  985855660;75.0;Para Celulares de Outras Operadoras;
2020-08-05 09:20:16;11  980751580;145.0;Para Celulares de Outras Operadoras;
2020-08-05 08:28:04;11  980751580;242.0;Para Celulares de Outras Operadoras;
2020-08-11 11:28:06;11  40248100;35.0;Para Fixo Vivo;
2020-07-31;"";510.0;INTERNET MOVEL 2;0.00
2020-08-01;"";31299.5;INTERNET MOVEL 2;0.00
2020-08-02;"";251.0;INTERNET MOVEL 2;0.00
2020-08-03;"";367.0;INTERNET MOVEL 2;0.00
2020-08-04;"";12997.0;INTERNET MOVEL 2;0.00
2020-08-05;"";1765.0;INTERNET MOVEL 2;0.00
2020-08-06;"";464.0;INTERNET MOVEL 2;0.00
2020-08-07;"";331.0;INTERNET MOVEL 2;0.00
2020-08-08;"";393.0;INTERNET MOVEL 2;0.00
2020-08-09;"";5465.0;INTERNET MOVEL 2;0.00
2020-08-10;"";403.0;INTERNET MOVEL 2;0.00
2020-08-11;"";328.0;INTERNET MOVEL 2;0.00
2020-08-12;"";480.0;INTERNET MOVEL 2;0.00
2020-08-13;"";416.0;INTERNET MOVEL 2;0.00
2020-08-14;"";1168.0;INTERNET MOVEL 2;0.00
2020-08-15;"";351.0;INTERNET MOVEL 2;0.00
2020-08-16;"";619.0;INTERNET MOVEL 2;0.00
2020-08-17;"";12994.4;INTERNET MOVEL 2;0.00
2020-08-18;"";435.0;INTERNET MOVEL 2;0.00
2020-08-19;"";584.0;INTERNET MOVEL 2;0.00
2020-08-20;"";439.0;INTERNET MOVEL 2;0.00
2020-08-21;"";304.0;INTERNET MOVEL 2;0.00
2020-08-22;"";469.0;INTERNET MOVEL 2;0.00
2020-08-23;"";329.0;INTERNET MOVEL 2;0.00
2020-08-24;"";357.0;INTERNET MOVEL 2;0.00
2020-08-25;"";310.0;INTERNET MOVEL 2;0.00
2020-08-26;"";275.0;INTERNET MOVEL 2;0.00
2020-08-27;"";273.0;INTERNET MOVEL 2;0.00
2020-08-28;"";60336.4;INTERNET MOVEL 2;0.00
2020-08-29;"";785.0;INTERNET MOVEL 2;0.00
2020-08-30;"";1488.0;INTERNET MOVEL 2;0.00
2020-08-31;"";62.0;INTERNET MOVEL 2;0.00
