data_hora_inicio;nro_telefone_chamado;duracao_ligacao;desc_categoria;valor_ligacao
2020-08-31 14:05:18;51  986111794;79.0;Para Celulares de Outras Operadoras;
2020-08-31 13:21:13;51  986111794;43.0;Para Celulares de Outras Operadoras;
2020-08-30 12:02:05;51  986111794;19.0;Para Celulares de Outras Operadoras;
2020-08-29 15:32:56;53  984391613;10.0;Para Celulares de Outras Operadoras;
2020-08-29 15:28:24;53  984391613;43.0;Para Celulares de Outras Operadoras;
2020-08-29 15:26:23;53  984391613;17.0;Para Celulares de Outras Operadoras;
2020-08-26 17:13:04;51  986111794;32.0;Para Celulares de Outras Operadoras;
2020-08-26 14:32:48;51  986111794;14.0;Para Celulares de Outras Operadoras;
2020-08-26 13:49:17;51  986111794;8.0;Para Celulares de Outras Operadoras;
2020-08-26 13:47:11;51  986111794;5.0;Para Celulares de Outras Operadoras;
2020-08-26 11:25:11;51  986111794;9.0;Para Celulares de Outras Operadoras;
2020-08-25 16:58:15;51  986111794;13.0;Para Celulares de Outras Operadoras;
2020-08-25 09:35:44;51  986111794;5.0;Para Celulares de Outras Operadoras;
2020-08-25 09:34:37;51  986111794;8.0;Para Celulares de Outras Operadoras;
2020-08-25 09:23:37;51  986111794;9.0;Para Celulares de Outras Operadoras;
2020-08-25 09:20:21;51  986111794;8.0;Para Celulares de Outras Operadoras;
2020-08-24 16:53:58;51  986111794;8.0;Para Celulares de Outras Operadoras;
2020-08-21 11:14:28;51  986111794;5.0;Para Celulares de Outras Operadoras;
2020-08-20 11:32:04;99  988453152;5.0;Para Celulares de Outras Operadoras;
2020-08-20 11:05:59;99  988453152;5.0;Para Celulares de Outras Operadoras;
2020-08-20 08:16:22;99  988453152;5.0;Para Celulares de Outras Operadoras;
2020-08-20 07:41:45;99  988453152;6.0;Para Celulares de Outras Operadoras;
2020-08-19 10:39:45;99  988453152;5.0;Para Celulares de Outras Operadoras;
2020-08-18 09:17:29;51  981776476;6.0;Para Celulares de Outras Operadoras;
2020-08-18 07:53:10;51  981776476;5.0;Para Celulares de Outras Operadoras;
2020-08-17 16:46:32;51  986111794;5.0;Para Celulares de Outras Operadoras;
2020-08-15 11:11:26;51  986111794;5.0;Para Celulares de Outras Operadoras;
2020-08-15 09:37:02;99  988453152;5.0;Para Celulares de Outras Operadoras;
2020-08-15 09:12:41;99  988453152;5.0;Para Celulares de Outras Operadoras;
2020-08-15 08:42:18;99  988453152;6.0;Para Celulares de Outras Operadoras;
2020-08-14 16:05:28;99  988453152;5.0;Para Celulares de Outras Operadoras;
2020-08-14 14:27:55;99  988453152;5.0;Para Celulares de Outras Operadoras;
2020-08-14 14:25:41;99  988453152;18.0;Para Celulares de Outras Operadoras;
2020-08-14 07:53:22;51  986111794;10.0;Para Celulares de Outras Operadoras;
2020-08-13 16:55:28;51  986111794;5.0;Para Celulares de Outras Operadoras;
2020-08-13 16:45:05;51  986111794;5.0;Para Celulares de Outras Operadoras;
2020-08-13 16:01:04;51  986111794;11.0;Para Celulares de Outras Operadoras;
2020-08-12 15:10:54;13  981997920;7.0;Para Celulares de Outras Operadoras;
2020-08-10 15:49:39;13  997633880;25.0;Para Celulares de Outras Operadoras;
2020-08-10 10:49:17;51  986111794;5.0;Para Celulares de Outras Operadoras;
2020-08-05 10:29:54;51  986111794;65.0;Para Celulares de Outras Operadoras;
2020-08-26 13:51:05;55  991448734;6.0;Para Fixo Vivo;
2020-08-26 13:28:55;55  991448734;6.0;Para Fixo Vivo;
2020-08-26 11:39:16;55  991448734;11.0;Para Fixo Vivo;
2020-08-17 08:54:01;55  991448734;5.0;Para Fixo Vivo;
2020-08-15 09:37:49;55  991448734;5.0;Para Fixo Vivo;
2020-08-15 08:38:41;55  991448734;9.0;Para Fixo Vivo;
2020-08-14 09:55:25;55  991448734;12.0;Para Fixo Vivo;
2020-08-14 08:29:29;55  991448734;17.0;Para Fixo Vivo;
2020-08-14 08:28:55;55  991448734;5.0;Para Fixo Vivo;
2020-08-11 16:43:55;55  991448734;8.0;Para Fixo Vivo;
2020-08-31 15:05:40;51  991202796;20.0;Para Celulares Vivo;
2020-08-31 15:00:17;51  992592754;44.0;Para Celulares Vivo;
2020-08-31 09:15:10;14  998926086;5.0;Para Celulares Vivo;
2020-08-31 07:10:59;51  992592870;9.0;Para Celulares Vivo;
2020-08-31 07:00:23;51  991317721;6.0;Para Celulares Vivo;
2020-08-29 14:49:07;51  991202796;14.0;Para Celulares Vivo;
2020-08-28 10:49:41;51  991223844;21.0;Para Celulares Vivo;
2020-08-27 16:35:31;51  996781699;5.0;Para Celulares Vivo;
2020-08-27 16:32:57;51  991223844;5.0;Para Celulares Vivo;
2020-08-27 16:31:44;51  991223844;7.0;Para Celulares Vivo;
2020-08-27 14:21:59;51  996781699;12.0;Para Celulares Vivo;
2020-08-27 13:49:04;51  991223844;8.0;Para Celulares Vivo;
2020-08-26 16:11:57;51  991202796;37.0;Para Celulares Vivo;
2020-08-26 14:47:25;51  991223844;7.0;Para Celulares Vivo;
2020-08-26 13:57:20;51  996781699;5.0;Para Celulares Vivo;
2020-08-26 12:06:36;51  992592629;60.0;Para Celulares Vivo;
2020-08-26 11:28:09;51  991223844;14.0;Para Celulares Vivo;
2020-08-26 09:22:10;51  996820018;242.0;Para Celulares Vivo;
2020-08-26 08:50:43;51  996781699;5.0;Para Celulares Vivo;
2020-08-26 08:13:08;51  992592724;38.0;Para Celulares Vivo;
2020-08-26 07:45:53;51  991317721;42.0;Para Celulares Vivo;
2020-08-25 17:08:19;51  991813564;18.0;Para Celulares Vivo;
2020-08-25 11:26:13;14  998926086;18.0;Para Celulares Vivo;
2020-08-25 08:34:02;51  993097231;11.0;Para Celulares Vivo;
2020-08-24 16:06:12;51  991813564;20.0;Para Celulares Vivo;
2020-08-24 14:02:57;51  996781699;13.0;Para Celulares Vivo;
2020-08-24 09:46:53;51  992592870;15.0;Para Celulares Vivo;
2020-08-24 09:46:27;51  996781699;5.0;Para Celulares Vivo;
2020-08-21 18:30:13;51  991813564;15.0;Para Celulares Vivo;
2020-08-21 18:28:58;51  996781699;6.0;Para Celulares Vivo;
2020-08-21 08:57:00;51  993097231;46.0;Para Celulares Vivo;
2020-08-20 11:18:35;51  992592629;115.0;Para Celulares Vivo;
2020-08-20 09:32:25;51  991317721;102.0;Para Celulares Vivo;
2020-08-20 08:43:31;14  998926086;6.0;Para Celulares Vivo;
2020-08-20 08:19:06;14  998926086;8.0;Para Celulares Vivo;
2020-08-19 13:41:30;51  991223844;5.0;Para Celulares Vivo;
2020-08-19 10:42:13;51  996781699;5.0;Para Celulares Vivo;
2020-08-19 10:02:37;51  995590460;9.0;Para Celulares Vivo;
2020-08-19 10:00:05;51  992592870;10.0;Para Celulares Vivo;
2020-08-18 19:10:29;51  996781699;25.0;Para Celulares Vivo;
2020-08-18 15:52:06;16  996003857;5.0;Para Celulares Vivo;
2020-08-18 14:42:13;51  991813564;7.0;Para Celulares Vivo;
2020-08-18 14:31:33;51  991813564;9.0;Para Celulares Vivo;
2020-08-18 13:58:27;51  991813564;9.0;Para Celulares Vivo;
2020-08-17 20:56:11;51  992592714;158.0;Para Celulares Vivo;
2020-08-17 16:53:50;51  991813564;5.0;Para Celulares Vivo;
2020-08-17 14:53:27;51  991813564;11.0;Para Celulares Vivo;
2020-08-17 10:51:32;51  991813564;10.0;Para Celulares Vivo;
2020-08-15 11:04:41;51  991813564;18.0;Para Celulares Vivo;
2020-08-15 10:33:46;51  995590187;39.0;Para Celulares Vivo;
2020-08-14 14:30:40;51  991813564;7.0;Para Celulares Vivo;
2020-08-14 13:47:55;14  998926086;5.0;Para Celulares Vivo;
2020-08-14 13:18:51;14  998926086;5.0;Para Celulares Vivo;
2020-08-14 10:14:24;51  991813564;11.0;Para Celulares Vivo;
2020-08-14 10:13:07;51  996781699;8.0;Para Celulares Vivo;
2020-08-14 09:40:23;51  991813564;13.0;Para Celulares Vivo;
2020-08-14 08:31:22;51  996781699;5.0;Para Celulares Vivo;
2020-08-17 10:59:55;98  988635921;0.0;Adicional por Ligacoes Realizadas;
2020-08-17 10:51:32;51  991813564;0.0;Adicional por Ligacoes Realizadas;
2020-08-17 08:54:01;55  991448734;0.0;Adicional por Ligacoes Realizadas;
2020-08-15 11:11:26;51  986111794;0.0;Adicional por Ligacoes Realizadas;
2020-08-15 11:04:41;51  991813564;0.0;Adicional por Ligacoes Realizadas;
2020-08-15 10:33:46;51  995590187;0.0;Adicional por Ligacoes Realizadas;
2020-08-15 09:37:49;55  991448734;0.0;Adicional por Ligacoes Realizadas;
2020-08-15 09:37:02;99  988453152;0.0;Adicional por Ligacoes Realizadas;
2020-08-15 09:12:41;99  988453152;0.0;Adicional por Ligacoes Realizadas;
2020-08-15 08:42:18;99  988453152;0.0;Adicional por Ligacoes Realizadas;
2020-08-15 08:38:41;55  991448734;0.0;Adicional por Ligacoes Realizadas;
2020-08-14 16:05:28;99  988453152;0.0;Adicional por Ligacoes Realizadas;
2020-08-14 14:30:40;51  991813564;0.0;Adicional por Ligacoes Realizadas;
2020-08-14 14:27:55;99  988453152;0.0;Adicional por Ligacoes Realizadas;
2020-08-14 14:25:41;99  988453152;0.0;Adicional por Ligacoes Realizadas;
2020-08-14 13:47:55;14  998926086;0.0;Adicional por Ligacoes Realizadas;
2020-08-14 13:18:51;14  998926086;0.0;Adicional por Ligacoes Realizadas;
2020-08-14 10:46:29;98  988635921;0.0;Adicional por Ligacoes Realizadas;
2020-08-14 10:14:24;51  991813564;0.0;Adicional por Ligacoes Realizadas;
2020-08-14 10:13:07;51  996781699;0.0;Adicional por Ligacoes Realizadas;
2020-08-14 09:55:25;55  991448734;0.0;Adicional por Ligacoes Realizadas;
2020-08-14 09:40:23;51  991813564;0.0;Adicional por Ligacoes Realizadas;
2020-08-14 08:31:22;51  996781699;0.0;Adicional por Ligacoes Realizadas;
2020-08-14 08:29:29;55  991448734;0.0;Adicional por Ligacoes Realizadas;
2020-08-14 08:28:55;55  991448734;0.0;Adicional por Ligacoes Realizadas;
2020-08-14 07:53:22;51  986111794;0.0;Adicional por Ligacoes Realizadas;
2020-08-13 16:55:28;51  986111794;0.0;Adicional por Ligacoes Realizadas;
2020-08-13 16:45:05;51  986111794;0.0;Adicional por Ligacoes Realizadas;
2020-08-13 16:01:04;51  986111794;0.0;Adicional por Ligacoes Realizadas;
2020-08-13 12:21:09;98  981308654;0.0;Adicional por Ligacoes Realizadas;
2020-08-12 15:12:36;51  991223844;0.0;Adicional por Ligacoes Realizadas;
2020-08-12 15:10:54;13  981997920;0.0;Adicional por Ligacoes Realizadas;
2020-08-12 15:03:11;51  991813564;0.0;Adicional por Ligacoes Realizadas;
2020-08-12 14:50:13;51  996781699;0.0;Adicional por Ligacoes Realizadas;
2020-08-11 17:12:08;98  981308654;0.0;Adicional por Ligacoes Realizadas;
2020-08-11 16:43:55;55  991448734;0.0;Adicional por Ligacoes Realizadas;
2020-08-11 14:30:21;98  981308654;0.0;Adicional por Ligacoes Realizadas;
2020-08-11 12:35:48;98  991669641;0.0;Adicional por Ligacoes Realizadas;
2020-08-11 12:26:14;98  981308654;0.0;Adicional por Ligacoes Realizadas;
2020-08-10 15:49:39;13  997633880;0.0;Adicional por Ligacoes Realizadas;
2020-08-10 10:49:17;51  986111794;0.0;Adicional por Ligacoes Realizadas;
2020-08-10 10:18:34;51  995590187;0.0;Adicional por Ligacoes Realizadas;
2020-08-10 09:58:17;98  988635921;0.0;Adicional por Ligacoes Realizadas;
2020-08-10 08:36:59;51  991223844;0.0;Adicional por Ligacoes Realizadas;
2020-08-10 08:15:52;13  997307679;0.0;Adicional por Ligacoes Realizadas;
2020-08-08 10:05:39;51  991813564;0.0;Adicional por Ligacoes Realizadas;
2020-08-08 10:01:03;98  981308654;0.0;Adicional por Ligacoes Realizadas;
2020-08-12 15:12:36;51  991223844;8.0;Para Celulares Vivo;
2020-08-12 15:03:11;51  991813564;5.0;Para Celulares Vivo;
2020-08-12 14:50:13;51  996781699;5.0;Para Celulares Vivo;
2020-08-10 10:18:34;51  995590187;25.0;Para Celulares Vivo;
2020-08-10 08:36:59;51  991223844;9.0;Para Celulares Vivo;
2020-08-10 08:15:52;13  997307679;18.0;Para Celulares Vivo;
2020-08-08 10:05:39;51  991813564;5.0;Para Celulares Vivo;
2020-08-07 11:15:44;51  993097231;16.0;Para Celulares Vivo;
2020-08-07 10:20:32;14  998926086;16.0;Para Celulares Vivo;
2020-08-07 08:56:26;51  993097231;63.0;Para Celulares Vivo;
2020-08-07 08:19:23;51  996781699;40.0;Para Celulares Vivo;
2020-08-06 13:39:01;51  996820018;27.0;Para Celulares Vivo;
2020-08-06 07:20:19;51  991259818;28.0;Para Celulares Vivo;
2020-08-04 16:57:56;51  991223844;13.0;Para Celulares Vivo;
2020-08-04 14:31:36;51  992592629;154.0;Para Celulares Vivo;
2020-08-03 08:25:46;51  996820018;42.0;Para Celulares Vivo;
2020-08-31 15:05:40;51  991202796;0.0;Adicional por Ligacoes Realizadas;
2020-08-31 15:00:17;51  992592754;0.0;Adicional por Ligacoes Realizadas;
2020-08-31 14:05:18;51  986111794;0.0;Adicional por Ligacoes Realizadas;
2020-08-31 13:21:13;51  986111794;0.0;Adicional por Ligacoes Realizadas;
2020-08-31 09:15:10;14  998926086;0.0;Adicional por Ligacoes Realizadas;
2020-08-31 07:53:36;13  997307679;0.0;Adicional por Ligacoes Realizadas;
2020-08-31 07:10:59;51  992592870;0.0;Adicional por Ligacoes Realizadas;
2020-08-31 07:09:48;13  997307679;0.0;Adicional por Ligacoes Realizadas;
2020-08-31 07:00:23;51  991317721;0.0;Adicional por Ligacoes Realizadas;
2020-08-30 12:02:05;51  986111794;0.0;Adicional por Ligacoes Realizadas;
2020-08-29 15:32:56;53  984391613;0.0;Adicional por Ligacoes Realizadas;
2020-08-29 15:28:24;53  984391613;0.0;Adicional por Ligacoes Realizadas;
2020-08-29 15:26:23;53  984391613;0.0;Adicional por Ligacoes Realizadas;
2020-08-29 14:49:07;51  991202796;0.0;Adicional por Ligacoes Realizadas;
2020-08-28 10:49:41;51  991223844;0.0;Adicional por Ligacoes Realizadas;
2020-08-27 16:35:31;51  996781699;0.0;Adicional por Ligacoes Realizadas;
2020-08-27 16:32:57;51  991223844;0.0;Adicional por Ligacoes Realizadas;
2020-08-27 16:31:44;51  991223844;0.0;Adicional por Ligacoes Realizadas;
2020-08-27 14:39:55;98  987346022;0.0;Adicional por Ligacoes Realizadas;
2020-08-27 14:21:59;51  996781699;0.0;Adicional por Ligacoes Realizadas;
2020-08-27 13:49:04;51  991223844;0.0;Adicional por Ligacoes Realizadas;
2020-08-26 17:13:04;51  986111794;0.0;Adicional por Ligacoes Realizadas;
2020-08-26 16:11:57;51  991202796;0.0;Adicional por Ligacoes Realizadas;
2020-08-26 14:47:25;51  991223844;0.0;Adicional por Ligacoes Realizadas;
2020-08-26 14:32:48;51  986111794;0.0;Adicional por Ligacoes Realizadas;
2020-08-26 13:57:20;51  996781699;0.0;Adicional por Ligacoes Realizadas;
2020-08-26 13:53:57;98  991730576;0.0;Adicional por Ligacoes Realizadas;
2020-08-26 13:51:05;55  991448734;0.0;Adicional por Ligacoes Realizadas;
2020-08-26 13:49:17;51  986111794;0.0;Adicional por Ligacoes Realizadas;
2020-08-26 13:47:11;51  986111794;0.0;Adicional por Ligacoes Realizadas;
2020-08-26 13:28:55;55  991448734;0.0;Adicional por Ligacoes Realizadas;
2020-08-26 12:06:36;51  992592629;0.0;Adicional por Ligacoes Realizadas;
2020-08-26 11:39:16;55  991448734;0.0;Adicional por Ligacoes Realizadas;
2020-08-26 11:28:09;51  991223844;0.0;Adicional por Ligacoes Realizadas;
2020-08-26 11:25:11;51  986111794;0.0;Adicional por Ligacoes Realizadas;
2020-08-26 09:22:10;51  996820018;0.0;Adicional por Ligacoes Realizadas;
2020-08-26 08:59:43;98  981308654;0.0;Adicional por Ligacoes Realizadas;
2020-08-26 08:50:43;51  996781699;0.0;Adicional por Ligacoes Realizadas;
2020-08-26 08:13:08;51  992592724;0.0;Adicional por Ligacoes Realizadas;
2020-08-26 07:45:53;51  991317721;0.0;Adicional por Ligacoes Realizadas;
2020-08-25 17:08:19;51  991813564;0.0;Adicional por Ligacoes Realizadas;
2020-08-25 16:58:15;51  986111794;0.0;Adicional por Ligacoes Realizadas;
2020-08-25 11:26:13;14  998926086;0.0;Adicional por Ligacoes Realizadas;
2020-08-25 09:35:44;51  986111794;0.0;Adicional por Ligacoes Realizadas;
2020-08-25 09:34:37;51  986111794;0.0;Adicional por Ligacoes Realizadas;
2020-08-25 09:23:37;51  986111794;0.0;Adicional por Ligacoes Realizadas;
2020-08-25 09:20:21;51  986111794;0.0;Adicional por Ligacoes Realizadas;
2020-08-25 08:34:02;51  993097231;0.0;Adicional por Ligacoes Realizadas;
2020-08-24 16:53:58;51  986111794;0.0;Adicional por Ligacoes Realizadas;
2020-08-24 16:06:12;51  991813564;0.0;Adicional por Ligacoes Realizadas;
2020-08-24 14:02:57;51  996781699;0.0;Adicional por Ligacoes Realizadas;
2020-08-24 09:46:53;51  992592870;0.0;Adicional por Ligacoes Realizadas;
2020-08-24 09:46:27;51  996781699;0.0;Adicional por Ligacoes Realizadas;
2020-08-24 09:45:21;98  981308654;0.0;Adicional por Ligacoes Realizadas;
2020-08-21 18:32:22;98  991669641;0.0;Adicional por Ligacoes Realizadas;
2020-08-21 18:30:13;51  991813564;0.0;Adicional por Ligacoes Realizadas;
2020-08-21 18:28:58;51  996781699;0.0;Adicional por Ligacoes Realizadas;
2020-08-21 11:14:28;51  986111794;0.0;Adicional por Ligacoes Realizadas;
2020-08-21 08:57:00;51  993097231;0.0;Adicional por Ligacoes Realizadas;
2020-08-20 11:32:04;99  988453152;0.0;Adicional por Ligacoes Realizadas;
2020-08-20 11:18:35;51  992592629;0.0;Adicional por Ligacoes Realizadas;
2020-08-20 11:05:59;99  988453152;0.0;Adicional por Ligacoes Realizadas;
2020-08-20 09:32:25;51  991317721;0.0;Adicional por Ligacoes Realizadas;
2020-08-20 08:43:31;14  998926086;0.0;Adicional por Ligacoes Realizadas;
2020-08-20 08:19:06;14  998926086;0.0;Adicional por Ligacoes Realizadas;
2020-08-20 08:16:22;99  988453152;0.0;Adicional por Ligacoes Realizadas;
2020-08-20 07:41:45;99  988453152;0.0;Adicional por Ligacoes Realizadas;
2020-08-19 13:41:30;51  991223844;0.0;Adicional por Ligacoes Realizadas;
2020-08-19 10:42:13;51  996781699;0.0;Adicional por Ligacoes Realizadas;
2020-08-19 10:39:45;99  988453152;0.0;Adicional por Ligacoes Realizadas;
2020-08-19 10:02:37;51  995590460;0.0;Adicional por Ligacoes Realizadas;
2020-08-19 10:00:05;51  992592870;0.0;Adicional por Ligacoes Realizadas;
2020-08-18 19:10:29;51  996781699;0.0;Adicional por Ligacoes Realizadas;
2020-08-18 15:52:06;16  996003857;0.0;Adicional por Ligacoes Realizadas;
2020-08-18 14:42:13;51  991813564;0.0;Adicional por Ligacoes Realizadas;
2020-08-18 14:31:33;51  991813564;0.0;Adicional por Ligacoes Realizadas;
2020-08-18 14:11:08;98  991025446;0.0;Adicional por Ligacoes Realizadas;
2020-08-18 13:58:27;51  991813564;0.0;Adicional por Ligacoes Realizadas;
2020-08-18 11:09:35;98  991025446;0.0;Adicional por Ligacoes Realizadas;
2020-08-18 11:04:38;98  991025446;0.0;Adicional por Ligacoes Realizadas;
2020-08-18 09:17:29;51  981776476;0.0;Adicional por Ligacoes Realizadas;
2020-08-18 07:53:10;51  981776476;0.0;Adicional por Ligacoes Realizadas;
2020-08-17 20:56:11;51  992592714;0.0;Adicional por Ligacoes Realizadas;
2020-08-17 16:58:33;98  981308654;0.0;Adicional por Ligacoes Realizadas;
2020-08-17 16:53:50;51  991813564;0.0;Adicional por Ligacoes Realizadas;
2020-08-17 16:46:32;51  986111794;0.0;Adicional por Ligacoes Realizadas;
2020-08-17 16:01:50;98  981308654;0.0;Adicional por Ligacoes Realizadas;
2020-08-17 14:53:27;51  991813564;0.0;Adicional por Ligacoes Realizadas;
2020-08-07 11:15:44;51  993097231;0.0;Adicional por Ligacoes Realizadas;
2020-08-07 10:20:32;14  998926086;0.0;Adicional por Ligacoes Realizadas;
2020-08-07 08:56:26;51  993097231;0.0;Adicional por Ligacoes Realizadas;
2020-08-07 08:19:23;51  996781699;0.0;Adicional por Ligacoes Realizadas;
2020-08-06 13:39:01;51  996820018;0.0;Adicional por Ligacoes Realizadas;
2020-08-06 07:20:19;51  991259818;0.0;Adicional por Ligacoes Realizadas;
2020-08-05 10:29:54;51  986111794;0.0;Adicional por Ligacoes Realizadas;
2020-08-04 16:57:56;51  991223844;0.0;Adicional por Ligacoes Realizadas;
2020-08-04 14:31:36;51  992592629;0.0;Adicional por Ligacoes Realizadas;
2020-08-03 08:25:46;51  996820018;0.0;Adicional por Ligacoes Realizadas;
2020-08-27 14:39:55;98  987346022;5.0;Para Celulares de Outras Operadoras;
2020-08-26 08:59:43;98  981308654;5.0;Para Celulares de Outras Operadoras;
2020-08-24 09:45:21;98  981308654;5.0;Para Celulares de Outras Operadoras;
2020-08-17 16:58:33;98  981308654;6.0;Para Celulares de Outras Operadoras;
2020-08-17 16:01:50;98  981308654;5.0;Para Celulares de Outras Operadoras;
2020-08-17 10:59:55;98  988635921;16.0;Para Celulares de Outras Operadoras;
2020-08-14 10:46:29;98  988635921;6.0;Para Celulares de Outras Operadoras;
2020-08-13 12:21:09;98  981308654;5.0;Para Celulares de Outras Operadoras;
2020-08-11 17:12:08;98  981308654;5.0;Para Celulares de Outras Operadoras;
2020-08-11 14:30:21;98  981308654;5.0;Para Celulares de Outras Operadoras;
2020-08-11 12:26:14;98  981308654;8.0;Para Celulares de Outras Operadoras;
2020-08-10 09:58:17;98  988635921;5.0;Para Celulares de Outras Operadoras;
2020-08-08 10:01:03;98  981308654;13.0;Para Celulares de Outras Operadoras;
2020-08-31 07:53:36;13  997307679;5.0;Para Celulares Vivo;
2020-08-31 07:09:48;13  997307679;5.0;Para Celulares Vivo;
2020-08-26 13:53:57;98  991730576;12.0;Para Celulares Vivo;
2020-08-21 18:32:22;98  991669641;10.0;Para Celulares Vivo;
2020-08-18 14:11:08;98  991025446;5.0;Para Celulares Vivo;
2020-08-18 11:09:35;98  991025446;7.0;Para Celulares Vivo;
2020-08-18 11:04:38;98  991025446;15.0;Para Celulares Vivo;
2020-08-11 12:35:48;98  991669641;24.0;Para Celulares Vivo;
2020-08-10;"";37581.8;INTERNET MOVEL 2;0.00
2020-08-11;"";145702.5;INTERNET MOVEL 2;0.00
2020-08-12;"";169909.1;INTERNET MOVEL 2;0.00
2020-08-13;"";15623.1;INTERNET MOVEL 2;0.00
2020-08-14;"";40379.3;INTERNET MOVEL 2;0.00
2020-08-15;"";84993.0;INTERNET MOVEL 2;0.00
2020-08-16;"";21391.6;INTERNET MOVEL 2;0.00
2020-08-17;"";53060.0;INTERNET MOVEL 2;0.00
2020-08-18;"";113076.9;INTERNET MOVEL 2;0.00
2020-08-19;"";94823.4;INTERNET MOVEL 2;0.00
2020-08-20;"";94650.2;INTERNET MOVEL 2;0.00
2020-08-21;"";111076.2;INTERNET MOVEL 2;0.00
2020-08-22;"";30174.1;INTERNET MOVEL 2;0.00
2020-08-23;"";21202.7;INTERNET MOVEL 2;0.00
2020-08-24;"";140235.4;INTERNET MOVEL 2;0.00
2020-08-25;"";105287.5;INTERNET MOVEL 2;0.00
2020-08-26;"";62819.5;INTERNET MOVEL 2;0.00
2020-08-27;"";98775.0;INTERNET MOVEL 2;0.00
2020-08-28;"";114571.5;INTERNET MOVEL 2;0.00
2020-08-29;"";62202.3;INTERNET MOVEL 2;0.00
2020-08-30;"";83716.0;INTERNET MOVEL 2;0.00
2020-08-31;"";61367.1;INTERNET MOVEL 2;0.00
