data_hora_inicio;nro_telefone_chamado;duracao_ligacao;desc_categoria;valor_ligacao
2020-08-01 10:53:05;5132120100;1.0;ADICIONAL;0.00
2020-08-28 12:44:01;9433525684;1.0;ADICIONAL;0.00
2020-08-28 12:41:48;9433525684;1.0;ADICIONAL;0.00
2020-08-27 15:58:42;11980751580;1.0;ADICIONAL;0.00
2020-08-27 10:49:18;4134201274;1.0;ADICIONAL;0.00
2020-08-26 15:24:00;"";1.0;ADICIONAL;0.00
2020-08-26 14:14:34;"";1.0;ADICIONAL;0.00
2020-08-26 14:06:47;"";1.0;ADICIONAL;0.00
2020-08-25 14:41:00;"";1.0;ADICIONAL;0.00
2020-08-25 10:59:35;"";1.0;ADICIONAL;0.00
2020-08-24 13:48:43;"";1.0;ADICIONAL;0.00
2020-08-21 08:12:51;"";1.0;ADICIONAL;0.00
2020-08-21 07:12:10;"";1.0;ADICIONAL;0.00
2020-08-20 17:26:46;"";1.0;ADICIONAL;0.00
2020-08-20 16:30:36;"";1.0;ADICIONAL;0.00
2020-08-20 08:05:13;"";1.0;ADICIONAL;0.00
2020-08-19 08:37:15;"";1.0;ADICIONAL;0.00
2020-08-18 18:12:38;"";1.0;ADICIONAL;0.00
2020-08-18 06:42:48;"";1.0;ADICIONAL;0.00
2020-08-17 15:36:34;"";1.0;ADICIONAL;0.00
2020-08-17 14:57:47;"";1.0;ADICIONAL;0.00
2020-08-17 08:36:51;"";1.0;ADICIONAL;0.00
2020-08-16 14:09:40;"";1.0;ADICIONAL;0.00
2020-08-15 21:26:25;"";1.0;ADICIONAL;0.00
2020-08-12 16:59:29;"";1.0;ADICIONAL;0.00
2020-08-12 15:37:43;"";1.0;ADICIONAL;0.00
2020-08-12 10:34:55;"";1.0;ADICIONAL;0.00
2020-08-10 15:59:53;"";1.0;ADICIONAL;0.00
2020-08-02 07:08:59;11950140820;1.0;GRATIS-SMS;0.00
2020-08-01 08:26:02;51  991259818;0.0;Adicional por Ligacoes Realizadas;
2020-08-27 16:09:40;11  980751580;348.0;Para Celulares de Outras Operadoras;
2020-08-18 17:43:01;51  991004412;296.0;Para Celulares de Outras Operadoras;
2020-08-28 18:14:51;51  991200777;119.0;Para Celulares Vivo;
2020-08-27 13:19:08;51  993320327;98.0;Para Celulares Vivo;
2020-08-26 16:14:51;51  992592629;71.0;Para Celulares Vivo;
2020-08-26 16:07:41;51  995878281;67.0;Para Celulares Vivo;
2020-08-26 15:28:54;51  992592629;48.0;Para Celulares Vivo;
2020-08-26 15:24:53;51  995878281;15.0;Para Celulares Vivo;
2020-08-26 15:09:03;51  995878281;81.0;Para Celulares Vivo;
2020-08-26 14:53:02;51  992592629;20.0;Para Celulares Vivo;
2020-08-26 14:19:08;51  992592629;29.0;Para Celulares Vivo;
2020-08-25 14:40:29;51  996820018;5.0;Para Celulares Vivo;
2020-08-25 10:22:21;51  991259818;18.0;Para Celulares Vivo;
2020-08-25 10:20:32;51  993320327;12.0;Para Celulares Vivo;
2020-08-25 09:48:15;51  993320327;6.0;Para Celulares Vivo;
2020-08-24 09:25:46;51  993320327;8.0;Para Celulares Vivo;
2020-08-22 09:48:20;51  993320327;19.0;Para Celulares Vivo;
2020-08-21 09:11:31;51  993320327;7.0;Para Celulares Vivo;
2020-08-21 06:52:26;51  993189322;5.0;Para Celulares Vivo;
2020-08-20 17:48:56;51  992592629;51.0;Para Celulares Vivo;
2020-08-19 09:42:21;51  993320327;10.0;Para Celulares Vivo;
2020-08-19 08:24:53;51  993189322;5.0;Para Celulares Vivo;
2020-08-12 16:13:19;51  992592629;57.0;Para Celulares Vivo;
2020-08-12 16:01:30;51  995878281;41.0;Para Celulares Vivo;
2020-08-12 15:50:13;51  991259818;64.0;Para Celulares Vivo;
2020-08-12 10:18:11;51  993189322;7.0;Para Celulares Vivo;
2020-08-10 15:42:32;51  991813564;169.0;Para Celulares Vivo;
2020-08-09 10:08:26;51  993320327;209.0;Para Celulares Vivo;
2020-08-04 11:33:51;51  995878281;13.0;Para Celulares Vivo;
2020-08-04 09:15:40;51  995878281;9.0;Para Celulares Vivo;
2020-08-04 09:14:08;51  991259818;5.0;Para Celulares Vivo;
2020-08-04 09:05:54;51  991259818;7.0;Para Celulares Vivo;
2020-08-03 19:37:05;51  991259818;66.0;Para Celulares Vivo;
2020-08-01 08:26:02;51  991259818;199.0;Para Celulares Vivo;
2020-08-28 18:14:51;51  991200777;0.0;Adicional por Ligacoes Realizadas;
2020-08-27 16:09:40;11  980751580;0.0;Adicional por Ligacoes Realizadas;
2020-08-27 13:19:08;51  993320327;0.0;Adicional por Ligacoes Realizadas;
2020-08-26 16:14:51;51  992592629;0.0;Adicional por Ligacoes Realizadas;
2020-08-26 16:07:41;51  995878281;0.0;Adicional por Ligacoes Realizadas;
2020-08-26 15:28:54;51  992592629;0.0;Adicional por Ligacoes Realizadas;
2020-08-26 15:24:53;51  995878281;0.0;Adicional por Ligacoes Realizadas;
2020-08-26 15:09:03;51  995878281;0.0;Adicional por Ligacoes Realizadas;
2020-08-26 14:53:02;51  992592629;0.0;Adicional por Ligacoes Realizadas;
2020-08-26 14:19:08;51  992592629;0.0;Adicional por Ligacoes Realizadas;
2020-08-25 14:40:29;51  996820018;0.0;Adicional por Ligacoes Realizadas;
2020-08-25 10:22:21;51  991259818;0.0;Adicional por Ligacoes Realizadas;
2020-08-25 10:20:32;51  993320327;0.0;Adicional por Ligacoes Realizadas;
2020-08-25 09:48:15;51  993320327;0.0;Adicional por Ligacoes Realizadas;
2020-08-24 09:25:46;51  993320327;0.0;Adicional por Ligacoes Realizadas;
2020-08-22 09:48:20;51  993320327;0.0;Adicional por Ligacoes Realizadas;
2020-08-21 09:11:31;51  993320327;0.0;Adicional por Ligacoes Realizadas;
2020-08-21 06:52:26;51  993189322;0.0;Adicional por Ligacoes Realizadas;
2020-08-20 17:48:56;51  992592629;0.0;Adicional por Ligacoes Realizadas;
2020-08-19 09:42:21;51  993320327;0.0;Adicional por Ligacoes Realizadas;
2020-08-19 08:24:53;51  993189322;0.0;Adicional por Ligacoes Realizadas;
2020-08-18 17:43:01;51  991004412;0.0;Adicional por Ligacoes Realizadas;
2020-08-12 16:13:19;51  992592629;0.0;Adicional por Ligacoes Realizadas;
2020-08-12 16:01:30;51  995878281;0.0;Adicional por Ligacoes Realizadas;
2020-08-12 15:50:13;51  991259818;0.0;Adicional por Ligacoes Realizadas;
2020-08-12 10:18:11;51  993189322;0.0;Adicional por Ligacoes Realizadas;
2020-08-10 15:42:32;51  991813564;0.0;Adicional por Ligacoes Realizadas;
2020-08-09 10:08:26;51  993320327;0.0;Adicional por Ligacoes Realizadas;
2020-08-04 14:15:16;31  987864354;0.0;Adicional por Ligacoes Realizadas;
2020-08-04 11:33:51;51  995878281;0.0;Adicional por Ligacoes Realizadas;
2020-08-04 09:15:40;51  995878281;0.0;Adicional por Ligacoes Realizadas;
2020-08-04 09:14:08;51  991259818;0.0;Adicional por Ligacoes Realizadas;
2020-08-04 09:05:54;51  991259818;0.0;Adicional por Ligacoes Realizadas;
2020-08-03 19:37:05;51  991259818;0.0;Adicional por Ligacoes Realizadas;
2020-08-28 12:44:01;94  33525684;131.0;Chamadas de Longa Distancia para Outros Estados;
2020-08-28 12:41:48;94  33525684;18.0;Chamadas de Longa Distancia para Outros Estados;
2020-08-27 15:58:42;11  980751580;5.0;Chamadas de Longa Distancia para Outros Estados;
2020-08-27 10:49:18;41  34201274;11.0;Chamadas de Longa Distancia para Outros Estados;
2020-08-26 15:24:00;    ;5.0;Chamadas de Longa Distancia para Outros Estados;
2020-08-26 14:14:34;    ;28.0;Chamadas de Longa Distancia para Outros Estados;
2020-08-26 14:06:47;    ;71.0;Chamadas de Longa Distancia para Outros Estados;
2020-08-25 14:41:00;    ;16.0;Chamadas de Longa Distancia para Outros Estados;
2020-08-25 10:59:35;    ;31.0;Chamadas de Longa Distancia para Outros Estados;
2020-08-24 13:48:43;    ;14.0;Chamadas de Longa Distancia para Outros Estados;
2020-08-21 08:12:51;    ;8.0;Chamadas de Longa Distancia para Outros Estados;
2020-08-21 07:12:10;    ;5.0;Chamadas de Longa Distancia para Outros Estados;
2020-08-20 17:26:46;    ;5.0;Chamadas de Longa Distancia para Outros Estados;
2020-08-20 16:30:36;    ;53.0;Chamadas de Longa Distancia para Outros Estados;
2020-08-20 08:05:13;    ;13.0;Chamadas de Longa Distancia para Outros Estados;
2020-08-19 08:37:15;    ;5.0;Chamadas de Longa Distancia para Outros Estados;
2020-08-18 18:12:38;    ;26.0;Chamadas de Longa Distancia para Outros Estados;
2020-08-18 06:42:48;    ;5.0;Chamadas de Longa Distancia para Outros Estados;
2020-08-17 15:36:34;    ;10.0;Chamadas de Longa Distancia para Outros Estados;
2020-08-17 14:57:47;    ;5.0;Chamadas de Longa Distancia para Outros Estados;
2020-08-17 08:36:51;    ;5.0;Chamadas de Longa Distancia para Outros Estados;
2020-08-16 14:09:40;    ;16.0;Chamadas de Longa Distancia para Outros Estados;
2020-08-15 21:26:25;    ;50.0;Chamadas de Longa Distancia para Outros Estados;
2020-08-12 16:59:29;    ;10.0;Chamadas de Longa Distancia para Outros Estados;
2020-08-12 15:37:43;    ;8.0;Chamadas de Longa Distancia para Outros Estados;
2020-08-12 10:34:55;    ;5.0;Chamadas de Longa Distancia para Outros Estados;
2020-08-10 15:59:53;    ;6.0;Chamadas de Longa Distancia para Outros Estados;
2020-08-01 10:53:05;51  32120100;9.0;Chamadas de Longa Distancia para Outros Estados;
2020-08-04 14:15:16;31  987864354;21.0;Para Celulares Vivo;
2020-08-04;"";141.0;INTERNET MOVEL 2;0.00
2020-08-05;"";450.0;INTERNET MOVEL 2;0.00
2020-08-06;"";361.0;INTERNET MOVEL 2;0.00
2020-08-07;"";311.0;INTERNET MOVEL 2;0.00
2020-08-08;"";461.0;INTERNET MOVEL 2;0.00
2020-08-09;"";280.0;INTERNET MOVEL 2;0.00
2020-08-10;"";543.0;INTERNET MOVEL 2;0.00
2020-08-11;"";215.0;INTERNET MOVEL 2;0.00
2020-08-12;"";259.0;INTERNET MOVEL 2;0.00
2020-08-13;"";199.0;INTERNET MOVEL 2;0.00
2020-08-14;"";162.0;INTERNET MOVEL 2;0.00
2020-08-15;"";129.0;INTERNET MOVEL 2;0.00
2020-08-16;"";167.0;INTERNET MOVEL 2;0.00
2020-08-17;"";27.0;INTERNET MOVEL 2;0.00
