data_hora_inicio;nro_telefone_chamado;duracao_ligacao;desc_categoria;valor_ligacao
2020-08-20 10:05:01;31973584977;1.0;GRATIS-SMS;0.00
2020-08-19 14:28:51;31973584977;1.0;GRATIS-SMS;0.00
2020-08-04;"";8.0;INTERNET MOVEL 2;0.00
2020-08-05;"";24.0;INTERNET MOVEL 2;0.00
2020-08-06;"";11.0;INTERNET MOVEL 2;0.00
2020-08-07;"";14.0;INTERNET MOVEL 2;0.00
2020-08-08;"";14.0;INTERNET MOVEL 2;0.00
2020-08-09;"";14.0;INTERNET MOVEL 2;0.00
2020-08-10;"";43.0;INTERNET MOVEL 2;0.00
2020-08-11;"";11.0;INTERNET MOVEL 2;0.00
2020-08-12;"";10.0;INTERNET MOVEL 2;0.00
2020-08-13;"";13.0;INTERNET MOVEL 2;0.00
2020-08-14;"";15.0;INTERNET MOVEL 2;0.00
2020-08-15;"";14.0;INTERNET MOVEL 2;0.00
2020-08-16;"";14.0;INTERNET MOVEL 2;0.00
2020-08-17;"";29.0;INTERNET MOVEL 2;0.00
2020-08-18;"";15.0;INTERNET MOVEL 2;0.00
2020-08-19;"";430.0;INTERNET MOVEL 2;0.00
2020-08-20;"";13.0;INTERNET MOVEL 2;0.00
2020-08-21;"";14.0;INTERNET MOVEL 2;0.00
2020-08-22;"";14.0;INTERNET MOVEL 2;0.00
2020-08-23;"";11.0;INTERNET MOVEL 2;0.00
2020-08-24;"";12.0;INTERNET MOVEL 2;0.00
2020-08-25;"";17.0;INTERNET MOVEL 2;0.00
2020-08-26;"";24.0;INTERNET MOVEL 2;0.00
2020-08-27;"";12.0;INTERNET MOVEL 2;0.00
2020-08-28;"";393.0;INTERNET MOVEL 2;0.00
2020-08-29;"";22.0;INTERNET MOVEL 2;0.00
2020-08-30;"";16.0;INTERNET MOVEL 2;0.00
2020-08-31;"";395.0;INTERNET MOVEL 2;0.00
