data_hora_inicio;nro_telefone_chamado;duracao_ligacao;desc_categoria;valor_ligacao
2020-08-01 11:56:12;51  991924824;5.0;Para Celulares Vivo;
2020-08-26 09:26:48;51  37421220;8.0;Para Fixo de Outras Operadoras;
2020-08-31 11:07:30;51  997842173;26.0;Para Celulares Vivo;
2020-08-30 12:34:05;51  995286355;5.0;Para Celulares Vivo;
2020-08-26 11:57:41;51  992592729;19.0;Para Celulares Vivo;
2020-08-26 09:50:52;51  992592729;5.0;Para Celulares Vivo;
2020-08-25 09:21:18;51  997842173;16.0;Para Celulares Vivo;
2020-08-23 20:26:33;51  997842173;21.0;Para Celulares Vivo;
2020-08-22 13:00:04;51  996421125;6.0;Para Celulares Vivo;
2020-08-19 07:57:51;51  998991526;270.0;Para Celulares Vivo;
2020-08-18 21:45:44;51  997842173;10.0;Para Celulares Vivo;
2020-08-18 20:02:23;51  997842173;5.0;Para Celulares Vivo;
2020-08-18 19:57:38;51  997842173;35.0;Para Celulares Vivo;
2020-08-16 09:39:11;51  995286355;17.0;Para Celulares Vivo;
2020-08-16 09:36:36;51  992592729;13.0;Para Celulares Vivo;
2020-08-08 18:17:21;51  997842173;8.0;Para Celulares Vivo;
2020-08-04 13:51:51;51  997842173;16.0;Para Celulares Vivo;
2020-08-03 15:03:36;51  999069866;27.0;Para Celulares Vivo;
2020-08-02 11:13:28;51  997842173;25.0;Para Celulares Vivo;
