data_hora_inicio;nro_telefone_chamado;duracao_ligacao;desc_categoria;valor_ligacao
2020-08-26 10:19:30;5141186706;1.0;ADICIONAL;0.00
2020-08-25 16:30:26;"";1.0;ADICIONAL;0.00
2020-08-21 14:21:25;"";1.0;ADICIONAL;0.00
2020-08-20 09:11:07;"";1.0;ADICIONAL;0.00
2020-08-14 16:34:17;"";1.0;ADICIONAL;0.00
2020-08-13 20:18:07;"";1.0;ADICIONAL;0.00
2020-08-13 17:54:48;"";1.0;ADICIONAL;0.00
2020-08-13 16:59:40;"";1.0;ADICIONAL;0.00
2020-08-13 16:37:07;"";1.0;ADICIONAL;0.00
2020-08-13 15:16:35;"";1.0;ADICIONAL;0.00
2020-08-13 10:42:25;"";1.0;ADICIONAL;0.00
2020-08-13 10:18:31;"";1.0;ADICIONAL;0.00
2020-08-13 09:09:43;"";1.0;ADICIONAL;0.00
2020-08-13 08:47:12;"";1.0;ADICIONAL;0.00
2020-08-12 14:10:25;"";1.0;ADICIONAL;0.00
2020-08-11 20:28:49;"";1.0;ADICIONAL;0.00
2020-08-10 16:28:54;"";1.0;ADICIONAL;0.00
2020-08-09 17:06:29;"";1.0;ADICIONAL;0.00
2020-08-09 10:02:25;"";1.0;ADICIONAL;0.00
2020-08-07 09:34:34;"";1.0;ADICIONAL;0.00
2020-08-06 19:39:41;1121610317;1.0;ADICIONAL;0.00
2020-08-05 13:05:08;"";1.0;ADICIONAL;0.00
2020-08-04 10:07:31;1121610317;1.0;ADICIONAL;0.00
2020-08-03 18:23:59;"";1.0;ADICIONAL;0.00
2020-08-01 12:46:36;91  991431220;0.0;Adicional por Ligacoes Realizadas;
2020-08-01 12:46:36;91  991431220;191.0;Para Celulares Vivo;
2020-08-09 16:55:13;98  985493387;34.0;Para Celulares de Outras Operadoras;
2020-08-31 13:32:56;51  992592871;24.0;Para Celulares Vivo;
2020-08-18 10:03:09;51  992592871;19.0;Para Celulares Vivo;
2020-08-06 19:55:41;51  992592959;53.0;Para Celulares Vivo;
2020-08-04 10:31:55;51  992592841;87.0;Para Celulares Vivo;
2020-08-31 13:32:56;51  992592871;0.0;Adicional por Ligacoes Realizadas;
2020-08-21 19:34:01;91  992729340;0.0;Adicional por Ligacoes Realizadas;
2020-08-18 10:03:09;51  992592871;0.0;Adicional por Ligacoes Realizadas;
2020-08-16 11:59:08;91  32317225;0.0;Adicional por Ligacoes Realizadas;
2020-08-10 19:14:59;91  32317225;0.0;Adicional por Ligacoes Realizadas;
2020-08-10 19:14:17;91  32317225;0.0;Adicional por Ligacoes Realizadas;
2020-08-09 16:55:13;98  985493387;0.0;Adicional por Ligacoes Realizadas;
2020-08-06 19:55:41;51  992592959;0.0;Adicional por Ligacoes Realizadas;
2020-08-04 10:31:55;51  992592841;0.0;Adicional por Ligacoes Realizadas;
2020-08-26 10:19:30;51  41186706;23.0;Chamadas de Longa Distancia para Outros Estados;
2020-08-25 16:30:26;    ;152.0;Chamadas de Longa Distancia para Outros Estados;
2020-08-21 14:21:25;    ;122.0;Chamadas de Longa Distancia para Outros Estados;
2020-08-20 09:11:07;    ;19.0;Chamadas de Longa Distancia para Outros Estados;
2020-08-14 16:34:17;    ;62.0;Chamadas de Longa Distancia para Outros Estados;
2020-08-13 20:18:07;    ;51.0;Chamadas de Longa Distancia para Outros Estados;
2020-08-13 17:54:48;    ;78.0;Chamadas de Longa Distancia para Outros Estados;
2020-08-13 16:59:40;    ;25.0;Chamadas de Longa Distancia para Outros Estados;
2020-08-13 16:37:07;    ;22.0;Chamadas de Longa Distancia para Outros Estados;
2020-08-13 15:16:35;    ;268.0;Chamadas de Longa Distancia para Outros Estados;
2020-08-13 10:42:25;    ;28.0;Chamadas de Longa Distancia para Outros Estados;
2020-08-13 10:18:31;    ;24.0;Chamadas de Longa Distancia para Outros Estados;
2020-08-13 09:09:43;    ;18.0;Chamadas de Longa Distancia para Outros Estados;
2020-08-13 08:47:12;    ;40.0;Chamadas de Longa Distancia para Outros Estados;
2020-08-12 14:10:25;    ;5.0;Chamadas de Longa Distancia para Outros Estados;
2020-08-11 20:28:49;    ;37.0;Chamadas de Longa Distancia para Outros Estados;
2020-08-10 16:28:54;    ;58.0;Chamadas de Longa Distancia para Outros Estados;
2020-08-09 17:06:29;    ;38.0;Chamadas de Longa Distancia para Outros Estados;
2020-08-09 10:02:25;    ;29.0;Chamadas de Longa Distancia para Outros Estados;
2020-08-07 09:34:34;    ;7.0;Chamadas de Longa Distancia para Outros Estados;
2020-08-06 19:39:41;11  21610317;22.0;Chamadas de Longa Distancia para Outros Estados;
2020-08-05 13:05:08;    ;33.0;Chamadas de Longa Distancia para Outros Estados;
2020-08-04 10:07:31;11  21610317;17.0;Chamadas de Longa Distancia para Outros Estados;
2020-08-03 18:23:59;    ;656.0;Chamadas de Longa Distancia para Outros Estados;
2020-08-16 11:59:08;91  32317225;5.0;Para Fixo de Outras Operadoras;
2020-08-10 19:14:59;91  32317225;5.0;Para Fixo de Outras Operadoras;
2020-08-10 19:14:17;91  32317225;5.0;Para Fixo de Outras Operadoras;
2020-08-21 19:34:01;91  992729340;16.0;Para Celulares Vivo;
