data_hora_inicio;nro_telefone_chamado;duracao_ligacao;desc_categoria;valor_ligacao
2020-08-03 10:19:52;"";1.0;ADICIONAL;0.00
2020-08-03 09:34:15;"";1.0;ADICIONAL;0.00
2020-08-02 12:16:12;"";1.0;ADICIONAL;0.00
2020-08-14 17:38:16;47  32767022;19.0;Para Fixo de Outras Operadoras;
2020-08-31 16:26:58;51  981111669;29.0;Para Celulares de Outras Operadoras;
2020-08-31 15:11:16;51  981111669;8.0;Para Celulares de Outras Operadoras;
2020-08-27 11:20:29;51  981111669;5.0;Para Celulares de Outras Operadoras;
2020-08-27 11:18:13;51  981111669;20.0;Para Celulares de Outras Operadoras;
2020-08-21 14:22:19;51  981111669;13.0;Para Celulares de Outras Operadoras;
2020-08-21 14:18:20;51  981111669;8.0;Para Celulares de Outras Operadoras;
2020-08-15 09:57:29;24  988817973;58.0;Para Celulares de Outras Operadoras;
2020-08-14 16:49:03;51  981111669;21.0;Para Celulares de Outras Operadoras;
2020-08-14 11:04:45;51  981111669;37.0;Para Celulares de Outras Operadoras;
2020-08-13 17:34:48;51  981111669;10.0;Para Celulares de Outras Operadoras;
2020-08-12 09:39:12;51  981111669;48.0;Para Celulares de Outras Operadoras;
2020-08-07 14:36:52;53  991730957;31.0;Para Celulares de Outras Operadoras;
2020-08-05 10:34:53;51  981111669;19.0;Para Celulares de Outras Operadoras;
2020-08-05 10:01:05;51  981111669;14.0;Para Celulares de Outras Operadoras;
2020-08-05 09:21:28;51  981111669;196.0;Para Celulares de Outras Operadoras;
2020-08-04 17:53:48;51  981111669;18.0;Para Celulares de Outras Operadoras;
2020-08-04 16:10:40;51  999836517;16.0;Para Celulares de Outras Operadoras;
2020-08-04 11:13:52;51  981111669;41.0;Para Celulares de Outras Operadoras;
2020-08-03 16:47:11;51  999836517;49.0;Para Celulares de Outras Operadoras;
2020-08-03 16:16:13;51  998062704;60.0;Para Celulares de Outras Operadoras;
2020-08-04 16:25:22;51  984468666;34.0;Para Fixo Vivo;
2020-08-31 15:31:52;51  998331892;13.0;Para Celulares Vivo;
2020-08-31 08:16:38;53  999782092;5.0;Para Celulares Vivo;
2020-08-31 08:15:31;51  991059183;5.0;Para Celulares Vivo;
2020-08-31 08:09:49;51  991059183;6.0;Para Celulares Vivo;
2020-08-28 15:14:31;51  991317721;18.0;Para Celulares Vivo;
2020-08-28 15:10:47;51  991202796;7.0;Para Celulares Vivo;
2020-08-28 15:05:45;51  991059183;21.0;Para Celulares Vivo;
2020-08-28 14:47:30;51  991059183;5.0;Para Celulares Vivo;
2020-08-28 10:39:46;51  991317721;7.0;Para Celulares Vivo;
2020-08-28 10:36:03;53  999782092;27.0;Para Celulares Vivo;
2020-08-27 16:20:48;51  998331892;11.0;Para Celulares Vivo;
2020-08-27 15:34:47;51  998331892;43.0;Para Celulares Vivo;
2020-08-27 15:30:31;51  991059183;7.0;Para Celulares Vivo;
2020-08-27 14:13:50;51  995590187;22.0;Para Celulares Vivo;
2020-08-27 13:19:14;51  991202796;29.0;Para Celulares Vivo;
2020-08-27 11:37:10;51  998331892;92.0;Para Celulares Vivo;
2020-08-27 09:59:01;51  995590187;5.0;Para Celulares Vivo;
2020-08-27 08:50:39;51  993320342;10.0;Para Celulares Vivo;
2020-08-27 08:49:20;51  998331892;5.0;Para Celulares Vivo;
2020-08-26 17:29:49;51  991202796;13.0;Para Celulares Vivo;
2020-08-26 17:13:51;51  998331892;23.0;Para Celulares Vivo;
2020-08-26 15:07:11;51  998331892;22.0;Para Celulares Vivo;
2020-08-26 15:05:50;51  995590187;7.0;Para Celulares Vivo;
2020-08-26 14:43:06;51  995590187;7.0;Para Celulares Vivo;
2020-08-26 14:15:33;51  995590460;22.0;Para Celulares Vivo;
2020-08-26 14:09:49;51  992592867;50.0;Para Celulares Vivo;
2020-08-26 12:35:47;51  993320342;77.0;Para Celulares Vivo;
2020-08-26 10:31:37;51  998932684;5.0;Para Celulares Vivo;
2020-08-26 07:32:54;51  995590187;13.0;Para Celulares Vivo;
2020-08-25 15:19:13;51  995590187;5.0;Para Celulares Vivo;
2020-08-25 14:54:09;51  998932684;5.0;Para Celulares Vivo;
2020-08-25 12:04:17;51  998331892;15.0;Para Celulares Vivo;
2020-08-25 11:39:33;51  998331892;12.0;Para Celulares Vivo;
2020-08-25 10:07:09;51  998932684;6.0;Para Celulares Vivo;
2020-08-25 09:28:23;51  998331892;20.0;Para Celulares Vivo;
2020-08-25 09:26:53;51  998331892;12.0;Para Celulares Vivo;
2020-08-25 08:01:32;51  998331892;12.0;Para Celulares Vivo;
2020-08-24 15:03:07;51  995590187;5.0;Para Celulares Vivo;
2020-08-24 13:14:31;51  995590187;12.0;Para Celulares Vivo;
2020-08-24 09:55:28;51  995590187;7.0;Para Celulares Vivo;
2020-08-05 07:31:25;51  998932684;0.0;Adicional por Ligacoes Realizadas;
2020-08-05 07:28:29;51  991202796;0.0;Adicional por Ligacoes Realizadas;
2020-08-05 07:26:26;51  995590460;0.0;Adicional por Ligacoes Realizadas;
2020-08-05 07:19:16;51  991202796;0.0;Adicional por Ligacoes Realizadas;
2020-08-04 18:31:58;51  991202796;0.0;Adicional por Ligacoes Realizadas;
2020-08-04 18:24:41;51  991317721;0.0;Adicional por Ligacoes Realizadas;
2020-08-04 17:53:48;51  981111669;0.0;Adicional por Ligacoes Realizadas;
2020-08-04 17:31:15;51  992592867;0.0;Adicional por Ligacoes Realizadas;
2020-08-04 17:21:49;51  995590187;0.0;Adicional por Ligacoes Realizadas;
2020-08-04 16:25:22;51  984468666;0.0;Adicional por Ligacoes Realizadas;
2020-08-04 16:10:40;51  999836517;0.0;Adicional por Ligacoes Realizadas;
2020-08-04 16:03:18;53  999782092;0.0;Adicional por Ligacoes Realizadas;
2020-08-04 13:54:14;54  996503436;0.0;Adicional por Ligacoes Realizadas;
2020-08-04 11:22:56;51  991202796;0.0;Adicional por Ligacoes Realizadas;
2020-08-04 11:13:52;51  981111669;0.0;Adicional por Ligacoes Realizadas;
2020-08-04 07:26:19;51  998932684;0.0;Adicional por Ligacoes Realizadas;
2020-08-04 07:22:13;51  991202796;0.0;Adicional por Ligacoes Realizadas;
2020-08-04 07:20:16;51  995590187;0.0;Adicional por Ligacoes Realizadas;
2020-08-03 17:52:56;51  991202796;0.0;Adicional por Ligacoes Realizadas;
2020-08-03 16:47:11;51  999836517;0.0;Adicional por Ligacoes Realizadas;
2020-08-03 16:37:36;51  991202796;0.0;Adicional por Ligacoes Realizadas;
2020-08-03 16:22:38;51  991202796;0.0;Adicional por Ligacoes Realizadas;
2020-08-03 16:16:13;51  998062704;0.0;Adicional por Ligacoes Realizadas;
2020-08-03 16:10:40;51  991317721;0.0;Adicional por Ligacoes Realizadas;
2020-08-03 15:44:19;51  989028545;0.0;Adicional por Ligacoes Realizadas;
2020-08-03 15:33:59;51  998932684;0.0;Adicional por Ligacoes Realizadas;
2020-08-03 14:30:36;51  998932684;0.0;Adicional por Ligacoes Realizadas;
2020-08-03 13:55:34;51  991317721;0.0;Adicional por Ligacoes Realizadas;
2020-08-03 09:25:50;51  995590187;0.0;Adicional por Ligacoes Realizadas;
2020-08-03 08:37:42;51  995590187;0.0;Adicional por Ligacoes Realizadas;
2020-08-03 08:34:09;15  996580266;0.0;Adicional por Ligacoes Realizadas;
2020-08-03 08:27:36;51  995590460;0.0;Adicional por Ligacoes Realizadas;
2020-08-03 08:24:04;51  991202796;0.0;Adicional por Ligacoes Realizadas;
2020-08-02 11:26:40;51  991059183;0.0;Adicional por Ligacoes Realizadas;
2020-08-02 07:41:12;51  998932684;0.0;Adicional por Ligacoes Realizadas;
2020-08-31 19:58:14;    ;5.0;Chamadas de Longa Distancia para Outros Estados;
2020-08-31 18:05:45;    ;57.0;Chamadas de Longa Distancia para Outros Estados;
2020-08-31 17:48:42;    ;5.0;Chamadas de Longa Distancia para Outros Estados;
2020-08-31 17:26:11;    ;16.0;Chamadas de Longa Distancia para Outros Estados;
2020-08-31 16:38:51;    ;21.0;Chamadas de Longa Distancia para Outros Estados;
2020-08-31 14:48:22;    ;36.0;Chamadas de Longa Distancia para Outros Estados;
2020-08-31 11:10:32;    ;5.0;Chamadas de Longa Distancia para Outros Estados;
2020-08-31 09:40:15;    ;63.0;Chamadas de Longa Distancia para Outros Estados;
2020-08-31 08:15:45;    ;5.0;Chamadas de Longa Distancia para Outros Estados;
2020-08-31 07:13:18;    ;15.0;Chamadas de Longa Distancia para Outros Estados;
2020-08-31 07:10:59;    ;9.0;Chamadas de Longa Distancia para Outros Estados;
2020-08-28 18:05:40;    ;27.0;Chamadas de Longa Distancia para Outros Estados;
2020-08-28 16:58:46;    ;58.0;Chamadas de Longa Distancia para Outros Estados;
2020-08-28 16:16:47;    ;40.0;Chamadas de Longa Distancia para Outros Estados;
2020-08-28 15:43:33;    ;12.0;Chamadas de Longa Distancia para Outros Estados;
2020-08-28 11:25:23;    ;5.0;Chamadas de Longa Distancia para Outros Estados;
2020-08-28 08:12:28;    ;31.0;Chamadas de Longa Distancia para Outros Estados;
2020-08-27 17:03:20;    ;17.0;Chamadas de Longa Distancia para Outros Estados;
2020-08-27 15:31:43;    ;16.0;Chamadas de Longa Distancia para Outros Estados;
2020-08-27 14:46:45;    ;55.0;Chamadas de Longa Distancia para Outros Estados;
2020-08-27 14:15:58;    ;5.0;Chamadas de Longa Distancia para Outros Estados;
2020-08-31 19:58:14;"";1.0;ADICIONAL;0.00
2020-08-31 18:05:45;"";1.0;ADICIONAL;0.00
2020-08-20 11:03:44;"";1.0;ADICIONAL;0.00
2020-08-20 08:04:57;"";1.0;ADICIONAL;0.00
2020-08-19 17:32:22;"";1.0;ADICIONAL;0.00
2020-08-19 16:59:54;"";1.0;ADICIONAL;0.00
2020-08-19 15:02:47;"";1.0;ADICIONAL;0.00
2020-08-19 14:55:35;"";1.0;ADICIONAL;0.00
2020-08-19 14:51:22;"";1.0;ADICIONAL;0.00
2020-08-19 10:33:35;"";1.0;ADICIONAL;0.00
2020-08-19 10:14:50;"";1.0;ADICIONAL;0.00
2020-08-19 10:00:05;"";1.0;ADICIONAL;0.00
2020-08-19 09:55:21;"";1.0;ADICIONAL;0.00
2020-08-19 09:31:25;"";1.0;ADICIONAL;0.00
2020-08-18 16:54:53;"";1.0;ADICIONAL;0.00
2020-08-18 16:34:00;"";1.0;ADICIONAL;0.00
2020-08-18 13:50:10;"";1.0;ADICIONAL;0.00
2020-08-18 12:23:14;"";1.0;ADICIONAL;0.00
2020-08-18 11:23:31;"";1.0;ADICIONAL;0.00
2020-08-17 17:50:34;"";1.0;ADICIONAL;0.00
2020-08-17 17:09:35;"";1.0;ADICIONAL;0.00
2020-08-17 17:06:03;"";1.0;ADICIONAL;0.00
2020-08-17 16:48:04;"";1.0;ADICIONAL;0.00
2020-08-17 16:38:07;"";1.0;ADICIONAL;0.00
2020-08-17 15:42:41;"";1.0;ADICIONAL;0.00
2020-08-17 15:40:57;"";1.0;ADICIONAL;0.00
2020-08-17 11:41:03;"";1.0;ADICIONAL;0.00
2020-08-17 10:53:13;"";1.0;ADICIONAL;0.00
2020-08-17 10:51:55;"";1.0;ADICIONAL;0.00
2020-08-17 10:20:48;"";1.0;ADICIONAL;0.00
2020-08-17 09:55:53;"";1.0;ADICIONAL;0.00
2020-08-17 09:20:29;"";1.0;ADICIONAL;0.00
2020-08-17 09:11:51;"";1.0;ADICIONAL;0.00
2020-08-17 09:09:06;"";1.0;ADICIONAL;0.00
2020-08-16 08:07:35;"";1.0;ADICIONAL;0.00
2020-08-16 06:26:21;"";1.0;ADICIONAL;0.00
2020-08-15 10:12:50;"";1.0;ADICIONAL;0.00
2020-08-14 17:41:40;"";1.0;ADICIONAL;0.00
2020-08-14 16:23:01;"";1.0;ADICIONAL;0.00
2020-08-14 15:33:37;"";1.0;ADICIONAL;0.00
2020-08-14 11:51:09;"";1.0;ADICIONAL;0.00
2020-08-14 11:22:10;"";1.0;ADICIONAL;0.00
2020-08-14 10:11:31;"";1.0;ADICIONAL;0.00
2020-08-14 10:05:03;"";1.0;ADICIONAL;0.00
2020-08-14 10:04:09;"";1.0;ADICIONAL;0.00
2020-08-14 09:39:25;"";1.0;ADICIONAL;0.00
2020-08-14 09:06:33;"";1.0;ADICIONAL;0.00
2020-08-14 08:52:17;"";1.0;ADICIONAL;0.00
2020-08-14 08:49:52;"";1.0;ADICIONAL;0.00
2020-08-14 08:14:46;"";1.0;ADICIONAL;0.00
2020-08-14 08:08:21;"";1.0;ADICIONAL;0.00
2020-08-13 22:27:59;"";1.0;ADICIONAL;0.00
2020-08-13 19:37:01;"";1.0;ADICIONAL;0.00
2020-08-13 19:00:51;"";1.0;ADICIONAL;0.00
2020-08-13 17:11:24;"";1.0;ADICIONAL;0.00
2020-08-13 16:51:33;"";1.0;ADICIONAL;0.00
2020-08-13 16:50:19;"";1.0;ADICIONAL;0.00
2020-08-13 14:32:09;"";1.0;ADICIONAL;0.00
2020-08-13 14:19:33;"";1.0;ADICIONAL;0.00
2020-08-13 10:23:16;"";1.0;ADICIONAL;0.00
2020-08-13 10:17:21;"";1.0;ADICIONAL;0.00
2020-08-13 10:02:23;"";1.0;ADICIONAL;0.00
2020-08-13 09:34:28;"";1.0;ADICIONAL;0.00
2020-08-13 07:47:14;"";1.0;ADICIONAL;0.00
2020-08-13 07:41:45;"";1.0;ADICIONAL;0.00
2020-08-12 17:13:47;"";1.0;ADICIONAL;0.00
2020-08-12 14:21:20;"";1.0;ADICIONAL;0.00
2020-08-12 13:45:53;"";1.0;ADICIONAL;0.00
2020-08-12 13:15:30;"";1.0;ADICIONAL;0.00
2020-08-12 12:31:28;"";1.0;ADICIONAL;0.00
2020-08-12 10:31:09;"";1.0;ADICIONAL;0.00
2020-08-12 10:17:04;"";1.0;ADICIONAL;0.00
2020-08-12 10:03:54;"";1.0;ADICIONAL;0.00
2020-08-12 07:47:47;"";1.0;ADICIONAL;0.00
2020-08-12 07:42:52;"";1.0;ADICIONAL;0.00
2020-08-12 07:22:00;"";1.0;ADICIONAL;0.00
2020-08-11 18:03:55;"";1.0;ADICIONAL;0.00
2020-08-11 17:26:01;"";1.0;ADICIONAL;0.00
2020-08-11 15:47:53;"";1.0;ADICIONAL;0.00
2020-08-11 14:00:54;"";1.0;ADICIONAL;0.00
2020-08-11 10:59:34;"";1.0;ADICIONAL;0.00
2020-08-11 10:58:41;"";1.0;ADICIONAL;0.00
2020-08-11 10:53:04;"";1.0;ADICIONAL;0.00
2020-08-11 10:23:27;"";1.0;ADICIONAL;0.00
2020-08-11 09:24:59;"";1.0;ADICIONAL;0.00
2020-08-11 07:54:48;"";1.0;ADICIONAL;0.00
2020-08-10 15:19:02;"";1.0;ADICIONAL;0.00
2020-08-10 13:24:02;"";1.0;ADICIONAL;0.00
2020-08-10 09:25:29;"";1.0;ADICIONAL;0.00
2020-08-10 08:59:11;"";1.0;ADICIONAL;0.00
2020-08-10 08:21:59;"";1.0;ADICIONAL;0.00
2020-08-10 07:44:20;"";1.0;ADICIONAL;0.00
2020-08-10 07:40:57;"";1.0;ADICIONAL;0.00
2020-08-10 07:34:16;"";1.0;ADICIONAL;0.00
2020-08-10 07:32:55;"";1.0;ADICIONAL;0.00
2020-08-07 18:41:06;"";1.0;ADICIONAL;0.00
2020-08-07 17:08:04;"";1.0;ADICIONAL;0.00
2020-08-07 15:17:07;"";1.0;ADICIONAL;0.00
2020-08-07 15:04:07;"";1.0;ADICIONAL;0.00
2020-08-07 14:46:44;"";1.0;ADICIONAL;0.00
2020-08-07 11:30:52;"";1.0;ADICIONAL;0.00
2020-08-07 11:25:54;"";1.0;ADICIONAL;0.00
2020-08-07 11:23:29;"";1.0;ADICIONAL;0.00
2020-08-07 11:17:58;"";1.0;ADICIONAL;0.00
2020-08-07 10:57:29;"";1.0;ADICIONAL;0.00
2020-08-07 10:39:44;"";1.0;ADICIONAL;0.00
2020-08-07 10:00:14;"";1.0;ADICIONAL;0.00
2020-08-07 09:56:34;"";1.0;ADICIONAL;0.00
2020-08-07 07:54:22;"";1.0;ADICIONAL;0.00
2020-08-06 13:58:26;"";1.0;ADICIONAL;0.00
2020-08-06 13:43:54;"";1.0;ADICIONAL;0.00
2020-08-06 13:19:43;"";1.0;ADICIONAL;0.00
2020-08-06 12:47:17;"";1.0;ADICIONAL;0.00
2020-08-06 10:54:19;"";1.0;ADICIONAL;0.00
2020-08-06 10:41:26;"";1.0;ADICIONAL;0.00
2020-08-06 10:36:28;"";1.0;ADICIONAL;0.00
2020-08-06 09:09:00;"";1.0;ADICIONAL;0.00
2020-08-06 09:02:45;"";1.0;ADICIONAL;0.00
2020-08-06 08:36:09;"";1.0;ADICIONAL;0.00
2020-08-06 08:18:39;"";1.0;ADICIONAL;0.00
2020-08-05 16:35:07;"";1.0;ADICIONAL;0.00
2020-08-05 14:51:11;"";1.0;ADICIONAL;0.00
2020-08-05 11:12:28;"";1.0;ADICIONAL;0.00
2020-08-05 10:02:23;"";1.0;ADICIONAL;0.00
2020-08-05 08:40:36;"";1.0;ADICIONAL;0.00
2020-08-05 08:28:14;"";1.0;ADICIONAL;0.00
2020-08-04 18:46:11;"";1.0;ADICIONAL;0.00
2020-08-04 17:18:14;"";1.0;ADICIONAL;0.00
2020-08-04 17:13:02;"";1.0;ADICIONAL;0.00
2020-08-04 10:41:19;"";1.0;ADICIONAL;0.00
2020-08-04 10:05:09;"";1.0;ADICIONAL;0.00
2020-08-04 09:38:54;"";1.0;ADICIONAL;0.00
2020-08-04 09:34:58;"";1.0;ADICIONAL;0.00
2020-08-04 08:39:10;"";1.0;ADICIONAL;0.00
2020-08-04 08:31:17;"";1.0;ADICIONAL;0.00
2020-08-03 17:00:19;"";1.0;ADICIONAL;0.00
2020-08-03 14:06:49;"";1.0;ADICIONAL;0.00
2020-08-03 10:39:40;"";1.0;ADICIONAL;0.00
2020-08-27 13:59:43;    ;32.0;Chamadas de Longa Distancia para Outros Estados;
2020-08-27 10:55:04;    ;5.0;Chamadas de Longa Distancia para Outros Estados;
2020-08-27 10:31:25;    ;34.0;Chamadas de Longa Distancia para Outros Estados;
2020-08-27 09:26:43;    ;5.0;Chamadas de Longa Distancia para Outros Estados;
2020-08-27 07:58:51;    ;11.0;Chamadas de Longa Distancia para Outros Estados;
2020-08-27 07:58:51;    ;12.0;Chamadas de Longa Distancia para Outros Estados;
2020-08-26 13:14:10;    ;28.0;Chamadas de Longa Distancia para Outros Estados;
2020-08-26 11:53:46;    ;409.0;Chamadas de Longa Distancia para Outros Estados;
2020-08-26 10:37:58;    ;8.0;Chamadas de Longa Distancia para Outros Estados;
2020-08-26 10:33:52;    ;5.0;Chamadas de Longa Distancia para Outros Estados;
2020-08-26 09:49:23;    ;5.0;Chamadas de Longa Distancia para Outros Estados;
2020-08-26 08:27:34;    ;19.0;Chamadas de Longa Distancia para Outros Estados;
2020-08-26 07:50:22;    ;28.0;Chamadas de Longa Distancia para Outros Estados;
2020-08-25 17:09:06;    ;71.0;Chamadas de Longa Distancia para Outros Estados;
2020-08-25 16:46:27;    ;87.0;Chamadas de Longa Distancia para Outros Estados;
2020-08-25 15:20:31;    ;29.0;Chamadas de Longa Distancia para Outros Estados;
2020-08-25 13:47:08;    ;5.0;Chamadas de Longa Distancia para Outros Estados;
2020-08-25 12:41:24;    ;5.0;Chamadas de Longa Distancia para Outros Estados;
2020-08-25 11:05:11;    ;10.0;Chamadas de Longa Distancia para Outros Estados;
2020-08-25 08:09:32;    ;5.0;Chamadas de Longa Distancia para Outros Estados;
2020-08-25 08:07:06;    ;5.0;Chamadas de Longa Distancia para Outros Estados;
2020-08-25 07:30:15;    ;12.0;Chamadas de Longa Distancia para Outros Estados;
2020-08-24 11:27:11;    ;6.0;Chamadas de Longa Distancia para Outros Estados;
2020-08-24 09:48:23;    ;34.0;Chamadas de Longa Distancia para Outros Estados;
2020-08-24 09:46:53;    ;15.0;Chamadas de Longa Distancia para Outros Estados;
2020-08-24 09:18:30;    ;14.0;Chamadas de Longa Distancia para Outros Estados;
2020-08-24 09:07:46;    ;12.0;Chamadas de Longa Distancia para Outros Estados;
2020-08-21 17:30:05;    ;183.0;Chamadas de Longa Distancia para Outros Estados;
2020-08-21 17:06:39;    ;121.0;Chamadas de Longa Distancia para Outros Estados;
2020-08-21 15:49:54;    ;17.0;Chamadas de Longa Distancia para Outros Estados;
2020-08-21 15:49:12;    ;7.0;Chamadas de Longa Distancia para Outros Estados;
2020-08-21 15:32:34;    ;66.0;Chamadas de Longa Distancia para Outros Estados;
2020-08-21 14:57:01;    ;5.0;Chamadas de Longa Distancia para Outros Estados;
2020-08-21 13:36:52;    ;5.0;Chamadas de Longa Distancia para Outros Estados;
2020-08-21 11:44:51;    ;10.0;Chamadas de Longa Distancia para Outros Estados;
2020-08-21 11:25:46;    ;5.0;Chamadas de Longa Distancia para Outros Estados;
2020-08-21 11:17:34;    ;15.0;Chamadas de Longa Distancia para Outros Estados;
2020-08-21 11:14:32;    ;14.0;Chamadas de Longa Distancia para Outros Estados;
2020-08-21 10:27:59;    ;71.0;Chamadas de Longa Distancia para Outros Estados;
2020-08-21 10:10:10;    ;109.0;Chamadas de Longa Distancia para Outros Estados;
2020-08-21 09:21:15;    ;5.0;Chamadas de Longa Distancia para Outros Estados;
2020-08-21 07:50:58;    ;9.0;Chamadas de Longa Distancia para Outros Estados;
2020-08-20 17:55:18;    ;16.0;Chamadas de Longa Distancia para Outros Estados;
2020-08-20 17:17:54;    ;60.0;Chamadas de Longa Distancia para Outros Estados;
2020-08-20 15:48:08;    ;17.0;Chamadas de Longa Distancia para Outros Estados;
2020-08-20 11:43:22;    ;186.0;Chamadas de Longa Distancia para Outros Estados;
2020-08-20 11:36:23;    ;5.0;Chamadas de Longa Distancia para Outros Estados;
2020-08-20 11:03:44;    ;80.0;Chamadas de Longa Distancia para Outros Estados;
2020-08-20 08:04:57;    ;40.0;Chamadas de Longa Distancia para Outros Estados;
2020-08-19 17:32:22;    ;53.0;Chamadas de Longa Distancia para Outros Estados;
2020-08-19 16:59:54;    ;13.0;Chamadas de Longa Distancia para Outros Estados;
2020-08-19 15:02:47;    ;7.0;Chamadas de Longa Distancia para Outros Estados;
2020-08-19 14:55:35;    ;18.0;Chamadas de Longa Distancia para Outros Estados;
2020-08-19 14:51:22;    ;28.0;Chamadas de Longa Distancia para Outros Estados;
2020-08-19 10:33:35;    ;9.0;Chamadas de Longa Distancia para Outros Estados;
2020-08-19 10:14:50;    ;5.0;Chamadas de Longa Distancia para Outros Estados;
2020-08-19 10:00:05;    ;10.0;Chamadas de Longa Distancia para Outros Estados;
2020-08-19 09:55:21;    ;5.0;Chamadas de Longa Distancia para Outros Estados;
2020-08-19 09:31:25;    ;7.0;Chamadas de Longa Distancia para Outros Estados;
2020-08-18 16:54:53;    ;7.0;Chamadas de Longa Distancia para Outros Estados;
2020-08-18 16:34:00;    ;30.0;Chamadas de Longa Distancia para Outros Estados;
2020-08-18 13:50:10;    ;5.0;Chamadas de Longa Distancia para Outros Estados;
2020-08-18 12:23:14;    ;5.0;Chamadas de Longa Distancia para Outros Estados;
2020-08-18 11:23:31;    ;20.0;Chamadas de Longa Distancia para Outros Estados;
2020-08-17 17:50:34;    ;133.0;Chamadas de Longa Distancia para Outros Estados;
2020-08-17 17:09:35;    ;7.0;Chamadas de Longa Distancia para Outros Estados;
2020-08-17 17:06:03;    ;12.0;Chamadas de Longa Distancia para Outros Estados;
2020-08-17 16:48:04;    ;5.0;Chamadas de Longa Distancia para Outros Estados;
2020-08-17 16:38:07;    ;71.0;Chamadas de Longa Distancia para Outros Estados;
2020-08-17 15:42:41;    ;5.0;Chamadas de Longa Distancia para Outros Estados;
2020-08-17 15:40:57;    ;18.0;Chamadas de Longa Distancia para Outros Estados;
2020-08-17 11:41:03;    ;5.0;Chamadas de Longa Distancia para Outros Estados;
2020-08-17 10:53:13;    ;6.0;Chamadas de Longa Distancia para Outros Estados;
2020-08-17 10:51:55;    ;10.0;Chamadas de Longa Distancia para Outros Estados;
2020-08-17 10:20:48;    ;36.0;Chamadas de Longa Distancia para Outros Estados;
2020-08-17 09:55:53;    ;9.0;Chamadas de Longa Distancia para Outros Estados;
2020-08-17 09:20:29;    ;26.0;Chamadas de Longa Distancia para Outros Estados;
2020-08-17 09:11:51;    ;5.0;Chamadas de Longa Distancia para Outros Estados;
2020-08-17 09:09:06;    ;22.0;Chamadas de Longa Distancia para Outros Estados;
2020-08-16 08:07:35;    ;5.0;Chamadas de Longa Distancia para Outros Estados;
2020-08-16 06:26:21;    ;7.0;Chamadas de Longa Distancia para Outros Estados;
2020-08-14 17:41:40;    ;36.0;Chamadas de Longa Distancia para Outros Estados;
2020-08-14 16:23:01;    ;14.0;Chamadas de Longa Distancia para Outros Estados;
2020-08-14 15:33:37;    ;13.0;Chamadas de Longa Distancia para Outros Estados;
2020-08-14 11:51:09;    ;8.0;Chamadas de Longa Distancia para Outros Estados;
2020-08-14 11:22:10;    ;38.0;Chamadas de Longa Distancia para Outros Estados;
2020-08-14 10:11:31;    ;5.0;Chamadas de Longa Distancia para Outros Estados;
2020-08-14 10:05:03;    ;21.0;Chamadas de Longa Distancia para Outros Estados;
2020-08-14 10:04:09;    ;7.0;Chamadas de Longa Distancia para Outros Estados;
2020-08-14 09:39:25;    ;24.0;Chamadas de Longa Distancia para Outros Estados;
2020-08-14 09:06:33;    ;16.0;Chamadas de Longa Distancia para Outros Estados;
2020-08-14 08:52:17;    ;91.0;Chamadas de Longa Distancia para Outros Estados;
2020-08-14 08:49:52;    ;24.0;Chamadas de Longa Distancia para Outros Estados;
2020-08-14 08:14:46;    ;9.0;Chamadas de Longa Distancia para Outros Estados;
2020-08-14 08:08:21;    ;18.0;Chamadas de Longa Distancia para Outros Estados;
2020-08-13 22:27:59;    ;5.0;Chamadas de Longa Distancia para Outros Estados;
2020-08-13 19:37:01;    ;5.0;Chamadas de Longa Distancia para Outros Estados;
2020-08-13 19:00:51;    ;16.0;Chamadas de Longa Distancia para Outros Estados;
2020-08-13 17:11:24;    ;9.0;Chamadas de Longa Distancia para Outros Estados;
2020-08-13 16:51:33;    ;16.0;Chamadas de Longa Distancia para Outros Estados;
2020-08-13 16:50:19;    ;8.0;Chamadas de Longa Distancia para Outros Estados;
2020-08-13 14:32:09;    ;59.0;Chamadas de Longa Distancia para Outros Estados;
2020-08-13 14:19:33;    ;7.0;Chamadas de Longa Distancia para Outros Estados;
2020-08-13 10:23:16;    ;6.0;Chamadas de Longa Distancia para Outros Estados;
2020-08-13 10:17:21;    ;10.0;Chamadas de Longa Distancia para Outros Estados;
2020-08-13 10:02:23;    ;11.0;Chamadas de Longa Distancia para Outros Estados;
2020-08-13 09:34:28;    ;34.0;Chamadas de Longa Distancia para Outros Estados;
2020-08-13 07:47:14;    ;8.0;Chamadas de Longa Distancia para Outros Estados;
2020-08-13 07:41:45;    ;19.0;Chamadas de Longa Distancia para Outros Estados;
2020-08-12 17:13:47;    ;5.0;Chamadas de Longa Distancia para Outros Estados;
2020-08-12 14:21:20;    ;21.0;Chamadas de Longa Distancia para Outros Estados;
2020-08-12 13:45:53;    ;27.0;Chamadas de Longa Distancia para Outros Estados;
2020-08-12 13:15:30;    ;5.0;Chamadas de Longa Distancia para Outros Estados;
2020-08-12 12:31:28;    ;5.0;Chamadas de Longa Distancia para Outros Estados;
2020-08-12 10:31:09;    ;10.0;Chamadas de Longa Distancia para Outros Estados;
2020-08-12 10:17:04;    ;5.0;Chamadas de Longa Distancia para Outros Estados;
2020-08-12 10:03:54;    ;33.0;Chamadas de Longa Distancia para Outros Estados;
2020-08-12 07:47:47;    ;17.0;Chamadas de Longa Distancia para Outros Estados;
2020-08-12 07:42:52;    ;10.0;Chamadas de Longa Distancia para Outros Estados;
2020-08-12 07:22:00;    ;17.0;Chamadas de Longa Distancia para Outros Estados;
2020-08-11 18:03:55;    ;14.0;Chamadas de Longa Distancia para Outros Estados;
2020-08-11 17:26:01;    ;15.0;Chamadas de Longa Distancia para Outros Estados;
2020-08-11 15:47:53;    ;5.0;Chamadas de Longa Distancia para Outros Estados;
2020-08-11 14:00:54;    ;5.0;Chamadas de Longa Distancia para Outros Estados;
2020-08-11 10:59:34;    ;7.0;Chamadas de Longa Distancia para Outros Estados;
2020-08-11 10:58:41;    ;7.0;Chamadas de Longa Distancia para Outros Estados;
2020-08-11 10:53:04;    ;5.0;Chamadas de Longa Distancia para Outros Estados;
2020-08-11 10:23:27;    ;15.0;Chamadas de Longa Distancia para Outros Estados;
2020-08-11 09:24:59;    ;7.0;Chamadas de Longa Distancia para Outros Estados;
2020-08-11 07:54:48;    ;29.0;Chamadas de Longa Distancia para Outros Estados;
2020-08-10 15:19:02;    ;23.0;Chamadas de Longa Distancia para Outros Estados;
2020-08-10 13:24:02;    ;12.0;Chamadas de Longa Distancia para Outros Estados;
2020-08-10 09:25:29;    ;25.0;Chamadas de Longa Distancia para Outros Estados;
2020-08-10 08:59:11;    ;9.0;Chamadas de Longa Distancia para Outros Estados;
2020-08-10 08:21:59;    ;11.0;Chamadas de Longa Distancia para Outros Estados;
2020-08-10 07:44:20;    ;5.0;Chamadas de Longa Distancia para Outros Estados;
2020-08-10 07:40:57;    ;11.0;Chamadas de Longa Distancia para Outros Estados;
2020-08-10 07:34:16;    ;11.0;Chamadas de Longa Distancia para Outros Estados;
2020-08-10 07:32:55;    ;10.0;Chamadas de Longa Distancia para Outros Estados;
2020-08-07 18:41:06;    ;5.0;Chamadas de Longa Distancia para Outros Estados;
2020-08-07 17:08:04;    ;41.0;Chamadas de Longa Distancia para Outros Estados;
2020-08-07 15:17:07;    ;196.0;Chamadas de Longa Distancia para Outros Estados;
2020-08-07 15:04:07;    ;36.0;Chamadas de Longa Distancia para Outros Estados;
2020-08-07 14:46:44;    ;84.0;Chamadas de Longa Distancia para Outros Estados;
2020-08-07 11:30:52;    ;12.0;Chamadas de Longa Distancia para Outros Estados;
2020-08-07 11:25:54;    ;5.0;Chamadas de Longa Distancia para Outros Estados;
2020-08-07 11:23:29;    ;22.0;Chamadas de Longa Distancia para Outros Estados;
2020-08-07 11:17:58;    ;16.0;Chamadas de Longa Distancia para Outros Estados;
2020-08-07 10:57:29;    ;59.0;Chamadas de Longa Distancia para Outros Estados;
2020-08-07 10:39:44;    ;42.0;Chamadas de Longa Distancia para Outros Estados;
2020-08-07 10:00:14;    ;8.0;Chamadas de Longa Distancia para Outros Estados;
2020-08-07 09:56:34;    ;19.0;Chamadas de Longa Distancia para Outros Estados;
2020-08-07 07:54:22;    ;5.0;Chamadas de Longa Distancia para Outros Estados;
2020-08-06 13:58:26;    ;39.0;Chamadas de Longa Distancia para Outros Estados;
2020-08-24 09:48:23;"";1.0;ADICIONAL;0.00
2020-08-24 09:46:53;"";1.0;ADICIONAL;0.00
2020-08-24 09:18:30;"";1.0;ADICIONAL;0.00
2020-08-24 09:07:46;"";1.0;ADICIONAL;0.00
2020-08-21 17:30:05;"";1.0;ADICIONAL;0.00
2020-08-21 17:06:39;"";1.0;ADICIONAL;0.00
2020-08-21 15:49:54;"";1.0;ADICIONAL;0.00
2020-08-21 15:49:12;"";1.0;ADICIONAL;0.00
2020-08-21 15:32:34;"";1.0;ADICIONAL;0.00
2020-08-21 14:57:01;"";1.0;ADICIONAL;0.00
2020-08-21 13:36:52;"";1.0;ADICIONAL;0.00
2020-08-21 11:44:51;"";1.0;ADICIONAL;0.00
2020-08-21 11:25:46;"";1.0;ADICIONAL;0.00
2020-08-21 11:17:34;"";1.0;ADICIONAL;0.00
2020-08-21 11:14:32;"";1.0;ADICIONAL;0.00
2020-08-21 10:27:59;"";1.0;ADICIONAL;0.00
2020-08-21 10:10:10;"";1.0;ADICIONAL;0.00
2020-08-21 09:21:15;"";1.0;ADICIONAL;0.00
2020-08-21 07:50:58;"";1.0;ADICIONAL;0.00
2020-08-20 17:55:18;"";1.0;ADICIONAL;0.00
2020-08-20 17:17:54;"";1.0;ADICIONAL;0.00
2020-08-20 15:48:08;"";1.0;ADICIONAL;0.00
2020-08-20 11:43:22;"";1.0;ADICIONAL;0.00
2020-08-20 11:36:23;"";1.0;ADICIONAL;0.00
2020-08-21 15:53:23;51  980495967;112.0;Para Celulares Vivo;
2020-08-21 13:37:46;51  991059183;17.0;Para Celulares Vivo;
2020-08-21 13:35:38;51  995590187;8.0;Para Celulares Vivo;
2020-08-21 11:38:54;51  998331892;9.0;Para Celulares Vivo;
2020-08-21 11:12:07;51  998932684;6.0;Para Celulares Vivo;
2020-08-20 15:46:41;51  991317721;5.0;Para Celulares Vivo;
2020-08-20 10:37:33;51  998932684;15.0;Para Celulares Vivo;
2020-08-19 09:20:25;51  991059183;5.0;Para Celulares Vivo;
2020-08-18 14:07:28;51  991059183;5.0;Para Celulares Vivo;
2020-08-18 10:43:06;51  991059183;23.0;Para Celulares Vivo;
2020-08-18 09:59:51;51  991317721;5.0;Para Celulares Vivo;
2020-08-18 09:58:57;51  991059183;5.0;Para Celulares Vivo;
2020-08-17 17:41:33;51  991317721;11.0;Para Celulares Vivo;
2020-08-17 17:32:37;51  980495967;9.0;Para Celulares Vivo;
2020-08-17 17:14:22;51  980495967;145.0;Para Celulares Vivo;
2020-08-17 16:57:57;51  995590187;28.0;Para Celulares Vivo;
2020-08-17 16:54:03;51  980495967;34.0;Para Celulares Vivo;
2020-08-17 16:45:37;51  991202796;19.0;Para Celulares Vivo;
2020-08-17 16:32:55;51  995590187;5.0;Para Celulares Vivo;
2020-08-17 12:13:03;51  991059183;5.0;Para Celulares Vivo;
2020-08-17 12:05:43;51  991059183;5.0;Para Celulares Vivo;
2020-08-17 11:38:26;51  991059183;5.0;Para Celulares Vivo;
2020-08-17 10:01:06;51  998932684;5.0;Para Celulares Vivo;
2020-08-15 12:30:43;51  991202796;5.0;Para Celulares Vivo;
2020-08-14 18:09:33;51  991059183;16.0;Para Celulares Vivo;
2020-08-14 16:55:23;51  991059183;15.0;Para Celulares Vivo;
2020-08-14 15:52:27;51  998932684;7.0;Para Celulares Vivo;
2020-08-14 14:59:02;51  998932684;14.0;Para Celulares Vivo;
2020-08-14 14:18:37;51  991202796;5.0;Para Celulares Vivo;
2020-08-14 14:03:28;51  991059183;7.0;Para Celulares Vivo;
2020-08-14 10:19:00;51  991059183;5.0;Para Celulares Vivo;
2020-08-14 10:08:43;51  998932684;18.0;Para Celulares Vivo;
2020-08-13 20:52:22;51  998932684;11.0;Para Celulares Vivo;
2020-08-13 18:04:15;51  991059183;5.0;Para Celulares Vivo;
2020-08-13 16:36:28;51  992592754;7.0;Para Celulares Vivo;
2020-08-13 15:24:52;51  991317721;5.0;Para Celulares Vivo;
2020-08-13 15:19:50;51  991317721;42.0;Para Celulares Vivo;
2020-08-13 11:10:53;51  999244269;10.0;Para Celulares Vivo;
2020-08-13 08:59:03;51  980495967;153.0;Para Celulares Vivo;
2020-08-13 07:56:50;51  991317721;7.0;Para Celulares Vivo;
2020-08-12 16:40:26;51  991202796;5.0;Para Celulares Vivo;
2020-08-12 16:38:29;51  998932684;5.0;Para Celulares Vivo;
2020-08-12 14:09:45;51  998932684;20.0;Para Celulares Vivo;
2020-08-12 12:29:36;51  995590187;5.0;Para Celulares Vivo;
2020-08-12 12:05:57;51  991317721;5.0;Para Celulares Vivo;
2020-08-12 11:38:44;51  998331892;8.0;Para Celulares Vivo;
2020-08-12 10:55:58;51  980495967;59.0;Para Celulares Vivo;
2020-08-12 10:25:29;51  998932684;14.0;Para Celulares Vivo;
2020-08-12 10:09:56;51  998932684;38.0;Para Celulares Vivo;
2020-08-12 09:50:41;51  980495967;33.0;Para Celulares Vivo;
2020-08-12 09:01:28;51  980495967;50.0;Para Celulares Vivo;
2020-08-12 08:46:15;51  991007551;22.0;Para Celulares Vivo;
2020-08-12 08:39:53;51  991317721;16.0;Para Celulares Vivo;
2020-08-11 18:10:23;51  991317721;5.0;Para Celulares Vivo;
2020-08-11 16:44:25;53  999782092;18.0;Para Celulares Vivo;
2020-08-11 16:10:52;51  980495967;233.0;Para Celulares Vivo;
2020-08-11 15:54:01;51  995590187;16.0;Para Celulares Vivo;
2020-08-11 13:38:26;53  999782092;5.0;Para Celulares Vivo;
2020-08-11 09:16:49;51  992592845;18.0;Para Celulares Vivo;
2020-08-10 16:22:44;51  991317721;20.0;Para Celulares Vivo;
2020-08-10 15:21:41;51  998932684;29.0;Para Celulares Vivo;
2020-08-10 14:14:50;51  992592754;7.0;Para Celulares Vivo;
2020-08-10 14:10:48;51  995590187;5.0;Para Celulares Vivo;
2020-08-10 10:24:40;51  992592754;31.0;Para Celulares Vivo;
2020-08-10 07:58:09;51  991202796;5.0;Para Celulares Vivo;
2020-08-10 07:23:00;51  998932684;20.0;Para Celulares Vivo;
2020-08-07 18:41:42;51  991317721;5.0;Para Celulares Vivo;
2020-08-07 15:51:16;51  991317721;5.0;Para Celulares Vivo;
2020-08-07 14:59:45;51  995590187;27.0;Para Celulares Vivo;
2020-08-07 14:42:17;51  998331892;7.0;Para Celulares Vivo;
2020-08-07 14:05:42;51  991317721;16.0;Para Celulares Vivo;
2020-08-07 12:09:05;51  998331892;5.0;Para Celulares Vivo;
2020-08-07 11:55:30;51  991202796;8.0;Para Celulares Vivo;
2020-08-07 11:51:27;51  991317721;37.0;Para Celulares Vivo;
2020-08-07 11:20:06;51  991059183;14.0;Para Celulares Vivo;
2020-08-07 10:29:00;51  995590187;10.0;Para Celulares Vivo;
2020-08-07 10:03:24;51  991059183;9.0;Para Celulares Vivo;
2020-08-07 09:49:53;51  991059183;8.0;Para Celulares Vivo;
2020-08-07 09:43:34;51  991059183;28.0;Para Celulares Vivo;
2020-08-07 09:17:18;51  995590187;29.0;Para Celulares Vivo;
2020-08-07 08:42:18;51  995590187;25.0;Para Celulares Vivo;
2020-08-07 08:36:52;51  991202796;6.0;Para Celulares Vivo;
2020-08-07 07:50:52;51  998932684;13.0;Para Celulares Vivo;
2020-08-06 16:46:42;51  991317721;5.0;Para Celulares Vivo;
2020-08-06 16:44:44;51  991317721;17.0;Para Celulares Vivo;
2020-08-06 12:32:04;51  991317721;21.0;Para Celulares Vivo;
2020-08-06 12:27:45;51  991059183;7.0;Para Celulares Vivo;
2020-08-05 18:55:38;51  998331892;5.0;Para Celulares Vivo;
2020-08-05 09:03:45;51  991317721;79.0;Para Celulares Vivo;
2020-08-05 08:44:16;51  991317721;24.0;Para Celulares Vivo;
2020-08-05 07:31:25;51  998932684;6.0;Para Celulares Vivo;
2020-08-05 07:28:29;51  991202796;11.0;Para Celulares Vivo;
2020-08-05 07:26:26;51  995590460;17.0;Para Celulares Vivo;
2020-08-05 07:19:16;51  991202796;14.0;Para Celulares Vivo;
2020-08-04 18:31:58;51  991202796;32.0;Para Celulares Vivo;
2020-08-04 18:24:41;51  991317721;47.0;Para Celulares Vivo;
2020-08-04 17:31:15;51  992592867;133.0;Para Celulares Vivo;
2020-08-04 17:21:49;51  995590187;91.0;Para Celulares Vivo;
2020-08-04 16:03:18;53  999782092;62.0;Para Celulares Vivo;
2020-08-04 13:54:14;54  996503436;72.0;Para Celulares Vivo;
2020-08-04 11:22:56;51  991202796;79.0;Para Celulares Vivo;
2020-08-04 07:26:19;51  998932684;18.0;Para Celulares Vivo;
2020-08-04 07:22:13;51  991202796;38.0;Para Celulares Vivo;
2020-08-04 07:20:16;51  995590187;11.0;Para Celulares Vivo;
2020-08-03 17:52:56;51  991202796;106.0;Para Celulares Vivo;
2020-08-03 16:37:36;51  991202796;21.0;Para Celulares Vivo;
2020-08-03 16:22:38;51  991202796;5.0;Para Celulares Vivo;
2020-08-03 16:10:40;51  991317721;5.0;Para Celulares Vivo;
2020-08-03 15:44:19;51  989028545;5.0;Para Celulares Vivo;
2020-08-03 15:33:59;51  998932684;5.0;Para Celulares Vivo;
2020-08-03 14:30:36;51  998932684;24.0;Para Celulares Vivo;
2020-08-03 13:55:34;51  991317721;40.0;Para Celulares Vivo;
2020-08-03 09:25:50;51  995590187;5.0;Para Celulares Vivo;
2020-08-03 08:37:42;51  995590187;48.0;Para Celulares Vivo;
2020-08-03 08:34:09;15  996580266;16.0;Para Celulares Vivo;
2020-08-03 08:27:36;51  995590460;54.0;Para Celulares Vivo;
2020-08-03 08:24:04;51  991202796;32.0;Para Celulares Vivo;
2020-08-02 11:26:40;51  991059183;5.0;Para Celulares Vivo;
2020-08-02 07:41:12;51  998932684;18.0;Para Celulares Vivo;
2020-08-31 16:26:58;51  981111669;0.0;Adicional por Ligacoes Realizadas;
2020-08-31 15:31:52;51  998331892;0.0;Adicional por Ligacoes Realizadas;
2020-08-31 15:11:16;51  981111669;0.0;Adicional por Ligacoes Realizadas;
2020-08-31 08:16:38;53  999782092;0.0;Adicional por Ligacoes Realizadas;
2020-08-31 08:15:31;51  991059183;0.0;Adicional por Ligacoes Realizadas;
2020-08-31 08:09:49;51  991059183;0.0;Adicional por Ligacoes Realizadas;
2020-08-28 15:14:31;51  991317721;0.0;Adicional por Ligacoes Realizadas;
2020-08-28 15:10:47;51  991202796;0.0;Adicional por Ligacoes Realizadas;
2020-08-28 15:05:45;51  991059183;0.0;Adicional por Ligacoes Realizadas;
2020-08-28 14:47:30;51  991059183;0.0;Adicional por Ligacoes Realizadas;
2020-08-28 10:39:46;51  991317721;0.0;Adicional por Ligacoes Realizadas;
2020-08-28 10:36:03;53  999782092;0.0;Adicional por Ligacoes Realizadas;
2020-08-27 16:20:48;51  998331892;0.0;Adicional por Ligacoes Realizadas;
2020-08-27 15:34:47;51  998331892;0.0;Adicional por Ligacoes Realizadas;
2020-08-27 15:30:31;51  991059183;0.0;Adicional por Ligacoes Realizadas;
2020-08-27 14:13:50;51  995590187;0.0;Adicional por Ligacoes Realizadas;
2020-08-27 13:19:14;51  991202796;0.0;Adicional por Ligacoes Realizadas;
2020-08-27 11:37:10;51  998331892;0.0;Adicional por Ligacoes Realizadas;
2020-08-27 11:20:29;51  981111669;0.0;Adicional por Ligacoes Realizadas;
2020-08-27 11:18:13;51  981111669;0.0;Adicional por Ligacoes Realizadas;
2020-08-27 09:59:01;51  995590187;0.0;Adicional por Ligacoes Realizadas;
2020-08-27 08:50:39;51  993320342;0.0;Adicional por Ligacoes Realizadas;
2020-08-27 08:49:20;51  998331892;0.0;Adicional por Ligacoes Realizadas;
2020-08-26 17:29:49;51  991202796;0.0;Adicional por Ligacoes Realizadas;
2020-08-26 17:13:51;51  998331892;0.0;Adicional por Ligacoes Realizadas;
2020-08-26 15:07:11;51  998331892;0.0;Adicional por Ligacoes Realizadas;
2020-08-26 15:05:50;51  995590187;0.0;Adicional por Ligacoes Realizadas;
2020-08-26 14:43:06;51  995590187;0.0;Adicional por Ligacoes Realizadas;
2020-08-26 14:15:33;51  995590460;0.0;Adicional por Ligacoes Realizadas;
2020-08-26 14:09:49;51  992592867;0.0;Adicional por Ligacoes Realizadas;
2020-08-26 12:35:47;51  993320342;0.0;Adicional por Ligacoes Realizadas;
2020-08-26 10:31:37;51  998932684;0.0;Adicional por Ligacoes Realizadas;
2020-08-26 07:32:54;51  995590187;0.0;Adicional por Ligacoes Realizadas;
2020-08-25 15:19:13;51  995590187;0.0;Adicional por Ligacoes Realizadas;
2020-08-25 14:54:09;51  998932684;0.0;Adicional por Ligacoes Realizadas;
2020-08-25 12:04:17;51  998331892;0.0;Adicional por Ligacoes Realizadas;
2020-08-25 11:39:33;51  998331892;0.0;Adicional por Ligacoes Realizadas;
2020-08-25 10:07:09;51  998932684;0.0;Adicional por Ligacoes Realizadas;
2020-08-25 09:28:23;51  998331892;0.0;Adicional por Ligacoes Realizadas;
2020-08-25 09:26:53;51  998331892;0.0;Adicional por Ligacoes Realizadas;
2020-08-25 08:01:32;51  998331892;0.0;Adicional por Ligacoes Realizadas;
2020-08-24 15:03:07;51  995590187;0.0;Adicional por Ligacoes Realizadas;
2020-08-24 13:14:31;51  995590187;0.0;Adicional por Ligacoes Realizadas;
2020-08-24 09:55:28;51  995590187;0.0;Adicional por Ligacoes Realizadas;
2020-08-21 15:53:23;51  980495967;0.0;Adicional por Ligacoes Realizadas;
2020-08-21 14:22:19;51  981111669;0.0;Adicional por Ligacoes Realizadas;
2020-08-21 14:18:20;51  981111669;0.0;Adicional por Ligacoes Realizadas;
2020-08-21 13:37:46;51  991059183;0.0;Adicional por Ligacoes Realizadas;
2020-08-21 13:35:38;51  995590187;0.0;Adicional por Ligacoes Realizadas;
2020-08-21 11:38:54;51  998331892;0.0;Adicional por Ligacoes Realizadas;
2020-08-21 11:12:07;51  998932684;0.0;Adicional por Ligacoes Realizadas;
2020-08-20 15:46:41;51  991317721;0.0;Adicional por Ligacoes Realizadas;
2020-08-20 10:37:33;51  998932684;0.0;Adicional por Ligacoes Realizadas;
2020-08-19 09:20:25;51  991059183;0.0;Adicional por Ligacoes Realizadas;
2020-08-18 14:07:28;51  991059183;0.0;Adicional por Ligacoes Realizadas;
2020-08-18 10:43:06;51  991059183;0.0;Adicional por Ligacoes Realizadas;
2020-08-18 09:59:51;51  991317721;0.0;Adicional por Ligacoes Realizadas;
2020-08-18 09:58:57;51  991059183;0.0;Adicional por Ligacoes Realizadas;
2020-08-17 17:41:33;51  991317721;0.0;Adicional por Ligacoes Realizadas;
2020-08-17 17:32:37;51  980495967;0.0;Adicional por Ligacoes Realizadas;
2020-08-17 17:14:22;51  980495967;0.0;Adicional por Ligacoes Realizadas;
2020-08-17 16:57:57;51  995590187;0.0;Adicional por Ligacoes Realizadas;
2020-08-17 16:54:03;51  980495967;0.0;Adicional por Ligacoes Realizadas;
2020-08-17 16:45:37;51  991202796;0.0;Adicional por Ligacoes Realizadas;
2020-08-17 16:32:55;51  995590187;0.0;Adicional por Ligacoes Realizadas;
2020-08-17 12:13:03;51  991059183;0.0;Adicional por Ligacoes Realizadas;
2020-08-17 12:05:43;51  991059183;0.0;Adicional por Ligacoes Realizadas;
2020-08-17 11:38:26;51  991059183;0.0;Adicional por Ligacoes Realizadas;
2020-08-17 10:01:06;51  998932684;0.0;Adicional por Ligacoes Realizadas;
2020-08-15 12:30:43;51  991202796;0.0;Adicional por Ligacoes Realizadas;
2020-08-15 09:57:29;24  988817973;0.0;Adicional por Ligacoes Realizadas;
2020-08-14 18:09:33;51  991059183;0.0;Adicional por Ligacoes Realizadas;
2020-08-14 17:38:16;47  32767022;0.0;Adicional por Ligacoes Realizadas;
2020-08-14 16:55:23;51  991059183;0.0;Adicional por Ligacoes Realizadas;
2020-08-14 16:49:03;51  981111669;0.0;Adicional por Ligacoes Realizadas;
2020-08-14 15:52:27;51  998932684;0.0;Adicional por Ligacoes Realizadas;
2020-08-14 14:59:02;51  998932684;0.0;Adicional por Ligacoes Realizadas;
2020-08-14 14:18:37;51  991202796;0.0;Adicional por Ligacoes Realizadas;
2020-08-14 14:03:28;51  991059183;0.0;Adicional por Ligacoes Realizadas;
2020-08-14 11:04:45;51  981111669;0.0;Adicional por Ligacoes Realizadas;
2020-08-14 10:19:00;51  991059183;0.0;Adicional por Ligacoes Realizadas;
2020-08-14 10:08:43;51  998932684;0.0;Adicional por Ligacoes Realizadas;
2020-08-13 20:52:22;51  998932684;0.0;Adicional por Ligacoes Realizadas;
2020-08-13 18:04:15;51  991059183;0.0;Adicional por Ligacoes Realizadas;
2020-08-13 17:34:48;51  981111669;0.0;Adicional por Ligacoes Realizadas;
2020-08-13 16:36:28;51  992592754;0.0;Adicional por Ligacoes Realizadas;
2020-08-13 15:24:52;51  991317721;0.0;Adicional por Ligacoes Realizadas;
2020-08-13 15:19:50;51  991317721;0.0;Adicional por Ligacoes Realizadas;
2020-08-13 11:10:53;51  999244269;0.0;Adicional por Ligacoes Realizadas;
2020-08-13 08:59:03;51  980495967;0.0;Adicional por Ligacoes Realizadas;
2020-08-13 07:56:50;51  991317721;0.0;Adicional por Ligacoes Realizadas;
2020-08-12 16:40:26;51  991202796;0.0;Adicional por Ligacoes Realizadas;
2020-08-12 16:38:29;51  998932684;0.0;Adicional por Ligacoes Realizadas;
2020-08-12 14:09:45;51  998932684;0.0;Adicional por Ligacoes Realizadas;
2020-08-12 12:29:36;51  995590187;0.0;Adicional por Ligacoes Realizadas;
2020-08-12 12:05:57;51  991317721;0.0;Adicional por Ligacoes Realizadas;
2020-08-12 11:38:44;51  998331892;0.0;Adicional por Ligacoes Realizadas;
2020-08-12 10:55:58;51  980495967;0.0;Adicional por Ligacoes Realizadas;
2020-08-12 10:25:29;51  998932684;0.0;Adicional por Ligacoes Realizadas;
2020-08-12 10:09:56;51  998932684;0.0;Adicional por Ligacoes Realizadas;
2020-08-12 09:50:41;51  980495967;0.0;Adicional por Ligacoes Realizadas;
2020-08-12 09:39:12;51  981111669;0.0;Adicional por Ligacoes Realizadas;
2020-08-12 09:01:28;51  980495967;0.0;Adicional por Ligacoes Realizadas;
2020-08-12 08:46:15;51  991007551;0.0;Adicional por Ligacoes Realizadas;
2020-08-12 08:39:53;51  991317721;0.0;Adicional por Ligacoes Realizadas;
2020-08-11 18:10:23;51  991317721;0.0;Adicional por Ligacoes Realizadas;
2020-08-11 16:44:25;53  999782092;0.0;Adicional por Ligacoes Realizadas;
2020-08-11 16:10:52;51  980495967;0.0;Adicional por Ligacoes Realizadas;
2020-08-11 15:54:01;51  995590187;0.0;Adicional por Ligacoes Realizadas;
2020-08-11 13:38:26;53  999782092;0.0;Adicional por Ligacoes Realizadas;
2020-08-11 09:16:49;51  992592845;0.0;Adicional por Ligacoes Realizadas;
2020-08-10 16:22:44;51  991317721;0.0;Adicional por Ligacoes Realizadas;
2020-08-10 15:21:41;51  998932684;0.0;Adicional por Ligacoes Realizadas;
2020-08-10 14:14:50;51  992592754;0.0;Adicional por Ligacoes Realizadas;
2020-08-10 14:10:48;51  995590187;0.0;Adicional por Ligacoes Realizadas;
2020-08-10 10:24:40;51  992592754;0.0;Adicional por Ligacoes Realizadas;
2020-08-10 07:58:09;51  991202796;0.0;Adicional por Ligacoes Realizadas;
2020-08-10 07:23:00;51  998932684;0.0;Adicional por Ligacoes Realizadas;
2020-08-07 18:41:42;51  991317721;0.0;Adicional por Ligacoes Realizadas;
2020-08-07 15:51:16;51  991317721;0.0;Adicional por Ligacoes Realizadas;
2020-08-07 14:59:45;51  995590187;0.0;Adicional por Ligacoes Realizadas;
2020-08-07 14:42:17;51  998331892;0.0;Adicional por Ligacoes Realizadas;
2020-08-07 14:36:52;53  991730957;0.0;Adicional por Ligacoes Realizadas;
2020-08-07 14:05:42;51  991317721;0.0;Adicional por Ligacoes Realizadas;
2020-08-07 12:09:05;51  998331892;0.0;Adicional por Ligacoes Realizadas;
2020-08-07 11:55:30;51  991202796;0.0;Adicional por Ligacoes Realizadas;
2020-08-07 11:51:27;51  991317721;0.0;Adicional por Ligacoes Realizadas;
2020-08-07 11:20:06;51  991059183;0.0;Adicional por Ligacoes Realizadas;
2020-08-07 10:29:00;51  995590187;0.0;Adicional por Ligacoes Realizadas;
2020-08-07 10:03:24;51  991059183;0.0;Adicional por Ligacoes Realizadas;
2020-08-07 09:49:53;51  991059183;0.0;Adicional por Ligacoes Realizadas;
2020-08-07 09:43:34;51  991059183;0.0;Adicional por Ligacoes Realizadas;
2020-08-07 09:17:18;51  995590187;0.0;Adicional por Ligacoes Realizadas;
2020-08-07 08:42:18;51  995590187;0.0;Adicional por Ligacoes Realizadas;
2020-08-07 08:36:52;51  991202796;0.0;Adicional por Ligacoes Realizadas;
2020-08-07 07:50:52;51  998932684;0.0;Adicional por Ligacoes Realizadas;
2020-08-06 16:46:42;51  991317721;0.0;Adicional por Ligacoes Realizadas;
2020-08-06 16:44:44;51  991317721;0.0;Adicional por Ligacoes Realizadas;
2020-08-06 12:32:04;51  991317721;0.0;Adicional por Ligacoes Realizadas;
2020-08-06 12:27:45;51  991059183;0.0;Adicional por Ligacoes Realizadas;
2020-08-05 18:55:38;51  998331892;0.0;Adicional por Ligacoes Realizadas;
2020-08-05 10:34:53;51  981111669;0.0;Adicional por Ligacoes Realizadas;
2020-08-05 10:01:05;51  981111669;0.0;Adicional por Ligacoes Realizadas;
2020-08-05 09:21:28;51  981111669;0.0;Adicional por Ligacoes Realizadas;
2020-08-05 09:03:45;51  991317721;0.0;Adicional por Ligacoes Realizadas;
2020-08-05 08:44:16;51  991317721;0.0;Adicional por Ligacoes Realizadas;
2020-08-15 10:12:50;    ;18.0;Chamadas de Longa Distancia para Outros Estados;
2020-08-31 17:48:42;"";1.0;ADICIONAL;0.00
2020-08-31 17:26:11;"";1.0;ADICIONAL;0.00
2020-08-31 16:38:51;"";1.0;ADICIONAL;0.00
2020-08-31 14:48:22;"";1.0;ADICIONAL;0.00
2020-08-31 11:10:32;"";1.0;ADICIONAL;0.00
2020-08-31 09:40:15;"";1.0;ADICIONAL;0.00
2020-08-31 08:15:45;"";1.0;ADICIONAL;0.00
2020-08-31 07:13:18;"";1.0;ADICIONAL;0.00
2020-08-31 07:10:59;"";1.0;ADICIONAL;0.00
2020-08-28 18:05:40;"";1.0;ADICIONAL;0.00
2020-08-28 16:58:46;"";1.0;ADICIONAL;0.00
2020-08-28 16:16:47;"";1.0;ADICIONAL;0.00
2020-08-28 15:43:33;"";1.0;ADICIONAL;0.00
2020-08-28 11:25:23;"";1.0;ADICIONAL;0.00
2020-08-28 08:12:28;"";1.0;ADICIONAL;0.00
2020-08-27 17:03:20;"";1.0;ADICIONAL;0.00
2020-08-27 15:31:43;"";1.0;ADICIONAL;0.00
2020-08-27 14:46:45;"";1.0;ADICIONAL;0.00
2020-08-27 14:15:58;"";1.0;ADICIONAL;0.00
2020-08-27 13:59:43;"";1.0;ADICIONAL;0.00
2020-08-27 10:55:04;"";1.0;ADICIONAL;0.00
2020-08-27 10:31:25;"";1.0;ADICIONAL;0.00
2020-08-27 09:26:43;"";1.0;ADICIONAL;0.00
2020-08-27 07:58:51;"";1.0;ADICIONAL;0.00
2020-08-26 13:14:10;"";1.0;ADICIONAL;0.00
2020-08-26 11:53:46;"";1.0;ADICIONAL;0.00
2020-08-26 10:37:58;"";1.0;ADICIONAL;0.00
2020-08-26 10:33:52;"";1.0;ADICIONAL;0.00
2020-08-26 09:49:23;"";1.0;ADICIONAL;0.00
2020-08-26 08:27:34;"";1.0;ADICIONAL;0.00
2020-08-26 07:50:22;"";1.0;ADICIONAL;0.00
2020-08-25 17:09:06;"";1.0;ADICIONAL;0.00
2020-08-25 16:46:27;"";1.0;ADICIONAL;0.00
2020-08-25 15:20:31;"";1.0;ADICIONAL;0.00
2020-08-25 13:47:08;"";1.0;ADICIONAL;0.00
2020-08-25 12:41:24;"";1.0;ADICIONAL;0.00
2020-08-25 11:05:11;"";1.0;ADICIONAL;0.00
2020-08-25 08:09:32;"";1.0;ADICIONAL;0.00
2020-08-25 08:07:06;"";1.0;ADICIONAL;0.00
2020-08-25 07:30:15;"";1.0;ADICIONAL;0.00
2020-08-24 11:27:11;"";1.0;ADICIONAL;0.00
2020-08-06 13:43:54;    ;31.0;Chamadas de Longa Distancia para Outros Estados;
2020-08-06 13:19:43;    ;46.0;Chamadas de Longa Distancia para Outros Estados;
2020-08-06 12:47:17;    ;5.0;Chamadas de Longa Distancia para Outros Estados;
2020-08-06 10:54:19;    ;20.0;Chamadas de Longa Distancia para Outros Estados;
2020-08-06 10:41:26;    ;24.0;Chamadas de Longa Distancia para Outros Estados;
2020-08-06 10:36:28;    ;45.0;Chamadas de Longa Distancia para Outros Estados;
2020-08-06 09:09:00;    ;8.0;Chamadas de Longa Distancia para Outros Estados;
2020-08-06 09:02:45;    ;30.0;Chamadas de Longa Distancia para Outros Estados;
2020-08-06 08:36:09;    ;15.0;Chamadas de Longa Distancia para Outros Estados;
2020-08-06 08:18:39;    ;12.0;Chamadas de Longa Distancia para Outros Estados;
2020-08-05 16:35:07;    ;8.0;Chamadas de Longa Distancia para Outros Estados;
2020-08-05 14:51:11;    ;5.0;Chamadas de Longa Distancia para Outros Estados;
2020-08-05 11:12:28;    ;44.0;Chamadas de Longa Distancia para Outros Estados;
2020-08-05 10:02:23;    ;83.0;Chamadas de Longa Distancia para Outros Estados;
2020-08-05 08:40:36;    ;15.0;Chamadas de Longa Distancia para Outros Estados;
2020-08-05 08:28:14;    ;7.0;Chamadas de Longa Distancia para Outros Estados;
2020-08-04 18:46:11;    ;49.0;Chamadas de Longa Distancia para Outros Estados;
2020-08-04 17:18:14;    ;11.0;Chamadas de Longa Distancia para Outros Estados;
2020-08-04 17:13:02;    ;53.0;Chamadas de Longa Distancia para Outros Estados;
2020-08-04 10:41:19;    ;18.0;Chamadas de Longa Distancia para Outros Estados;
2020-08-04 10:05:09;    ;9.0;Chamadas de Longa Distancia para Outros Estados;
2020-08-04 09:38:54;    ;8.0;Chamadas de Longa Distancia para Outros Estados;
2020-08-04 09:34:58;    ;14.0;Chamadas de Longa Distancia para Outros Estados;
2020-08-04 08:39:10;    ;5.0;Chamadas de Longa Distancia para Outros Estados;
2020-08-04 08:31:17;    ;18.0;Chamadas de Longa Distancia para Outros Estados;
2020-08-03 17:00:19;    ;231.0;Chamadas de Longa Distancia para Outros Estados;
2020-08-03 14:06:49;    ;14.0;Chamadas de Longa Distancia para Outros Estados;
2020-08-03 10:39:40;    ;6.0;Chamadas de Longa Distancia para Outros Estados;
2020-08-03 10:19:52;    ;24.0;Chamadas de Longa Distancia para Outros Estados;
2020-08-03 09:34:15;    ;60.0;Chamadas de Longa Distancia para Outros Estados;
2020-08-02 12:16:12;    ;8.0;Chamadas de Longa Distancia para Outros Estados;
2020-07-31;"";321.0;INTERNET MOVEL 2;0.00
2020-08-01;"";786.0;INTERNET MOVEL 2;0.00
2020-08-02;"";619.0;INTERNET MOVEL 2;0.00
2020-08-03;"";529.0;INTERNET MOVEL 2;0.00
2020-08-04;"";451.0;INTERNET MOVEL 2;0.00
2020-08-05;"";830.0;INTERNET MOVEL 2;0.00
2020-08-06;"";919.0;INTERNET MOVEL 2;0.00
2020-08-07;"";744.0;INTERNET MOVEL 2;0.00
2020-08-08;"";803.0;INTERNET MOVEL 2;0.00
2020-08-09;"";681.0;INTERNET MOVEL 2;0.00
2020-08-10;"";600.0;INTERNET MOVEL 2;0.00
2020-08-11;"";570.0;INTERNET MOVEL 2;0.00
2020-08-12;"";982.0;INTERNET MOVEL 2;0.00
2020-08-13;"";389.0;INTERNET MOVEL 2;0.00
2020-08-14;"";488.0;INTERNET MOVEL 2;0.00
2020-08-15;"";284.0;INTERNET MOVEL 2;0.00
2020-08-16;"";695.0;INTERNET MOVEL 2;0.00
2020-08-17;"";544.0;INTERNET MOVEL 2;0.00
2020-08-18;"";481.0;INTERNET MOVEL 2;0.00
2020-08-19;"";565.0;INTERNET MOVEL 2;0.00
2020-08-22;"";531.0;INTERNET MOVEL 2;0.00
2020-08-23;"";1533.0;INTERNET MOVEL 2;0.00
2020-08-24;"";61563.3;INTERNET MOVEL 2;0.00
2020-08-25;"";617.0;INTERNET MOVEL 2;0.00
2020-08-26;"";589.0;INTERNET MOVEL 2;0.00
2020-08-27;"";884.0;INTERNET MOVEL 2;0.00
2020-08-28;"";363.0;INTERNET MOVEL 2;0.00
2020-08-29;"";418.0;INTERNET MOVEL 2;0.00
2020-08-30;"";846.0;INTERNET MOVEL 2;0.00
2020-08-31;"";277.0;INTERNET MOVEL 2;0.00
