data_hora_inicio;nro_telefone_chamado;duracao_ligacao;desc_categoria;valor_ligacao
2020-08-16 12:00:00;55  981293913;6.0;Para Fixo Vivo;
2020-08-11 19:12:24;55  981293913;73.0;Para Fixo Vivo;
2020-08-24 09:49:03;51  984155402;28.0;Para Celulares de Outras Operadoras;
2020-08-08 12:27:17;51  982684054;5.0;Para Celulares de Outras Operadoras;
2020-08-25 10:36:09;51  997152427;5.0;Para Celulares Vivo;
2020-08-22 10:20:13;51  997152427;5.0;Para Celulares Vivo;
2020-08-18 11:18:21;51  997152427;5.0;Para Celulares Vivo;
2020-08-11;"";1.0;INTERNET MOVEL 2;0.00
2020-08-25;"";1.0;INTERNET MOVEL 2;0.00
2020-08-29;"";1.0;INTERNET MOVEL 2;0.00
