data_hora_inicio;nro_telefone_chamado;duracao_ligacao;desc_categoria;valor_ligacao
2020-08-01 16:40:34;"";1.0;ADICIONAL;0.00
2020-08-01 15:23:40;"";1.0;ADICIONAL;0.00
2020-08-04 12:27:47;"";1.0;ADICIONAL;0.00
2020-08-03 11:51:07;"";1.0;ADICIONAL;0.00
2020-08-03 10:25:22;"";1.0;ADICIONAL;0.00
2020-08-10 14:43:22;51995863683;1.0;GRATIS-SMS;0.00
2020-08-01 09:30:02;51  995863683;0.0;Adicional por Ligacoes Realizadas;
2020-08-12 12:20:11;51  991931287;9.0;Para Celulares de Outras Operadoras;
2020-08-04 15:31:00;51  998545903;5.0;Para Celulares Vivo;
2020-08-03 17:13:31;51  995863683;93.0;Para Celulares Vivo;
2020-08-03 12:21:54;51  980161383;10.0;Para Celulares Vivo;
2020-08-03 11:41:04;51  995863683;52.0;Para Celulares Vivo;
2020-08-03 10:24:28;51  995863683;7.0;Para Celulares Vivo;
2020-08-01 09:30:02;51  995863683;73.0;Para Celulares Vivo;
2020-08-04 15:31:00;51  998545903;0.0;Adicional por Ligacoes Realizadas;
2020-08-03 17:13:31;51  995863683;0.0;Adicional por Ligacoes Realizadas;
2020-08-03 12:21:54;51  980161383;0.0;Adicional por Ligacoes Realizadas;
2020-08-03 11:41:04;51  995863683;0.0;Adicional por Ligacoes Realizadas;
2020-08-03 10:24:28;51  995863683;0.0;Adicional por Ligacoes Realizadas;
2020-08-24 08:28:09;34  999112698;55.0;Para Celulares Vivo;
2020-08-04 12:27:47;    ;5.0;Chamadas de Longa Distancia para Outros Estados;
2020-08-03 11:51:07;    ;54.0;Chamadas de Longa Distancia para Outros Estados;
2020-08-03 10:25:22;    ;5.0;Chamadas de Longa Distancia para Outros Estados;
2020-08-01 16:40:34;    ;51.0;Chamadas de Longa Distancia para Outros Estados;
2020-08-01 15:23:40;    ;98.0;Chamadas de Longa Distancia para Outros Estados;
2020-08-24 08:24:21;51  983221903;5.0;Para Celulares de Outras Operadoras;
2020-08-24 08:16:24;51  983221903;66.0;Para Celulares de Outras Operadoras;
2020-08-21 08:48:07;51  984696961;8.0;Para Celulares de Outras Operadoras;
2020-08-18 15:14:07;51  984206252;14.0;Para Celulares de Outras Operadoras;
2020-08-06 17:08:03;51  991153364;46.0;Para Celulares de Outras Operadoras;
2020-08-06 12:54:44;51  989072839;30.0;Para Celulares de Outras Operadoras;
2020-08-06 12:25:22;51  994589357;9.0;Para Celulares de Outras Operadoras;
2020-08-06 11:30:36;51  991007628;6.0;Para Celulares de Outras Operadoras;
2020-08-13 15:50:43;51  21313333;22.0;Para Fixo Vivo;
2020-08-25 18:35:47;51  999113369;40.0;Para Celulares Vivo;
2020-08-24 13:47:49;51  995863683;91.0;Para Celulares Vivo;
2020-08-18 13:38:56;51  999308832;15.0;Para Celulares Vivo;
2020-08-15 09:16:59;51  995863683;11.0;Para Celulares Vivo;
2020-08-14 15:38:33;51  980161383;11.0;Para Celulares Vivo;
2020-08-14 09:36:19;51  995863683;33.0;Para Celulares Vivo;
2020-08-10 13:59:43;51  995863683;20.0;Para Celulares Vivo;
2020-08-10 13:59:12;51  995863683;5.0;Para Celulares Vivo;
2020-08-10 08:56:56;51  995863683;13.0;Para Celulares Vivo;
2020-08-10 08:48:31;51  995863683;80.0;Para Celulares Vivo;
2020-08-08 09:55:07;51  999113369;5.0;Para Celulares Vivo;
2020-08-07 13:54:25;51  999113369;41.0;Para Celulares Vivo;
2020-08-06 16:46:59;51  998774978;39.0;Para Celulares Vivo;
2020-08-06 10:27:59;51  998804808;5.0;Para Celulares Vivo;
2020-08-06 08:53:58;51  980161383;5.0;Para Celulares Vivo;
2020-08-05 17:19:50;51  995863683;72.0;Para Celulares Vivo;
2020-08-05 12:14:54;51  998804808;18.0;Para Celulares Vivo;
2020-08-05 11:36:36;51  980161383;5.0;Para Celulares Vivo;
2020-08-01;"";1476.0;INTERNET MOVEL 2;0.00
2020-08-02;"";2273.0;INTERNET MOVEL 2;0.00
2020-08-03;"";48045.5;INTERNET MOVEL 2;0.00
2020-08-04;"";37125.3;INTERNET MOVEL 2;0.00
2020-08-05;"";19590.0;INTERNET MOVEL 2;0.00
2020-08-06;"";62061.7;INTERNET MOVEL 2;0.00
2020-08-07;"";36747.0;INTERNET MOVEL 2;0.00
2020-08-08;"";7208.1;INTERNET MOVEL 2;0.00
2020-08-09;"";117257.2;INTERNET MOVEL 2;0.00
2020-08-10;"";145300.9;INTERNET MOVEL 2;0.00
2020-08-11;"";74056.3;INTERNET MOVEL 2;0.00
2020-08-12;"";14377.0;INTERNET MOVEL 2;0.00
2020-08-13;"";16646.0;INTERNET MOVEL 2;0.00
2020-08-14;"";64429.1;INTERNET MOVEL 2;0.00
2020-08-15;"";5948.5;INTERNET MOVEL 2;0.00
2020-08-16;"";47842.6;INTERNET MOVEL 2;0.00
2020-08-17;"";3439.0;INTERNET MOVEL 2;0.00
2020-08-18;"";140491.7;INTERNET MOVEL 2;0.00
2020-08-19;"";1588.0;INTERNET MOVEL 2;0.00
2020-08-20;"";684.0;INTERNET MOVEL 2;0.00
2020-08-21;"";28353.3;INTERNET MOVEL 2;0.00
2020-08-22;"";40091.8;INTERNET MOVEL 2;0.00
2020-08-23;"";22286.3;INTERNET MOVEL 2;0.00
2020-08-24;"";48006.4;INTERNET MOVEL 2;0.00
2020-08-25;"";12779.4;INTERNET MOVEL 2;0.00
2020-08-26;"";37910.9;INTERNET MOVEL 2;0.00
2020-08-27;"";15714.6;INTERNET MOVEL 2;0.00
2020-08-28;"";12262.7;INTERNET MOVEL 2;0.00
2020-08-29;"";48568.9;INTERNET MOVEL 2;0.00
2020-08-30;"";4673.0;INTERNET MOVEL 2;0.00
2020-08-31;"";14996.7;INTERNET MOVEL 2;0.00
