data_hora_inicio;nro_telefone_chamado;duracao_ligacao;desc_categoria;valor_ligacao
2020-08-02 14:37:31;51  999793450;5.0;Para Celulares Vivo;
2020-08-28 13:49:27;51  33365546;31.0;Para Fixo de Outras Operadoras;
2020-08-28 13:10:43;51  33311575;14.0;Para Fixo de Outras Operadoras;
2020-08-28 11:00:31;51  33466621;5.0;Para Fixo de Outras Operadoras;
2020-08-26 16:02:06;51  32252767;22.0;Para Fixo de Outras Operadoras;
2020-08-26 15:37:46;51  32106848;22.0;Para Fixo de Outras Operadoras;
2020-08-26 09:30:47;51  32106848;47.0;Para Fixo de Outras Operadoras;
2020-08-17 11:24:44;51  33466621;28.0;Para Fixo de Outras Operadoras;
2020-08-13 12:11:57;51  33413379;12.0;Para Fixo de Outras Operadoras;
2020-08-12 13:16:58;51  33365546;5.0;Para Fixo de Outras Operadoras;
2020-08-12 12:22:28;51  33365546;17.0;Para Fixo de Outras Operadoras;
2020-08-09 10:29:15;51  33413379;41.0;Para Fixo de Outras Operadoras;
2020-08-04 10:58:30;51  40042040;58.0;Para Fixo de Outras Operadoras;
2020-08-28 17:33:14;51  981943701;14.0;Para Celulares de Outras Operadoras;
2020-08-07 19:40:15;51  993393042;30.0;Para Celulares de Outras Operadoras;
2020-08-28 12:01:47;51  991634373;29.0;Para Celulares Vivo;
2020-08-27 18:39:06;51  999713905;5.0;Para Celulares Vivo;
2020-08-26 19:20:41;51  999713905;21.0;Para Celulares Vivo;
2020-08-26 17:15:50;51  999713905;23.0;Para Celulares Vivo;
2020-08-26 16:06:00;51  999587536;68.0;Para Celulares Vivo;
2020-08-21 14:50:10;51  999713905;28.0;Para Celulares Vivo;
2020-08-21 11:46:40;51  999793450;6.0;Para Celulares Vivo;
2020-08-20 18:28:17;51  999793450;5.0;Para Celulares Vivo;
2020-08-20 14:26:50;51  991634373;17.0;Para Celulares Vivo;
2020-08-20 12:48:39;51  999713905;5.0;Para Celulares Vivo;
2020-08-20 11:34:43;51  999713905;7.0;Para Celulares Vivo;
2020-08-20 11:34:01;51  991634373;5.0;Para Celulares Vivo;
2020-08-18 10:18:06;51  991634373;8.0;Para Celulares Vivo;
2020-08-14 14:06:25;51  998022220;6.0;Para Celulares Vivo;
2020-08-12 12:19:48;51  999793450;5.0;Para Celulares Vivo;
2020-08-09 19:17:20;51  999793450;27.0;Para Celulares Vivo;
2020-08-09 11:23:20;51  992592972;28.0;Para Celulares Vivo;
2020-08-05 15:12:24;51  998022220;273.0;Para Celulares Vivo;
2020-07-31;"";459.0;INTERNET MOVEL 2;0.00
2020-08-01;"";110933.7;INTERNET MOVEL 2;0.00
2020-08-02;"";99555.2;INTERNET MOVEL 2;0.00
2020-08-03;"";71798.4;INTERNET MOVEL 2;0.00
2020-08-04;"";17827.9;INTERNET MOVEL 2;0.00
2020-08-05;"";44501.2;INTERNET MOVEL 2;0.00
2020-08-06;"";91549.4;INTERNET MOVEL 2;0.00
2020-08-07;"";1897.1;INTERNET MOVEL 2;0.00
2020-08-08;"";9841.3;INTERNET MOVEL 2;0.00
2020-08-09;"";7089.2;INTERNET MOVEL 2;0.00
2020-08-10;"";29138.2;INTERNET MOVEL 2;0.00
2020-08-11;"";1970.1;INTERNET MOVEL 2;0.00
2020-08-12;"";14199.3;INTERNET MOVEL 2;0.00
2020-08-13;"";26623.2;INTERNET MOVEL 2;0.00
2020-08-14;"";26831.6;INTERNET MOVEL 2;0.00
2020-08-15;"";13023.8;INTERNET MOVEL 2;0.00
2020-08-16;"";3053.0;INTERNET MOVEL 2;0.00
2020-08-17;"";15139.6;INTERNET MOVEL 2;0.00
2020-08-18;"";40358.4;INTERNET MOVEL 2;0.00
2020-08-19;"";11303.0;INTERNET MOVEL 2;0.00
2020-08-20;"";23808.2;INTERNET MOVEL 2;0.00
2020-08-21;"";19923.7;INTERNET MOVEL 2;0.00
2020-08-22;"";4717.3;INTERNET MOVEL 2;0.00
2020-08-23;"";32076.6;INTERNET MOVEL 2;0.00
2020-08-24;"";8727.3;INTERNET MOVEL 2;0.00
2020-08-25;"";18316.1;INTERNET MOVEL 2;0.00
2020-08-26;"";31854.0;INTERNET MOVEL 2;0.00
2020-08-27;"";23857.6;INTERNET MOVEL 2;0.00
2020-08-28;"";83135.3;INTERNET MOVEL 2;0.00
2020-08-29;"";23506.0;INTERNET MOVEL 2;0.00
2020-08-30;"";93156.8;INTERNET MOVEL 2;0.00
2020-08-31;"";3927.0;INTERNET MOVEL 2;0.00
