data_hora_inicio;nro_telefone_chamado;duracao_ligacao;desc_categoria;valor_ligacao
2020-08-01 11:02:00;51991539763;1.0;GRATIS-SMS;0.00
2020-08-01 10:58:57;51991539763;1.0;GRATIS-SMS;0.00
2020-08-21 13:57:41;51991390178;1.0;GRATIS-SMS;0.00
2020-08-05 16:17:41;51  992592817;5.0;Para Celulares Vivo;
2020-08-31 14:16:20;51  30337500;7.0;Para Fixo de Outras Operadoras;
2020-08-21 11:52:08;51  32280915;13.0;Para Fixo de Outras Operadoras;
2020-08-20 11:00:20;51  40049009;5.0;Para Fixo de Outras Operadoras;
2020-08-20 10:52:55;51  40049009;73.0;Para Fixo de Outras Operadoras;
2020-08-04 09:51:42;51  30318881;39.0;Para Fixo de Outras Operadoras;
2020-08-30 19:19:08;51  999601808;7.0;Para Celulares de Outras Operadoras;
2020-08-30 08:44:42;51  996384977;5.0;Para Celulares de Outras Operadoras;
2020-08-29 12:05:18;51  999601808;5.0;Para Celulares de Outras Operadoras;
2020-08-29 11:53:34;51  999601808;7.0;Para Celulares de Outras Operadoras;
2020-08-21 14:27:44;51  995002032;18.0;Para Celulares de Outras Operadoras;
2020-08-20 10:51:47;51  994239991;5.0;Para Celulares de Outras Operadoras;
2020-08-17 15:13:14;51  999601808;7.0;Para Celulares de Outras Operadoras;
2020-08-14 18:42:44;51  999601808;73.0;Para Celulares de Outras Operadoras;
2020-08-14 13:48:03;51  991539763;19.0;Para Celulares de Outras Operadoras;
2020-08-02 11:51:00;51  991539763;5.0;Para Celulares de Outras Operadoras;
2020-08-27 18:34:47;51  992592817;9.0;Para Celulares Vivo;
2020-08-21 16:37:53;51  992592817;5.0;Para Celulares Vivo;
2020-08-21 08:34:24;51  992592817;12.0;Para Celulares Vivo;
2020-08-20 18:58:15;51  992592817;16.0;Para Celulares Vivo;
2020-08-13 19:43:21;51  992592817;5.0;Para Celulares Vivo;
2020-08-12 11:08:11;51  992592826;36.0;Para Celulares Vivo;
2020-08-10 11:26:10;51  992592826;71.0;Para Celulares Vivo;
2020-08-06 14:03:42;51  992592817;5.0;Para Celulares Vivo;
2020-08-05 10:52:50;51  992592826;57.0;Para Celulares Vivo;
2020-07-31;"";49428.5;INTERNET MOVEL 2;0.00
2020-08-01;"";44436.2;INTERNET MOVEL 2;0.00
2020-08-02;"";45860.8;INTERNET MOVEL 2;0.00
2020-08-03;"";36593.1;INTERNET MOVEL 2;0.00
2020-08-04;"";3721.0;INTERNET MOVEL 2;0.00
2020-08-05;"";127442.4;INTERNET MOVEL 2;0.00
2020-08-06;"";16329.7;INTERNET MOVEL 2;0.00
2020-08-07;"";17278.6;INTERNET MOVEL 2;0.00
2020-08-08;"";243472.2;INTERNET MOVEL 2;0.00
2020-08-09;"";67743.9;INTERNET MOVEL 2;0.00
2020-08-10;"";46540.7;INTERNET MOVEL 2;0.00
2020-08-11;"";3758.8;INTERNET MOVEL 2;0.00
2020-08-12;"";4374.4;INTERNET MOVEL 2;0.00
2020-08-13;"";75379.7;INTERNET MOVEL 2;0.00
2020-08-14;"";148924.8;INTERNET MOVEL 2;0.00
2020-08-15;"";3079.5;INTERNET MOVEL 2;0.00
2020-08-16;"";52818.0;INTERNET MOVEL 2;0.00
2020-08-17;"";37148.1;INTERNET MOVEL 2;0.00
2020-08-18;"";67842.5;INTERNET MOVEL 2;0.00
2020-08-19;"";73414.0;INTERNET MOVEL 2;0.00
2020-08-20;"";9112.3;INTERNET MOVEL 2;0.00
2020-08-21;"";20627.8;INTERNET MOVEL 2;0.00
2020-08-22;"";158259.1;INTERNET MOVEL 2;0.00
2020-08-23;"";38505.9;INTERNET MOVEL 2;0.00
2020-08-24;"";33722.0;INTERNET MOVEL 2;0.00
2020-08-25;"";123847.1;INTERNET MOVEL 2;0.00
2020-08-26;"";14874.1;INTERNET MOVEL 2;0.00
2020-08-27;"";10888.6;INTERNET MOVEL 2;0.00
2020-08-28;"";103346.6;INTERNET MOVEL 2;0.00
2020-08-29;"";26556.9;INTERNET MOVEL 2;0.00
2020-08-30;"";50585.0;INTERNET MOVEL 2;0.00
2020-08-31;"";8622.1;INTERNET MOVEL 2;0.00
