data_hora_inicio;nro_telefone_chamado;duracao_ligacao;desc_categoria;valor_ligacao
2020-08-24 09:53:54;"";1.0;ADICIONAL;0.00
2020-08-17 10:17:44;5137815265;1.0;ADICIONAL;0.00
2020-08-17 09:26:29;5121313333;1.0;ADICIONAL;0.00
2020-08-12 07:53:33;"";1.0;ADICIONAL;0.00
2020-08-10 13:33:01;5121313333;1.0;ADICIONAL;0.00
2020-08-09 18:38:05;"";1.0;ADICIONAL;0.00
2020-08-07 19:22:45;"";1.0;ADICIONAL;0.00
2020-08-07 09:39:49;1321018108;1.0;ADICIONAL;0.00
2020-08-06 08:33:02;5121313333;1.0;ADICIONAL;0.00
2020-08-29 19:52:45;51  991317721;5.0;Para Celulares Vivo;
2020-08-17 14:13:24;51  992592754;12.0;Para Celulares Vivo;
2020-08-29 19:52:45;51  991317721;0.0;Adicional por Ligacoes Realizadas;
2020-08-27 21:12:01;*5  55;0.0;Adicional por Ligacoes Realizadas;
2020-08-26 08:26:14;13  40101000;0.0;Adicional por Ligacoes Realizadas;
2020-08-21 15:08:23;13  996218073;0.0;Adicional por Ligacoes Realizadas;
2020-08-17 14:13:24;51  992592754;0.0;Adicional por Ligacoes Realizadas;
2020-08-07 09:45:19;13  981463358;0.0;Adicional por Ligacoes Realizadas;
2020-08-24 09:53:54;    ;20.0;Chamadas de Longa Distancia para Outros Estados;
2020-08-17 10:17:44;51  37815265;20.0;Chamadas de Longa Distancia para Outros Estados;
2020-08-17 09:26:29;51  21313333;5.0;Chamadas de Longa Distancia para Outros Estados;
2020-08-12 07:53:33;    ;5.0;Chamadas de Longa Distancia para Outros Estados;
2020-08-10 13:33:01;51  21313333;5.0;Chamadas de Longa Distancia para Outros Estados;
2020-08-09 18:38:05;    ;5.0;Chamadas de Longa Distancia para Outros Estados;
2020-08-07 19:22:45;    ;5.0;Chamadas de Longa Distancia para Outros Estados;
2020-08-07 09:39:49;13  21018108;11.0;Chamadas de Longa Distancia para Outros Estados;
2020-08-06 08:33:02;51  21313333;5.0;Chamadas de Longa Distancia para Outros Estados;
2020-08-27 21:12:01;*5  55;5.0;"";
2020-08-26 08:26:14;13  40101000;55.0;Para Fixo de Outras Operadoras;
2020-08-07 09:45:19;13  981463358;16.0;Para Celulares de Outras Operadoras;
2020-08-21 15:08:23;13  996218073;16.0;Para Celulares Vivo;
2020-08-27;"";9.0;INTERNET MOVEL 2;0.00
2020-08-28;"";15.0;INTERNET MOVEL 2;0.00
2020-08-29;"";4.0;INTERNET MOVEL 2;0.00
2020-08-30;"";5.0;INTERNET MOVEL 2;0.00
2020-08-31;"";7.0;INTERNET MOVEL 2;0.00
