data_hora_inicio;nro_telefone_chamado;duracao_ligacao;desc_categoria;valor_ligacao
2020-08-19 16:29:19;51  34993364;35.0;Para Fixo de Outras Operadoras;
2020-08-18 16:13:45;51  34993364;28.0;Para Fixo de Outras Operadoras;
2020-08-18 15:32:02;51  30415081;32.0;Para Fixo de Outras Operadoras;
2020-08-18 08:42:23;51  993568917;23.0;Para Celulares Vivo;
2020-08-17 16:25:36;51  992592679;15.0;Para Celulares Vivo;
2020-08-13 08:31:34;51  993568917;124.0;Para Celulares Vivo;
2020-08-11 15:37:27;51  992592679;351.0;Para Celulares Vivo;
2020-08-11 13:46:55;51  993568917;145.0;Para Celulares Vivo;
2020-07-31;"";44171.3;INTERNET MOVEL 2;0.00
2020-08-01;"";207157.3;INTERNET MOVEL 2;0.00
2020-08-02;"";130139.1;INTERNET MOVEL 2;0.00
2020-08-03;"";103640.1;INTERNET MOVEL 2;0.00
2020-08-04;"";264452.8;INTERNET MOVEL 2;0.00
2020-08-05;"";211200.5;INTERNET MOVEL 2;0.00
2020-08-06;"";258586.1;INTERNET MOVEL 2;0.00
2020-08-07;"";101370.7;INTERNET MOVEL 2;0.00
2020-08-08;"";18299.9;INTERNET MOVEL 2;0.00
2020-08-09;"";120638.5;INTERNET MOVEL 2;0.00
2020-08-10;"";119799.7;INTERNET MOVEL 2;0.00
2020-08-11;"";140458.0;INTERNET MOVEL 2;0.00
2020-08-12;"";99028.7;INTERNET MOVEL 2;0.00
2020-08-13;"";160143.0;INTERNET MOVEL 2;0.00
2020-08-14;"";148187.7;INTERNET MOVEL 2;0.00
2020-08-15;"";67506.8;INTERNET MOVEL 2;0.00
2020-08-16;"";144319.4;INTERNET MOVEL 2;0.00
2020-08-17;"";13553.6;INTERNET MOVEL 2;0.00
2020-08-18;"";129672.8;INTERNET MOVEL 2;0.00
2020-08-19;"";184665.9;INTERNET MOVEL 2;0.00
2020-08-20;"";121924.9;INTERNET MOVEL 2;0.00
2020-08-21;"";171460.5;INTERNET MOVEL 2;0.00
2020-08-22;"";136664.9;INTERNET MOVEL 2;0.00
2020-08-23;"";61596.8;INTERNET MOVEL 2;0.00
2020-08-24;"";73016.6;INTERNET MOVEL 2;0.00
2020-08-25;"";77630.0;INTERNET MOVEL 2;0.00
2020-08-26;"";6789.2;INTERNET MOVEL 2;0.00
2020-08-27;"";24914.4;INTERNET MOVEL 2;0.00
2020-08-28;"";9247.7;INTERNET MOVEL 2;0.00
2020-08-29;"";4512.4;INTERNET MOVEL 2;0.00
2020-08-30;"";13130.0;INTERNET MOVEL 2;0.00
2020-08-31;"";1827.4;INTERNET MOVEL 2;0.00
