data_hora_inicio;nro_telefone_chamado;duracao_ligacao;desc_categoria;valor_ligacao
2020-08-07 16:28:50;55  984436131;25.0;Para Celulares de Outras Operadoras;
2020-08-07 22:56:25;*5  55;5.0;"";
2020-08-28 17:28:15;51  35926752;20.0;Para Fixo de Outras Operadoras;
2020-08-22 10:46:22;51  30376440;8.0;Para Fixo de Outras Operadoras;
2020-08-19 11:15:37;51  32019700;63.0;Para Fixo de Outras Operadoras;
2020-08-19 11:09:09;51  32019700;13.0;Para Fixo de Outras Operadoras;
2020-08-18 10:20:28;51  35898252;26.0;Para Fixo de Outras Operadoras;
2020-08-13 11:09:56;51  32106373;310.0;Para Fixo de Outras Operadoras;
2020-08-13 14:56:32;51  30377833;27.0;Para Fixo Vivo;
2020-07-31;"";343.0;INTERNET MOVEL 2;0.00
2020-08-01;"";2239.0;INTERNET MOVEL 2;0.00
2020-08-02;"";1885.0;INTERNET MOVEL 2;0.00
2020-08-03;"";2722.0;INTERNET MOVEL 2;0.00
2020-08-04;"";3674.0;INTERNET MOVEL 2;0.00
2020-08-05;"";3836.0;INTERNET MOVEL 2;0.00
2020-08-06;"";2578.0;INTERNET MOVEL 2;0.00
2020-08-07;"";2737.2;INTERNET MOVEL 2;0.00
2020-08-08;"";1550.0;INTERNET MOVEL 2;0.00
2020-08-09;"";5246.3;INTERNET MOVEL 2;0.00
2020-08-10;"";4470.9;INTERNET MOVEL 2;0.00
2020-08-11;"";1710.0;INTERNET MOVEL 2;0.00
2020-08-12;"";7939.8;INTERNET MOVEL 2;0.00
2020-08-13;"";2821.0;INTERNET MOVEL 2;0.00
2020-08-14;"";1637.0;INTERNET MOVEL 2;0.00
2020-08-15;"";984.0;INTERNET MOVEL 2;0.00
2020-08-16;"";2344.0;INTERNET MOVEL 2;0.00
2020-08-17;"";3261.0;INTERNET MOVEL 2;0.00
2020-08-18;"";2394.0;INTERNET MOVEL 2;0.00
2020-08-19;"";2657.0;INTERNET MOVEL 2;0.00
2020-08-20;"";2569.0;INTERNET MOVEL 2;0.00
2020-08-21;"";5851.2;INTERNET MOVEL 2;0.00
2020-08-22;"";7105.9;INTERNET MOVEL 2;0.00
2020-08-23;"";3407.3;INTERNET MOVEL 2;0.00
2020-08-24;"";5077.4;INTERNET MOVEL 2;0.00
2020-08-25;"";1814.0;INTERNET MOVEL 2;0.00
2020-08-26;"";28781.4;INTERNET MOVEL 2;0.00
2020-08-27;"";9320.1;INTERNET MOVEL 2;0.00
2020-08-28;"";3205.3;INTERNET MOVEL 2;0.00
2020-08-29;"";2982.6;INTERNET MOVEL 2;0.00
2020-08-30;"";1378.0;INTERNET MOVEL 2;0.00
2020-08-31;"";1720.0;INTERNET MOVEL 2;0.00
