data_hora_inicio;nro_telefone_chamado;duracao_ligacao;desc_categoria;valor_ligacao
2020-08-01 03:12:18;51  34902747;6.0;Para Fixo de Outras Operadoras;
2020-08-01 12:24:52;51  994610494;16.0;Para Celulares de Outras Operadoras;
2020-08-07 14:47:31;51  34901771;5.0;Para Fixo de Outras Operadoras;
2020-08-05 20:34:23;51  30149700;66.0;Para Fixo de Outras Operadoras;
2020-08-05 19:54:53;51  30149700;54.0;Para Fixo de Outras Operadoras;
2020-08-29 12:22:50;51  989434872;5.0;Para Celulares de Outras Operadoras;
2020-08-29 10:23:51;51  993321098;21.0;Para Celulares de Outras Operadoras;
2020-08-27 12:47:19;51  993321098;15.0;Para Celulares de Outras Operadoras;
2020-08-24 15:24:34;51  989434872;5.0;Para Celulares de Outras Operadoras;
2020-08-24 07:44:27;51  989434872;5.0;Para Celulares de Outras Operadoras;
2020-08-24 07:12:30;51  989434872;5.0;Para Celulares de Outras Operadoras;
2020-08-19 07:42:58;51  989434872;6.0;Para Celulares de Outras Operadoras;
2020-08-17 14:07:54;51  989434872;5.0;Para Celulares de Outras Operadoras;
2020-08-17 07:17:45;51  989434872;5.0;Para Celulares de Outras Operadoras;
2020-08-12 07:19:32;51  989434872;5.0;Para Celulares de Outras Operadoras;
2020-08-10 07:27:31;51  989434872;5.0;Para Celulares de Outras Operadoras;
2020-08-09 10:57:44;51  981371136;33.0;Para Celulares de Outras Operadoras;
2020-08-07 10:49:05;51  989434872;5.0;Para Celulares de Outras Operadoras;
2020-08-06 07:58:55;51  989434872;5.0;Para Celulares de Outras Operadoras;
2020-08-05 07:26:37;51  993106634;9.0;Para Celulares de Outras Operadoras;
2020-08-04 09:57:28;51  993024384;10.0;Para Celulares de Outras Operadoras;
2020-08-03 09:45:35;51  991854580;5.0;Para Celulares de Outras Operadoras;
2020-08-10 21:17:37;51  34236240;21.0;Para Fixo Vivo;
2020-08-31 07:45:19;51  995105815;5.0;Para Celulares Vivo;
2020-08-29 14:09:22;51  998137123;6.0;Para Celulares Vivo;
2020-08-17 13:41:53;51  998311708;5.0;Para Celulares Vivo;
2020-08-10 07:28:44;51  991026438;5.0;Para Celulares Vivo;
2020-08-03 09:07:54;51  991943334;5.0;Para Celulares Vivo;
2020-07-31;"";235.0;INTERNET MOVEL 2;0.00
2020-08-01;"";804.0;INTERNET MOVEL 2;0.00
2020-08-02;"";692.0;INTERNET MOVEL 2;0.00
2020-08-03;"";460.0;INTERNET MOVEL 2;0.00
2020-08-04;"";561.0;INTERNET MOVEL 2;0.00
2020-08-05;"";803.0;INTERNET MOVEL 2;0.00
2020-08-06;"";766.0;INTERNET MOVEL 2;0.00
2020-08-07;"";951.0;INTERNET MOVEL 2;0.00
2020-08-08;"";836.0;INTERNET MOVEL 2;0.00
2020-08-09;"";545.0;INTERNET MOVEL 2;0.00
2020-08-10;"";639.0;INTERNET MOVEL 2;0.00
2020-08-11;"";612.0;INTERNET MOVEL 2;0.00
2020-08-12;"";772.0;INTERNET MOVEL 2;0.00
2020-08-13;"";698.0;INTERNET MOVEL 2;0.00
2020-08-14;"";541.0;INTERNET MOVEL 2;0.00
2020-08-15;"";594.0;INTERNET MOVEL 2;0.00
2020-08-16;"";860.0;INTERNET MOVEL 2;0.00
2020-08-17;"";695.0;INTERNET MOVEL 2;0.00
2020-08-18;"";25219.5;INTERNET MOVEL 2;0.00
2020-08-19;"";15673.3;INTERNET MOVEL 2;0.00
2020-08-20;"";44355.8;INTERNET MOVEL 2;0.00
2020-08-21;"";56518.0;INTERNET MOVEL 2;0.00
2020-08-22;"";957.0;INTERNET MOVEL 2;0.00
2020-08-23;"";50776.7;INTERNET MOVEL 2;0.00
2020-08-24;"";37428.5;INTERNET MOVEL 2;0.00
2020-08-25;"";565.0;INTERNET MOVEL 2;0.00
2020-08-26;"";562.0;INTERNET MOVEL 2;0.00
2020-08-27;"";576.0;INTERNET MOVEL 2;0.00
2020-08-28;"";566.0;INTERNET MOVEL 2;0.00
2020-08-29;"";520.0;INTERNET MOVEL 2;0.00
2020-08-30;"";750.0;INTERNET MOVEL 2;0.00
2020-08-31;"";592.0;INTERNET MOVEL 2;0.00
