data_hora_inicio;nro_telefone_chamado;duracao_ligacao;desc_categoria;valor_ligacao
2020-08-27 12:56:43;49948;1.0;INTERATIVIDADE SMS;6.99
2020-08-16 09:18:19;51  986137261;40.0;Para Celulares de Outras Operadoras;
2020-08-15 23:39:49;51  981231931;5.0;Para Celulares de Outras Operadoras;
2020-08-15 23:10:02;51  986137261;13.0;Para Celulares de Outras Operadoras;
2020-08-15 22:13:56;51  985214802;14.0;Para Celulares de Outras Operadoras;
2020-08-15 12:55:10;51  991992219;5.0;Para Celulares de Outras Operadoras;
2020-08-29 08:57:44;51  995112258;27.0;Para Celulares Vivo;
2020-08-29 08:56:00;51  999286999;5.0;Para Celulares Vivo;
2020-08-15 23:35:54;51  995383154;5.0;Para Celulares Vivo;
2020-08-15 22:10:31;51  995383154;21.0;Para Celulares Vivo;
2020-08-15 09:05:56;51  995112258;5.0;Para Celulares Vivo;
2020-08-13 18:50:58;51  995112258;10.0;Para Celulares Vivo;
2020-08-13 09:01:39;51  995112258;13.0;Para Celulares Vivo;
2020-08-12 07:22:26;51  995112258;5.0;Para Celulares Vivo;
2020-08-10 19:18:11;51  998546893;5.0;Para Celulares Vivo;
2020-08-10;"";1.0;INTERNET MOVEL 2;0.00
2020-08-15;"";1.0;INTERNET MOVEL 2;0.00
2020-08-16;"";5.0;INTERNET MOVEL 2;0.00
2020-08-27;"";8.0;INTERNET MOVEL 2;0.00
