data_hora_inicio;nro_telefone_chamado;duracao_ligacao;desc_categoria;valor_ligacao
2020-08-18 17:42:42;"";1.0;ADICIONAL;0.00
2020-08-18 17:10:38;"";1.0;ADICIONAL;0.00
2020-08-18 15:19:17;"";1.0;ADICIONAL;0.00
2020-08-18 15:16:39;"";1.0;ADICIONAL;0.00
2020-08-18 15:11:08;"";1.0;ADICIONAL;0.00
2020-08-18 14:08:17;"";1.0;ADICIONAL;0.00
2020-08-18 13:39:36;"";1.0;ADICIONAL;0.00
2020-08-18 11:09:01;"";1.0;ADICIONAL;0.00
2020-08-18 08:46:21;"";1.0;ADICIONAL;0.00
2020-08-18 08:04:01;"";1.0;ADICIONAL;0.00
2020-08-18 08:01:05;"";1.0;ADICIONAL;0.00
2020-08-17 20:13:37;"";1.0;ADICIONAL;0.00
2020-08-17 20:07:27;"";1.0;ADICIONAL;0.00
2020-08-17 16:07:13;"";1.0;ADICIONAL;0.00
2020-08-14 11:57:33;"";1.0;ADICIONAL;0.00
2020-08-13 15:29:55;"";1.0;ADICIONAL;0.00
2020-08-13 09:21:16;"";1.0;ADICIONAL;0.00
2020-08-13 08:33:49;"";1.0;ADICIONAL;0.00
2020-08-12 15:30:02;"";1.0;ADICIONAL;0.00
2020-08-12 15:29:37;"";1.0;ADICIONAL;0.00
2020-08-12 15:14:47;"";1.0;ADICIONAL;0.00
2020-08-12 14:48:33;"";1.0;ADICIONAL;0.00
2020-08-11 08:32:48;"";1.0;ADICIONAL;0.00
2020-08-10 17:23:36;"";1.0;ADICIONAL;0.00
2020-08-10 16:26:43;"";1.0;ADICIONAL;0.00
2020-08-10 13:53:24;"";1.0;ADICIONAL;0.00
2020-08-10 08:39:42;"";1.0;ADICIONAL;0.00
2020-08-08 10:43:48;"";1.0;ADICIONAL;0.00
2020-08-08 10:41:00;"";1.0;ADICIONAL;0.00
2020-08-08 10:04:49;"";1.0;ADICIONAL;0.00
2020-08-06 17:47:32;"";1.0;ADICIONAL;0.00
2020-08-06 17:45:21;"";1.0;ADICIONAL;0.00
2020-08-06 16:57:47;"";1.0;ADICIONAL;0.00
2020-08-06 15:56:27;"";1.0;ADICIONAL;0.00
2020-08-06 15:28:44;"";1.0;ADICIONAL;0.00
2020-08-06 13:16:19;"";1.0;ADICIONAL;0.00
2020-08-06 08:48:11;"";1.0;ADICIONAL;0.00
2020-08-05 14:36:20;"";1.0;ADICIONAL;0.00
2020-08-05 09:12:13;"";1.0;ADICIONAL;0.00
2020-08-19 14:22:59;85  33918103;20.0;Para Fixo de Outras Operadoras;
2020-08-11 16:16:53;11  32668685;70.0;Para Fixo de Outras Operadoras;
2020-08-24 16:57:17;22  988492015;7.0;Para Celulares de Outras Operadoras;
2020-08-18 16:56:12;55  991912888;10.0;Para Celulares de Outras Operadoras;
2020-08-08 10:18:44;22  988492015;9.0;Para Celulares de Outras Operadoras;
2020-08-28 17:19:36;51  991813564;47.0;Para Celulares Vivo;
2020-08-25 09:16:45;51  991223844;9.0;Para Celulares Vivo;
2020-08-24 11:01:06;51  991813564;6.0;Para Celulares Vivo;
2020-08-22 09:40:25;51  991813564;5.0;Para Celulares Vivo;
2020-08-21 13:44:51;51  991813564;10.0;Para Celulares Vivo;
2020-08-20 11:48:09;51  999971088;5.0;Para Celulares Vivo;
2020-08-20 09:13:50;51  991813564;5.0;Para Celulares Vivo;
2020-08-19 13:44:54;51  999971088;5.0;Para Celulares Vivo;
2020-08-19 11:19:13;51  999971088;5.0;Para Celulares Vivo;
2020-08-19 10:31:43;51  992592959;5.0;Para Celulares Vivo;
2020-08-19 09:11:33;13  996729747;31.0;Para Celulares Vivo;
2020-08-18 18:13:05;51  999971088;5.0;Para Celulares Vivo;
2020-08-18 17:49:13;51  999971088;6.0;Para Celulares Vivo;
2020-08-18 15:04:18;51  991223844;36.0;Para Celulares Vivo;
2020-08-17 10:57:27;51  991223844;5.0;Para Celulares Vivo;
2020-08-17 08:41:40;51  996922316;5.0;Para Celulares Vivo;
2020-08-15 11:18:34;51  999971088;15.0;Para Celulares Vivo;
2020-08-14 11:55:23;51  996922316;7.0;Para Celulares Vivo;
2020-08-13 15:55:55;51  991223844;5.0;Para Celulares Vivo;
2020-08-12 15:19:16;51  991223844;11.0;Para Celulares Vivo;
2020-08-12 14:36:44;51  991813564;11.0;Para Celulares Vivo;
2020-08-12 14:15:23;51  996922316;5.0;Para Celulares Vivo;
2020-08-12 11:39:54;51  991223844;7.0;Para Celulares Vivo;
2020-08-12 11:15:49;51  991223844;5.0;Para Celulares Vivo;
2020-08-11 13:43:03;51  991813564;8.0;Para Celulares Vivo;
2020-08-11 11:36:11;51  991223844;89.0;Para Celulares Vivo;
2020-08-11 08:52:18;51  991223844;9.0;Para Celulares Vivo;
2020-08-11 08:41:13;51  991223844;5.0;Para Celulares Vivo;
2020-08-10 15:26:51;51  991223844;34.0;Para Celulares Vivo;
2020-08-10 15:24:21;51  992592959;5.0;Para Celulares Vivo;
2020-08-10 12:58:31;51  991813564;6.0;Para Celulares Vivo;
2020-08-08 16:07:40;51  991813564;7.0;Para Celulares Vivo;
2020-08-08 10:46:45;51  992592959;5.0;Para Celulares Vivo;
2020-08-07 16:33:10;51  991813564;8.0;Para Celulares Vivo;
2020-08-06 16:41:13;51  996922316;6.0;Para Celulares Vivo;
2020-08-06 16:35:59;51  992592752;26.0;Para Celulares Vivo;
2020-08-06 15:22:10;51  991813564;10.0;Para Celulares Vivo;
2020-08-05 14:21:42;51  991813564;8.0;Para Celulares Vivo;
2020-08-05 13:53:35;51  991813564;13.0;Para Celulares Vivo;
2020-08-05 13:06:03;51  991813564;6.0;Para Celulares Vivo;
2020-08-05 09:39:06;51  991813564;5.0;Para Celulares Vivo;
2020-08-05 09:21:48;51  981861609;9.0;Para Celulares Vivo;
2020-08-05 09:17:10;51  992592841;7.0;Para Celulares Vivo;
2020-08-31 17:53:50;98  32167979;0.0;Adicional por Ligacoes Realizadas;
2020-08-31 17:50:58;98  32174327;0.0;Adicional por Ligacoes Realizadas;
2020-08-31 17:49:39;98  32174321;0.0;Adicional por Ligacoes Realizadas;
2020-08-31 17:35:40;98  991890265;0.0;Adicional por Ligacoes Realizadas;
2020-08-31 17:34:15;98  988115213;0.0;Adicional por Ligacoes Realizadas;
2020-08-31 17:33:39;98  988115213;0.0;Adicional por Ligacoes Realizadas;
2020-08-31 17:29:17;98  991890265;0.0;Adicional por Ligacoes Realizadas;
2020-08-31 15:11:29;98  981166641;0.0;Adicional por Ligacoes Realizadas;
2020-08-31 14:20:14;98  987016385;0.0;Adicional por Ligacoes Realizadas;
2020-08-31 11:48:00;98  988459378;0.0;Adicional por Ligacoes Realizadas;
2020-08-31 09:26:59;98  991890265;0.0;Adicional por Ligacoes Realizadas;
2020-08-31 08:58:33;98  988459378;0.0;Adicional por Ligacoes Realizadas;
2020-08-30 23:24:06;98  996051021;0.0;Adicional por Ligacoes Realizadas;
2020-08-29 11:59:06;98  996051021;0.0;Adicional por Ligacoes Realizadas;
2020-08-29 09:25:40;98  988000839;0.0;Adicional por Ligacoes Realizadas;
2020-08-27 15:09:01;98  987016385;0.0;Adicional por Ligacoes Realizadas;
2020-08-27 08:24:30;98  987016385;0.0;Adicional por Ligacoes Realizadas;
2020-08-26 17:45:56;98  988278501;0.0;Adicional por Ligacoes Realizadas;
2020-08-26 14:54:01;98  988278501;0.0;Adicional por Ligacoes Realizadas;
2020-08-26 14:42:12;98  981308654;0.0;Adicional por Ligacoes Realizadas;
2020-08-26 14:37:05;98  988278501;0.0;Adicional por Ligacoes Realizadas;
2020-08-26 13:39:46;98  984543310;0.0;Adicional por Ligacoes Realizadas;
2020-08-26 11:12:19;98  992350401;0.0;Adicional por Ligacoes Realizadas;
2020-08-26 08:57:08;98  981166641;0.0;Adicional por Ligacoes Realizadas;
2020-08-26 08:26:17;98  992350401;0.0;Adicional por Ligacoes Realizadas;
2020-08-26 08:17:56;98  992350401;0.0;Adicional por Ligacoes Realizadas;
2020-08-25 09:55:07;98  991090188;0.0;Adicional por Ligacoes Realizadas;
2020-08-25 09:40:19;98  992350401;0.0;Adicional por Ligacoes Realizadas;
2020-08-25 09:16:45;51  991223844;0.0;Adicional por Ligacoes Realizadas;
2020-08-24 16:57:17;22  988492015;0.0;Adicional por Ligacoes Realizadas;
2020-08-24 15:11:39;98  992350401;0.0;Adicional por Ligacoes Realizadas;
2020-08-24 15:08:27;98  982111252;0.0;Adicional por Ligacoes Realizadas;
2020-08-24 15:00:50;98  988278501;0.0;Adicional por Ligacoes Realizadas;
2020-08-24 14:47:47;98  992350401;0.0;Adicional por Ligacoes Realizadas;
2020-08-24 14:03:25;98  999731602;0.0;Adicional por Ligacoes Realizadas;
2020-08-24 13:41:15;98  992350401;0.0;Adicional por Ligacoes Realizadas;
2020-08-24 13:27:00;98  991812146;0.0;Adicional por Ligacoes Realizadas;
2020-08-24 11:01:06;51  991813564;0.0;Adicional por Ligacoes Realizadas;
2020-08-24 10:57:35;98  992350401;0.0;Adicional por Ligacoes Realizadas;
2020-08-22 16:40:26;98  987504748;0.0;Adicional por Ligacoes Realizadas;
2020-08-22 12:17:45;98  996051021;0.0;Adicional por Ligacoes Realizadas;
2020-08-22 09:41:37;98  992332062;0.0;Adicional por Ligacoes Realizadas;
2020-08-22 09:40:25;51  991813564;0.0;Adicional por Ligacoes Realizadas;
2020-08-22 09:29:08;98  991090188;0.0;Adicional por Ligacoes Realizadas;
2020-08-22 09:17:01;98  996051021;0.0;Adicional por Ligacoes Realizadas;
2020-08-22 09:05:45;98  991090188;0.0;Adicional por Ligacoes Realizadas;
2020-08-22 09:05:16;98  992332062;0.0;Adicional por Ligacoes Realizadas;
2020-08-22 09:00:31;98  992332062;0.0;Adicional por Ligacoes Realizadas;
2020-08-22 08:57:13;98  991090188;0.0;Adicional por Ligacoes Realizadas;
2020-08-21 18:35:04;98  996051021;0.0;Adicional por Ligacoes Realizadas;
2020-08-31 13:02:25;"";1.0;ADICIONAL;0.00
2020-08-31 08:13:39;"";1.0;ADICIONAL;0.00
2020-08-31 08:06:49;"";1.0;ADICIONAL;0.00
2020-08-29 06:26:30;"";1.0;ADICIONAL;0.00
2020-08-28 17:14:22;"";1.0;ADICIONAL;0.00
2020-08-28 16:17:02;"";1.0;ADICIONAL;0.00
2020-08-28 15:06:20;"";1.0;ADICIONAL;0.00
2020-08-28 14:54:53;"";1.0;ADICIONAL;0.00
2020-08-28 13:47:51;"";1.0;ADICIONAL;0.00
2020-08-28 13:32:31;"";1.0;ADICIONAL;0.00
2020-08-28 12:15:12;"";1.0;ADICIONAL;0.00
2020-08-28 09:37:04;"";1.0;ADICIONAL;0.00
2020-08-28 09:31:53;"";1.0;ADICIONAL;0.00
2020-08-27 11:14:34;"";1.0;ADICIONAL;0.00
2020-08-27 09:24:50;"";1.0;ADICIONAL;0.00
2020-08-26 16:30:30;"";1.0;ADICIONAL;0.00
2020-08-26 14:13:02;"";1.0;ADICIONAL;0.00
2020-08-26 13:50:56;"";1.0;ADICIONAL;0.00
2020-08-26 09:55:09;"";1.0;ADICIONAL;0.00
2020-08-25 16:05:12;"";1.0;ADICIONAL;0.00
2020-08-25 15:57:47;"";1.0;ADICIONAL;0.00
2020-08-25 13:47:03;"";1.0;ADICIONAL;0.00
2020-08-25 09:31:24;"";1.0;ADICIONAL;0.00
2020-08-25 08:42:20;"";1.0;ADICIONAL;0.00
2020-08-24 18:19:21;"";1.0;ADICIONAL;0.00
2020-08-24 17:01:08;"";1.0;ADICIONAL;0.00
2020-08-22 15:58:11;"";1.0;ADICIONAL;0.00
2020-08-22 09:49:28;"";1.0;ADICIONAL;0.00
2020-08-22 09:11:17;"";1.0;ADICIONAL;0.00
2020-08-22 07:59:28;"";1.0;ADICIONAL;0.00
2020-08-21 13:47:25;"";1.0;ADICIONAL;0.00
2020-08-20 11:13:17;"";1.0;ADICIONAL;0.00
2020-08-20 08:37:01;"";1.0;ADICIONAL;0.00
2020-08-19 17:23:07;"";1.0;ADICIONAL;0.00
2020-08-19 16:35:22;"";1.0;ADICIONAL;0.00
2020-08-19 16:19:02;"";1.0;ADICIONAL;0.00
2020-08-19 15:07:38;"";1.0;ADICIONAL;0.00
2020-08-19 11:10:32;"";1.0;ADICIONAL;0.00
2020-08-19 08:29:30;"";1.0;ADICIONAL;0.00
2020-08-18 18:18:49;"";1.0;ADICIONAL;0.00
2020-08-21 13:44:51;51  991813564;0.0;Adicional por Ligacoes Realizadas;
2020-08-21 13:39:15;98  991090188;0.0;Adicional por Ligacoes Realizadas;
2020-08-20 15:06:25;98  981308654;0.0;Adicional por Ligacoes Realizadas;
2020-08-20 13:39:43;98  992350401;0.0;Adicional por Ligacoes Realizadas;
2020-08-20 11:48:09;51  999971088;0.0;Adicional por Ligacoes Realizadas;
2020-08-20 11:12:36;98  991090188;0.0;Adicional por Ligacoes Realizadas;
2020-08-20 09:13:50;51  991813564;0.0;Adicional por Ligacoes Realizadas;
2020-08-20 09:03:39;98  981308654;0.0;Adicional por Ligacoes Realizadas;
2020-08-20 08:59:06;98  992350401;0.0;Adicional por Ligacoes Realizadas;
2020-08-20 08:53:01;98  992350401;0.0;Adicional por Ligacoes Realizadas;
2020-08-20 08:52:21;98  991090188;0.0;Adicional por Ligacoes Realizadas;
2020-08-19 16:24:00;98  992350401;0.0;Adicional por Ligacoes Realizadas;
2020-08-19 16:07:26;98  992350401;0.0;Adicional por Ligacoes Realizadas;
2020-08-19 15:40:20;98  992350401;0.0;Adicional por Ligacoes Realizadas;
2020-08-19 14:43:27;98  988278501;0.0;Adicional por Ligacoes Realizadas;
2020-08-19 14:22:59;85  33918103;0.0;Adicional por Ligacoes Realizadas;
2020-08-19 14:02:32;98  992332062;0.0;Adicional por Ligacoes Realizadas;
2020-08-19 13:44:54;51  999971088;0.0;Adicional por Ligacoes Realizadas;
2020-08-19 11:19:13;51  999971088;0.0;Adicional por Ligacoes Realizadas;
2020-08-19 11:17:01;98  984942948;0.0;Adicional por Ligacoes Realizadas;
2020-08-19 10:31:43;51  992592959;0.0;Adicional por Ligacoes Realizadas;
2020-08-19 09:11:33;13  996729747;0.0;Adicional por Ligacoes Realizadas;
2020-08-19 08:48:48;98  991090188;0.0;Adicional por Ligacoes Realizadas;
2020-08-19 08:28:20;98  981308654;0.0;Adicional por Ligacoes Realizadas;
2020-08-19 07:55:26;98  981166641;0.0;Adicional por Ligacoes Realizadas;
2020-08-18 18:13:37;98  991090188;0.0;Adicional por Ligacoes Realizadas;
2020-08-18 18:13:05;51  999971088;0.0;Adicional por Ligacoes Realizadas;
2020-08-18 17:49:13;51  999971088;0.0;Adicional por Ligacoes Realizadas;
2020-08-18 16:56:12;55  991912888;0.0;Adicional por Ligacoes Realizadas;
2020-08-18 16:51:37;98  988278501;0.0;Adicional por Ligacoes Realizadas;
2020-08-18 16:43:51;98  981308654;0.0;Adicional por Ligacoes Realizadas;
2020-08-18 15:04:18;51  991223844;0.0;Adicional por Ligacoes Realizadas;
2020-08-18 13:46:47;98  992350401;0.0;Adicional por Ligacoes Realizadas;
2020-08-18 08:18:29;98  996051021;0.0;Adicional por Ligacoes Realizadas;
2020-08-17 20:44:51;98  996051021;0.0;Adicional por Ligacoes Realizadas;
2020-08-17 20:05:52;98  988479559;0.0;Adicional por Ligacoes Realizadas;
2020-08-17 20:05:15;98  988479559;0.0;Adicional por Ligacoes Realizadas;
2020-08-17 16:25:59;98  989055110;0.0;Adicional por Ligacoes Realizadas;
2020-08-17 15:32:04;98  988479559;0.0;Adicional por Ligacoes Realizadas;
2020-08-17 15:14:24;98  992350401;0.0;Adicional por Ligacoes Realizadas;
2020-08-17 10:57:27;51  991223844;0.0;Adicional por Ligacoes Realizadas;
2020-08-17 09:01:30;98  981308654;0.0;Adicional por Ligacoes Realizadas;
2020-08-17 08:41:40;51  996922316;0.0;Adicional por Ligacoes Realizadas;
2020-08-15 11:18:34;51  999971088;0.0;Adicional por Ligacoes Realizadas;
2020-08-14 16:06:23;98  992350401;0.0;Adicional por Ligacoes Realizadas;
2020-08-14 15:47:35;98  981585957;0.0;Adicional por Ligacoes Realizadas;
2020-08-14 11:55:23;51  996922316;0.0;Adicional por Ligacoes Realizadas;
2020-08-13 15:55:55;51  991223844;0.0;Adicional por Ligacoes Realizadas;
2020-08-12 15:52:14;98  992350401;0.0;Adicional por Ligacoes Realizadas;
2020-08-12 15:27:30;98  984421870;0.0;Adicional por Ligacoes Realizadas;
2020-08-12 15:26:03;98  992350401;0.0;Adicional por Ligacoes Realizadas;
2020-08-12 15:23:42;98  981166641;0.0;Adicional por Ligacoes Realizadas;
2020-08-12 15:19:16;51  991223844;0.0;Adicional por Ligacoes Realizadas;
2020-08-12 14:36:44;51  991813564;0.0;Adicional por Ligacoes Realizadas;
2020-08-12 14:15:23;51  996922316;0.0;Adicional por Ligacoes Realizadas;
2020-08-12 11:39:54;51  991223844;0.0;Adicional por Ligacoes Realizadas;
2020-08-12 11:15:49;51  991223844;0.0;Adicional por Ligacoes Realizadas;
2020-08-11 16:16:53;11  32668685;0.0;Adicional por Ligacoes Realizadas;
2020-08-11 13:43:03;51  991813564;0.0;Adicional por Ligacoes Realizadas;
2020-08-11 11:36:11;51  991223844;0.0;Adicional por Ligacoes Realizadas;
2020-08-11 08:52:18;51  991223844;0.0;Adicional por Ligacoes Realizadas;
2020-08-11 08:45:39;98  984942948;0.0;Adicional por Ligacoes Realizadas;
2020-08-11 08:44:48;98  981166641;0.0;Adicional por Ligacoes Realizadas;
2020-08-11 08:41:13;51  991223844;0.0;Adicional por Ligacoes Realizadas;
2020-08-10 15:26:51;51  991223844;0.0;Adicional por Ligacoes Realizadas;
2020-08-10 15:24:21;51  992592959;0.0;Adicional por Ligacoes Realizadas;
2020-08-10 12:58:31;51  991813564;0.0;Adicional por Ligacoes Realizadas;
2020-08-10 11:14:51;08  000982997;0.0;Adicional por Ligacoes Realizadas;
2020-08-10 11:12:09;08  000982997;0.0;Adicional por Ligacoes Realizadas;
2020-08-10 11:06:05;08  000982997;0.0;Adicional por Ligacoes Realizadas;
2020-08-10 11:04:26;08  000982997;0.0;Adicional por Ligacoes Realizadas;
2020-08-10 08:58:28;98  981166641;0.0;Adicional por Ligacoes Realizadas;
2020-08-10 07:50:42;98  992350401;0.0;Adicional por Ligacoes Realizadas;
2020-08-08 18:48:45;98  996051021;0.0;Adicional por Ligacoes Realizadas;
2020-08-08 16:07:40;51  991813564;0.0;Adicional por Ligacoes Realizadas;
2020-08-08 11:12:40;98  984266651;0.0;Adicional por Ligacoes Realizadas;
2020-08-08 10:46:45;51  992592959;0.0;Adicional por Ligacoes Realizadas;
2020-08-08 10:18:44;22  988492015;0.0;Adicional por Ligacoes Realizadas;
2020-08-07 16:33:10;51  991813564;0.0;Adicional por Ligacoes Realizadas;
2020-08-07 11:41:31;98  992350401;0.0;Adicional por Ligacoes Realizadas;
2020-08-06 16:41:13;51  996922316;0.0;Adicional por Ligacoes Realizadas;
2020-08-06 16:35:59;51  992592752;0.0;Adicional por Ligacoes Realizadas;
2020-08-06 15:37:54;98  992350401;0.0;Adicional por Ligacoes Realizadas;
2020-08-06 15:22:10;51  991813564;0.0;Adicional por Ligacoes Realizadas;
2020-08-05 16:53:13;98  999617237;0.0;Adicional por Ligacoes Realizadas;
2020-08-05 14:21:42;51  991813564;0.0;Adicional por Ligacoes Realizadas;
2020-08-05 13:53:35;51  991813564;0.0;Adicional por Ligacoes Realizadas;
2020-08-05 13:06:03;51  991813564;0.0;Adicional por Ligacoes Realizadas;
2020-08-05 09:39:06;51  991813564;0.0;Adicional por Ligacoes Realizadas;
2020-08-05 09:35:44;98  992447379;0.0;Adicional por Ligacoes Realizadas;
2020-08-05 09:21:48;51  981861609;0.0;Adicional por Ligacoes Realizadas;
2020-08-05 09:17:10;51  992592841;0.0;Adicional por Ligacoes Realizadas;
2020-08-10 11:14:51;08  000982997;17.0;"";
2020-08-10 11:12:09;08  000982997;19.0;"";
2020-08-10 11:06:05;08  000982997;21.0;"";
2020-08-10 11:04:26;08  000982997;15.0;"";
2020-08-31 13:02:25;    ;13.0;Chamadas de Longa Distancia para Outros Estados;
2020-08-31 08:13:39;    ;25.0;Chamadas de Longa Distancia para Outros Estados;
2020-08-31 08:06:49;    ;12.0;Chamadas de Longa Distancia para Outros Estados;
2020-08-29 06:26:30;    ;6.0;Chamadas de Longa Distancia para Outros Estados;
2020-08-28 17:14:22;    ;19.0;Chamadas de Longa Distancia para Outros Estados;
2020-08-28 16:17:02;    ;5.0;Chamadas de Longa Distancia para Outros Estados;
2020-08-26 14:54:01;98  988278501;16.0;Para Celulares de Outras Operadoras;
2020-08-26 14:42:12;98  981308654;5.0;Para Celulares de Outras Operadoras;
2020-08-26 14:37:05;98  988278501;24.0;Para Celulares de Outras Operadoras;
2020-08-26 13:39:46;98  984543310;14.0;Para Celulares de Outras Operadoras;
2020-08-26 08:57:08;98  981166641;34.0;Para Celulares de Outras Operadoras;
2020-08-24 15:08:27;98  982111252;25.0;Para Celulares de Outras Operadoras;
2020-08-24 15:00:50;98  988278501;16.0;Para Celulares de Outras Operadoras;
2020-08-24 14:03:25;98  999731602;20.0;Para Celulares de Outras Operadoras;
2020-08-22 16:40:26;98  987504748;11.0;Para Celulares de Outras Operadoras;
2020-08-22 12:17:45;98  996051021;29.0;Para Celulares de Outras Operadoras;
2020-08-22 09:17:01;98  996051021;35.0;Para Celulares de Outras Operadoras;
2020-08-21 18:35:04;98  996051021;13.0;Para Celulares de Outras Operadoras;
2020-08-20 15:06:25;98  981308654;16.0;Para Celulares de Outras Operadoras;
2020-08-20 09:03:39;98  981308654;8.0;Para Celulares de Outras Operadoras;
2020-08-19 14:43:27;98  988278501;10.0;Para Celulares de Outras Operadoras;
2020-08-19 11:17:01;98  984942948;13.0;Para Celulares de Outras Operadoras;
2020-08-19 08:28:20;98  981308654;8.0;Para Celulares de Outras Operadoras;
2020-08-19 07:55:26;98  981166641;7.0;Para Celulares de Outras Operadoras;
2020-08-18 16:51:37;98  988278501;9.0;Para Celulares de Outras Operadoras;
2020-08-18 16:43:51;98  981308654;5.0;Para Celulares de Outras Operadoras;
2020-08-18 08:18:29;98  996051021;9.0;Para Celulares de Outras Operadoras;
2020-08-17 20:44:51;98  996051021;43.0;Para Celulares de Outras Operadoras;
2020-08-17 20:05:52;98  988479559;22.0;Para Celulares de Outras Operadoras;
2020-08-17 20:05:15;98  988479559;5.0;Para Celulares de Outras Operadoras;
2020-08-17 16:25:59;98  989055110;23.0;Para Celulares de Outras Operadoras;
2020-08-17 15:32:04;98  988479559;5.0;Para Celulares de Outras Operadoras;
2020-08-17 09:01:30;98  981308654;7.0;Para Celulares de Outras Operadoras;
2020-08-14 15:47:35;98  981585957;9.0;Para Celulares de Outras Operadoras;
2020-08-12 15:27:30;98  984421870;10.0;Para Celulares de Outras Operadoras;
2020-08-12 15:23:42;98  981166641;16.0;Para Celulares de Outras Operadoras;
2020-08-11 08:45:39;98  984942948;5.0;Para Celulares de Outras Operadoras;
2020-08-11 08:44:48;98  981166641;5.0;Para Celulares de Outras Operadoras;
2020-08-10 08:58:28;98  981166641;20.0;Para Celulares de Outras Operadoras;
2020-08-08 18:48:45;98  996051021;10.0;Para Celulares de Outras Operadoras;
2020-08-08 11:12:40;98  984266651;45.0;Para Celulares de Outras Operadoras;
2020-08-05 16:53:13;98  999617237;5.0;Para Celulares de Outras Operadoras;
2020-08-31 17:35:40;98  991890265;39.0;Para Celulares Vivo;
2020-08-31 17:29:17;98  991890265;15.0;Para Celulares Vivo;
2020-08-31 09:26:59;98  991890265;5.0;Para Celulares Vivo;
2020-08-28 16:36:47;98  991890265;11.0;Para Celulares Vivo;
2020-08-28 16:11:51;98  992350401;21.0;Para Celulares Vivo;
2020-08-28 14:40:08;98  991890265;5.0;Para Celulares Vivo;
2020-08-28 14:15:37;98  991890265;13.0;Para Celulares Vivo;
2020-08-28 13:50:27;98  991890265;28.0;Para Celulares Vivo;
2020-08-28 09:57:22;98  992332062;26.0;Para Celulares Vivo;
2020-08-28 08:42:39;98  992350401;19.0;Para Celulares Vivo;
2020-08-26 11:12:19;98  992350401;6.0;Para Celulares Vivo;
2020-08-26 08:26:17;98  992350401;12.0;Para Celulares Vivo;
2020-08-26 08:17:56;98  992350401;72.0;Para Celulares Vivo;
2020-08-25 09:55:07;98  991090188;25.0;Para Celulares Vivo;
2020-08-25 09:40:19;98  992350401;12.0;Para Celulares Vivo;
2020-08-24 15:11:39;98  992350401;5.0;Para Celulares Vivo;
2020-08-29 09:24:50;98  988000839;0.0;Adicional por Ligacoes Realizadas;
2020-08-28 17:19:36;51  991813564;0.0;Adicional por Ligacoes Realizadas;
2020-08-28 16:36:47;98  991890265;0.0;Adicional por Ligacoes Realizadas;
2020-08-28 16:11:51;98  992350401;0.0;Adicional por Ligacoes Realizadas;
2020-08-28 14:40:08;98  991890265;0.0;Adicional por Ligacoes Realizadas;
2020-08-28 14:15:37;98  991890265;0.0;Adicional por Ligacoes Realizadas;
2020-08-28 13:50:27;98  991890265;0.0;Adicional por Ligacoes Realizadas;
2020-08-28 11:25:21;98  984543310;0.0;Adicional por Ligacoes Realizadas;
2020-08-28 09:57:22;98  992332062;0.0;Adicional por Ligacoes Realizadas;
2020-08-28 08:42:39;98  992350401;0.0;Adicional por Ligacoes Realizadas;
2020-08-28 08:18:18;98  982955731;0.0;Adicional por Ligacoes Realizadas;
2020-08-27 16:15:09;98  996051021;0.0;Adicional por Ligacoes Realizadas;
2020-08-28 15:06:20;    ;5.0;Chamadas de Longa Distancia para Outros Estados;
2020-08-28 14:54:53;    ;5.0;Chamadas de Longa Distancia para Outros Estados;
2020-08-28 13:47:51;    ;20.0;Chamadas de Longa Distancia para Outros Estados;
2020-08-28 13:32:31;    ;5.0;Chamadas de Longa Distancia para Outros Estados;
2020-08-28 12:15:12;    ;23.0;Chamadas de Longa Distancia para Outros Estados;
2020-08-28 09:37:04;    ;66.0;Chamadas de Longa Distancia para Outros Estados;
2020-08-28 09:31:53;    ;5.0;Chamadas de Longa Distancia para Outros Estados;
2020-08-27 11:14:34;    ;59.0;Chamadas de Longa Distancia para Outros Estados;
2020-08-27 09:24:50;    ;5.0;Chamadas de Longa Distancia para Outros Estados;
2020-08-26 16:30:30;    ;5.0;Chamadas de Longa Distancia para Outros Estados;
2020-08-26 14:13:02;    ;15.0;Chamadas de Longa Distancia para Outros Estados;
2020-08-26 13:50:56;    ;7.0;Chamadas de Longa Distancia para Outros Estados;
2020-08-26 09:55:09;    ;5.0;Chamadas de Longa Distancia para Outros Estados;
2020-08-25 16:05:12;    ;5.0;Chamadas de Longa Distancia para Outros Estados;
2020-08-25 15:57:47;    ;8.0;Chamadas de Longa Distancia para Outros Estados;
2020-08-25 13:47:03;    ;5.0;Chamadas de Longa Distancia para Outros Estados;
2020-08-25 09:31:24;    ;5.0;Chamadas de Longa Distancia para Outros Estados;
2020-08-25 08:42:20;    ;13.0;Chamadas de Longa Distancia para Outros Estados;
2020-08-24 18:19:21;    ;5.0;Chamadas de Longa Distancia para Outros Estados;
2020-08-24 17:01:08;    ;11.0;Chamadas de Longa Distancia para Outros Estados;
2020-08-22 15:58:11;    ;30.0;Chamadas de Longa Distancia para Outros Estados;
2020-08-22 09:49:28;    ;7.0;Chamadas de Longa Distancia para Outros Estados;
2020-08-22 09:11:17;    ;48.0;Chamadas de Longa Distancia para Outros Estados;
2020-08-22 07:59:28;    ;20.0;Chamadas de Longa Distancia para Outros Estados;
2020-08-21 13:47:25;    ;5.0;Chamadas de Longa Distancia para Outros Estados;
2020-08-20 11:13:17;    ;20.0;Chamadas de Longa Distancia para Outros Estados;
2020-08-20 08:37:01;    ;6.0;Chamadas de Longa Distancia para Outros Estados;
2020-08-19 17:23:07;    ;10.0;Chamadas de Longa Distancia para Outros Estados;
2020-08-19 16:35:22;    ;5.0;Chamadas de Longa Distancia para Outros Estados;
2020-08-19 16:19:02;    ;5.0;Chamadas de Longa Distancia para Outros Estados;
2020-08-19 15:07:38;    ;7.0;Chamadas de Longa Distancia para Outros Estados;
2020-08-19 11:10:32;    ;55.0;Chamadas de Longa Distancia para Outros Estados;
2020-08-19 08:29:30;    ;84.0;Chamadas de Longa Distancia para Outros Estados;
2020-08-18 18:18:49;    ;11.0;Chamadas de Longa Distancia para Outros Estados;
2020-08-18 17:42:42;    ;8.0;Chamadas de Longa Distancia para Outros Estados;
2020-08-18 17:10:38;    ;13.0;Chamadas de Longa Distancia para Outros Estados;
2020-08-18 15:19:17;    ;5.0;Chamadas de Longa Distancia para Outros Estados;
2020-08-18 15:16:39;    ;9.0;Chamadas de Longa Distancia para Outros Estados;
2020-08-18 15:11:08;    ;53.0;Chamadas de Longa Distancia para Outros Estados;
2020-08-18 14:08:17;    ;83.0;Chamadas de Longa Distancia para Outros Estados;
2020-08-18 13:39:36;    ;46.0;Chamadas de Longa Distancia para Outros Estados;
2020-08-18 11:09:01;    ;5.0;Chamadas de Longa Distancia para Outros Estados;
2020-08-18 08:46:21;    ;15.0;Chamadas de Longa Distancia para Outros Estados;
2020-08-18 08:04:01;    ;13.0;Chamadas de Longa Distancia para Outros Estados;
2020-08-18 08:01:05;    ;25.0;Chamadas de Longa Distancia para Outros Estados;
2020-08-17 20:13:37;    ;307.0;Chamadas de Longa Distancia para Outros Estados;
2020-08-17 20:07:27;    ;54.0;Chamadas de Longa Distancia para Outros Estados;
2020-08-17 16:07:13;    ;14.0;Chamadas de Longa Distancia para Outros Estados;
2020-08-14 11:57:33;    ;13.0;Chamadas de Longa Distancia para Outros Estados;
2020-08-13 15:29:55;    ;14.0;Chamadas de Longa Distancia para Outros Estados;
2020-08-13 09:21:16;    ;5.0;Chamadas de Longa Distancia para Outros Estados;
2020-08-13 08:33:49;    ;5.0;Chamadas de Longa Distancia para Outros Estados;
2020-08-12 15:30:02;    ;8.0;Chamadas de Longa Distancia para Outros Estados;
2020-08-12 15:29:37;    ;5.0;Chamadas de Longa Distancia para Outros Estados;
2020-08-12 15:14:47;    ;6.0;Chamadas de Longa Distancia para Outros Estados;
2020-08-12 14:48:33;    ;10.0;Chamadas de Longa Distancia para Outros Estados;
2020-08-11 08:32:48;    ;48.0;Chamadas de Longa Distancia para Outros Estados;
2020-08-10 17:23:36;    ;12.0;Chamadas de Longa Distancia para Outros Estados;
2020-08-10 16:26:43;    ;5.0;Chamadas de Longa Distancia para Outros Estados;
2020-08-10 13:53:24;    ;5.0;Chamadas de Longa Distancia para Outros Estados;
2020-08-10 08:39:42;    ;41.0;Chamadas de Longa Distancia para Outros Estados;
2020-08-08 10:43:48;    ;24.0;Chamadas de Longa Distancia para Outros Estados;
2020-08-08 10:41:00;    ;7.0;Chamadas de Longa Distancia para Outros Estados;
2020-08-08 10:04:49;    ;8.0;Chamadas de Longa Distancia para Outros Estados;
2020-08-06 17:47:32;    ;5.0;Chamadas de Longa Distancia para Outros Estados;
2020-08-06 17:45:21;    ;6.0;Chamadas de Longa Distancia para Outros Estados;
2020-08-06 16:57:47;    ;17.0;Chamadas de Longa Distancia para Outros Estados;
2020-08-06 15:56:27;    ;31.0;Chamadas de Longa Distancia para Outros Estados;
2020-08-06 15:28:44;    ;12.0;Chamadas de Longa Distancia para Outros Estados;
2020-08-06 13:16:19;    ;5.0;Chamadas de Longa Distancia para Outros Estados;
2020-08-06 08:48:11;    ;10.0;Chamadas de Longa Distancia para Outros Estados;
2020-08-05 14:36:20;    ;5.0;Chamadas de Longa Distancia para Outros Estados;
2020-08-05 09:12:13;    ;9.0;Chamadas de Longa Distancia para Outros Estados;
2020-08-31 17:53:50;98  32167979;26.0;Para Fixo de Outras Operadoras;
2020-08-31 17:50:58;98  32174327;5.0;Para Fixo de Outras Operadoras;
2020-08-31 17:49:39;98  32174321;8.0;Para Fixo de Outras Operadoras;
2020-08-31 17:34:15;98  988115213;9.0;Para Celulares de Outras Operadoras;
2020-08-31 17:33:39;98  988115213;5.0;Para Celulares de Outras Operadoras;
2020-08-31 15:11:29;98  981166641;22.0;Para Celulares de Outras Operadoras;
2020-08-31 14:20:14;98  987016385;9.0;Para Celulares de Outras Operadoras;
2020-08-31 11:48:00;98  988459378;10.0;Para Celulares de Outras Operadoras;
2020-08-31 08:58:33;98  988459378;5.0;Para Celulares de Outras Operadoras;
2020-08-30 23:24:06;98  996051021;46.0;Para Celulares de Outras Operadoras;
2020-08-29 11:59:06;98  996051021;14.0;Para Celulares de Outras Operadoras;
2020-08-29 09:25:40;98  988000839;5.0;Para Celulares de Outras Operadoras;
2020-08-29 09:24:50;98  988000839;5.0;Para Celulares de Outras Operadoras;
2020-08-28 11:25:21;98  984543310;6.0;Para Celulares de Outras Operadoras;
2020-08-28 08:18:18;98  982955731;16.0;Para Celulares de Outras Operadoras;
2020-08-27 16:15:09;98  996051021;52.0;Para Celulares de Outras Operadoras;
2020-08-27 15:09:01;98  987016385;15.0;Para Celulares de Outras Operadoras;
2020-08-27 08:24:30;98  987016385;92.0;Para Celulares de Outras Operadoras;
2020-08-26 17:45:56;98  988278501;68.0;Para Celulares de Outras Operadoras;
2020-08-24 14:47:47;98  992350401;38.0;Para Celulares Vivo;
2020-08-24 13:41:15;98  992350401;8.0;Para Celulares Vivo;
2020-08-24 13:27:00;98  991812146;29.0;Para Celulares Vivo;
2020-08-24 10:57:35;98  992350401;23.0;Para Celulares Vivo;
2020-08-22 09:41:37;98  992332062;6.0;Para Celulares Vivo;
2020-08-22 09:29:08;98  991090188;17.0;Para Celulares Vivo;
2020-08-22 09:05:45;98  991090188;5.0;Para Celulares Vivo;
2020-08-22 09:05:16;98  992332062;5.0;Para Celulares Vivo;
2020-08-22 09:00:31;98  992332062;14.0;Para Celulares Vivo;
2020-08-22 08:57:13;98  991090188;28.0;Para Celulares Vivo;
2020-08-21 13:39:15;98  991090188;5.0;Para Celulares Vivo;
2020-08-20 13:39:43;98  992350401;15.0;Para Celulares Vivo;
2020-08-20 11:12:36;98  991090188;7.0;Para Celulares Vivo;
2020-08-20 08:59:06;98  992350401;23.0;Para Celulares Vivo;
2020-08-20 08:53:01;98  992350401;10.0;Para Celulares Vivo;
2020-08-20 08:52:21;98  991090188;5.0;Para Celulares Vivo;
2020-08-19 16:24:00;98  992350401;6.0;Para Celulares Vivo;
2020-08-19 16:07:26;98  992350401;17.0;Para Celulares Vivo;
2020-08-19 15:40:20;98  992350401;57.0;Para Celulares Vivo;
2020-08-19 14:02:32;98  992332062;13.0;Para Celulares Vivo;
2020-08-19 08:48:48;98  991090188;6.0;Para Celulares Vivo;
2020-08-18 18:13:37;98  991090188;5.0;Para Celulares Vivo;
2020-08-18 13:46:47;98  992350401;39.0;Para Celulares Vivo;
2020-08-17 15:14:24;98  992350401;18.0;Para Celulares Vivo;
2020-08-14 16:06:23;98  992350401;14.0;Para Celulares Vivo;
2020-08-12 15:52:14;98  992350401;12.0;Para Celulares Vivo;
2020-08-12 15:26:03;98  992350401;7.0;Para Celulares Vivo;
2020-08-10 07:50:42;98  992350401;16.0;Para Celulares Vivo;
2020-08-07 11:41:31;98  992350401;6.0;Para Celulares Vivo;
2020-08-06 15:37:54;98  992350401;5.0;Para Celulares Vivo;
2020-08-05 09:35:44;98  992447379;5.0;Para Celulares Vivo;
2020-08-25;"";49707.8;INTERNET MOVEL 2;0.00
2020-08-26;"";60181.0;INTERNET MOVEL 2;0.00
2020-08-27;"";28670.5;INTERNET MOVEL 2;0.00
2020-08-28;"";32973.2;INTERNET MOVEL 2;0.00
2020-08-29;"";5845.2;INTERNET MOVEL 2;0.00
2020-08-31;"";45515.4;INTERNET MOVEL 2;0.00
