data_hora_inicio;nro_telefone_chamado;duracao_ligacao;desc_categoria;valor_ligacao
2020-08-17 17:32:54;51992592817;1.0;GRATIS-SMS;0.00
2020-08-05 11:34:05;51992592817;1.0;GRATIS-SMS;0.00
2020-08-18 12:13:46;31  984208058;13.0;Para Celulares de Outras Operadoras;
2020-08-14 11:03:33;11  992204181;50.0;Para Celulares de Outras Operadoras;
2020-08-11 08:53:05;31  984208058;6.0;Para Celulares de Outras Operadoras;
2020-08-14 14:42:31;31  987759645;5.0;Para Celulares Vivo;
2020-08-14 14:03:18;31  987759645;8.0;Para Celulares Vivo;
2020-08-13 09:56:09;31  987759645;5.0;Para Celulares Vivo;
2020-08-03 09:43:08;31  987759645;38.0;Para Celulares Vivo;
2020-08-03 16:52:10;*5  55;5.0;"";
2020-08-25 11:52:28;51  30032866;5.0;Para Fixo de Outras Operadoras;
2020-08-24 12:13:45;51  34715430;5.0;Para Fixo de Outras Operadoras;
2020-08-24 12:11:46;51  34715430;18.0;Para Fixo de Outras Operadoras;
2020-08-14 15:22:02;51  34698199;5.0;Para Fixo de Outras Operadoras;
2020-08-26 17:49:22;51  984219641;6.0;Para Celulares de Outras Operadoras;
2020-08-26 17:41:13;51  984219641;9.0;Para Celulares de Outras Operadoras;
2020-08-14 12:20:25;51  984219641;5.0;Para Celulares de Outras Operadoras;
2020-08-09 10:12:24;51  986822479;22.0;Para Celulares de Outras Operadoras;
2020-08-06 13:17:42;51  986822479;20.0;Para Celulares de Outras Operadoras;
2020-08-05 14:52:25;51  991158976;9.0;Para Celulares de Outras Operadoras;
2020-08-31 11:59:01;51  993192636;7.0;Para Fixo Vivo;
2020-08-28 14:50:08;51  30240019;13.0;Para Fixo Vivo;
2020-08-28 14:03:43;51  30240019;7.0;Para Fixo Vivo;
2020-08-28 13:59:45;51  30240019;13.0;Para Fixo Vivo;
2020-08-22 14:27:10;51  31025641;7.0;Para Fixo Vivo;
2020-08-21 14:37:26;51  21313333;5.0;Para Fixo Vivo;
2020-08-21 13:50:48;51  21313333;128.0;Para Fixo Vivo;
2020-08-21 13:46:40;51  21313333;6.0;Para Fixo Vivo;
2020-08-21 13:41:28;51  21313333;7.0;Para Fixo Vivo;
2020-08-19 11:38:45;51  21313333;7.0;Para Fixo Vivo;
2020-08-19 11:37:43;51  21313333;9.0;Para Fixo Vivo;
2020-08-17 13:45:44;51  21313333;26.0;Para Fixo Vivo;
2020-08-10 12:00:36;51  21313333;17.0;Para Fixo Vivo;
2020-08-31 10:08:59;51  992592817;23.0;Para Celulares Vivo;
2020-08-25 16:03:39;51  992592817;5.0;Para Celulares Vivo;
2020-08-20 11:41:03;51  992592817;8.0;Para Celulares Vivo;
2020-08-20 10:30:57;51  992592817;12.0;Para Celulares Vivo;
2020-08-19 16:41:47;51  992592817;10.0;Para Celulares Vivo;
2020-08-19 16:40:52;51  992592803;5.0;Para Celulares Vivo;
2020-08-17 09:37:08;51  992592817;9.0;Para Celulares Vivo;
2020-08-06 13:48:20;51  996879207;23.0;Para Celulares Vivo;
2020-08-06 11:20:52;51  999412234;6.0;Para Celulares Vivo;
2020-08-05 16:14:54;51  996879207;22.0;Para Celulares Vivo;
2020-08-04 11:59:23;51  992592817;11.0;Para Celulares Vivo;
2020-08-03 15:01:46;51  992592817;5.0;Para Celulares Vivo;
2020-08-03 11:54:03;51  992592817;6.0;Para Celulares Vivo;
2020-08-03 11:02:40;51  992592817;21.0;Para Celulares Vivo;
2020-07-31;"";297.0;INTERNET MOVEL 2;0.00
2020-08-01;"";200.0;INTERNET MOVEL 2;0.00
2020-08-02;"";669.0;INTERNET MOVEL 2;0.00
2020-08-03;"";744.0;INTERNET MOVEL 2;0.00
2020-08-04;"";2166.0;INTERNET MOVEL 2;0.00
2020-08-05;"";903.0;INTERNET MOVEL 2;0.00
2020-08-06;"";8461.0;INTERNET MOVEL 2;0.00
2020-08-07;"";648.0;INTERNET MOVEL 2;0.00
2020-08-08;"";12785.1;INTERNET MOVEL 2;0.00
2020-08-09;"";28649.4;INTERNET MOVEL 2;0.00
2020-08-10;"";1780.0;INTERNET MOVEL 2;0.00
2020-08-11;"";8953.6;INTERNET MOVEL 2;0.00
2020-08-12;"";3958.0;INTERNET MOVEL 2;0.00
2020-08-13;"";259.0;INTERNET MOVEL 2;0.00
2020-08-14;"";1015.0;INTERNET MOVEL 2;0.00
2020-08-15;"";3066.0;INTERNET MOVEL 2;0.00
2020-08-16;"";5110.6;INTERNET MOVEL 2;0.00
2020-08-17;"";11873.0;INTERNET MOVEL 2;0.00
2020-08-18;"";11932.2;INTERNET MOVEL 2;0.00
2020-08-19;"";13046.8;INTERNET MOVEL 2;0.00
2020-08-20;"";1371.0;INTERNET MOVEL 2;0.00
2020-08-21;"";950.0;INTERNET MOVEL 2;0.00
2020-08-22;"";3959.0;INTERNET MOVEL 2;0.00
2020-08-23;"";25119.6;INTERNET MOVEL 2;0.00
2020-08-24;"";10458.8;INTERNET MOVEL 2;0.00
2020-08-25;"";671.0;INTERNET MOVEL 2;0.00
2020-08-26;"";20168.5;INTERNET MOVEL 2;0.00
2020-08-27;"";55848.2;INTERNET MOVEL 2;0.00
2020-08-28;"";2131.0;INTERNET MOVEL 2;0.00
2020-08-29;"";5821.0;INTERNET MOVEL 2;0.00
2020-08-30;"";18662.8;INTERNET MOVEL 2;0.00
2020-08-31;"";2331.0;INTERNET MOVEL 2;0.00
