data_hora_inicio;nro_telefone_chamado;duracao_ligacao;desc_categoria;valor_ligacao
2020-08-31 09:43:11;13  33791041;14.0;Para Fixo de Outras Operadoras;
2020-08-31 09:40:19;13  33791041;21.0;Para Fixo de Outras Operadoras;
2020-08-28 16:40:13;13  38781041;13.0;Para Fixo de Outras Operadoras;
2020-08-28 10:53:33;13  38781041;55.0;Para Fixo de Outras Operadoras;
2020-08-28 10:52:09;13  33791041;11.0;Para Fixo de Outras Operadoras;
2020-08-31 15:53:00;13  974039540;27.0;Para Celulares Vivo;
2020-08-31 11:03:15;13  981188560;14.0;Para Celulares Vivo;
2020-08-28 08:41:43;13  981188560;26.0;Para Celulares Vivo;
2020-08-06 11:12:32;53  981233938;8.0;Para Celulares de Outras Operadoras;
2020-08-06 11:07:12;53  999506880;24.0;Para Celulares de Outras Operadoras;
2020-08-06 10:57:08;53  981233938;96.0;Para Celulares de Outras Operadoras;
2020-08-06 10:54:45;53  984364422;19.0;Para Celulares de Outras Operadoras;
2020-08-10 11:40:54;51  981763531;61.0;Para Celulares de Outras Operadoras;
2020-08-10 08:59:27;51  982688177;13.0;Para Celulares de Outras Operadoras;
2020-08-07 17:48:10;51  981763551;5.0;Para Celulares de Outras Operadoras;
2020-08-07 11:52:14;51  981763551;35.0;Para Celulares de Outras Operadoras;
2020-08-06 11:10:05;51  991851604;11.0;Para Celulares de Outras Operadoras;
2020-08-19 18:08:41;51  996019894;7.0;Para Celulares Vivo;
2020-08-28;"";242.0;INTERNET MOVEL 2;0.00
2020-08-29;"";514.0;INTERNET MOVEL 2;0.00
2020-08-30;"";730.0;INTERNET MOVEL 2;0.00
2020-08-31;"";559.0;INTERNET MOVEL 2;0.00
