data_hora_inicio;nro_telefone_chamado;duracao_ligacao;desc_categoria;valor_ligacao
2020-08-01 08:26:02;"";1.0;ADICIONAL;0.00
2020-08-28 09:59:01;"";1.0;ADICIONAL;0.00
2020-08-25 16:01:47;"";1.0;ADICIONAL;0.00
2020-08-25 14:54:06;"";1.0;ADICIONAL;0.00
2020-08-25 11:45:11;"";1.0;ADICIONAL;0.00
2020-08-25 11:11:41;"";1.0;ADICIONAL;0.00
2020-08-25 10:22:20;"";1.0;ADICIONAL;0.00
2020-08-25 10:12:45;"";1.0;ADICIONAL;0.00
2020-08-24 13:33:51;"";1.0;ADICIONAL;0.00
2020-08-24 11:32:08;"";1.0;ADICIONAL;0.00
2020-08-24 11:31:20;"";1.0;ADICIONAL;0.00
2020-08-24 10:55:03;"";1.0;ADICIONAL;0.00
2020-08-22 12:00:54;"";1.0;ADICIONAL;0.00
2020-08-21 11:37:07;"";1.0;ADICIONAL;0.00
2020-08-21 11:28:57;"";1.0;ADICIONAL;0.00
2020-08-20 12:49:47;"";1.0;ADICIONAL;0.00
2020-08-19 17:21:04;"";1.0;ADICIONAL;0.00
2020-08-19 11:36:03;"";1.0;ADICIONAL;0.00
2020-08-18 11:33:08;"";1.0;ADICIONAL;0.00
2020-08-18 11:29:29;"";1.0;ADICIONAL;0.00
2020-08-18 11:15:19;"";1.0;ADICIONAL;0.00
2020-08-18 09:40:14;"";1.0;ADICIONAL;0.00
2020-08-14 06:45:36;"";1.0;ADICIONAL;0.00
2020-08-13 16:12:58;"";1.0;ADICIONAL;0.00
2020-08-13 16:02:25;"";1.0;ADICIONAL;0.00
2020-08-13 14:11:06;"";1.0;ADICIONAL;0.00
2020-08-13 09:53:13;"";1.0;ADICIONAL;0.00
2020-08-12 15:50:12;"";1.0;ADICIONAL;0.00
2020-08-12 08:06:22;"";1.0;ADICIONAL;0.00
2020-08-11 11:27:47;"";1.0;ADICIONAL;0.00
2020-08-08 16:37:01;"";1.0;ADICIONAL;0.00
2020-08-08 11:08:48;"";1.0;ADICIONAL;0.00
2020-08-07 10:24:26;"";1.0;ADICIONAL;0.00
2020-08-07 10:13:29;"";1.0;ADICIONAL;0.00
2020-08-07 09:45:12;"";1.0;ADICIONAL;0.00
2020-08-07 07:19:41;"";1.0;ADICIONAL;0.00
2020-08-06 16:44:07;"";1.0;ADICIONAL;0.00
2020-08-06 11:06:08;"";1.0;ADICIONAL;0.00
2020-08-06 07:20:18;"";1.0;ADICIONAL;0.00
2020-08-05 09:22:36;"";1.0;ADICIONAL;0.00
2020-08-05 09:21:19;"";1.0;ADICIONAL;0.00
2020-08-04 09:14:07;"";1.0;ADICIONAL;0.00
2020-08-04 09:07:05;5121313333;1.0;ADICIONAL;0.00
2020-08-04 09:05:54;"";1.0;ADICIONAL;0.00
2020-08-03 19:37:03;"";1.0;ADICIONAL;0.00
2020-08-03 18:15:49;"";1.0;ADICIONAL;0.00
2020-08-03 15:05:40;51992592752;1.0;GRATIS-SMS;0.00
2020-08-01 10:52:37;41  34238926;0.0;Adicional por Ligacoes Realizadas;
2020-08-01 10:52:37;41  34238926;18.0;Para Fixo de Outras Operadoras;
2020-08-03 15:39:40;47  30277447;11.0;Para Fixo de Outras Operadoras;
2020-08-03 15:16:29;51  37839508;17.0;Para Fixo de Outras Operadoras;
2020-08-29 14:08:29;51  981776476;5.0;Para Celulares de Outras Operadoras;
2020-08-29 13:31:03;51  981776476;8.0;Para Celulares de Outras Operadoras;
2020-08-28 09:14:40;45  999816215;18.0;Para Celulares de Outras Operadoras;
2020-08-28 06:46:44;53  984391613;5.0;Para Celulares de Outras Operadoras;
2020-08-20 10:08:38;53  984391613;11.0;Para Celulares de Outras Operadoras;
2020-08-19 15:37:13;53  981489468;8.0;Para Celulares de Outras Operadoras;
2020-08-13 15:37:53;13  988744479;41.0;Para Celulares de Outras Operadoras;
2020-08-06 16:49:51;45  999816215;6.0;Para Celulares de Outras Operadoras;
2020-08-05 11:28:00;45  999816215;8.0;Para Celulares de Outras Operadoras;
2020-08-31 17:37:47;51  993189322;7.0;Para Celulares Vivo;
2020-08-29 09:22:27;48  991664588;29.0;Para Celulares Vivo;
2020-08-28 20:32:37;51  993189322;23.0;Para Celulares Vivo;
2020-08-28 15:34:26;51  995878281;90.0;Para Celulares Vivo;
2020-08-27 13:27:08;48  991664588;6.0;Para Celulares Vivo;
2020-08-26 08:56:00;43  999577641;11.0;Para Celulares Vivo;
2020-08-25 10:40:09;48  991664588;18.0;Para Celulares Vivo;
2020-08-24 15:38:13;48  991664588;17.0;Para Celulares Vivo;
2020-08-24 13:45:16;51  992592752;32.0;Para Celulares Vivo;
2020-08-24 11:33:38;51  993189322;5.0;Para Celulares Vivo;
2020-08-19 16:52:53;51  993189322;13.0;Para Celulares Vivo;
2020-08-19 11:38:19;48  991664588;5.0;Para Celulares Vivo;
2020-08-19 11:18:08;51  993189322;5.0;Para Celulares Vivo;
2020-08-19 09:10:00;51  993189322;5.0;Para Celulares Vivo;
2020-08-18 18:12:39;51  994057331;25.0;Para Celulares Vivo;
2020-08-18 15:38:53;43  999577641;8.0;Para Celulares Vivo;
2020-08-13 08:53:16;51  993320327;42.0;Para Celulares Vivo;
2020-08-12 14:13:46;51  993320327;17.0;Para Celulares Vivo;
2020-08-12 14:11:31;48  991664588;5.0;Para Celulares Vivo;
2020-08-06 16:24:45;43  999577641;5.0;Para Celulares Vivo;
2020-08-06 14:00:28;48  991664588;5.0;Para Celulares Vivo;
2020-08-05 09:26:14;48  991664588;5.0;Para Celulares Vivo;
2020-08-05 09:02:49;51  993320327;7.0;Para Celulares Vivo;
2020-08-05 08:44:30;51  993320327;12.0;Para Celulares Vivo;
2020-08-04 13:45:15;51  993320327;7.0;Para Celulares Vivo;
2020-08-03 17:28:31;51  991813564;98.0;Para Celulares Vivo;
2020-08-03 13:50:01;48  991664588;5.0;Para Celulares Vivo;
2020-08-03 11:20:59;51  993189322;31.0;Para Celulares Vivo;
2020-08-03 08:24:47;47  996800171;7.0;Para Celulares Vivo;
2020-08-31 17:37:47;51  993189322;0.0;Adicional por Ligacoes Realizadas;
2020-08-31 15:46:10;41  984275900;0.0;Adicional por Ligacoes Realizadas;
2020-08-29 14:08:29;51  981776476;0.0;Adicional por Ligacoes Realizadas;
2020-08-29 13:31:03;51  981776476;0.0;Adicional por Ligacoes Realizadas;
2020-08-29 09:22:27;48  991664588;0.0;Adicional por Ligacoes Realizadas;
2020-08-29 08:05:53;41  997187672;0.0;Adicional por Ligacoes Realizadas;
2020-08-29 00:35:58;41  991561997;0.0;Adicional por Ligacoes Realizadas;
2020-08-28 20:32:37;51  993189322;0.0;Adicional por Ligacoes Realizadas;
2020-08-28 15:34:26;51  995878281;0.0;Adicional por Ligacoes Realizadas;
2020-08-28 09:14:40;45  999816215;0.0;Adicional por Ligacoes Realizadas;
2020-08-28 06:46:44;53  984391613;0.0;Adicional por Ligacoes Realizadas;
2020-08-27 13:27:08;48  991664588;0.0;Adicional por Ligacoes Realizadas;
2020-08-27 11:01:52;41  991561997;0.0;Adicional por Ligacoes Realizadas;
2020-08-27 10:52:46;41  991561997;0.0;Adicional por Ligacoes Realizadas;
2020-08-27 10:50:17;41  30183030;0.0;Adicional por Ligacoes Realizadas;
2020-08-27 10:43:52;41  30183030;0.0;Adicional por Ligacoes Realizadas;
2020-08-27 10:32:48;41  985079902;0.0;Adicional por Ligacoes Realizadas;
2020-08-26 15:22:54;41  999371945;0.0;Adicional por Ligacoes Realizadas;
2020-08-26 08:56:00;43  999577641;0.0;Adicional por Ligacoes Realizadas;
2020-08-26 08:06:33;41  34228628;0.0;Adicional por Ligacoes Realizadas;
2020-08-25 15:21:23;41  991561997;0.0;Adicional por Ligacoes Realizadas;
2020-08-25 10:40:09;48  991664588;0.0;Adicional por Ligacoes Realizadas;
2020-08-25 09:38:55;41  34233300;0.0;Adicional por Ligacoes Realizadas;
2020-08-25 09:30:28;41  30183030;0.0;Adicional por Ligacoes Realizadas;
2020-08-24 15:38:13;48  991664588;0.0;Adicional por Ligacoes Realizadas;
2020-08-24 13:45:16;51  992592752;0.0;Adicional por Ligacoes Realizadas;
2020-08-24 13:29:33;41  34223086;0.0;Adicional por Ligacoes Realizadas;
2020-08-24 13:23:27;41  985009810;0.0;Adicional por Ligacoes Realizadas;
2020-08-24 11:33:38;51  993189322;0.0;Adicional por Ligacoes Realizadas;
2020-08-23 21:42:00;41  985260380;0.0;Adicional por Ligacoes Realizadas;
2020-08-23 11:47:58;41  985260380;0.0;Adicional por Ligacoes Realizadas;
2020-08-22 09:18:57;41  34222673;0.0;Adicional por Ligacoes Realizadas;
2020-08-22 09:18:19;41  34222673;0.0;Adicional por Ligacoes Realizadas;
2020-08-21 11:32:48;41  984275900;0.0;Adicional por Ligacoes Realizadas;
2020-08-21 06:55:30;41  995987397;0.0;Adicional por Ligacoes Realizadas;
2020-08-20 18:18:54;41  985260380;0.0;Adicional por Ligacoes Realizadas;
2020-08-20 18:14:44;41  984275900;0.0;Adicional por Ligacoes Realizadas;
2020-08-20 13:37:21;41  34233300;0.0;Adicional por Ligacoes Realizadas;
2020-08-20 10:46:34;41  984935997;0.0;Adicional por Ligacoes Realizadas;
2020-08-20 10:41:06;41  991561997;0.0;Adicional por Ligacoes Realizadas;
2020-08-20 10:08:38;53  984391613;0.0;Adicional por Ligacoes Realizadas;
2020-08-20 09:50:18;41  985260380;0.0;Adicional por Ligacoes Realizadas;
2020-08-19 16:52:53;51  993189322;0.0;Adicional por Ligacoes Realizadas;
2020-08-19 15:37:13;53  981489468;0.0;Adicional por Ligacoes Realizadas;
2020-08-19 11:38:19;48  991664588;0.0;Adicional por Ligacoes Realizadas;
2020-08-19 11:23:57;41  984935997;0.0;Adicional por Ligacoes Realizadas;
2020-08-19 11:18:08;51  993189322;0.0;Adicional por Ligacoes Realizadas;
2020-08-19 09:10:00;51  993189322;0.0;Adicional por Ligacoes Realizadas;
2020-08-18 18:12:39;51  994057331;0.0;Adicional por Ligacoes Realizadas;
2020-08-18 15:38:53;43  999577641;0.0;Adicional por Ligacoes Realizadas;
2020-08-18 15:26:25;41  985079902;0.0;Adicional por Ligacoes Realizadas;
2020-08-18 15:19:23;41  985260380;0.0;Adicional por Ligacoes Realizadas;
2020-08-18 13:30:29;41  34272163;0.0;Adicional por Ligacoes Realizadas;
2020-08-17 11:36:43;41  984275900;0.0;Adicional por Ligacoes Realizadas;
2020-08-17 11:31:41;41  991561997;0.0;Adicional por Ligacoes Realizadas;
2020-08-17 09:59:51;41  98758728;0.0;Adicional por Ligacoes Realizadas;
2020-08-16 11:11:23;41  34230477;0.0;Adicional por Ligacoes Realizadas;
2020-08-15 11:33:55;41  984275900;0.0;Adicional por Ligacoes Realizadas;
2020-08-14 12:13:08;41  997461611;0.0;Adicional por Ligacoes Realizadas;
2020-08-14 11:33:19;41  996537848;0.0;Adicional por Ligacoes Realizadas;
2020-08-14 08:45:09;41  34224204;0.0;Adicional por Ligacoes Realizadas;
2020-08-13 22:21:29;41  991112714;0.0;Adicional por Ligacoes Realizadas;
2020-08-13 15:37:53;13  988744479;0.0;Adicional por Ligacoes Realizadas;
2020-08-13 10:38:24;41  34224204;0.0;Adicional por Ligacoes Realizadas;
2020-08-13 10:33:08;41  34224204;0.0;Adicional por Ligacoes Realizadas;
2020-08-13 08:53:16;51  993320327;0.0;Adicional por Ligacoes Realizadas;
2020-08-12 15:44:49;41  984341235;0.0;Adicional por Ligacoes Realizadas;
2020-08-12 14:13:46;51  993320327;0.0;Adicional por Ligacoes Realizadas;
2020-08-12 14:11:31;48  991664588;0.0;Adicional por Ligacoes Realizadas;
2020-08-12 13:13:19;41  34224204;0.0;Adicional por Ligacoes Realizadas;
2020-08-12 11:53:13;41  991561997;0.0;Adicional por Ligacoes Realizadas;
2020-08-12 11:51:36;41  34233913;0.0;Adicional por Ligacoes Realizadas;
2020-08-12 06:35:13;41  34228628;0.0;Adicional por Ligacoes Realizadas;
2020-08-10 17:21:13;41  991561997;0.0;Adicional por Ligacoes Realizadas;
2020-08-08 14:38:08;41  984058918;0.0;Adicional por Ligacoes Realizadas;
2020-08-08 10:24:02;41  34238926;0.0;Adicional por Ligacoes Realizadas;
2020-08-07 13:53:25;41  984275900;0.0;Adicional por Ligacoes Realizadas;
2020-08-07 06:38:16;41  999371945;0.0;Adicional por Ligacoes Realizadas;
2020-08-06 16:49:51;45  999816215;0.0;Adicional por Ligacoes Realizadas;
2020-08-06 16:24:45;43  999577641;0.0;Adicional por Ligacoes Realizadas;
2020-08-06 14:00:28;48  991664588;0.0;Adicional por Ligacoes Realizadas;
2020-08-06 10:54:51;41  985381871;0.0;Adicional por Ligacoes Realizadas;
2020-08-05 11:28:00;45  999816215;0.0;Adicional por Ligacoes Realizadas;
2020-08-05 09:26:14;48  991664588;0.0;Adicional por Ligacoes Realizadas;
2020-08-05 09:02:49;51  993320327;0.0;Adicional por Ligacoes Realizadas;
2020-08-05 08:44:30;51  993320327;0.0;Adicional por Ligacoes Realizadas;
2020-08-04 14:09:30;41  34233326;0.0;Adicional por Ligacoes Realizadas;
2020-08-04 14:07:44;41  34233326;0.0;Adicional por Ligacoes Realizadas;
2020-08-04 13:49:36;41  40044828;0.0;Adicional por Ligacoes Realizadas;
2020-08-04 13:45:15;51  993320327;0.0;Adicional por Ligacoes Realizadas;
2020-08-04 13:38:43;41  40044828;0.0;Adicional por Ligacoes Realizadas;
2020-08-03 17:28:31;51  991813564;0.0;Adicional por Ligacoes Realizadas;
2020-08-03 16:10:12;41  34231388;0.0;Adicional por Ligacoes Realizadas;
2020-08-03 15:39:40;47  30277447;0.0;Adicional por Ligacoes Realizadas;
2020-08-03 15:16:29;51  37839508;0.0;Adicional por Ligacoes Realizadas;
2020-08-03 15:01:28;41  34231388;0.0;Adicional por Ligacoes Realizadas;
2020-08-03 13:50:01;48  991664588;0.0;Adicional por Ligacoes Realizadas;
2020-08-03 11:20:59;51  993189322;0.0;Adicional por Ligacoes Realizadas;
2020-08-03 08:24:47;47  996800171;0.0;Adicional por Ligacoes Realizadas;
2020-08-03 06:35:09;41  34228628;0.0;Adicional por Ligacoes Realizadas;
2020-08-02 13:10:20;41  984275900;0.0;Adicional por Ligacoes Realizadas;
2020-08-28 09:59:01;    ;28.0;Chamadas de Longa Distancia para Outros Estados;
2020-08-25 16:01:47;    ;6.0;Chamadas de Longa Distancia para Outros Estados;
2020-08-25 14:54:06;    ;8.0;Chamadas de Longa Distancia para Outros Estados;
2020-08-25 11:45:11;    ;5.0;Chamadas de Longa Distancia para Outros Estados;
2020-08-25 11:11:41;    ;6.0;Chamadas de Longa Distancia para Outros Estados;
2020-08-25 10:22:20;    ;18.0;Chamadas de Longa Distancia para Outros Estados;
2020-08-25 10:12:45;    ;19.0;Chamadas de Longa Distancia para Outros Estados;
2020-08-24 13:33:51;    ;45.0;Chamadas de Longa Distancia para Outros Estados;
2020-08-24 11:32:08;    ;5.0;Chamadas de Longa Distancia para Outros Estados;
2020-08-24 11:31:20;    ;5.0;Chamadas de Longa Distancia para Outros Estados;
2020-08-24 10:55:03;    ;5.0;Chamadas de Longa Distancia para Outros Estados;
2020-08-22 12:00:54;    ;5.0;Chamadas de Longa Distancia para Outros Estados;
2020-08-21 11:37:07;    ;5.0;Chamadas de Longa Distancia para Outros Estados;
2020-08-21 11:28:57;    ;5.0;Chamadas de Longa Distancia para Outros Estados;
2020-08-20 12:49:47;    ;22.0;Chamadas de Longa Distancia para Outros Estados;
2020-08-19 17:21:04;    ;13.0;Chamadas de Longa Distancia para Outros Estados;
2020-08-19 11:36:03;    ;5.0;Chamadas de Longa Distancia para Outros Estados;
2020-08-18 11:33:08;    ;5.0;Chamadas de Longa Distancia para Outros Estados;
2020-08-18 11:29:29;    ;5.0;Chamadas de Longa Distancia para Outros Estados;
2020-08-18 11:15:19;    ;5.0;Chamadas de Longa Distancia para Outros Estados;
2020-08-18 09:40:14;    ;5.0;Chamadas de Longa Distancia para Outros Estados;
2020-08-14 06:45:36;    ;7.0;Chamadas de Longa Distancia para Outros Estados;
2020-08-13 16:12:58;    ;15.0;Chamadas de Longa Distancia para Outros Estados;
2020-08-13 16:02:25;    ;5.0;Chamadas de Longa Distancia para Outros Estados;
2020-08-13 14:11:06;    ;11.0;Chamadas de Longa Distancia para Outros Estados;
2020-08-13 09:53:13;    ;7.0;Chamadas de Longa Distancia para Outros Estados;
2020-08-12 15:50:12;    ;65.0;Chamadas de Longa Distancia para Outros Estados;
2020-08-12 08:06:22;    ;30.0;Chamadas de Longa Distancia para Outros Estados;
2020-08-11 11:27:47;    ;5.0;Chamadas de Longa Distancia para Outros Estados;
2020-08-08 16:37:01;    ;5.0;Chamadas de Longa Distancia para Outros Estados;
2020-08-08 11:08:48;    ;5.0;Chamadas de Longa Distancia para Outros Estados;
2020-08-07 10:24:26;    ;5.0;Chamadas de Longa Distancia para Outros Estados;
2020-08-07 10:13:29;    ;5.0;Chamadas de Longa Distancia para Outros Estados;
2020-08-07 09:45:12;    ;5.0;Chamadas de Longa Distancia para Outros Estados;
2020-08-07 07:19:41;    ;18.0;Chamadas de Longa Distancia para Outros Estados;
2020-08-06 16:44:07;    ;5.0;Chamadas de Longa Distancia para Outros Estados;
2020-08-06 11:06:08;    ;5.0;Chamadas de Longa Distancia para Outros Estados;
2020-08-06 07:20:18;    ;28.0;Chamadas de Longa Distancia para Outros Estados;
2020-08-05 09:22:36;    ;5.0;Chamadas de Longa Distancia para Outros Estados;
2020-08-05 09:21:19;    ;6.0;Chamadas de Longa Distancia para Outros Estados;
2020-08-04 09:14:07;    ;5.0;Chamadas de Longa Distancia para Outros Estados;
2020-08-04 09:07:05;51  21313333;11.0;Chamadas de Longa Distancia para Outros Estados;
2020-08-04 09:05:54;    ;7.0;Chamadas de Longa Distancia para Outros Estados;
2020-08-03 19:37:03;    ;67.0;Chamadas de Longa Distancia para Outros Estados;
2020-08-03 18:15:49;    ;36.0;Chamadas de Longa Distancia para Outros Estados;
2020-08-01 08:26:02;    ;199.0;Chamadas de Longa Distancia para Outros Estados;
2020-08-26 08:06:33;41  34228628;5.0;Para Fixo de Outras Operadoras;
2020-08-25 09:38:55;41  34233300;43.0;Para Fixo de Outras Operadoras;
2020-08-24 13:29:33;41  34223086;5.0;Para Fixo de Outras Operadoras;
2020-08-22 09:18:57;41  34222673;5.0;Para Fixo de Outras Operadoras;
2020-08-22 09:18:19;41  34222673;5.0;Para Fixo de Outras Operadoras;
2020-08-20 13:37:21;41  34233300;6.0;Para Fixo de Outras Operadoras;
2020-08-18 13:30:29;41  34272163;5.0;Para Fixo de Outras Operadoras;
2020-08-16 11:11:23;41  34230477;5.0;Para Fixo de Outras Operadoras;
2020-08-14 08:45:09;41  34224204;24.0;Para Fixo de Outras Operadoras;
2020-08-13 10:38:24;41  34224204;5.0;Para Fixo de Outras Operadoras;
2020-08-13 10:33:08;41  34224204;50.0;Para Fixo de Outras Operadoras;
2020-08-12 13:13:19;41  34224204;5.0;Para Fixo de Outras Operadoras;
2020-08-12 11:51:36;41  34233913;14.0;Para Fixo de Outras Operadoras;
2020-08-12 06:35:13;41  34228628;5.0;Para Fixo de Outras Operadoras;
2020-08-08 10:24:02;41  34238926;5.0;Para Fixo de Outras Operadoras;
2020-08-04 14:09:30;41  34233326;5.0;Para Fixo de Outras Operadoras;
2020-08-04 14:07:44;41  34233326;5.0;Para Fixo de Outras Operadoras;
2020-08-03 16:10:12;41  34231388;18.0;Para Fixo de Outras Operadoras;
2020-08-03 15:01:28;41  34231388;20.0;Para Fixo de Outras Operadoras;
2020-08-03 06:35:09;41  34228628;5.0;Para Fixo de Outras Operadoras;
2020-08-31 15:46:10;41  984275900;77.0;Para Celulares de Outras Operadoras;
2020-08-29 08:05:53;41  997187672;17.0;Para Celulares de Outras Operadoras;
2020-08-29 00:35:58;41  991561997;32.0;Para Celulares de Outras Operadoras;
2020-08-27 11:01:52;41  991561997;14.0;Para Celulares de Outras Operadoras;
2020-08-27 10:52:46;41  991561997;9.0;Para Celulares de Outras Operadoras;
2020-08-27 10:32:48;41  985079902;8.0;Para Celulares de Outras Operadoras;
2020-08-26 15:22:54;41  999371945;8.0;Para Celulares de Outras Operadoras;
2020-08-25 15:21:23;41  991561997;5.0;Para Celulares de Outras Operadoras;
2020-08-24 13:23:27;41  985009810;15.0;Para Celulares de Outras Operadoras;
2020-08-23 21:42:00;41  985260380;5.0;Para Celulares de Outras Operadoras;
2020-08-23 11:47:58;41  985260380;5.0;Para Celulares de Outras Operadoras;
2020-08-21 11:32:48;41  984275900;16.0;Para Celulares de Outras Operadoras;
2020-08-21 06:55:30;41  995987397;5.0;Para Celulares de Outras Operadoras;
2020-08-20 18:18:54;41  985260380;8.0;Para Celulares de Outras Operadoras;
2020-08-20 18:14:44;41  984275900;31.0;Para Celulares de Outras Operadoras;
2020-08-20 10:41:06;41  991561997;12.0;Para Celulares de Outras Operadoras;
2020-08-20 09:50:18;41  985260380;7.0;Para Celulares de Outras Operadoras;
2020-08-18 15:26:25;41  985079902;5.0;Para Celulares de Outras Operadoras;
2020-08-18 15:19:23;41  985260380;29.0;Para Celulares de Outras Operadoras;
2020-08-17 11:36:43;41  984275900;50.0;Para Celulares de Outras Operadoras;
2020-08-17 11:31:41;41  991561997;5.0;Para Celulares de Outras Operadoras;
2020-08-17 09:59:51;41  98758728;5.0;Para Celulares de Outras Operadoras;
2020-08-15 11:33:55;41  984275900;5.0;Para Celulares de Outras Operadoras;
2020-08-14 12:13:08;41  997461611;9.0;Para Celulares de Outras Operadoras;
2020-08-14 11:33:19;41  996537848;18.0;Para Celulares de Outras Operadoras;
2020-08-12 15:44:49;41  984341235;5.0;Para Celulares de Outras Operadoras;
2020-08-12 11:53:13;41  991561997;5.0;Para Celulares de Outras Operadoras;
2020-08-10 17:21:13;41  991561997;5.0;Para Celulares de Outras Operadoras;
2020-08-08 14:38:08;41  984058918;5.0;Para Celulares de Outras Operadoras;
2020-08-07 13:53:25;41  984275900;16.0;Para Celulares de Outras Operadoras;
2020-08-07 06:38:16;41  999371945;5.0;Para Celulares de Outras Operadoras;
2020-08-06 10:54:51;41  985381871;5.0;Para Celulares de Outras Operadoras;
2020-08-02 13:10:20;41  984275900;8.0;Para Celulares de Outras Operadoras;
2020-08-27 10:50:17;41  30183030;20.0;Para Fixo Vivo;
2020-08-27 10:43:52;41  30183030;52.0;Para Fixo Vivo;
2020-08-25 09:30:28;41  30183030;43.0;Para Fixo Vivo;
2020-08-04 13:49:36;41  40044828;177.0;Para Fixo Vivo;
2020-08-04 13:38:43;41  40044828;16.0;Para Fixo Vivo;
2020-08-20 10:46:34;41  984935997;5.0;Para Celulares Vivo;
2020-08-19 11:23:57;41  984935997;5.0;Para Celulares Vivo;
2020-08-13 22:21:29;41  991112714;5.0;Para Celulares Vivo;
2020-08-04;"";6.0;INTERNET MOVEL 2;0.00
2020-08-05;"";2.0;INTERNET MOVEL 2;0.00
2020-08-15;"";1.0;INTERNET MOVEL 2;0.00
