data_hora_inicio;nro_telefone_chamado;duracao_ligacao;desc_categoria;valor_ligacao
2020-08-26 14:37:39;51984929259;1.0;GRATIS-SMS;0.00
2020-08-25 15:21:07;51992592757;1.0;GRATIS-SMS;0.00
2020-08-25 14:15:00;51984547713;1.0;GRATIS-SMS;0.00
2020-08-24 11:09:26;51994610494;1.0;GRATIS-SMS;0.00
2020-08-19 17:11:46;51  985397670;5.0;Para Celulares de Outras Operadoras;
2020-08-19 13:37:51;51  994610494;5.0;Para Celulares de Outras Operadoras;
2020-08-19 10:39:27;51  994610494;5.0;Para Celulares de Outras Operadoras;
2020-08-19 10:04:32;51  984929259;5.0;Para Celulares de Outras Operadoras;
2020-08-19 09:04:22;51  998398916;5.0;Para Celulares de Outras Operadoras;
2020-08-19 08:43:06;51  989434872;17.0;Para Celulares de Outras Operadoras;
2020-08-18 15:07:52;51  984929259;5.0;Para Celulares de Outras Operadoras;
2020-08-18 08:50:37;51  984547713;9.0;Para Celulares de Outras Operadoras;
2020-08-17 19:11:29;51  985060627;90.0;Para Celulares de Outras Operadoras;
2020-08-17 16:34:17;51  992950903;37.0;Para Celulares de Outras Operadoras;
2020-08-17 08:36:18;51  984929259;5.0;Para Celulares de Outras Operadoras;
2020-08-17 07:58:50;51  984547713;8.0;Para Celulares de Outras Operadoras;
2020-08-17 07:37:34;51  991854580;5.0;Para Celulares de Outras Operadoras;
2020-08-15 12:42:16;51  982035011;9.0;Para Celulares de Outras Operadoras;
2020-08-15 08:38:57;51  989434872;5.0;Para Celulares de Outras Operadoras;
2020-08-14 13:53:34;51  991722020;8.0;Para Celulares de Outras Operadoras;
2020-08-14 13:24:36;51  994610494;5.0;Para Celulares de Outras Operadoras;
2020-08-14 13:07:54;51  994610494;15.0;Para Celulares de Outras Operadoras;
2020-08-14 08:27:09;51  984929259;6.0;Para Celulares de Outras Operadoras;
2020-08-13 10:27:29;51  996314131;6.0;Para Celulares de Outras Operadoras;
2020-08-12 08:03:39;51  998293932;16.0;Para Celulares de Outras Operadoras;
2020-08-11 15:50:44;51  984547713;7.0;Para Celulares de Outras Operadoras;
2020-08-11 14:51:23;51  994610494;9.0;Para Celulares de Outras Operadoras;
2020-08-11 13:44:24;51  981313471;15.0;Para Celulares de Outras Operadoras;
2020-08-11 10:17:57;51  993251349;6.0;Para Celulares de Outras Operadoras;
2020-08-11 08:27:50;51  993889435;11.0;Para Celulares de Outras Operadoras;
2020-08-11 07:57:03;51  991854580;13.0;Para Celulares de Outras Operadoras;
2020-08-11 07:44:05;51  998293932;7.0;Para Celulares de Outras Operadoras;
2020-08-10 15:19:55;51  984929259;5.0;Para Celulares de Outras Operadoras;
2020-08-10 12:38:01;51  984929259;5.0;Para Celulares de Outras Operadoras;
2020-08-10 11:02:14;51  994610494;5.0;Para Celulares de Outras Operadoras;
2020-08-10 10:39:19;51  986871889;8.0;Para Celulares de Outras Operadoras;
2020-08-10 08:27:00;51  991854580;5.0;Para Celulares de Outras Operadoras;
2020-08-10 07:24:02;51  989434872;5.0;Para Celulares de Outras Operadoras;
2020-08-07 14:06:26;51  998398916;9.0;Para Celulares de Outras Operadoras;
2020-08-07 07:36:39;51  985060627;5.0;Para Celulares de Outras Operadoras;
2020-08-06 12:33:38;51  994555862;5.0;Para Celulares de Outras Operadoras;
2020-08-06 08:50:22;51  984929259;11.0;Para Celulares de Outras Operadoras;
2020-08-06 08:12:05;51  991931287;18.0;Para Celulares de Outras Operadoras;
2020-08-06 07:55:04;51  993251349;13.0;Para Celulares de Outras Operadoras;
2020-08-05 14:37:33;51  993889435;5.0;Para Celulares de Outras Operadoras;
2020-08-05 12:44:17;51  994610494;8.0;Para Celulares de Outras Operadoras;
2020-08-05 10:07:29;51  994610494;5.0;Para Celulares de Outras Operadoras;
2020-08-04 10:52:06;51  984929259;5.0;Para Celulares de Outras Operadoras;
2020-08-04 09:04:14;51  984929259;5.0;Para Celulares de Outras Operadoras;
2020-08-03 07:10:56;51  994610494;6.0;Para Celulares de Outras Operadoras;
2020-08-31 13:00:45;51  985371028;5.0;Para Fixo Vivo;
2020-08-27 08:41:23;51  985371028;5.0;Para Fixo Vivo;
2020-08-25 08:35:15;51  985371028;13.0;Para Fixo Vivo;
2020-08-21 13:51:07;51  985371028;5.0;Para Fixo Vivo;
2020-08-21 07:41:41;51  985371028;6.0;Para Fixo Vivo;
2020-08-20 13:23:43;51  985371028;5.0;Para Fixo Vivo;
2020-08-19 13:38:27;51  985371028;5.0;Para Fixo Vivo;
2020-08-19 09:06:33;51  985371028;6.0;Para Fixo Vivo;
2020-08-18 13:26:47;51  985371028;5.0;Para Fixo Vivo;
2020-08-18 07:44:28;51  985371028;5.0;Para Fixo Vivo;
2020-08-14 13:58:51;51  984468666;46.0;Para Fixo Vivo;
2020-08-13 16:47:29;51  33443413;20.0;Para Fixo Vivo;
2020-08-07 07:27:06;51  985371028;5.0;Para Fixo Vivo;
2020-08-07 07:18:52;51  985371028;6.0;Para Fixo Vivo;
2020-08-06 13:45:14;51  985371028;5.0;Para Fixo Vivo;
2020-08-03 16:41:44;51  985371028;11.0;Para Fixo Vivo;
2020-08-31 16:42:37;51  992518671;19.0;Para Celulares Vivo;
2020-08-31 13:52:24;51  997360949;8.0;Para Celulares Vivo;
2020-08-31 13:09:17;51  997360949;5.0;Para Celulares Vivo;
2020-08-31 07:30:31;51  995112258;5.0;Para Celulares Vivo;
2020-08-28 18:05:50;51  992447301;11.0;Para Celulares Vivo;
2020-08-28 15:09:18;51  989251967;15.0;Para Celulares Vivo;
2020-08-28 14:38:41;51  995112258;10.0;Para Celulares Vivo;
2020-08-28 14:35:02;51  980530481;12.0;Para Celulares Vivo;
2020-08-28 09:32:09;51  995112258;5.0;Para Celulares Vivo;
2020-08-28 07:48:27;51  995112258;5.0;Para Celulares Vivo;
2020-08-28 07:39:29;51  995112258;14.0;Para Celulares Vivo;
2020-08-27 07:59:01;51  981119588;5.0;Para Celulares Vivo;
2020-08-26 17:08:20;51  995112258;6.0;Para Celulares Vivo;
2020-08-26 11:43:03;51  995112258;5.0;Para Celulares Vivo;
2020-08-26 10:37:58;51  995112258;5.0;Para Celulares Vivo;
2020-08-25 16:58:30;51  995112258;12.0;Para Celulares Vivo;
2020-08-25 13:02:22;51  997360949;16.0;Para Celulares Vivo;
2020-08-24 17:22:09;51  995112258;5.0;Para Celulares Vivo;
2020-08-24 16:21:00;51  995112258;5.0;Para Celulares Vivo;
2020-08-24 15:02:09;51  995112258;5.0;Para Celulares Vivo;
2020-08-23 12:12:13;51  992447301;5.0;Para Celulares Vivo;
2020-08-21 16:18:28;51  980530481;40.0;Para Celulares Vivo;
2020-08-21 13:57:48;51  996168535;5.0;Para Celulares Vivo;
2020-08-21 13:49:48;51  995112258;5.0;Para Celulares Vivo;
2020-08-21 13:20:02;51  989028545;24.0;Para Celulares Vivo;
2020-08-21 13:17:09;51  995112258;5.0;Para Celulares Vivo;
2020-08-21 08:41:30;51  998345200;5.0;Para Celulares Vivo;
2020-08-20 14:45:52;51  998137123;14.0;Para Celulares Vivo;
2020-08-20 13:03:29;51  997360949;11.0;Para Celulares Vivo;
2020-08-20 08:00:13;51  998137123;5.0;Para Celulares Vivo;
2020-08-19 09:55:17;51  998345200;10.0;Para Celulares Vivo;
2020-08-19 09:24:49;51  998851856;63.0;Para Celulares Vivo;
2020-08-18 13:27:32;51  995112258;5.0;Para Celulares Vivo;
2020-08-18 13:23:01;51  995112258;5.0;Para Celulares Vivo;
2020-08-18 08:42:04;51  998137123;8.0;Para Celulares Vivo;
2020-08-17 13:13:13;51  991026438;9.0;Para Celulares Vivo;
2020-08-17 09:50:33;51  995112258;5.0;Para Celulares Vivo;
2020-08-01 07:50:18;51  994610494;14.0;Para Celulares de Outras Operadoras;
2020-08-01 09:52:46;51  995112258;5.0;Para Celulares Vivo;
2020-08-01 08:10:41;51  995112258;5.0;Para Celulares Vivo;
2020-08-17 15:10:35;31  997649947;51.0;Para Celulares Vivo;
2020-08-17 10:31:38;31  997649947;5.0;Para Celulares Vivo;
2020-08-28 14:54:19;51  34214504;16.0;Para Fixo de Outras Operadoras;
2020-08-26 08:27:02;51  34517155;7.0;Para Fixo de Outras Operadoras;
2020-08-19 17:06:21;51  34971728;5.0;Para Fixo de Outras Operadoras;
2020-08-15 09:01:08;51  33429898;5.0;Para Fixo de Outras Operadoras;
2020-08-14 18:16:37;51  30425885;8.0;Para Fixo de Outras Operadoras;
2020-08-14 10:37:40;51  33435365;8.0;Para Fixo de Outras Operadoras;
2020-08-13 16:45:27;51  33429898;16.0;Para Fixo de Outras Operadoras;
2020-08-13 09:14:49;51  35871804;55.0;Para Fixo de Outras Operadoras;
2020-08-12 15:37:58;51  30429400;22.0;Para Fixo de Outras Operadoras;
2020-08-10 14:04:29;51  35871804;21.0;Para Fixo de Outras Operadoras;
2020-08-07 12:28:25;51  35871804;8.0;Para Fixo de Outras Operadoras;
2020-08-04 16:51:37;51  35683852;30.0;Para Fixo de Outras Operadoras;
2020-08-03 09:44:06;51  35871314;28.0;Para Fixo de Outras Operadoras;
2020-08-03 09:42:36;51  35871314;5.0;Para Fixo de Outras Operadoras;
2020-08-03 09:06:25;51  35799444;18.0;Para Fixo de Outras Operadoras;
2020-08-31 20:52:38;51  985060627;19.0;Para Celulares de Outras Operadoras;
2020-08-31 20:51:00;51  985060627;5.0;Para Celulares de Outras Operadoras;
2020-08-31 15:53:12;51  991854580;5.0;Para Celulares de Outras Operadoras;
2020-08-31 15:42:52;51  989434872;8.0;Para Celulares de Outras Operadoras;
2020-08-31 13:41:34;51  981313471;62.0;Para Celulares de Outras Operadoras;
2020-08-31 07:58:30;51  991854580;5.0;Para Celulares de Outras Operadoras;
2020-08-31 07:22:12;51  989434872;5.0;Para Celulares de Outras Operadoras;
2020-08-28 07:21:15;51  981102255;5.0;Para Celulares de Outras Operadoras;
2020-08-27 08:50:31;51  989434872;5.0;Para Celulares de Outras Operadoras;
2020-08-27 08:04:19;51  984929259;5.0;Para Celulares de Outras Operadoras;
2020-08-26 13:16:52;51  993251349;12.0;Para Celulares de Outras Operadoras;
2020-08-26 08:42:01;51  996314131;9.0;Para Celulares de Outras Operadoras;
2020-08-26 08:00:53;51  994610494;5.0;Para Celulares de Outras Operadoras;
2020-08-26 07:35:13;51  994610494;21.0;Para Celulares de Outras Operadoras;
2020-08-26 07:24:05;51  989434872;8.0;Para Celulares de Outras Operadoras;
2020-08-25 20:28:59;51  985060627;73.0;Para Celulares de Outras Operadoras;
2020-08-25 14:25:30;51  984547713;6.0;Para Celulares de Outras Operadoras;
2020-08-25 11:16:30;51  984547713;16.0;Para Celulares de Outras Operadoras;
2020-08-25 10:08:15;51  993889435;14.0;Para Celulares de Outras Operadoras;
2020-08-25 09:20:59;51  994610494;5.0;Para Celulares de Outras Operadoras;
2020-08-25 08:30:22;51  984929259;7.0;Para Celulares de Outras Operadoras;
2020-08-24 08:10:57;51  994610494;7.0;Para Celulares de Outras Operadoras;
2020-08-21 13:43:28;51  986871889;7.0;Para Celulares de Outras Operadoras;
2020-08-20 14:16:46;51  994610494;6.0;Para Celulares de Outras Operadoras;
2020-08-20 07:28:04;51  991854580;5.0;Para Celulares de Outras Operadoras;
2020-08-17 07:36:49;51  995112258;5.0;Para Celulares Vivo;
2020-08-15 07:27:20;51  996168535;5.0;Para Celulares Vivo;
2020-08-15 07:06:32;51  997071283;5.0;Para Celulares Vivo;
2020-08-14 15:08:01;51  998851856;32.0;Para Celulares Vivo;
2020-08-14 14:20:19;51  997360949;7.0;Para Celulares Vivo;
2020-08-14 13:47:40;51  996268732;38.0;Para Celulares Vivo;
2020-08-13 12:44:21;51  996168535;7.0;Para Celulares Vivo;
2020-08-13 08:52:02;51  995112258;5.0;Para Celulares Vivo;
2020-08-13 07:33:40;51  995112258;5.0;Para Celulares Vivo;
2020-08-12 17:43:20;51  992447301;7.0;Para Celulares Vivo;
2020-08-11 13:27:20;51  991916429;5.0;Para Celulares Vivo;
2020-08-11 08:07:42;51  998957118;21.0;Para Celulares Vivo;
2020-08-10 17:08:51;51  989028545;12.0;Para Celulares Vivo;
2020-08-10 08:36:37;51  991026438;11.0;Para Celulares Vivo;
2020-08-10 07:37:40;51  998137123;46.0;Para Celulares Vivo;
2020-08-07 16:55:54;51  992447301;11.0;Para Celulares Vivo;
2020-08-07 07:28:07;51  995112258;5.0;Para Celulares Vivo;
2020-08-07 07:13:02;51  995112258;5.0;Para Celulares Vivo;
2020-08-06 17:09:46;51  995112258;5.0;Para Celulares Vivo;
2020-08-06 11:47:39;51  995112258;5.0;Para Celulares Vivo;
2020-08-06 11:24:43;51  995112258;8.0;Para Celulares Vivo;
2020-08-06 07:46:32;51  995112258;5.0;Para Celulares Vivo;
2020-08-05 08:32:20;51  995112258;5.0;Para Celulares Vivo;
2020-08-05 07:46:18;51  998137123;12.0;Para Celulares Vivo;
2020-08-04 17:01:50;51  998137123;19.0;Para Celulares Vivo;
2020-08-04 14:41:34;51  991026438;5.0;Para Celulares Vivo;
2020-08-04 14:27:12;51  995112258;9.0;Para Celulares Vivo;
2020-08-04 10:36:56;51  995112258;5.0;Para Celulares Vivo;
2020-08-04 09:18:02;51  998851856;5.0;Para Celulares Vivo;
2020-08-04 07:48:51;51  980530481;7.0;Para Celulares Vivo;
2020-08-03 07:24:18;51  995112258;8.0;Para Celulares Vivo;
