data_hora_inicio;nro_telefone_chamado;duracao_ligacao;desc_categoria;valor_ligacao
2020-08-12 08:11:15;51  30803000;29.0;Para Fixo de Outras Operadoras;
2020-08-12 07:28:16;51  30803000;5.0;Para Fixo de Outras Operadoras;
2020-08-06 09:28:04;51  34532030;5.0;Para Fixo de Outras Operadoras;
2020-08-05 10:04:23;51  34532030;14.0;Para Fixo de Outras Operadoras;
2020-08-28 18:22:34;51  992322079;5.0;Para Celulares de Outras Operadoras;
2020-08-28 17:33:45;51  981900579;6.0;Para Celulares de Outras Operadoras;
2020-08-24 10:52:46;51  993035084;5.0;Para Celulares de Outras Operadoras;
2020-08-13 21:01:15;51  981900579;5.0;Para Celulares de Outras Operadoras;
2020-08-19 15:17:46;51  34512636;20.0;Para Fixo Vivo;
2020-08-18 14:06:58;51  34512636;32.0;Para Fixo Vivo;
2020-08-26 14:29:47;51  996781756;16.0;Para Celulares Vivo;
2020-07-31;"";65507.6;INTERNET MOVEL 2;0.00
2020-08-01;"";243823.3;INTERNET MOVEL 2;0.00
2020-08-02;"";92448.4;INTERNET MOVEL 2;0.00
2020-08-03;"";82843.8;INTERNET MOVEL 2;0.00
2020-08-04;"";82000.0;INTERNET MOVEL 2;0.00
2020-08-05;"";194357.3;INTERNET MOVEL 2;0.00
2020-08-06;"";160584.8;INTERNET MOVEL 2;0.00
2020-08-07;"";765.0;INTERNET MOVEL 2;0.00
2020-08-08;"";1534.0;INTERNET MOVEL 2;0.00
2020-08-09;"";43459.5;INTERNET MOVEL 2;0.00
2020-08-10;"";26847.8;INTERNET MOVEL 2;0.00
2020-08-11;"";31334.6;INTERNET MOVEL 2;0.00
2020-08-12;"";55484.3;INTERNET MOVEL 2;0.00
2020-08-13;"";144829.0;INTERNET MOVEL 2;0.00
2020-08-14;"";4498.0;INTERNET MOVEL 2;0.00
2020-08-15;"";119346.2;INTERNET MOVEL 2;0.00
2020-08-16;"";41552.6;INTERNET MOVEL 2;0.00
2020-08-17;"";23864.7;INTERNET MOVEL 2;0.00
2020-08-18;"";1425.0;INTERNET MOVEL 2;0.00
2020-08-19;"";36393.6;INTERNET MOVEL 2;0.00
2020-08-20;"";36844.4;INTERNET MOVEL 2;0.00
2020-08-21;"";48461.1;INTERNET MOVEL 2;0.00
2020-08-22;"";30604.2;INTERNET MOVEL 2;0.00
2020-08-23;"";91042.3;INTERNET MOVEL 2;0.00
2020-08-24;"";37833.6;INTERNET MOVEL 2;0.00
2020-08-25;"";58164.5;INTERNET MOVEL 2;0.00
2020-08-26;"";145927.4;INTERNET MOVEL 2;0.00
2020-08-27;"";4915.8;INTERNET MOVEL 2;0.00
2020-08-28;"";150791.9;INTERNET MOVEL 2;0.00
2020-08-29;"";62452.6;INTERNET MOVEL 2;0.00
2020-08-30;"";196679.8;INTERNET MOVEL 2;0.00
2020-08-31;"";9348.9;INTERNET MOVEL 2;0.00
