data_hora_inicio;nro_telefone_chamado;duracao_ligacao;desc_categoria;valor_ligacao
2020-08-23 18:34:39;"";1.0;ADICIONAL;0.00
2020-08-14 17:09:20;"";1.0;ADICIONAL;0.00
2020-08-11 19:22:07;1140974221;1.0;ADICIONAL;0.00
2020-08-11 16:12:28;1140974221;1.0;ADICIONAL;0.00
2020-08-10 15:01:26;11982125692;1.0;ADICIONAL;0.00
2020-08-03 16:46:48;51  995823276;61.0;Para Celulares Vivo;
2020-08-11 15:29:25;41  992293934;0.0;Adicional por Ligacoes Realizadas;
2020-08-11 10:46:05;*5  55;0.0;Adicional por Ligacoes Realizadas;
2020-08-03 16:46:48;51  995823276;0.0;Adicional por Ligacoes Realizadas;
2020-08-23 18:34:39;    ;512.0;Chamadas de Longa Distancia para Outros Estados;
2020-08-14 17:09:20;    ;5.0;Chamadas de Longa Distancia para Outros Estados;
2020-08-11 19:22:07;11  40974221;7.0;Chamadas de Longa Distancia para Outros Estados;
2020-08-11 16:12:28;11  40974221;5.0;Chamadas de Longa Distancia para Outros Estados;
2020-08-10 15:01:26;11  982125692;19.0;Chamadas de Longa Distancia para Outros Estados;
2020-08-11 10:46:05;*5  55;5.0;"";
2020-08-11 15:29:25;41  992293934;7.0;Para Celulares Vivo;
2020-07-31;"";420.0;INTERNET MOVEL 2;0.00
2020-08-01;"";420.0;INTERNET MOVEL 2;0.00
2020-08-02;"";247.0;INTERNET MOVEL 2;0.00
2020-08-03;"";10884.1;INTERNET MOVEL 2;0.00
2020-08-04;"";9550.9;INTERNET MOVEL 2;0.00
2020-08-05;"";723.0;INTERNET MOVEL 2;0.00
2020-08-06;"";386.0;INTERNET MOVEL 2;0.00
2020-08-07;"";383.0;INTERNET MOVEL 2;0.00
2020-08-08;"";16641.5;INTERNET MOVEL 2;0.00
2020-08-09;"";323.0;INTERNET MOVEL 2;0.00
2020-08-10;"";4322.0;INTERNET MOVEL 2;0.00
2020-08-11;"";11782.6;INTERNET MOVEL 2;0.00
2020-08-12;"";431.0;INTERNET MOVEL 2;0.00
2020-08-13;"";273.0;INTERNET MOVEL 2;0.00
2020-08-14;"";14760.3;INTERNET MOVEL 2;0.00
2020-08-15;"";366.0;INTERNET MOVEL 2;0.00
2020-08-16;"";580.0;INTERNET MOVEL 2;0.00
2020-08-17;"";6047.6;INTERNET MOVEL 2;0.00
2020-08-18;"";1371.0;INTERNET MOVEL 2;0.00
2020-08-19;"";394.0;INTERNET MOVEL 2;0.00
2020-08-20;"";453.0;INTERNET MOVEL 2;0.00
2020-08-21;"";4382.0;INTERNET MOVEL 2;0.00
2020-08-22;"";554.0;INTERNET MOVEL 2;0.00
2020-08-23;"";506.0;INTERNET MOVEL 2;0.00
2020-08-24;"";1175.0;INTERNET MOVEL 2;0.00
2020-08-25;"";15043.2;INTERNET MOVEL 2;0.00
2020-08-26;"";9178.9;INTERNET MOVEL 2;0.00
2020-08-27;"";2638.0;INTERNET MOVEL 2;0.00
2020-08-28;"";817.0;INTERNET MOVEL 2;0.00
2020-08-29;"";340.0;INTERNET MOVEL 2;0.00
2020-08-30;"";332.0;INTERNET MOVEL 2;0.00
