data_hora_inicio;nro_telefone_chamado;duracao_ligacao;desc_categoria;valor_ligacao
2020-08-19 03:21:15;"";11540.5;VIVO BIS;0.00
2020-08-19 03:11:13;"";1629.0;VIVO BIS;0.00
2020-08-18 19:41:13;"";67933.0;VIVO BIS;0.00
2020-08-18 16:41:06;"";57897.0;VIVO BIS;0.00
2020-07-31;"";65238.9;INTERNET MOVEL 2;0.00
2020-08-01;"";95047.6;INTERNET MOVEL 2;0.00
2020-08-02;"";62474.1;INTERNET MOVEL 2;0.00
2020-08-03;"";47472.5;INTERNET MOVEL 2;0.00
2020-08-04;"";56193.9;INTERNET MOVEL 2;0.00
2020-08-05;"";25226.0;INTERNET MOVEL 2;0.00
2020-08-06;"";154963.8;INTERNET MOVEL 2;0.00
2020-08-07;"";97169.2;INTERNET MOVEL 2;0.00
2020-08-08;"";30982.0;INTERNET MOVEL 2;0.00
2020-08-09;"";65707.4;INTERNET MOVEL 2;0.00
2020-08-10;"";33610.4;INTERNET MOVEL 2;0.00
2020-08-11;"";108040.0;INTERNET MOVEL 2;0.00
2020-08-12;"";116179.0;INTERNET MOVEL 2;0.00
2020-08-13;"";10331.6;INTERNET MOVEL 2;0.00
2020-08-14;"";149620.1;INTERNET MOVEL 2;0.00
2020-08-15;"";94576.5;INTERNET MOVEL 2;0.00
2020-08-16;"";29459.2;INTERNET MOVEL 2;0.00
2020-08-17;"";35115.9;INTERNET MOVEL 2;0.00
2020-08-18;"";171181.8;INTERNET MOVEL 2;0.00
2020-08-19;"";53749.7;INTERNET MOVEL 2;0.00
2020-08-20;"";220924.6;INTERNET MOVEL 2;0.00
2020-08-21;"";42891.1;INTERNET MOVEL 2;0.00
2020-08-22;"";89631.7;INTERNET MOVEL 2;0.00
2020-08-23;"";34205.6;INTERNET MOVEL 2;0.00
2020-08-24;"";180267.1;INTERNET MOVEL 2;0.00
2020-08-25;"";61272.7;INTERNET MOVEL 2;0.00
2020-08-26;"";12009.3;INTERNET MOVEL 2;0.00
2020-08-27;"";17616.8;INTERNET MOVEL 2;0.00
2020-08-28;"";172349.3;INTERNET MOVEL 2;0.00
2020-08-29;"";66351.9;INTERNET MOVEL 2;0.00
2020-08-30;"";40243.1;INTERNET MOVEL 2;0.00
2020-08-31;"";48097.2;INTERNET MOVEL 2;0.00
