data_hora_inicio;nro_telefone_chamado;duracao_ligacao;desc_categoria;valor_ligacao
2020-08-28 21:49:59;51  34684249;5.0;Para Fixo de Outras Operadoras;
2020-08-14 21:52:57;51  34684249;5.0;Para Fixo de Outras Operadoras;
2020-08-01;"";3393.6;INTERNET MOVEL 2;0.00
2020-08-02;"";22.0;INTERNET MOVEL 2;0.00
2020-08-03;"";2.0;INTERNET MOVEL 2;0.00
2020-08-05;"";12.0;INTERNET MOVEL 2;0.00
2020-08-06;"";199.0;INTERNET MOVEL 2;0.00
2020-08-07;"";60.0;INTERNET MOVEL 2;0.00
2020-08-08;"";27657.8;INTERNET MOVEL 2;0.00
2020-08-09;"";121.0;INTERNET MOVEL 2;0.00
2020-08-10;"";28.0;INTERNET MOVEL 2;0.00
2020-08-11;"";22.0;INTERNET MOVEL 2;0.00
2020-08-12;"";73.0;INTERNET MOVEL 2;0.00
2020-08-13;"";30.0;INTERNET MOVEL 2;0.00
2020-08-14;"";14763.4;INTERNET MOVEL 2;0.00
2020-08-15;"";87.0;INTERNET MOVEL 2;0.00
2020-08-16;"";3905.0;INTERNET MOVEL 2;0.00
2020-08-17;"";58.0;INTERNET MOVEL 2;0.00
2020-08-18;"";26.0;INTERNET MOVEL 2;0.00
2020-08-19;"";10006.0;INTERNET MOVEL 2;0.00
2020-08-20;"";11519.1;INTERNET MOVEL 2;0.00
2020-08-21;"";69.0;INTERNET MOVEL 2;0.00
2020-08-22;"";5907.0;INTERNET MOVEL 2;0.00
2020-08-23;"";270.0;INTERNET MOVEL 2;0.00
2020-08-24;"";6904.0;INTERNET MOVEL 2;0.00
2020-08-25;"";130.0;INTERNET MOVEL 2;0.00
2020-08-26;"";42.0;INTERNET MOVEL 2;0.00
2020-08-27;"";15042.3;INTERNET MOVEL 2;0.00
2020-08-28;"";7888.0;INTERNET MOVEL 2;0.00
2020-08-29;"";84.0;INTERNET MOVEL 2;0.00
2020-08-30;"";15.0;INTERNET MOVEL 2;0.00
2020-08-31;"";96.0;INTERNET MOVEL 2;0.00
