data_hora_inicio;nro_telefone_chamado;duracao_ligacao;desc_categoria;valor_ligacao
2020-08-01 11:21:30;51999844804;1.0;GRATIS-SMS;0.00
2020-08-12 14:33:39;888;1.0;VIVO WAP;0.00
2020-08-05 10:21:49;83981971923;1.0;GRATIS-SMS;0.00
2020-08-05 10:16:01;83981971923;1.0;GRATIS-SMS;0.00
2020-08-03 17:16:33;51991234755;1.0;GRATIS-SMS;0.00
2020-08-01 18:08:39;51  992592504;10.0;Para Celulares Vivo;
2020-08-01 11:22:04;51  998062033;30.0;Para Celulares Vivo;
2020-08-01 11:15:31;51  992592843;13.0;Para Celulares Vivo;
2020-08-01 10:15:04;51  992592148;15.0;Para Celulares Vivo;
2020-08-10 10:11:50;31  39164404;34.0;Para Fixo de Outras Operadoras;
2020-08-03 09:50:08;41  32005909;386.0;Para Fixo de Outras Operadoras;
2020-08-13 17:52:48;31  988897074;11.0;Para Celulares de Outras Operadoras;
2020-08-10 10:27:23;31  996882795;246.0;Para Celulares de Outras Operadoras;
2020-08-28 08:29:12;11  986273618;7.0;Para Celulares Vivo;
2020-08-15 18:55:46;21  998667759;22.0;Para Celulares Vivo;
2020-08-12 17:38:39;11  950468666;126.0;Para Celulares Vivo;
2020-08-05 07:53:58;11  984719726;201.0;Para Celulares Vivo;
2020-08-23 09:36:13;54  30399585;6.0;Para Fixo de Outras Operadoras;
2020-08-13 14:14:15;54  991138998;96.0;Para Celulares de Outras Operadoras;
2020-08-28 18:51:10;54  999714048;17.0;Para Celulares Vivo;
2020-08-31 18:16:34;*5  55;5.0;"";
2020-08-28 17:23:38;*5  55;5.0;"";
2020-08-25 21:02:21;*5  55;14.0;"";
2020-08-25 17:50:18;*5  55;6.0;"";
2020-08-03 20:11:25;*5  55;9.0;"";
2020-08-15 22:34:25;51  33288330;12.0;Para Fixo de Outras Operadoras;
2020-08-15 21:20:58;51  33288330;11.0;Para Fixo de Outras Operadoras;
2020-08-12 14:29:51;51  33846584;58.0;Para Fixo de Outras Operadoras;
2020-08-26 20:41:45;51  991253936;17.0;Para Celulares de Outras Operadoras;
2020-08-20 20:43:35;51  991253936;71.0;Para Celulares de Outras Operadoras;
2020-08-19 16:27:18;51  991253936;7.0;Para Celulares de Outras Operadoras;
2020-08-14 13:47:58;51  991899959;42.0;Para Celulares de Outras Operadoras;
2020-08-14 09:30:44;51  991899959;5.0;Para Celulares de Outras Operadoras;
2020-08-06 20:30:21;51  991899959;29.0;Para Celulares de Outras Operadoras;
2020-08-03 20:26:16;51  985436649;9.0;Para Celulares de Outras Operadoras;
2020-08-03 20:21:44;51  991234755;38.0;Para Celulares de Outras Operadoras;
2020-08-03 20:13:15;51  991899959;41.0;Para Celulares de Outras Operadoras;
2020-08-02 20:42:34;51  985436649;7.0;Para Celulares de Outras Operadoras;
2020-08-29 13:44:20;51  992592843;5.0;Para Celulares Vivo;
2020-08-29 11:12:05;51  992592843;5.0;Para Celulares Vivo;
2020-08-28 08:31:36;51  992592816;5.0;Para Celulares Vivo;
2020-08-27 20:07:35;51  992592716;17.0;Para Celulares Vivo;
2020-08-27 20:01:08;51  992592818;58.0;Para Celulares Vivo;
2020-08-27 19:59:55;51  992592845;6.0;Para Celulares Vivo;
2020-08-27 19:22:33;51  992592716;19.0;Para Celulares Vivo;
2020-08-27 19:14:34;51  999875123;61.0;Para Celulares Vivo;
2020-08-27 12:04:04;51  992592148;45.0;Para Celulares Vivo;
2020-08-27 07:45:38;51  992592716;87.0;Para Celulares Vivo;
2020-08-27 07:39:37;51  992592716;50.0;Para Celulares Vivo;
2020-08-26 21:01:26;51  992592819;44.0;Para Celulares Vivo;
2020-08-26 20:56:50;51  992592818;11.0;Para Celulares Vivo;
2020-08-26 20:43:55;51  992592818;113.0;Para Celulares Vivo;
2020-08-26 20:01:50;51  991034807;23.0;Para Celulares Vivo;
2020-08-26 17:36:25;51  989028545;14.0;Para Celulares Vivo;
2020-08-26 16:59:34;51  989028545;14.0;Para Celulares Vivo;
2020-08-26 09:28:17;51  992592716;5.0;Para Celulares Vivo;
2020-08-25 21:16:34;51  992592716;85.0;Para Celulares Vivo;
2020-08-25 21:04:40;51  992592818;114.0;Para Celulares Vivo;
2020-08-25 15:44:10;51  999713236;107.0;Para Celulares Vivo;
2020-08-25 15:24:11;51  991014112;85.0;Para Celulares Vivo;
2020-08-24 18:51:24;51  992592873;47.0;Para Celulares Vivo;
2020-08-23 20:12:59;51  992592716;65.0;Para Celulares Vivo;
2020-08-23 19:12:35;51  992592818;46.0;Para Celulares Vivo;
2020-08-23 09:41:11;51  996094649;5.0;Para Celulares Vivo;
2020-08-22 10:19:28;51  992592953;5.0;Para Celulares Vivo;
2020-08-21 20:15:06;51  992592716;86.0;Para Celulares Vivo;
2020-08-21 13:37:21;51  999713236;5.0;Para Celulares Vivo;
2020-08-21 10:26:59;51  999867878;25.0;Para Celulares Vivo;
2020-08-21 08:52:56;51  992592716;8.0;Para Celulares Vivo;
2020-08-20 20:52:40;51  991167724;155.0;Para Celulares Vivo;
2020-08-20 09:42:07;51  992592716;5.0;Para Celulares Vivo;
2020-08-20 09:33:25;51  992592148;77.0;Para Celulares Vivo;
2020-08-18 21:33:14;51  992592818;40.0;Para Celulares Vivo;
2020-08-18 17:30:14;51  984274504;60.0;Para Celulares Vivo;
2020-08-18 08:39:03;51  992592716;17.0;Para Celulares Vivo;
2020-08-17 20:29:55;51  999844804;83.0;Para Celulares Vivo;
2020-08-17 20:27:24;51  992592716;7.0;Para Celulares Vivo;
2020-08-16 19:46:23;51  984274504;5.0;Para Celulares Vivo;
2020-08-16 19:45:34;51  992592843;5.0;Para Celulares Vivo;
2020-08-16 18:59:53;51  998980236;6.0;Para Celulares Vivo;
2020-08-15 11:27:41;51  996072559;52.0;Para Celulares Vivo;
2020-08-15 10:02:11;51  992592716;9.0;Para Celulares Vivo;
2020-08-15 08:45:27;51  992592716;106.0;Para Celulares Vivo;
2020-08-15 08:33:49;51  996072559;95.0;Para Celulares Vivo;
2020-08-13 20:25:01;51  999844804;100.0;Para Celulares Vivo;
2020-08-13 20:18:08;51  992592956;51.0;Para Celulares Vivo;
2020-08-13 20:11:17;51  997693375;59.0;Para Celulares Vivo;
2020-08-13 09:19:33;51  992592716;34.0;Para Celulares Vivo;
2020-08-12 17:53:01;51  992592818;36.0;Para Celulares Vivo;
2020-08-12 17:51:49;51  993319514;9.0;Para Celulares Vivo;
2020-08-12 14:37:32;51  993319514;17.0;Para Celulares Vivo;
2020-08-11 12:14:13;51  992592817;255.0;Para Celulares Vivo;
2020-08-10 18:35:45;51  992592716;62.0;Para Celulares Vivo;
2020-08-10 18:20:57;51  999867878;130.0;Para Celulares Vivo;
2020-08-10 18:19:13;51  992592818;12.0;Para Celulares Vivo;
2020-08-10 08:40:53;51  992592953;5.0;Para Celulares Vivo;
2020-08-10 08:13:08;51  992592817;5.0;Para Celulares Vivo;
2020-08-09 18:12:13;51  992592843;5.0;Para Celulares Vivo;
2020-08-09 16:02:39;51  992592816;45.0;Para Celulares Vivo;
2020-08-09 16:01:55;51  992592148;5.0;Para Celulares Vivo;
2020-08-09 11:47:06;51  999844804;29.0;Para Celulares Vivo;
2020-08-08 17:45:15;51  996072559;8.0;Para Celulares Vivo;
2020-08-08 16:26:00;51  992592716;5.0;Para Celulares Vivo;
2020-08-07 21:11:48;51  992592872;116.0;Para Celulares Vivo;
2020-08-07 20:34:38;51  992592843;10.0;Para Celulares Vivo;
2020-08-06 20:33:41;51  992592716;135.0;Para Celulares Vivo;
2020-08-05 20:57:11;51  992592716;78.0;Para Celulares Vivo;
2020-08-04 20:43:30;51  995943973;71.0;Para Celulares Vivo;
2020-08-04 10:17:01;51  992592716;86.0;Para Celulares Vivo;
2020-08-04 10:12:04;51  992592818;42.0;Para Celulares Vivo;
2020-08-03 21:34:19;51  992592716;124.0;Para Celulares Vivo;
2020-08-03 20:18:08;51  992592148;30.0;Para Celulares Vivo;
2020-08-02 20:38:02;51  992592716;30.0;Para Celulares Vivo;
2020-08-02 17:12:29;51  996072559;10.0;Para Celulares Vivo;
2020-08-02 09:34:15;51  992592716;68.0;Para Celulares Vivo;
2020-08-02 09:01:23;51  992592818;5.0;Para Celulares Vivo;
2020-08-01;"";120694.1;INTERNET MOVEL 2;0.00
2020-08-02;"";138997.0;INTERNET MOVEL 2;0.00
2020-08-03;"";33747.5;INTERNET MOVEL 2;0.00
2020-08-04;"";23791.5;INTERNET MOVEL 2;0.00
2020-08-05;"";178083.9;INTERNET MOVEL 2;0.00
2020-08-06;"";25813.5;INTERNET MOVEL 2;0.00
2020-08-07;"";105609.4;INTERNET MOVEL 2;0.00
2020-08-08;"";27579.5;INTERNET MOVEL 2;0.00
2020-08-09;"";126230.6;INTERNET MOVEL 2;0.00
2020-08-10;"";35808.0;INTERNET MOVEL 2;0.00
2020-08-11;"";66934.6;INTERNET MOVEL 2;0.00
2020-08-12;"";163431.7;INTERNET MOVEL 2;0.00
2020-08-13;"";123648.5;INTERNET MOVEL 2;0.00
2020-08-14;"";113621.2;INTERNET MOVEL 2;0.00
2020-08-15;"";133364.2;INTERNET MOVEL 2;0.00
2020-08-16;"";126847.2;INTERNET MOVEL 2;0.00
2020-08-17;"";1264.0;INTERNET MOVEL 2;0.00
2020-08-18;"";13291.1;INTERNET MOVEL 2;0.00
2020-08-19;"";1299.0;INTERNET MOVEL 2;0.00
2020-08-20;"";19362.2;INTERNET MOVEL 2;0.00
2020-08-21;"";16839.5;INTERNET MOVEL 2;0.00
2020-08-22;"";32752.2;INTERNET MOVEL 2;0.00
2020-08-23;"";94540.6;INTERNET MOVEL 2;0.00
2020-08-24;"";953.0;INTERNET MOVEL 2;0.00
2020-08-25;"";132249.9;INTERNET MOVEL 2;0.00
2020-08-26;"";26605.0;INTERNET MOVEL 2;0.00
2020-08-27;"";37689.9;INTERNET MOVEL 2;0.00
2020-08-28;"";11452.0;INTERNET MOVEL 2;0.00
2020-08-29;"";33755.4;INTERNET MOVEL 2;0.00
2020-08-30;"";98322.4;INTERNET MOVEL 2;0.00
2020-08-31;"";1576.0;INTERNET MOVEL 2;0.00
