data_hora_inicio;nro_telefone_chamado;duracao_ligacao;desc_categoria;valor_ligacao
2020-08-26 16:12:23;51  997027802;45.0;Para Celulares de Outras Operadoras;
2020-08-26 09:51:20;51  999557713;9.0;Para Celulares de Outras Operadoras;
2020-08-26 09:14:55;51  994487793;99.0;Para Celulares de Outras Operadoras;
2020-08-21 15:07:16;51  989434872;11.0;Para Celulares de Outras Operadoras;
2020-08-20 15:44:21;51  994487793;95.0;Para Celulares de Outras Operadoras;
2020-08-19 08:49:52;51  989434872;13.0;Para Celulares de Outras Operadoras;
2020-08-18 09:07:12;51  991992219;5.0;Para Celulares de Outras Operadoras;
2020-08-12 17:03:22;51  993300660;21.0;Para Celulares de Outras Operadoras;
2020-08-12 16:40:44;51  994487793;76.0;Para Celulares de Outras Operadoras;
2020-08-06 10:34:16;51  981675493;32.0;Para Celulares de Outras Operadoras;
2020-08-26 09:25:26;51  985371028;5.0;Para Fixo Vivo;
2020-08-17 08:52:37;51  992943448;24.0;Para Fixo Vivo;
2020-08-06 10:12:47;51  985371028;6.0;Para Fixo Vivo;
2020-08-06 08:03:59;51  992943448;97.0;Para Fixo Vivo;
2020-08-31 08:14:41;51  991943334;5.0;Para Celulares Vivo;
2020-08-27 08:11:03;51  995142482;24.0;Para Celulares Vivo;
2020-08-27 07:53:16;51  991943334;5.0;Para Celulares Vivo;
2020-08-26 15:47:04;51  991943334;5.0;Para Celulares Vivo;
2020-08-26 15:41:03;51  992592679;56.0;Para Celulares Vivo;
2020-08-26 15:31:31;51  992592679;91.0;Para Celulares Vivo;
2020-08-26 15:25:26;51  992592679;41.0;Para Celulares Vivo;
2020-08-26 13:50:43;51  993360720;17.0;Para Celulares Vivo;
2020-08-26 13:47:55;51  998447472;24.0;Para Celulares Vivo;
2020-08-25 11:14:40;51  981581263;26.0;Para Celulares Vivo;
2020-08-24 14:26:58;51  981581263;13.0;Para Celulares Vivo;
2020-08-24 13:19:33;51  991943334;5.0;Para Celulares Vivo;
2020-08-21 11:43:17;51  997930516;15.0;Para Celulares Vivo;
2020-08-21 09:19:38;51  991026438;5.0;Para Celulares Vivo;
2020-08-21 08:58:08;51  991943334;5.0;Para Celulares Vivo;
2020-08-19 14:42:09;51  991943334;6.0;Para Celulares Vivo;
2020-08-19 13:14:08;51  991943334;5.0;Para Celulares Vivo;
2020-08-19 11:07:54;51  991943334;5.0;Para Celulares Vivo;
2020-08-14 10:40:23;51  991026438;16.0;Para Celulares Vivo;
2020-08-13 14:49:01;51  998260129;22.0;Para Celulares Vivo;
2020-08-06 16:19:15;51  997930516;160.0;Para Celulares Vivo;
2020-08-05 14:35:01;51  997930516;166.0;Para Celulares Vivo;
2020-08-03 08:34:21;51  992592679;90.0;Para Celulares Vivo;
