data_hora_inicio;nro_telefone_chamado;duracao_ligacao;desc_categoria;valor_ligacao
2020-08-25 09:38:01;51  996340040;11.0;Para Celulares Vivo;
2020-08-18 14:50:24;51  997930516;5.0;Para Celulares Vivo;
2020-08-13 10:34:29;51  999482226;5.0;Para Celulares Vivo;
2020-08-13;"";147.0;INTERNET MOVEL 2;0.00
2020-08-14;"";195.0;INTERNET MOVEL 2;0.00
2020-08-15;"";148.0;INTERNET MOVEL 2;0.00
2020-08-16;"";214.0;INTERNET MOVEL 2;0.00
2020-08-17;"";199.0;INTERNET MOVEL 2;0.00
2020-08-18;"";207.0;INTERNET MOVEL 2;0.00
2020-08-19;"";132.0;INTERNET MOVEL 2;0.00
2020-08-20;"";181.0;INTERNET MOVEL 2;0.00
2020-08-21;"";240.0;INTERNET MOVEL 2;0.00
2020-08-22;"";112.0;INTERNET MOVEL 2;0.00
2020-08-23;"";103.0;INTERNET MOVEL 2;0.00
2020-08-24;"";159.0;INTERNET MOVEL 2;0.00
2020-08-25;"";114.0;INTERNET MOVEL 2;0.00
2020-08-26;"";197.0;INTERNET MOVEL 2;0.00
2020-08-27;"";150.0;INTERNET MOVEL 2;0.00
2020-08-28;"";201.0;INTERNET MOVEL 2;0.00
2020-08-29;"";126.0;INTERNET MOVEL 2;0.00
2020-08-30;"";134.0;INTERNET MOVEL 2;0.00
2020-08-31;"";128.0;INTERNET MOVEL 2;0.00
