data_hora_inicio;nro_telefone_chamado;duracao_ligacao;desc_categoria;valor_ligacao
2020-08-21 12:03:41;51  992592754;5.0;Para Celulares Vivo;
2020-08-21 12:01:58;51  995590187;14.0;Para Celulares Vivo;
2020-08-21 11:46:07;51  991317721;12.0;Para Celulares Vivo;
2020-08-21 11:44:52;51  992592870;10.0;Para Celulares Vivo;
2020-08-21 11:25:47;51  992592870;5.0;Para Celulares Vivo;
2020-08-20 16:00:15;51  991317721;7.0;Para Celulares Vivo;
2020-08-19 12:01:40;51  991202796;5.0;Para Celulares Vivo;
2020-08-19 12:00:15;51  991059183;5.0;Para Celulares Vivo;
2020-08-19 11:59:18;51  995590187;5.0;Para Celulares Vivo;
2020-08-19 08:34:18;51  991059183;5.0;Para Celulares Vivo;
2020-08-18 15:26:21;51  991317721;8.0;Para Celulares Vivo;
2020-08-18 13:16:44;51  991202796;8.0;Para Celulares Vivo;
2020-08-17 15:46:16;51  991317721;45.0;Para Celulares Vivo;
2020-08-17 15:40:58;51  992592870;18.0;Para Celulares Vivo;
2020-08-17 15:19:19;51  980495967;65.0;Para Celulares Vivo;
2020-08-17 13:24:47;51  991317721;13.0;Para Celulares Vivo;
2020-08-17 11:49:01;51  991317721;26.0;Para Celulares Vivo;
2020-08-17 11:30:34;51  991317721;35.0;Para Celulares Vivo;
2020-08-17 11:12:11;51  991317721;18.0;Para Celulares Vivo;
2020-08-17 10:54:39;51  991317721;21.0;Para Celulares Vivo;
2020-08-14 11:51:09;51  992592870;7.0;Para Celulares Vivo;
2020-08-12 12:31:28;51  992592870;5.0;Para Celulares Vivo;
2020-08-12 12:08:40;51  991317721;19.0;Para Celulares Vivo;
2020-08-12 11:21:09;51  991202796;75.0;Para Celulares Vivo;
2020-08-12 09:58:24;51  991317721;9.0;Para Celulares Vivo;
2020-08-12 08:35:44;51  991317721;17.0;Para Celulares Vivo;
2020-08-11 18:07:33;51  991202796;18.0;Para Celulares Vivo;
2020-08-11 14:57:23;51  991202796;10.0;Para Celulares Vivo;
2020-08-11 14:41:10;51  991317721;37.0;Para Celulares Vivo;
2020-08-11 09:41:16;51  991317721;10.0;Para Celulares Vivo;
2020-08-11 07:46:21;51  991202796;21.0;Para Celulares Vivo;
2020-08-10 16:54:43;51  991317721;10.0;Para Celulares Vivo;
2020-08-10 15:45:06;51  995590460;10.0;Para Celulares Vivo;
2020-08-10 15:11:29;51  991317721;5.0;Para Celulares Vivo;
2020-08-10 15:08:07;51  991317721;5.0;Para Celulares Vivo;
2020-08-10 07:45:07;51  991202796;13.0;Para Celulares Vivo;
2020-08-08 12:03:59;51  995590460;5.0;Para Celulares Vivo;
2020-08-08 11:51:57;51  995590187;5.0;Para Celulares Vivo;
2020-08-08 11:45:46;51  991202796;6.0;Para Celulares Vivo;
2020-08-08 11:24:25;51  995590460;14.0;Para Celulares Vivo;
2020-08-08 10:50:23;15  996580266;10.0;Para Celulares Vivo;
2020-08-08 08:50:54;51  991202796;5.0;Para Celulares Vivo;
2020-08-07 18:27:06;51  991317721;27.0;Para Celulares Vivo;
2020-08-07 14:50:35;51  991317721;7.0;Para Celulares Vivo;
2020-08-07 14:16:54;51  992592817;18.0;Para Celulares Vivo;
2020-08-07 14:10:52;51  995590460;27.0;Para Celulares Vivo;
2020-08-07 14:04:45;51  991202796;11.0;Para Celulares Vivo;
2020-08-07 14:01:19;51  991317721;30.0;Para Celulares Vivo;
2020-08-07 08:20:23;51  991202796;6.0;Para Celulares Vivo;
2020-08-07 07:49:28;51  992592754;6.0;Para Celulares Vivo;
2020-08-07 07:22:14;51  991202796;13.0;Para Celulares Vivo;
2020-08-06 16:22:21;51  991317721;16.0;Para Celulares Vivo;
2020-08-06 10:51:59;51  992592817;10.0;Para Celulares Vivo;
2020-08-06 10:36:28;51  992592870;45.0;Para Celulares Vivo;
2020-08-06 06:46:54;51  991202796;5.0;Para Celulares Vivo;
2020-08-05 16:56:00;51  991202796;5.0;Para Celulares Vivo;
2020-08-04 09:14:12;51  991317721;13.0;Para Celulares Vivo;
2020-08-04 09:03:16;51  991317721;8.0;Para Celulares Vivo;
2020-08-31 18:35:16;51  991317721;0.0;Adicional por Ligacoes Realizadas;
2020-08-31 18:05:46;51  992592870;0.0;Adicional por Ligacoes Realizadas;
2020-08-31 08:24:59;51  991317721;0.0;Adicional por Ligacoes Realizadas;
2020-08-28 17:10:37;51  995590187;0.0;Adicional por Ligacoes Realizadas;
2020-08-27 09:26:43;51  992592870;0.0;Adicional por Ligacoes Realizadas;
2020-08-27 08:13:24;51  995590187;0.0;Adicional por Ligacoes Realizadas;
2020-08-27 07:58:52;51  992592870;0.0;Adicional por Ligacoes Realizadas;
2020-08-26 08:11:35;51  991317721;0.0;Adicional por Ligacoes Realizadas;
2020-08-26 07:50:23;51  992592870;0.0;Adicional por Ligacoes Realizadas;
2020-08-26 07:06:26;51  991317721;0.0;Adicional por Ligacoes Realizadas;
2020-08-25 17:06:22;51  991202796;0.0;Adicional por Ligacoes Realizadas;
2020-08-25 16:58:36;51  991317721;0.0;Adicional por Ligacoes Realizadas;
2020-08-25 15:15:00;51  992592754;0.0;Adicional por Ligacoes Realizadas;
2020-08-25 15:13:58;51  991059183;0.0;Adicional por Ligacoes Realizadas;
2020-08-25 14:48:39;51  991059183;0.0;Adicional por Ligacoes Realizadas;
2020-08-25 14:01:57;51  991317721;0.0;Adicional por Ligacoes Realizadas;
2020-08-25 14:00:35;51  991317721;0.0;Adicional por Ligacoes Realizadas;
2020-08-25 13:47:08;51  992592870;0.0;Adicional por Ligacoes Realizadas;
2020-08-25 11:05:12;51  992592870;0.0;Adicional por Ligacoes Realizadas;
2020-08-25 11:02:07;51  991317721;0.0;Adicional por Ligacoes Realizadas;
2020-08-25 11:00:38;51  991317721;0.0;Adicional por Ligacoes Realizadas;
2020-08-25 08:08:26;51  992592754;0.0;Adicional por Ligacoes Realizadas;
2020-08-25 08:07:07;51  992592870;0.0;Adicional por Ligacoes Realizadas;
2020-08-24 16:40:59;51  998932684;0.0;Adicional por Ligacoes Realizadas;
2020-08-24 10:35:49;51  991317721;0.0;Adicional por Ligacoes Realizadas;
2020-08-22 18:30:44;51  993542151;0.0;Adicional por Ligacoes Realizadas;
2020-08-21 18:49:37;51  991317721;0.0;Adicional por Ligacoes Realizadas;
2020-08-21 17:04:41;51  995590187;0.0;Adicional por Ligacoes Realizadas;
2020-08-21 15:49:13;51  992592870;0.0;Adicional por Ligacoes Realizadas;
2020-08-21 13:36:52;51  992592870;0.0;Adicional por Ligacoes Realizadas;
2020-08-21 12:03:41;51  992592754;0.0;Adicional por Ligacoes Realizadas;
2020-08-21 12:01:58;51  995590187;0.0;Adicional por Ligacoes Realizadas;
2020-08-21 11:46:07;51  991317721;0.0;Adicional por Ligacoes Realizadas;
2020-08-21 11:44:52;51  992592870;0.0;Adicional por Ligacoes Realizadas;
2020-08-21 11:25:47;51  992592870;0.0;Adicional por Ligacoes Realizadas;
2020-08-20 16:00:15;51  991317721;0.0;Adicional por Ligacoes Realizadas;
2020-08-19 12:01:40;51  991202796;0.0;Adicional por Ligacoes Realizadas;
2020-08-19 12:00:15;51  991059183;0.0;Adicional por Ligacoes Realizadas;
2020-08-19 11:59:18;51  995590187;0.0;Adicional por Ligacoes Realizadas;
2020-08-19 08:34:18;51  991059183;0.0;Adicional por Ligacoes Realizadas;
2020-08-18 15:26:21;51  991317721;0.0;Adicional por Ligacoes Realizadas;
2020-08-18 13:16:44;51  991202796;0.0;Adicional por Ligacoes Realizadas;
2020-08-17 15:46:16;51  991317721;0.0;Adicional por Ligacoes Realizadas;
2020-08-17 15:40:58;51  992592870;0.0;Adicional por Ligacoes Realizadas;
2020-08-17 15:19:19;51  980495967;0.0;Adicional por Ligacoes Realizadas;
2020-08-17 13:24:47;51  991317721;0.0;Adicional por Ligacoes Realizadas;
2020-08-17 11:49:01;51  991317721;0.0;Adicional por Ligacoes Realizadas;
2020-08-17 11:30:34;51  991317721;0.0;Adicional por Ligacoes Realizadas;
2020-08-17 11:12:11;51  991317721;0.0;Adicional por Ligacoes Realizadas;
2020-08-17 10:54:39;51  991317721;0.0;Adicional por Ligacoes Realizadas;
2020-08-17 10:07:00;51  993770979;0.0;Adicional por Ligacoes Realizadas;
2020-08-14 11:51:09;51  992592870;0.0;Adicional por Ligacoes Realizadas;
2020-08-12 12:31:28;51  992592870;0.0;Adicional por Ligacoes Realizadas;
2020-08-12 12:08:40;51  991317721;0.0;Adicional por Ligacoes Realizadas;
2020-08-12 11:21:09;51  991202796;0.0;Adicional por Ligacoes Realizadas;
2020-08-12 09:58:24;51  991317721;0.0;Adicional por Ligacoes Realizadas;
2020-08-12 08:35:44;51  991317721;0.0;Adicional por Ligacoes Realizadas;
2020-08-11 18:07:33;51  991202796;0.0;Adicional por Ligacoes Realizadas;
2020-08-11 14:57:23;51  991202796;0.0;Adicional por Ligacoes Realizadas;
2020-08-11 14:41:10;51  991317721;0.0;Adicional por Ligacoes Realizadas;
2020-08-11 09:41:16;51  991317721;0.0;Adicional por Ligacoes Realizadas;
2020-08-01 19:51:24;53  32303016;14.0;Para Fixo de Outras Operadoras;
2020-08-22 18:30:44;51  993542151;5.0;Para Celulares de Outras Operadoras;
2020-08-17 10:07:00;51  993770979;126.0;Para Celulares de Outras Operadoras;
2020-08-08 11:23:16;91  984097008;7.0;Para Celulares de Outras Operadoras;
2020-08-07 18:30:17;51  993542151;5.0;Para Celulares de Outras Operadoras;
2020-08-31 18:35:16;51  991317721;34.0;Para Celulares Vivo;
2020-08-31 18:05:46;51  992592870;57.0;Para Celulares Vivo;
2020-08-31 08:24:59;51  991317721;20.0;Para Celulares Vivo;
2020-08-28 17:10:37;51  995590187;11.0;Para Celulares Vivo;
2020-08-27 09:26:43;51  992592870;5.0;Para Celulares Vivo;
2020-08-27 08:13:24;51  995590187;17.0;Para Celulares Vivo;
2020-08-27 07:58:52;51  992592870;23.0;Para Celulares Vivo;
2020-08-26 08:11:35;51  991317721;9.0;Para Celulares Vivo;
2020-08-26 07:50:23;51  992592870;28.0;Para Celulares Vivo;
2020-08-26 07:06:26;51  991317721;39.0;Para Celulares Vivo;
2020-08-25 17:06:22;51  991202796;6.0;Para Celulares Vivo;
2020-08-25 16:58:36;51  991317721;9.0;Para Celulares Vivo;
2020-08-25 15:15:00;51  992592754;5.0;Para Celulares Vivo;
2020-08-25 15:13:58;51  991059183;5.0;Para Celulares Vivo;
2020-08-25 14:48:39;51  991059183;5.0;Para Celulares Vivo;
2020-08-25 14:01:57;51  991317721;15.0;Para Celulares Vivo;
2020-08-25 14:00:35;51  991317721;6.0;Para Celulares Vivo;
2020-08-25 13:47:08;51  992592870;5.0;Para Celulares Vivo;
2020-08-25 11:05:12;51  992592870;10.0;Para Celulares Vivo;
2020-08-25 11:02:07;51  991317721;16.0;Para Celulares Vivo;
2020-08-25 11:00:38;51  991317721;5.0;Para Celulares Vivo;
2020-08-25 08:08:26;51  992592754;13.0;Para Celulares Vivo;
2020-08-25 08:07:07;51  992592870;5.0;Para Celulares Vivo;
2020-08-24 16:40:59;51  998932684;5.0;Para Celulares Vivo;
2020-08-24 10:35:49;51  991317721;40.0;Para Celulares Vivo;
2020-08-21 18:49:37;51  991317721;16.0;Para Celulares Vivo;
2020-08-21 17:04:41;51  995590187;13.0;Para Celulares Vivo;
2020-08-21 15:49:13;51  992592870;7.0;Para Celulares Vivo;
2020-08-21 13:36:52;51  992592870;5.0;Para Celulares Vivo;
2020-08-11 07:46:21;51  991202796;0.0;Adicional por Ligacoes Realizadas;
2020-08-10 16:54:43;51  991317721;0.0;Adicional por Ligacoes Realizadas;
2020-08-10 15:45:06;51  995590460;0.0;Adicional por Ligacoes Realizadas;
2020-08-10 15:11:29;51  991317721;0.0;Adicional por Ligacoes Realizadas;
2020-08-10 15:08:07;51  991317721;0.0;Adicional por Ligacoes Realizadas;
2020-08-10 07:45:07;51  991202796;0.0;Adicional por Ligacoes Realizadas;
2020-08-08 12:03:59;51  995590460;0.0;Adicional por Ligacoes Realizadas;
2020-08-08 11:51:57;51  995590187;0.0;Adicional por Ligacoes Realizadas;
2020-08-08 11:45:46;51  991202796;0.0;Adicional por Ligacoes Realizadas;
2020-08-08 11:24:25;51  995590460;0.0;Adicional por Ligacoes Realizadas;
2020-08-08 11:23:16;91  984097008;0.0;Adicional por Ligacoes Realizadas;
2020-08-08 10:50:23;15  996580266;0.0;Adicional por Ligacoes Realizadas;
2020-08-08 08:50:54;51  991202796;0.0;Adicional por Ligacoes Realizadas;
2020-08-07 18:30:17;51  993542151;0.0;Adicional por Ligacoes Realizadas;
2020-08-07 18:27:06;51  991317721;0.0;Adicional por Ligacoes Realizadas;
2020-08-07 14:50:35;51  991317721;0.0;Adicional por Ligacoes Realizadas;
2020-08-07 14:16:54;51  992592817;0.0;Adicional por Ligacoes Realizadas;
2020-08-07 14:10:52;51  995590460;0.0;Adicional por Ligacoes Realizadas;
2020-08-07 14:04:45;51  991202796;0.0;Adicional por Ligacoes Realizadas;
2020-08-07 14:01:19;51  991317721;0.0;Adicional por Ligacoes Realizadas;
2020-08-07 08:20:23;51  991202796;0.0;Adicional por Ligacoes Realizadas;
2020-08-07 07:49:28;51  992592754;0.0;Adicional por Ligacoes Realizadas;
2020-08-07 07:22:14;51  991202796;0.0;Adicional por Ligacoes Realizadas;
2020-08-06 16:22:21;51  991317721;0.0;Adicional por Ligacoes Realizadas;
2020-08-06 10:51:59;51  992592817;0.0;Adicional por Ligacoes Realizadas;
2020-08-06 10:36:28;51  992592870;0.0;Adicional por Ligacoes Realizadas;
2020-08-06 06:46:54;51  991202796;0.0;Adicional por Ligacoes Realizadas;
2020-08-05 16:56:00;51  991202796;0.0;Adicional por Ligacoes Realizadas;
2020-08-04 12:11:01;53  32357933;6.0;Para Fixo de Outras Operadoras;
2020-08-04 10:53:44;53  991642568;8.0;Para Celulares de Outras Operadoras;
2020-08-05 09:19:32;51  998932684;5.0;Para Celulares Vivo;
2020-07-31;"";24074.2;INTERNET MOVEL 2;0.00
2020-08-01;"";5279.4;INTERNET MOVEL 2;0.00
2020-08-02;"";4467.6;INTERNET MOVEL 2;0.00
2020-08-03;"";11323.7;INTERNET MOVEL 2;0.00
2020-08-04;"";87008.2;INTERNET MOVEL 2;0.00
2020-08-05;"";226197.8;INTERNET MOVEL 2;0.00
2020-08-06;"";76464.2;INTERNET MOVEL 2;0.00
2020-08-07;"";21174.2;INTERNET MOVEL 2;0.00
2020-08-08;"";56634.7;INTERNET MOVEL 2;0.00
2020-08-09;"";31936.7;INTERNET MOVEL 2;0.00
2020-08-10;"";2385.6;INTERNET MOVEL 2;0.00
2020-08-11;"";4072.0;INTERNET MOVEL 2;0.00
2020-08-12;"";1005.0;INTERNET MOVEL 2;0.00
2020-08-14;"";1641.0;INTERNET MOVEL 2;0.00
2020-08-15;"";1906.0;INTERNET MOVEL 2;0.00
2020-08-16;"";155.0;INTERNET MOVEL 2;0.00
2020-08-17;"";2678.2;INTERNET MOVEL 2;0.00
2020-08-18;"";1777.0;INTERNET MOVEL 2;0.00
2020-08-19;"";7586.6;INTERNET MOVEL 2;0.00
2020-08-20;"";4626.9;INTERNET MOVEL 2;0.00
2020-08-21;"";137089.2;INTERNET MOVEL 2;0.00
2020-08-22;"";116117.5;INTERNET MOVEL 2;0.00
2020-08-23;"";17877.6;INTERNET MOVEL 2;0.00
2020-08-24;"";16232.4;INTERNET MOVEL 2;0.00
2020-08-25;"";25953.6;INTERNET MOVEL 2;0.00
2020-08-26;"";25099.4;INTERNET MOVEL 2;0.00
2020-08-27;"";43611.0;INTERNET MOVEL 2;0.00
2020-08-28;"";32028.5;INTERNET MOVEL 2;0.00
2020-08-29;"";55338.3;INTERNET MOVEL 2;0.00
2020-08-30;"";842.0;INTERNET MOVEL 2;0.00
2020-08-31;"";8182.8;INTERNET MOVEL 2;0.00
2020-09-01;"";8.0;INTERNET MOVEL 2;0.00
