data_hora_inicio;nro_telefone_chamado;duracao_ligacao;desc_categoria;valor_ligacao
2020-08-10 16:56:32;49  999802557;121.0;Para Celulares de Outras Operadoras;
2020-08-14 11:21:09;11  24592438;18.0;Para Fixo Vivo;
2020-08-13 14:45:57;11  24592438;24.0;Para Fixo Vivo;
2020-08-28 17:43:40;11  953015428;11.0;Para Celulares Vivo;
2020-08-27 15:54:02;11  953015428;116.0;Para Celulares Vivo;
2020-08-25 09:11:34;11  953015428;96.0;Para Celulares Vivo;
2020-08-11 14:55:12;98  992183423;113.0;Para Celulares Vivo;
2020-08-26 15:17:55;54  999933637;38.0;Para Celulares Vivo;
2020-08-13 11:00:31;54  999933637;15.0;Para Celulares Vivo;
2020-08-11 15:08:14;54  999933637;33.0;Para Celulares Vivo;
2020-08-11 14:45:59;54  999933637;86.0;Para Celulares Vivo;
2020-08-11 14:15:21;51  32151264;15.0;Para Fixo de Outras Operadoras;
2020-08-03 17:11:48;51  32151264;37.0;Para Fixo de Outras Operadoras;
2020-08-30 12:54:13;51  999754624;5.0;Para Celulares de Outras Operadoras;
2020-08-30 12:53:34;51  999754624;5.0;Para Celulares de Outras Operadoras;
2020-08-07 21:42:23;51  999754624;19.0;Para Celulares de Outras Operadoras;
2020-08-05 22:32:22;51  981616042;175.0;Para Celulares de Outras Operadoras;
2020-08-29 10:50:53;51  30516042;9.0;Para Fixo Vivo;
2020-08-21 12:15:18;51  40043131;77.0;Para Fixo Vivo;
2020-08-21 12:12:13;51  40043131;5.0;Para Fixo Vivo;
2020-08-09 11:18:36;51  30516042;6.0;Para Fixo Vivo;
2020-08-28 17:45:35;51  993319514;250.0;Para Celulares Vivo;
2020-08-27 11:24:03;51  992592817;35.0;Para Celulares Vivo;
2020-08-20 11:57:14;51  999503410;67.0;Para Celulares Vivo;
2020-08-20 11:31:22;51  999503410;56.0;Para Celulares Vivo;
2020-08-20 09:44:58;51  999503410;15.0;Para Celulares Vivo;
2020-08-20 09:12:02;51  999503410;13.0;Para Celulares Vivo;
2020-08-17 11:44:52;51  997205002;30.0;Para Celulares Vivo;
2020-08-10 15:00:17;51  985853553;10.0;Para Celulares Vivo;
2020-07-31;"";184.0;INTERNET MOVEL 2;0.00
2020-08-01;"";6148.6;INTERNET MOVEL 2;0.00
2020-08-02;"";3561.4;INTERNET MOVEL 2;0.00
2020-08-03;"";879.0;INTERNET MOVEL 2;0.00
2020-08-04;"";1287.0;INTERNET MOVEL 2;0.00
2020-08-05;"";914.0;INTERNET MOVEL 2;0.00
2020-08-06;"";3008.9;INTERNET MOVEL 2;0.00
2020-08-07;"";52946.4;INTERNET MOVEL 2;0.00
2020-08-08;"";124948.4;INTERNET MOVEL 2;0.00
2020-08-09;"";122967.1;INTERNET MOVEL 2;0.00
2020-08-10;"";91903.2;INTERNET MOVEL 2;0.00
2020-08-11;"";163389.9;INTERNET MOVEL 2;0.00
2020-08-12;"";49071.8;INTERNET MOVEL 2;0.00
2020-08-13;"";954.0;INTERNET MOVEL 2;0.00
2020-08-14;"";11801.0;INTERNET MOVEL 2;0.00
2020-08-15;"";1691.1;INTERNET MOVEL 2;0.00
2020-08-16;"";1393.0;INTERNET MOVEL 2;0.00
2020-08-17;"";3371.0;INTERNET MOVEL 2;0.00
2020-08-18;"";36991.8;INTERNET MOVEL 2;0.00
2020-08-19;"";91481.7;INTERNET MOVEL 2;0.00
2020-08-20;"";2014.0;INTERNET MOVEL 2;0.00
2020-08-21;"";1521.0;INTERNET MOVEL 2;0.00
2020-08-22;"";96485.3;INTERNET MOVEL 2;0.00
2020-08-23;"";746.0;INTERNET MOVEL 2;0.00
2020-08-24;"";6074.4;INTERNET MOVEL 2;0.00
2020-08-25;"";2252.6;INTERNET MOVEL 2;0.00
2020-08-26;"";704.0;INTERNET MOVEL 2;0.00
2020-08-27;"";11690.3;INTERNET MOVEL 2;0.00
2020-08-28;"";671.0;INTERNET MOVEL 2;0.00
2020-08-29;"";7265.2;INTERNET MOVEL 2;0.00
2020-08-30;"";836.0;INTERNET MOVEL 2;0.00
2020-08-31;"";1500.0;INTERNET MOVEL 2;0.00
