data_hora_inicio;nro_telefone_chamado;duracao_ligacao;desc_categoria;valor_ligacao
2020-08-06 18:00:02;"";1.0;ADICIONAL;0.00
2020-08-12 12:13:46;98  996029477;0.0;Adicional por Ligacoes Realizadas;
2020-08-08 09:51:12;98  984617062;0.0;Adicional por Ligacoes Realizadas;
2020-08-07 17:11:46;98  996029477;0.0;Adicional por Ligacoes Realizadas;
2020-08-07 10:02:32;98  996029477;0.0;Adicional por Ligacoes Realizadas;
2020-08-06 12:11:55;98  996136554;0.0;Adicional por Ligacoes Realizadas;
2020-08-06 18:00:02;    ;160.0;Chamadas de Longa Distancia para Outros Estados;
2020-08-12 12:13:46;98  996029477;17.0;Para Celulares de Outras Operadoras;
2020-08-08 09:51:12;98  984617062;7.0;Para Celulares de Outras Operadoras;
2020-08-07 17:11:46;98  996029477;5.0;Para Celulares de Outras Operadoras;
2020-08-07 10:02:32;98  996029477;9.0;Para Celulares de Outras Operadoras;
2020-08-06 12:11:55;98  996136554;27.0;Para Celulares de Outras Operadoras;
2020-08-02;"";302912.3;INTERNET MOVEL 2;0.00
2020-08-03;"";8452.4;INTERNET MOVEL 2;0.00
2020-08-04;"";112307.2;INTERNET MOVEL 2;0.00
2020-08-05;"";145520.2;INTERNET MOVEL 2;0.00
2020-08-06;"";108525.7;INTERNET MOVEL 2;0.00
2020-08-07;"";369101.0;INTERNET MOVEL 2;0.00
2020-08-08;"";297078.0;INTERNET MOVEL 2;0.00
2020-08-09;"";311313.4;INTERNET MOVEL 2;0.00
2020-08-10;"";280808.6;INTERNET MOVEL 2;0.00
2020-08-11;"";249614.6;INTERNET MOVEL 2;0.00
2020-08-12;"";255195.2;INTERNET MOVEL 2;0.00
2020-08-13;"";91372.2;INTERNET MOVEL 2;0.00
