data_hora_inicio;nro_telefone_chamado;duracao_ligacao;desc_categoria;valor_ligacao
2020-08-07 17:56:02;51  991931287;17.0;Para Celulares de Outras Operadoras;
2020-08-27 18:55:49;51  991217746;77.0;Para Fixo Vivo;
2020-08-31 09:45:50;51  991034807;149.0;Para Celulares Vivo;
2020-08-28 09:39:27;51  992592819;23.0;Para Celulares Vivo;
2020-08-14 11:25:54;51  992592724;55.0;Para Celulares Vivo;
2020-08-13 09:49:35;51  991014112;47.0;Para Celulares Vivo;
2020-08-10 15:58:16;51  997001951;7.0;Para Celulares Vivo;
2020-08-08 11:48:09;51  992592803;356.0;Para Celulares Vivo;
2020-08-01;"";1.0;INTERNET MOVEL 2;0.00
2020-08-10;"";2.0;INTERNET MOVEL 2;0.00
2020-08-16;"";1.0;INTERNET MOVEL 2;0.00
2020-08-17;"";1.0;INTERNET MOVEL 2;0.00
2020-08-19;"";1.0;INTERNET MOVEL 2;0.00
2020-08-20;"";1.0;INTERNET MOVEL 2;0.00
2020-08-22;"";3.0;INTERNET MOVEL 2;0.00
2020-08-26;"";2.0;INTERNET MOVEL 2;0.00
2020-08-27;"";3.0;INTERNET MOVEL 2;0.00
2020-08-29;"";1.0;INTERNET MOVEL 2;0.00
