data_hora_inicio;nro_telefone_chamado;duracao_ligacao;desc_categoria;valor_ligacao
2020-08-21 16:11:34;31997940460;1.0;GRATIS-SMS;0.00
2020-08-06 09:36:00;51  34623500;43.0;Para Fixo de Outras Operadoras;
2020-08-13 11:01:47;51  21313333;88.0;Para Fixo Vivo;
2020-08-20 11:30:16;51  989079288;6.0;Para Celulares Vivo;
2020-08-04 09:20:16;51  996720432;62.0;Para Celulares Vivo;
2020-08-12 16:48:52;*5  55;16.0;"";
2020-08-19 14:48:13;31  40001572;101.0;Para Fixo de Outras Operadoras;
2020-08-18 12:37:35;31  35190600;131.0;Para Fixo de Outras Operadoras;
2020-08-11 17:01:53;31  35645547;34.0;Para Fixo de Outras Operadoras;
2020-08-10 20:18:50;31  32862097;5.0;Para Fixo de Outras Operadoras;
2020-08-06 09:49:33;31  33629071;64.0;Para Fixo de Outras Operadoras;
2020-08-28 14:25:51;31  991092742;29.0;Para Celulares de Outras Operadoras;
2020-08-22 18:29:02;31  983478228;11.0;Para Celulares de Outras Operadoras;
2020-08-21 17:50:31;31  991511076;39.0;Para Celulares de Outras Operadoras;
2020-08-20 20:02:20;31  983478228;6.0;Para Celulares de Outras Operadoras;
2020-08-14 15:40:37;31  997595926;13.0;Para Celulares de Outras Operadoras;
2020-08-12 13:48:43;31  997595926;90.0;Para Celulares de Outras Operadoras;
2020-08-22 19:39:23;31  33870374;19.0;Para Fixo Vivo;
2020-08-31 19:45:38;31  984253090;14.0;Para Celulares Vivo;
2020-08-31 13:58:30;31  982033512;26.0;Para Celulares Vivo;
2020-08-29 12:21:52;31  984253090;16.0;Para Celulares Vivo;
2020-08-28 19:43:21;31  995060904;5.0;Para Celulares Vivo;
2020-08-28 18:10:18;31  984253090;7.0;Para Celulares Vivo;
2020-08-28 17:09:36;31  997576705;9.0;Para Celulares Vivo;
2020-08-24 19:11:59;31  997649947;10.0;Para Celulares Vivo;
2020-08-24 18:57:24;31  988922818;17.0;Para Celulares Vivo;
2020-08-24 13:50:58;31  995060904;7.0;Para Celulares Vivo;
2020-08-22 20:16:20;31  995060904;5.0;Para Celulares Vivo;
2020-08-22 20:12:27;31  995060904;8.0;Para Celulares Vivo;
2020-08-22 19:50:54;31  992845003;15.0;Para Celulares Vivo;
2020-08-22 19:36:40;31  998499315;17.0;Para Celulares Vivo;
2020-08-21 19:44:36;31  984253090;5.0;Para Celulares Vivo;
2020-08-21 19:12:18;31  997732837;11.0;Para Celulares Vivo;
2020-08-21 16:26:05;31  997940460;75.0;Para Celulares Vivo;
2020-08-21 12:07:50;31  984253090;18.0;Para Celulares Vivo;
2020-08-18 14:44:00;31  984253090;20.0;Para Celulares Vivo;
2020-08-15 19:50:05;31  984253090;30.0;Para Celulares Vivo;
2020-08-14 15:39:23;31  997649947;9.0;Para Celulares Vivo;
2020-08-11 11:13:13;31  995060904;5.0;Para Celulares Vivo;
2020-08-09 08:36:12;31  997860533;5.0;Para Celulares Vivo;
2020-08-08 16:22:19;31  984253090;5.0;Para Celulares Vivo;
2020-08-08 15:38:50;31  984253090;6.0;Para Celulares Vivo;
2020-08-08 15:36:27;31  984253090;11.0;Para Celulares Vivo;
2020-08-05 14:24:41;31  982033512;11.0;Para Celulares Vivo;
2020-08-04 16:36:45;31  997860533;11.0;Para Celulares Vivo;
2020-08-04 16:35:51;31  984253090;5.0;Para Celulares Vivo;
2020-08-04 15:47:15;31  984253090;6.0;Para Celulares Vivo;
2020-07-31;"";457.0;INTERNET MOVEL 2;0.00
2020-08-01;"";13827.7;INTERNET MOVEL 2;0.00
2020-08-02;"";117876.8;INTERNET MOVEL 2;0.00
2020-08-03;"";66209.1;INTERNET MOVEL 2;0.00
2020-08-04;"";584.0;INTERNET MOVEL 2;0.00
2020-08-05;"";6151.3;INTERNET MOVEL 2;0.00
2020-08-06;"";19454.4;INTERNET MOVEL 2;0.00
2020-08-07;"";7743.1;INTERNET MOVEL 2;0.00
2020-08-08;"";4537.2;INTERNET MOVEL 2;0.00
2020-08-09;"";654.0;INTERNET MOVEL 2;0.00
2020-08-10;"";6430.4;INTERNET MOVEL 2;0.00
2020-08-11;"";564.0;INTERNET MOVEL 2;0.00
2020-08-12;"";50179.1;INTERNET MOVEL 2;0.00
2020-08-13;"";91609.6;INTERNET MOVEL 2;0.00
2020-08-14;"";542.0;INTERNET MOVEL 2;0.00
2020-08-15;"";411.0;INTERNET MOVEL 2;0.00
2020-08-16;"";832.0;INTERNET MOVEL 2;0.00
2020-08-17;"";32864.0;INTERNET MOVEL 2;0.00
2020-08-18;"";12089.0;INTERNET MOVEL 2;0.00
2020-08-19;"";2516.2;INTERNET MOVEL 2;0.00
2020-08-20;"";17186.3;INTERNET MOVEL 2;0.00
2020-08-21;"";15916.8;INTERNET MOVEL 2;0.00
2020-08-22;"";31680.1;INTERNET MOVEL 2;0.00
2020-08-23;"";645.0;INTERNET MOVEL 2;0.00
2020-08-24;"";115512.9;INTERNET MOVEL 2;0.00
2020-08-25;"";594.0;INTERNET MOVEL 2;0.00
2020-08-26;"";27665.0;INTERNET MOVEL 2;0.00
2020-08-27;"";11674.8;INTERNET MOVEL 2;0.00
2020-08-28;"";5758.4;INTERNET MOVEL 2;0.00
2020-08-29;"";582.0;INTERNET MOVEL 2;0.00
2020-08-30;"";14397.7;INTERNET MOVEL 2;0.00
2020-08-31;"";115746.1;INTERNET MOVEL 2;0.00
