data_hora_inicio;nro_telefone_chamado;duracao_ligacao;desc_categoria;valor_ligacao
2020-08-01 11:12:34;51  30247527;27.0;Para Fixo de Outras Operadoras;
2020-08-01 14:44:17;51  993919079;5.0;Para Celulares de Outras Operadoras;
2020-08-01 14:37:51;51  993919079;5.0;Para Celulares de Outras Operadoras;
2020-08-31 09:19:26;51  993187854;5.0;Para Celulares Vivo;
2020-08-24 08:50:13;44  998148864;124.0;Para Celulares de Outras Operadoras;
2020-08-19 16:59:52;44  999211414;166.0;Para Celulares de Outras Operadoras;
2020-08-06 16:24:55;44  999481346;158.0;Para Celulares de Outras Operadoras;
2020-08-05 16:27:15;41  998712616;15.0;Para Celulares de Outras Operadoras;
2020-08-03 08:45:57;41  998712616;18.0;Para Celulares de Outras Operadoras;
2020-08-27 16:00:40;41  999781311;70.0;Para Celulares Vivo;
2020-08-27 10:17:12;51  30035465;32.0;Para Fixo de Outras Operadoras;
2020-08-21 14:31:27;51  33815736;40.0;Para Fixo de Outras Operadoras;
2020-08-21 12:31:43;51  40034171;10.0;Para Fixo de Outras Operadoras;
2020-08-21 11:20:48;51  30035465;62.0;Para Fixo de Outras Operadoras;
2020-08-18 13:33:44;51  30034667;49.0;Para Fixo de Outras Operadoras;
2020-08-06 13:59:34;51  30035465;79.0;Para Fixo de Outras Operadoras;
2020-08-06 11:14:14;51  33202100;11.0;Para Fixo de Outras Operadoras;
2020-08-04 13:28:37;51  31039416;22.0;Para Fixo de Outras Operadoras;
2020-08-21 12:43:15;51  30580590;15.0;Para Fixo Vivo;
2020-08-21 12:41:53;51  32579032;9.0;Para Fixo Vivo;
2020-08-06 18:11:20;51  40072465;5.0;Para Fixo Vivo;
2020-08-28 11:50:25;51  993187854;17.0;Para Celulares Vivo;
2020-08-27 14:31:58;51  993187854;5.0;Para Celulares Vivo;
2020-08-27 09:50:32;51  993320327;27.0;Para Celulares Vivo;
2020-08-26 17:12:32;51  993320327;11.0;Para Celulares Vivo;
2020-08-25 08:09:42;51  993320327;5.0;Para Celulares Vivo;
2020-08-24 16:21:11;51  992518679;22.0;Para Celulares Vivo;
2020-08-20 14:18:10;51  993320327;31.0;Para Celulares Vivo;
2020-08-18 10:23:40;51  993320327;40.0;Para Celulares Vivo;
2020-08-13 13:42:14;51  993320327;261.0;Para Celulares Vivo;
2020-08-10 08:56:10;51  993320327;44.0;Para Celulares Vivo;
2020-08-08 11:00:08;51  992592803;62.0;Para Celulares Vivo;
2020-08-06 16:03:02;51  992592729;100.0;Para Celulares Vivo;
2020-08-06 14:08:25;51  993320327;11.0;Para Celulares Vivo;
2020-08-03 15:12:43;51  993320327;5.0;Para Celulares Vivo;
2020-08-03 14:04:20;51  993320327;5.0;Para Celulares Vivo;
2020-08-03 11:26:37;51  993320327;37.0;Para Celulares Vivo;
2020-08-02 11:29:32;51  993187854;8.0;Para Celulares Vivo;
2020-07-31;"";140.0;INTERNET MOVEL 2;0.00
2020-08-01;"";36262.2;INTERNET MOVEL 2;0.00
2020-08-02;"";278.0;INTERNET MOVEL 2;0.00
2020-08-03;"";185.0;INTERNET MOVEL 2;0.00
2020-08-04;"";251.0;INTERNET MOVEL 2;0.00
2020-08-05;"";334.0;INTERNET MOVEL 2;0.00
2020-08-06;"";5632.1;INTERNET MOVEL 2;0.00
2020-08-07;"";417.0;INTERNET MOVEL 2;0.00
2020-08-08;"";5031.1;INTERNET MOVEL 2;0.00
2020-08-09;"";1863.6;INTERNET MOVEL 2;0.00
2020-08-10;"";347.0;INTERNET MOVEL 2;0.00
2020-08-11;"";307.0;INTERNET MOVEL 2;0.00
2020-08-12;"";286.0;INTERNET MOVEL 2;0.00
2020-08-13;"";215.0;INTERNET MOVEL 2;0.00
2020-08-14;"";273.0;INTERNET MOVEL 2;0.00
2020-08-15;"";333.0;INTERNET MOVEL 2;0.00
2020-08-16;"";356.0;INTERNET MOVEL 2;0.00
2020-08-17;"";338.0;INTERNET MOVEL 2;0.00
2020-08-18;"";305.0;INTERNET MOVEL 2;0.00
2020-08-19;"";385.0;INTERNET MOVEL 2;0.00
2020-08-20;"";2290.6;INTERNET MOVEL 2;0.00
2020-08-21;"";2127.9;INTERNET MOVEL 2;0.00
2020-08-22;"";332.0;INTERNET MOVEL 2;0.00
2020-08-23;"";2264.1;INTERNET MOVEL 2;0.00
2020-08-24;"";292.0;INTERNET MOVEL 2;0.00
2020-08-25;"";3753.1;INTERNET MOVEL 2;0.00
2020-08-26;"";270.0;INTERNET MOVEL 2;0.00
2020-08-27;"";273.0;INTERNET MOVEL 2;0.00
2020-08-28;"";299.0;INTERNET MOVEL 2;0.00
2020-08-29;"";104949.7;INTERNET MOVEL 2;0.00
2020-08-30;"";123617.9;INTERNET MOVEL 2;0.00
2020-08-31;"";36264.1;INTERNET MOVEL 2;0.00
