data_hora_inicio;nro_telefone_chamado;duracao_ligacao;desc_categoria;valor_ligacao
2020-08-01 22:44:46;51  999545971;5.0;Para Celulares Vivo;
2020-08-27 11:02:51;*5  55;5.0;"";
2020-08-05 11:10:46;*5  55;8.0;"";
2020-08-03 14:09:27;*5  55;5.0;"";
2020-08-20 17:20:45;51  985732262;20.0;Para Celulares de Outras Operadoras;
2020-08-15 15:18:59;51  992635216;41.0;Para Celulares de Outras Operadoras;
2020-08-08 20:22:29;51  992635216;85.0;Para Celulares de Outras Operadoras;
2020-08-06 19:01:43;51  991779480;13.0;Para Celulares de Outras Operadoras;
2020-08-04 08:01:03;51  993390599;5.0;Para Celulares de Outras Operadoras;
2020-08-25 17:16:21;51  30214990;20.0;Para Fixo Vivo;
2020-08-25 16:51:33;51  30214990;107.0;Para Fixo Vivo;
2020-09-01 00:20:19;51  999545971;6.0;Para Celulares Vivo;
2020-08-31 17:59:33;51  997596283;14.0;Para Celulares Vivo;
2020-08-26 03:57:16;6120;1.0;INTERATIVIDADE SMS;5.99
2020-08-18 19:12:47;6120;1.0;INTERATIVIDADE SMS;5.99
2020-08-11 13:05:57;6120;1.0;INTERATIVIDADE SMS;5.99
2020-08-04 03:57:22;6120;1.0;INTERATIVIDADE SMS;5.99
2020-08-29 17:28:58;51  996168535;11.0;Para Celulares Vivo;
2020-08-29 17:27:48;51  991943334;5.0;Para Celulares Vivo;
2020-08-29 12:03:58;51  999545971;5.0;Para Celulares Vivo;
2020-08-29 11:40:44;51  999545971;8.0;Para Celulares Vivo;
2020-08-29 11:39:30;51  999545971;5.0;Para Celulares Vivo;
2020-08-28 21:28:14;51  999545971;13.0;Para Celulares Vivo;
2020-08-28 21:23:11;51  999545971;36.0;Para Celulares Vivo;
2020-08-28 18:11:22;51  995185729;37.0;Para Celulares Vivo;
2020-08-28 18:03:07;51  997596283;63.0;Para Celulares Vivo;
2020-08-27 08:44:51;51  999545971;10.0;Para Celulares Vivo;
2020-08-26 21:31:55;51  999545971;22.0;Para Celulares Vivo;
2020-08-26 21:11:13;51  999545971;34.0;Para Celulares Vivo;
2020-08-25 17:45:40;51  999635346;51.0;Para Celulares Vivo;
2020-08-24 21:07:38;51  997596283;10.0;Para Celulares Vivo;
2020-08-24 21:01:29;51  995185729;55.0;Para Celulares Vivo;
2020-08-23 18:22:37;51  999545971;5.0;Para Celulares Vivo;
2020-08-23 18:21:20;51  999545971;5.0;Para Celulares Vivo;
2020-08-22 22:12:25;51  999545971;23.0;Para Celulares Vivo;
2020-08-22 19:10:53;51  995185729;40.0;Para Celulares Vivo;
2020-08-20 17:18:17;51  996168535;15.0;Para Celulares Vivo;
2020-08-17 20:53:39;51  997596283;23.0;Para Celulares Vivo;
2020-08-14 19:58:44;51  997596283;5.0;Para Celulares Vivo;
2020-08-13 21:37:51;51  991919823;12.0;Para Celulares Vivo;
2020-08-08 18:45:27;51  999545971;9.0;Para Celulares Vivo;
2020-08-07 11:38:21;51  999545971;11.0;Para Celulares Vivo;
2020-08-07 08:49:29;51  999545971;24.0;Para Celulares Vivo;
2020-08-05 21:37:57;51  999545971;5.0;Para Celulares Vivo;
2020-08-05 11:08:20;51  997596283;15.0;Para Celulares Vivo;
2020-08-04 21:06:36;51  999545971;8.0;Para Celulares Vivo;
2020-08-02 11:53:11;51  995185729;5.0;Para Celulares Vivo;
2020-08-02 10:07:44;51  995185729;5.0;Para Celulares Vivo;
2020-08-01;"";627.0;INTERNET MOVEL 2;0.00
2020-08-02;"";64262.0;INTERNET MOVEL 2;0.00
2020-08-03;"";96616.6;INTERNET MOVEL 2;0.00
2020-08-04;"";20490.2;INTERNET MOVEL 2;0.00
2020-08-05;"";63623.8;INTERNET MOVEL 2;0.00
2020-08-06;"";194.0;INTERNET MOVEL 2;0.00
2020-08-07;"";24496.4;INTERNET MOVEL 2;0.00
2020-08-08;"";135267.1;INTERNET MOVEL 2;0.00
2020-08-09;"";64771.1;INTERNET MOVEL 2;0.00
2020-08-10;"";86972.7;INTERNET MOVEL 2;0.00
2020-08-11;"";154240.8;INTERNET MOVEL 2;0.00
2020-08-12;"";165765.1;INTERNET MOVEL 2;0.00
2020-08-13;"";59576.3;INTERNET MOVEL 2;0.00
2020-08-17;"";59318.1;INTERNET MOVEL 2;0.00
2020-08-18;"";164563.8;INTERNET MOVEL 2;0.00
2020-08-19;"";93519.7;INTERNET MOVEL 2;0.00
2020-08-23;"";38645.7;INTERNET MOVEL 2;0.00
2020-08-24;"";18116.6;INTERNET MOVEL 2;0.00
2020-08-25;"";18800.6;INTERNET MOVEL 2;0.00
2020-08-27;"";809.0;INTERNET MOVEL 2;0.00
2020-08-28;"";837.0;INTERNET MOVEL 2;0.00
2020-08-29;"";178647.1;INTERNET MOVEL 2;0.00
2020-08-30;"";13148.1;INTERNET MOVEL 2;0.00
2020-08-31;"";87572.4;INTERNET MOVEL 2;0.00
