data_hora_inicio;nro_telefone_chamado;duracao_ligacao;desc_categoria;valor_ligacao
2020-08-01 08:09:09;51  995105815;12.0;Para Celulares Vivo;
2020-08-28 11:40:04;03  007891167;162.0;Servicos Prestados por Terceiros;
2020-08-10 14:26:49;31  987687510;19.0;Para Celulares de Outras Operadoras;
2020-08-29 10:24:48;*5  55;10.0;"";
2020-08-03 13:20:04;*5  55;8.0;"";
2020-08-26 11:01:57;51  34837671;28.0;Para Fixo de Outras Operadoras;
2020-08-17 17:11:50;51  32998200;6.0;Para Fixo de Outras Operadoras;
2020-08-31 11:17:44;51  995087576;13.0;Para Celulares de Outras Operadoras;
2020-08-28 11:59:13;51  995087576;5.0;Para Celulares de Outras Operadoras;
2020-08-28 08:47:05;51  995087576;124.0;Para Celulares de Outras Operadoras;
2020-08-27 08:26:56;51  992797780;21.0;Para Celulares de Outras Operadoras;
2020-08-26 21:55:02;51  989316913;34.0;Para Celulares de Outras Operadoras;
2020-08-26 21:32:23;51  994172535;24.0;Para Celulares de Outras Operadoras;
2020-08-26 16:32:28;51  989316913;12.0;Para Celulares de Outras Operadoras;
2020-08-26 16:26:47;51  989316913;7.0;Para Celulares de Outras Operadoras;
2020-08-25 14:39:11;51  992477479;44.0;Para Celulares de Outras Operadoras;
2020-08-24 21:35:49;51  994172535;100.0;Para Celulares de Outras Operadoras;
2020-08-23 12:39:21;51  992477479;9.0;Para Celulares de Outras Operadoras;
2020-08-20 16:51:26;51  991120751;10.0;Para Celulares de Outras Operadoras;
2020-08-20 11:15:05;51  995087576;13.0;Para Celulares de Outras Operadoras;
2020-08-19 18:54:55;51  992477479;5.0;Para Celulares de Outras Operadoras;
2020-08-17 20:09:07;51  994172535;17.0;Para Celulares de Outras Operadoras;
2020-08-14 17:04:40;51  994172535;5.0;Para Celulares de Outras Operadoras;
2020-08-13 17:32:29;51  989434872;6.0;Para Celulares de Outras Operadoras;
2020-08-13 16:52:42;51  989434872;5.0;Para Celulares de Outras Operadoras;
2020-08-12 20:38:55;51  994172535;11.0;Para Celulares de Outras Operadoras;
2020-08-11 19:46:45;51  994172535;15.0;Para Celulares de Outras Operadoras;
2020-08-10 15:23:39;51  993889435;12.0;Para Celulares de Outras Operadoras;
2020-08-08 19:32:44;51  992477479;9.0;Para Celulares de Outras Operadoras;
2020-08-08 19:30:10;51  985134636;20.0;Para Celulares de Outras Operadoras;
2020-08-08 19:26:04;51  992477479;11.0;Para Celulares de Outras Operadoras;
2020-08-06 14:15:10;51  985666828;54.0;Para Celulares de Outras Operadoras;
2020-08-05 18:30:18;51  993692806;8.0;Para Celulares de Outras Operadoras;
2020-08-04 17:27:45;51  995087576;10.0;Para Celulares de Outras Operadoras;
2020-08-04 11:49:34;51  995087576;6.0;Para Celulares de Outras Operadoras;
2020-08-03 17:13:40;51  989316913;5.0;Para Celulares de Outras Operadoras;
2020-08-28 15:16:48;51  34420707;12.0;Para Fixo Vivo;
2020-08-28 09:17:06;51  985371028;18.0;Para Fixo Vivo;
2020-08-27 17:13:24;51  31357824;5.0;Para Fixo Vivo;
2020-08-27 08:55:01;51  985371028;5.0;Para Fixo Vivo;
2020-08-21 08:11:35;51  985371028;5.0;Para Fixo Vivo;
2020-08-31 17:05:42;51  995105815;8.0;Para Celulares Vivo;
2020-08-31 13:57:26;51  998851856;36.0;Para Celulares Vivo;
2020-08-28 14:44:25;51  998525944;20.0;Para Celulares Vivo;
2020-08-28 14:41:17;51  995112258;6.0;Para Celulares Vivo;
2020-08-28 09:22:32;51  998851856;52.0;Para Celulares Vivo;
2020-08-28 09:06:27;51  998525944;8.0;Para Celulares Vivo;
2020-08-27 11:25:42;51  996820018;24.0;Para Celulares Vivo;
2020-08-27 09:37:45;51  995112258;5.0;Para Celulares Vivo;
2020-08-25 14:58:19;51  995112258;5.0;Para Celulares Vivo;
2020-08-24 14:30:25;51  991916429;51.0;Para Celulares Vivo;
2020-08-24 10:54:47;51  998851856;27.0;Para Celulares Vivo;
2020-08-21 14:29:21;51  980530481;15.0;Para Celulares Vivo;
2020-08-21 14:14:25;51  991026438;5.0;Para Celulares Vivo;
2020-08-21 14:12:07;51  991026438;5.0;Para Celulares Vivo;
2020-08-21 08:42:44;51  991916429;24.0;Para Celulares Vivo;
2020-08-21 07:55:38;51  995112258;5.0;Para Celulares Vivo;
2020-08-19 19:21:00;51  998851856;10.0;Para Celulares Vivo;
2020-08-19 14:58:36;51  998851856;35.0;Para Celulares Vivo;
2020-08-19 14:42:51;51  998851856;30.0;Para Celulares Vivo;
2020-08-19 14:15:41;51  995112258;6.0;Para Celulares Vivo;
2020-08-18 08:01:12;51  995112258;5.0;Para Celulares Vivo;
2020-08-14 15:25:56;51  998851856;25.0;Para Celulares Vivo;
2020-08-14 07:45:49;51  991026438;5.0;Para Celulares Vivo;
2020-08-13 10:06:05;51  991026438;5.0;Para Celulares Vivo;
2020-08-13 10:04:50;51  995112258;5.0;Para Celulares Vivo;
2020-08-11 11:10:12;51  991026438;10.0;Para Celulares Vivo;
2020-08-08 13:38:36;51  991026438;9.0;Para Celulares Vivo;
2020-08-07 16:01:04;51  995112258;6.0;Para Celulares Vivo;
2020-08-07 09:52:11;51  995112258;10.0;Para Celulares Vivo;
2020-08-04 11:16:31;51  980530481;33.0;Para Celulares Vivo;
2020-08-04 09:03:23;51  995105815;5.0;Para Celulares Vivo;
2020-08-03 09:18:03;51  998851856;27.0;Para Celulares Vivo;
2020-08-01;"";92028.9;INTERNET MOVEL 2;0.00
2020-08-02;"";15417.5;INTERNET MOVEL 2;0.00
2020-08-03;"";27493.8;INTERNET MOVEL 2;0.00
2020-08-04;"";24245.5;INTERNET MOVEL 2;0.00
2020-08-05;"";78456.5;INTERNET MOVEL 2;0.00
2020-08-06;"";91868.2;INTERNET MOVEL 2;0.00
2020-08-07;"";101876.8;INTERNET MOVEL 2;0.00
2020-08-08;"";89711.2;INTERNET MOVEL 2;0.00
2020-08-09;"";86368.1;INTERNET MOVEL 2;0.00
2020-08-10;"";44024.7;INTERNET MOVEL 2;0.00
2020-08-11;"";84151.8;INTERNET MOVEL 2;0.00
2020-08-12;"";52493.4;INTERNET MOVEL 2;0.00
2020-08-13;"";112070.0;INTERNET MOVEL 2;0.00
2020-08-14;"";54062.8;INTERNET MOVEL 2;0.00
2020-08-15;"";57061.1;INTERNET MOVEL 2;0.00
2020-08-16;"";12937.0;INTERNET MOVEL 2;0.00
2020-08-17;"";61113.8;INTERNET MOVEL 2;0.00
2020-08-18;"";36163.7;INTERNET MOVEL 2;0.00
2020-08-19;"";80004.8;INTERNET MOVEL 2;0.00
2020-08-20;"";66078.6;INTERNET MOVEL 2;0.00
2020-08-21;"";107439.2;INTERNET MOVEL 2;0.00
2020-08-22;"";27555.2;INTERNET MOVEL 2;0.00
2020-08-23;"";16606.3;INTERNET MOVEL 2;0.00
2020-08-24;"";56634.3;INTERNET MOVEL 2;0.00
2020-08-25;"";66787.1;INTERNET MOVEL 2;0.00
2020-08-26;"";145823.9;INTERNET MOVEL 2;0.00
2020-08-27;"";93657.5;INTERNET MOVEL 2;0.00
2020-08-28;"";110100.1;INTERNET MOVEL 2;0.00
2020-08-29;"";60822.0;INTERNET MOVEL 2;0.00
2020-08-30;"";18633.1;INTERNET MOVEL 2;0.00
2020-08-31;"";52972.6;INTERNET MOVEL 2;0.00
