data_hora_inicio;nro_telefone_chamado;duracao_ligacao;desc_categoria;valor_ligacao
2020-08-26 15:34:21;11985555121;1.0;GRATIS-SMS;0.00
2020-08-26 15:34:13;11985555121;1.0;GRATIS-SMS;0.00
2020-08-24 09:52:15;11985555121;1.0;GRATIS-SMS;0.00
2020-08-21 11:41:30;51999748666;1.0;GRATIS-SMS;0.00
2020-08-21 11:41:25;51999748666;1.0;GRATIS-SMS;0.00
2020-08-11 13:54:23;11985555121;1.0;GRATIS-SMS;0.00
2020-08-01 14:03:50;51  995926377;11.0;Para Celulares Vivo;
2020-08-21 14:25:51;13  213189118;21.0;"";
2020-08-26 17:28:46;47  35140417;36.0;Para Fixo de Outras Operadoras;
2020-08-26 13:38:29;31  30452933;98.0;Para Fixo de Outras Operadoras;
2020-08-24 16:46:44;31  30452933;29.0;Para Fixo de Outras Operadoras;
2020-08-24 11:39:43;31  30452933;28.0;Para Fixo de Outras Operadoras;
2020-08-21 14:28:30;19  32696944;78.0;Para Fixo de Outras Operadoras;
2020-08-20 09:42:10;48  34680022;13.0;Para Fixo de Outras Operadoras;
2020-08-19 09:47:29;31  35478038;16.0;Para Fixo de Outras Operadoras;
2020-08-19 09:46:02;31  35478038;11.0;Para Fixo de Outras Operadoras;
2020-08-18 14:55:55;11  48987676;18.0;Para Fixo de Outras Operadoras;
2020-08-14 11:45:40;11  26683227;50.0;Para Fixo de Outras Operadoras;
2020-08-13 12:00:31;16  32093423;5.0;Para Fixo de Outras Operadoras;
2020-08-10 16:26:57;34  32335235;131.0;Para Fixo de Outras Operadoras;
2020-08-10 12:01:49;34  32335200;66.0;Para Fixo de Outras Operadoras;
2020-08-10 11:50:03;34  32335200;5.0;Para Fixo de Outras Operadoras;
2020-08-07 14:53:38;31  30452959;14.0;Para Fixo de Outras Operadoras;
2020-08-07 14:52:49;31  30452959;5.0;Para Fixo de Outras Operadoras;
2020-08-07 14:40:54;34  32335235;38.0;Para Fixo de Outras Operadoras;
2020-08-04 09:32:51;19  32696944;25.0;Para Fixo de Outras Operadoras;
2020-08-27 14:01:39;31  992032638;66.0;Para Celulares de Outras Operadoras;
2020-08-20 10:01:38;19  981818214;8.0;Para Celulares de Outras Operadoras;
2020-08-11 10:40:52;11  960834500;35.0;Para Celulares de Outras Operadoras;
2020-08-05 18:05:03;31  988231082;59.0;Para Celulares de Outras Operadoras;
2020-08-05 18:04:12;31  988231082;6.0;Para Celulares de Outras Operadoras;
2020-08-24 14:40:44;11  50981589;6.0;Para Fixo Vivo;
2020-08-24 14:39:20;11  50981589;5.0;Para Fixo Vivo;
2020-08-10 14:42:25;11  59067209;5.0;Para Fixo Vivo;
2020-08-10 14:36:45;11  59067220;5.0;Para Fixo Vivo;
2020-08-04 09:32:03;19  38814099;5.0;Para Fixo Vivo;
2020-08-31 10:56:35;15  991440034;24.0;Para Celulares Vivo;
2020-08-31 10:27:25;48  991550493;19.0;Para Celulares Vivo;
2020-08-26 16:05:43;16  997685031;208.0;Para Celulares Vivo;
2020-08-25 15:01:39;11  968631971;65.0;Para Celulares Vivo;
2020-08-18 15:48:12;11  985555121;67.0;Para Celulares Vivo;
2020-08-18 14:26:22;11  968631971;41.0;Para Celulares Vivo;
2020-08-18 13:28:38;13  997414801;19.0;Para Celulares Vivo;
2020-08-18 08:44:06;13  997414801;20.0;Para Celulares Vivo;
2020-08-17 14:54:47;11  968631971;25.0;Para Celulares Vivo;
2020-08-13 16:26:51;11  968631971;133.0;Para Celulares Vivo;
2020-08-10 14:38:31;11  999553116;29.0;Para Celulares Vivo;
2020-08-10 08:25:38;31  997484793;33.0;Para Celulares Vivo;
2020-08-07 08:33:18;11  985555121;98.0;Para Celulares Vivo;
2020-08-06 10:21:11;11  985555121;34.0;Para Celulares Vivo;
2020-08-28 16:07:30;55  991510806;20.0;Para Celulares de Outras Operadoras;
2020-08-30 21:37:56;53  997045696;523.0;Para Celulares Vivo;
2020-08-23 11:49:23;53  997045696;328.0;Para Celulares Vivo;
2020-08-10 09:58:32;55  996201668;32.0;Para Celulares Vivo;
2020-08-09 16:10:01;53  997045696;478.0;Para Celulares Vivo;
2020-08-30 22:58:29;*5  55;5.0;"";
2020-08-11 09:00:56;*5  55;5.0;"";
2020-08-10 14:09:00;*5  55;7.0;"";
2020-08-09 20:48:31;*5  55;5.0;"";
2020-08-09 10:58:08;*5  55;5.0;"";
2020-08-24 19:09:13;51  31038712;18.0;Para Fixo de Outras Operadoras;
2020-08-05 14:38:09;51  40033405;130.0;Para Fixo de Outras Operadoras;
2020-08-26 14:28:55;51  986511607;13.0;Para Celulares de Outras Operadoras;
2020-08-24 11:08:49;51  21313333;56.0;Para Fixo Vivo;
2020-08-24 11:08:00;51  21313333;5.0;Para Fixo Vivo;
2020-08-31 08:49:20;51  991034807;37.0;Para Celulares Vivo;
2020-08-27 10:50:50;51  999112519;96.0;Para Celulares Vivo;
2020-08-26 20:08:40;51  991034807;30.0;Para Celulares Vivo;
2020-08-26 14:25:48;51  998034733;27.0;Para Celulares Vivo;
2020-08-25 11:10:42;51  998034733;22.0;Para Celulares Vivo;
2020-08-24 10:55:00;51  999748666;18.0;Para Celulares Vivo;
2020-08-24 10:29:46;51  999748666;9.0;Para Celulares Vivo;
2020-08-24 08:26:11;51  998034733;15.0;Para Celulares Vivo;
2020-08-20 14:46:06;51  999748666;12.0;Para Celulares Vivo;
2020-08-19 10:27:39;51  999112519;159.0;Para Celulares Vivo;
2020-08-12 12:06:33;51  998034733;24.0;Para Celulares Vivo;
2020-08-07 13:33:56;51  999112519;79.0;Para Celulares Vivo;
2020-08-06 17:51:17;51  998034733;25.0;Para Celulares Vivo;
2020-08-05 16:10:55;51  991272427;25.0;Para Celulares Vivo;
2020-08-01;"";170111.4;INTERNET MOVEL 2;0.00
2020-08-02;"";9616.3;INTERNET MOVEL 2;0.00
2020-08-03;"";42582.7;INTERNET MOVEL 2;0.00
2020-08-04;"";354.0;INTERNET MOVEL 2;0.00
2020-08-05;"";8328.6;INTERNET MOVEL 2;0.00
2020-08-06;"";49638.2;INTERNET MOVEL 2;0.00
2020-08-07;"";4025.1;INTERNET MOVEL 2;0.00
2020-08-08;"";8236.9;INTERNET MOVEL 2;0.00
2020-08-09;"";35.0;INTERNET MOVEL 2;0.00
2020-08-10;"";119.0;INTERNET MOVEL 2;0.00
2020-08-11;"";14084.3;INTERNET MOVEL 2;0.00
2020-08-12;"";286.0;INTERNET MOVEL 2;0.00
2020-08-13;"";176.0;INTERNET MOVEL 2;0.00
2020-08-14;"";148.0;INTERNET MOVEL 2;0.00
2020-08-15;"";13341.7;INTERNET MOVEL 2;0.00
2020-08-16;"";2196.5;INTERNET MOVEL 2;0.00
2020-08-17;"";45.0;INTERNET MOVEL 2;0.00
2020-08-18;"";180.0;INTERNET MOVEL 2;0.00
2020-08-19;"";583.0;INTERNET MOVEL 2;0.00
2020-08-20;"";917.0;INTERNET MOVEL 2;0.00
2020-08-21;"";48.0;INTERNET MOVEL 2;0.00
2020-08-22;"";11457.7;INTERNET MOVEL 2;0.00
2020-08-23;"";47.0;INTERNET MOVEL 2;0.00
2020-08-24;"";8717.2;INTERNET MOVEL 2;0.00
2020-08-25;"";53.0;INTERNET MOVEL 2;0.00
2020-08-26;"";2161.7;INTERNET MOVEL 2;0.00
2020-08-27;"";91.0;INTERNET MOVEL 2;0.00
2020-08-28;"";3528.0;INTERNET MOVEL 2;0.00
2020-08-29;"";54318.3;INTERNET MOVEL 2;0.00
2020-08-30;"";8.0;INTERNET MOVEL 2;0.00
2020-08-31;"";133.0;INTERNET MOVEL 2;0.00
