data_hora_inicio;nro_telefone_chamado;duracao_ligacao;desc_categoria;valor_ligacao
2020-08-01 18:13:50;51  999011587;54.0;Para Celulares Vivo;
2020-08-29 20:53:52;51  984059373;13.0;Para Celulares de Outras Operadoras;
2020-08-15 14:59:24;11  941957628;14.0;Para Celulares de Outras Operadoras;
2020-08-08 10:58:14;11  941957628;5.0;Para Celulares de Outras Operadoras;
2020-08-31 14:38:35;51  34727791;19.0;Para Fixo de Outras Operadoras;
2020-08-27 14:01:26;51  32056850;17.0;Para Fixo de Outras Operadoras;
2020-08-22 11:51:36;51  33485134;5.0;Para Fixo de Outras Operadoras;
2020-08-31 16:45:51;51  985758648;22.0;Para Celulares de Outras Operadoras;
2020-08-27 14:04:24;51  991844114;46.0;Para Celulares de Outras Operadoras;
2020-08-27 13:13:01;51  998666483;13.0;Para Celulares de Outras Operadoras;
2020-08-27 11:46:41;51  991899959;11.0;Para Celulares de Outras Operadoras;
2020-08-27 07:39:31;51  994050701;7.0;Para Celulares de Outras Operadoras;
2020-08-24 16:52:46;51  992562626;34.0;Para Celulares de Outras Operadoras;
2020-08-24 14:48:23;51  992610898;38.0;Para Celulares de Outras Operadoras;
2020-08-21 16:41:37;51  993156497;19.0;Para Celulares de Outras Operadoras;
2020-08-20 11:02:35;51  998666483;208.0;Para Celulares de Outras Operadoras;
2020-08-18 09:55:36;51  982688177;16.0;Para Celulares de Outras Operadoras;
2020-08-18 08:44:50;51  985758648;44.0;Para Celulares de Outras Operadoras;
2020-08-17 13:44:55;51  985758648;14.0;Para Celulares de Outras Operadoras;
2020-08-17 09:35:51;51  985758648;16.0;Para Celulares de Outras Operadoras;
2020-08-12 14:55:23;51  985758648;13.0;Para Celulares de Outras Operadoras;
2020-08-10 16:10:28;51  981918910;78.0;Para Celulares de Outras Operadoras;
2020-08-10 15:11:09;51  981918910;5.0;Para Celulares de Outras Operadoras;
2020-08-08 11:42:51;51  993156497;5.0;Para Celulares de Outras Operadoras;
2020-08-07 12:28:53;51  993156497;5.0;Para Celulares de Outras Operadoras;
2020-08-07 11:03:52;51  993156497;5.0;Para Celulares de Outras Operadoras;
2020-08-06 19:56:19;51  993088659;5.0;Para Celulares de Outras Operadoras;
2020-08-06 18:44:41;51  985758648;43.0;Para Celulares de Outras Operadoras;
2020-08-06 15:37:17;51  991987887;27.0;Para Celulares de Outras Operadoras;
2020-08-06 11:53:30;51  985758648;26.0;Para Celulares de Outras Operadoras;
2020-08-04 11:49:18;51  985758648;13.0;Para Celulares de Outras Operadoras;
2020-08-03 14:57:15;51  985758648;61.0;Para Celulares de Outras Operadoras;
2020-08-05 15:59:38;51  21313333;5.0;Para Fixo Vivo;
2020-08-05 15:57:36;51  21313333;5.0;Para Fixo Vivo;
2020-08-02 12:34:30;51  33611769;15.0;Para Fixo Vivo;
2020-08-31 16:34:55;51  992592816;105.0;Para Celulares Vivo;
2020-08-31 15:20:04;51  998217878;5.0;Para Celulares Vivo;
2020-08-31 09:48:36;51  998447472;18.0;Para Celulares Vivo;
2020-08-27 15:53:03;51  991014112;5.0;Para Celulares Vivo;
2020-08-27 14:29:14;51  999515228;84.0;Para Celulares Vivo;
2020-08-26 09:21:22;51  992580847;25.0;Para Celulares Vivo;
2020-08-25 16:16:51;51  992592817;9.0;Para Celulares Vivo;
2020-08-25 15:59:20;51  992580847;5.0;Para Celulares Vivo;
2020-08-24 17:11:00;51  999862525;78.0;Para Celulares Vivo;
2020-08-24 15:54:48;51  992592873;5.0;Para Celulares Vivo;
2020-08-24 14:53:53;51  992592834;20.0;Para Celulares Vivo;
2020-08-24 14:46:10;51  992592834;18.0;Para Celulares Vivo;
2020-08-24 09:09:00;51  992592834;9.0;Para Celulares Vivo;
2020-08-23 19:25:03;51  999011587;70.0;Para Celulares Vivo;
2020-08-21 12:10:36;51  992592817;11.0;Para Celulares Vivo;
2020-08-21 12:07:27;51  991014112;27.0;Para Celulares Vivo;
2020-08-21 08:50:18;51  991014112;6.0;Para Celulares Vivo;
2020-08-20 11:38:49;51  992230839;22.0;Para Celulares Vivo;
2020-08-19 17:30:36;51  992592816;211.0;Para Celulares Vivo;
2020-08-19 17:04:46;51  992592954;38.0;Para Celulares Vivo;
2020-08-19 14:09:13;51  999862525;5.0;Para Celulares Vivo;
2020-08-19 11:36:05;51  999844804;131.0;Para Celulares Vivo;
2020-08-18 20:22:25;51  999011587;33.0;Para Celulares Vivo;
2020-08-18 13:45:36;51  992592834;10.0;Para Celulares Vivo;
2020-08-18 12:08:05;51  992592887;39.0;Para Celulares Vivo;
2020-08-18 10:14:03;51  992592887;39.0;Para Celulares Vivo;
2020-08-18 10:13:24;51  992592887;5.0;Para Celulares Vivo;
2020-08-18 09:11:54;51  991014112;6.0;Para Celulares Vivo;
2020-08-17 14:44:15;51  992592834;77.0;Para Celulares Vivo;
2020-08-16 20:02:59;51  992592834;148.0;Para Celulares Vivo;
2020-08-15 09:54:17;51  992592834;30.0;Para Celulares Vivo;
2020-08-13 17:52:19;51  992592817;11.0;Para Celulares Vivo;
2020-08-13 17:29:55;51  991014112;5.0;Para Celulares Vivo;
2020-08-12 16:52:06;51  997051053;29.0;Para Celulares Vivo;
2020-08-09 10:48:20;51  999011587;19.0;Para Celulares Vivo;
2020-08-05 19:09:19;51  999011587;22.0;Para Celulares Vivo;
2020-08-05 17:21:07;51  992592817;5.0;Para Celulares Vivo;
2020-08-05 10:35:06;51  992592817;28.0;Para Celulares Vivo;
2020-08-04 20:12:47;51  992580847;16.0;Para Celulares Vivo;
2020-08-04 20:06:08;51  999011587;20.0;Para Celulares Vivo;
2020-08-04 20:03:26;51  999011587;5.0;Para Celulares Vivo;
2020-08-04 20:02:41;51  999011587;5.0;Para Celulares Vivo;
2020-08-04 20:00:37;51  999011587;5.0;Para Celulares Vivo;
2020-08-04 19:59:06;51  999011587;5.0;Para Celulares Vivo;
2020-08-04 19:11:49;51  999515228;26.0;Para Celulares Vivo;
2020-08-03 11:58:32;51  991014112;5.0;Para Celulares Vivo;
2020-08-03 11:55:21;51  991014112;28.0;Para Celulares Vivo;
2020-08-02 18:14:04;51  999011587;62.0;Para Celulares Vivo;
2020-07-31;"";17047.6;INTERNET MOVEL 2;0.00
2020-08-01;"";25893.6;INTERNET MOVEL 2;0.00
2020-08-02;"";14845.0;INTERNET MOVEL 2;0.00
2020-08-03;"";26608.0;INTERNET MOVEL 2;0.00
2020-08-04;"";27273.1;INTERNET MOVEL 2;0.00
2020-08-05;"";15536.9;INTERNET MOVEL 2;0.00
2020-08-06;"";4554.9;INTERNET MOVEL 2;0.00
2020-08-07;"";44447.7;INTERNET MOVEL 2;0.00
2020-08-08;"";136455.4;INTERNET MOVEL 2;0.00
2020-08-09;"";40341.4;INTERNET MOVEL 2;0.00
2020-08-10;"";54088.6;INTERNET MOVEL 2;0.00
2020-08-11;"";63474.8;INTERNET MOVEL 2;0.00
2020-08-12;"";103976.5;INTERNET MOVEL 2;0.00
2020-08-13;"";17407.8;INTERNET MOVEL 2;0.00
2020-08-14;"";14301.4;INTERNET MOVEL 2;0.00
2020-08-15;"";30801.8;INTERNET MOVEL 2;0.00
2020-08-16;"";82239.7;INTERNET MOVEL 2;0.00
2020-08-17;"";106010.6;INTERNET MOVEL 2;0.00
2020-08-18;"";60653.9;INTERNET MOVEL 2;0.00
2020-08-19;"";36124.0;INTERNET MOVEL 2;0.00
2020-08-20;"";25679.7;INTERNET MOVEL 2;0.00
2020-08-21;"";120235.1;INTERNET MOVEL 2;0.00
2020-08-22;"";53197.0;INTERNET MOVEL 2;0.00
2020-08-23;"";45046.5;INTERNET MOVEL 2;0.00
2020-08-24;"";86634.1;INTERNET MOVEL 2;0.00
2020-08-25;"";118879.9;INTERNET MOVEL 2;0.00
2020-08-26;"";36833.2;INTERNET MOVEL 2;0.00
2020-08-27;"";56995.0;INTERNET MOVEL 2;0.00
2020-08-28;"";139311.6;INTERNET MOVEL 2;0.00
2020-08-29;"";132756.9;INTERNET MOVEL 2;0.00
2020-08-30;"";186707.6;INTERNET MOVEL 2;0.00
2020-08-31;"";46349.6;INTERNET MOVEL 2;0.00
