data_hora_inicio;nro_telefone_chamado;duracao_ligacao;desc_categoria;valor_ligacao
2020-08-07 10:24:22;51  33589494;55.0;Para Fixo de Outras Operadoras;
2020-08-25 11:20:50;51  982924818;5.0;Para Celulares de Outras Operadoras;
2020-08-24 16:46:23;51  993419058;133.0;Para Celulares de Outras Operadoras;
2020-08-14 13:46:48;51  981313471;19.0;Para Celulares de Outras Operadoras;
2020-08-12 11:20:12;51  981313471;13.0;Para Celulares de Outras Operadoras;
2020-08-11 09:49:34;51  981313471;35.0;Para Celulares de Outras Operadoras;
2020-08-17 14:23:50;51  21313340;5.0;Para Fixo Vivo;
2020-08-24 15:24:35;51  999814789;233.0;Para Celulares Vivo;
2020-08-03;"";17408.0;INTERNET MOVEL 2;0.00
2020-08-04;"";53350.4;INTERNET MOVEL 2;0.00
2020-08-05;"";66799.6;INTERNET MOVEL 2;0.00
2020-08-06;"";83737.6;INTERNET MOVEL 2;0.00
2020-08-07;"";69526.5;INTERNET MOVEL 2;0.00
2020-08-10;"";28395.5;INTERNET MOVEL 2;0.00
2020-08-11;"";14950.3;INTERNET MOVEL 2;0.00
2020-08-12;"";14776.3;INTERNET MOVEL 2;0.00
2020-08-13;"";10240.0;INTERNET MOVEL 2;0.00
2020-08-14;"";975.0;INTERNET MOVEL 2;0.00
2020-08-17;"";11837.4;INTERNET MOVEL 2;0.00
2020-08-18;"";13424.6;INTERNET MOVEL 2;0.00
2020-08-19;"";28876.8;INTERNET MOVEL 2;0.00
2020-08-20;"";23377.9;INTERNET MOVEL 2;0.00
2020-08-21;"";17177.6;INTERNET MOVEL 2;0.00
2020-08-24;"";26255.3;INTERNET MOVEL 2;0.00
2020-08-25;"";44540.9;INTERNET MOVEL 2;0.00
2020-08-26;"";10362.8;INTERNET MOVEL 2;0.00
2020-08-27;"";13670.4;INTERNET MOVEL 2;0.00
2020-08-28;"";25538.5;INTERNET MOVEL 2;0.00
2020-08-31;"";56889.3;INTERNET MOVEL 2;0.00
