data_hora_inicio;nro_telefone_chamado;duracao_ligacao;desc_categoria;valor_ligacao
2020-08-27 10:33:32;51992592887;1.0;GRATIS-SMS;0.00
2020-08-27 09:12:51;13981188560;1.0;GRATIS-SMS;0.00
2020-08-01 09:10:51;51  999891388;8.0;Para Celulares Vivo;
2020-08-31 09:51:19;51  984752902;5.0;Para Celulares Vivo;
2020-08-31 09:51:19;51  984752902;0.0;Adicional por Ligacoes Realizadas;
2020-08-27 11:11:48;13  981188560;24.0;Para Celulares Vivo;
2020-08-20 16:48:39;98  992271581;95.0;Para Celulares Vivo;
2020-08-14 16:00:05;98  992135945;12.0;Para Celulares Vivo;
2020-08-11 12:59:09;98  991730576;12.0;Para Celulares Vivo;
2020-08-06 10:57:06;13  996752819;102.0;Para Celulares Vivo;
2020-08-05 17:19:10;51  35891876;57.0;Para Fixo de Outras Operadoras;
2020-08-30 13:49:54;51  984547713;12.0;Para Celulares de Outras Operadoras;
2020-08-31 05:37:21;51  984752902;5.0;Para Celulares Vivo;
2020-08-28 13:50:10;51  991561376;10.0;Para Celulares Vivo;
2020-08-26 11:18:24;51  980507855;15.0;Para Celulares Vivo;
2020-08-24 11:52:23;51  993320327;70.0;Para Celulares Vivo;
2020-08-22 17:14:16;51  995691950;10.0;Para Celulares Vivo;
2020-08-21 11:23:56;51  995943973;155.0;Para Celulares Vivo;
2020-08-18 13:44:11;51  999308832;5.0;Para Celulares Vivo;
2020-08-17 18:49:55;51  995863683;317.0;Para Celulares Vivo;
2020-08-17 18:15:21;51  995863683;8.0;Para Celulares Vivo;
2020-08-17 16:55:59;51  995863683;8.0;Para Celulares Vivo;
2020-08-17 11:36:43;51  995863683;17.0;Para Celulares Vivo;
2020-08-01;"";8287.2;INTERNET MOVEL 2;0.00
2020-08-02;"";40117.0;INTERNET MOVEL 2;0.00
2020-08-03;"";83492.8;INTERNET MOVEL 2;0.00
2020-08-04;"";168.0;INTERNET MOVEL 2;0.00
2020-08-05;"";3343.8;INTERNET MOVEL 2;0.00
2020-08-06;"";2201.0;INTERNET MOVEL 2;0.00
2020-08-07;"";8088.5;INTERNET MOVEL 2;0.00
2020-08-08;"";4114.0;INTERNET MOVEL 2;0.00
2020-08-09;"";457.0;INTERNET MOVEL 2;0.00
2020-08-10;"";3479.0;INTERNET MOVEL 2;0.00
2020-08-11;"";61.0;INTERNET MOVEL 2;0.00
2020-08-12;"";26.0;INTERNET MOVEL 2;0.00
2020-08-13;"";101.0;INTERNET MOVEL 2;0.00
2020-08-14;"";1797.0;INTERNET MOVEL 2;0.00
2020-08-15;"";75.0;INTERNET MOVEL 2;0.00
2020-08-16;"";10312.1;INTERNET MOVEL 2;0.00
2020-08-17;"";78.0;INTERNET MOVEL 2;0.00
2020-08-18;"";66.0;INTERNET MOVEL 2;0.00
2020-08-19;"";41.0;INTERNET MOVEL 2;0.00
2020-08-22;"";6989.0;INTERNET MOVEL 2;0.00
2020-08-23;"";5208.1;INTERNET MOVEL 2;0.00
2020-08-24;"";36.0;INTERNET MOVEL 2;0.00
2020-08-25;"";9953.5;INTERNET MOVEL 2;0.00
2020-08-27;"";51.0;INTERNET MOVEL 2;0.00
2020-08-28;"";3687.0;INTERNET MOVEL 2;0.00
2020-08-29;"";199409.7;INTERNET MOVEL 2;0.00
2020-08-30;"";112350.5;INTERNET MOVEL 2;0.00
2020-08-31;"";125147.6;INTERNET MOVEL 2;0.00
