data_hora_inicio;nro_telefone_chamado;duracao_ligacao;desc_categoria;valor_ligacao
2020-08-29 14:49:04;51991202796;1.0;GRATIS-SMS;0.00
2020-08-29 14:48:52;51991202796;1.0;GRATIS-SMS;0.00
2020-08-29 14:48:32;51991202796;1.0;GRATIS-SMS;0.00
2020-08-25 12:59:15;13982033012;1.0;GRATIS-SMS;0.00
2020-08-21 21:59:26;16981429455;1.0;GRATIS-SMS;0.00
2020-08-21 21:58:26;16981429455;1.0;GRATIS-SMS;0.00
2020-08-21 21:50:33;16981429455;1.0;GRATIS-SMS;0.00
2020-08-21 21:40:04;16981429455;1.0;GRATIS-SMS;0.00
2020-08-21 21:29:46;16981429455;1.0;GRATIS-SMS;0.00
2020-08-21 21:08:43;16981429455;1.0;GRATIS-SMS;0.00
2020-08-28 08:32:41;31  992641208;36.0;Para Celulares de Outras Operadoras;
2020-08-28 08:05:12;31  993079325;183.0;Para Celulares de Outras Operadoras;
2020-08-13 08:21:58;11  947191785;13.0;Para Celulares de Outras Operadoras;
2020-08-13 08:19:15;11  947191785;24.0;Para Celulares de Outras Operadoras;
2020-08-07 08:59:02;51  984348914;150.0;Para Celulares de Outras Operadoras;
2020-08-06 10:41:27;51  981675493;66.0;Para Celulares de Outras Operadoras;
2020-08-04 15:18:06;11  27096694;39.0;Para Fixo Vivo;
2020-08-31 15:41:25;51  991317721;5.0;Para Celulares Vivo;
2020-08-31 14:01:20;11  993025081;8.0;Para Celulares Vivo;
2020-08-31 09:59:25;11  993025081;24.0;Para Celulares Vivo;
2020-08-29 14:53:24;51  991202796;18.0;Para Celulares Vivo;
2020-08-28 14:51:46;51  991202796;8.0;Para Celulares Vivo;
2020-08-27 09:36:29;51  984274504;6.0;Para Celulares Vivo;
2020-08-27 08:05:22;51  991202796;34.0;Para Celulares Vivo;
2020-08-26 15:53:26;51  991202796;7.0;Para Celulares Vivo;
2020-08-26 15:31:18;51  995590460;18.0;Para Celulares Vivo;
2020-08-26 10:45:40;51  993320342;318.0;Para Celulares Vivo;
2020-08-25 17:09:07;51  992592870;71.0;Para Celulares Vivo;
2020-08-25 13:59:44;51  995590460;45.0;Para Celulares Vivo;
2020-08-24 08:02:06;51  989028545;30.0;Para Celulares Vivo;
2020-08-22 12:36:16;51  991317721;14.0;Para Celulares Vivo;
2020-08-20 11:33:08;51  989028545;59.0;Para Celulares Vivo;
2020-08-20 10:07:30;15  996580266;12.0;Para Celulares Vivo;
2020-08-19 09:29:41;51  991317721;5.0;Para Celulares Vivo;
2020-08-19 08:56:33;51  991317721;5.0;Para Celulares Vivo;
2020-08-19 08:47:20;51  991317721;6.0;Para Celulares Vivo;
2020-08-19 08:15:15;51  995590460;34.0;Para Celulares Vivo;
2020-08-18 15:57:26;11  993025081;7.0;Para Celulares Vivo;
2020-08-18 09:42:30;34  998399050;64.0;Para Celulares Vivo;
2020-08-17 18:04:37;51  991202796;10.0;Para Celulares Vivo;
2020-08-17 17:50:34;51  992592870;132.0;Para Celulares Vivo;
2020-08-17 12:26:29;15  996580266;31.0;Para Celulares Vivo;
2020-08-17 10:02:45;51  991202796;20.0;Para Celulares Vivo;
2020-08-17 09:30:14;51  991202796;5.0;Para Celulares Vivo;
2020-08-17 08:01:49;51  991202796;14.0;Para Celulares Vivo;
2020-08-15 16:15:20;51  995590460;8.0;Para Celulares Vivo;
2020-08-14 16:45:59;51  989028545;29.0;Para Celulares Vivo;
2020-08-14 16:44:34;51  989028545;5.0;Para Celulares Vivo;
2020-08-14 16:21:49;51  991202796;36.0;Para Celulares Vivo;
2020-08-14 15:53:36;51  989028545;42.0;Para Celulares Vivo;
2020-08-14 15:36:13;51  989028545;22.0;Para Celulares Vivo;
2020-08-14 15:33:53;51  989028545;20.0;Para Celulares Vivo;
2020-08-14 14:11:36;51  995590460;54.0;Para Celulares Vivo;
2020-08-14 12:01:56;11  950661047;8.0;Para Celulares Vivo;
2020-08-14 09:20:01;51  995590460;22.0;Para Celulares Vivo;
2020-08-13 09:43:16;51  991317721;5.0;Para Celulares Vivo;
2020-08-12 18:06:02;51  991317721;5.0;Para Celulares Vivo;
2020-08-11 13:37:04;51  991317721;8.0;Para Celulares Vivo;
2020-08-10 19:03:17;31  997649947;24.0;Para Celulares Vivo;
2020-08-10 16:53:38;54  999804066;26.0;Para Celulares Vivo;
2020-08-07 08:46:11;15  996580266;24.0;Para Celulares Vivo;
2020-08-06 09:55:12;51  991202796;5.0;Para Celulares Vivo;
2020-08-06 09:47:53;51  991317721;5.0;Para Celulares Vivo;
2020-08-06 09:29:39;51  991317721;6.0;Para Celulares Vivo;
2020-08-06 07:59:25;51  991202796;5.0;Para Celulares Vivo;
2020-08-04 15:04:19;15  996580266;15.0;Para Celulares Vivo;
2020-08-04 15:03:52;15  996580266;5.0;Para Celulares Vivo;
2020-08-04 09:34:47;51  995590460;18.0;Para Celulares Vivo;
2020-08-04 08:44:43;51  994054961;5.0;Para Celulares Vivo;
2020-08-03 08:49:58;51  989028545;62.0;Para Celulares Vivo;
2020-08-31 15:41:25;51  991317721;0.0;Adicional por Ligacoes Realizadas;
2020-08-31 14:01:20;11  993025081;0.0;Adicional por Ligacoes Realizadas;
2020-08-31 09:59:25;11  993025081;0.0;Adicional por Ligacoes Realizadas;
2020-08-29 14:53:24;51  991202796;0.0;Adicional por Ligacoes Realizadas;
2020-08-28 14:51:46;51  991202796;0.0;Adicional por Ligacoes Realizadas;
2020-08-28 08:32:41;31  992641208;0.0;Adicional por Ligacoes Realizadas;
2020-08-28 08:05:12;31  993079325;0.0;Adicional por Ligacoes Realizadas;
2020-08-28 07:53:09;51  21313333;0.0;Adicional por Ligacoes Realizadas;
2020-08-27 09:36:29;51  984274504;0.0;Adicional por Ligacoes Realizadas;
2020-08-27 08:05:22;51  991202796;0.0;Adicional por Ligacoes Realizadas;
2020-08-26 15:53:26;51  991202796;0.0;Adicional por Ligacoes Realizadas;
2020-08-26 15:42:19;13  991828267;0.0;Adicional por Ligacoes Realizadas;
2020-08-26 15:31:18;51  995590460;0.0;Adicional por Ligacoes Realizadas;
2020-08-26 15:26:41;13  997876095;0.0;Adicional por Ligacoes Realizadas;
2020-08-26 14:52:48;13  996196986;0.0;Adicional por Ligacoes Realizadas;
2020-08-26 11:17:53;13  982033012;0.0;Adicional por Ligacoes Realizadas;
2020-08-26 10:45:40;51  993320342;0.0;Adicional por Ligacoes Realizadas;
2020-08-25 19:35:29;08  008882373;0.0;Adicional por Ligacoes Realizadas;
2020-08-25 19:32:54;08  008882373;0.0;Adicional por Ligacoes Realizadas;
2020-08-25 17:09:07;51  992592870;0.0;Adicional por Ligacoes Realizadas;
2020-08-25 14:50:14;13  982033012;0.0;Adicional por Ligacoes Realizadas;
2020-08-25 13:59:44;51  995590460;0.0;Adicional por Ligacoes Realizadas;
2020-08-25 10:35:48;13  982033012;0.0;Adicional por Ligacoes Realizadas;
2020-08-25 10:17:09;13  982033012;0.0;Adicional por Ligacoes Realizadas;
2020-08-25 10:14:07;13  982033012;0.0;Adicional por Ligacoes Realizadas;
2020-08-24 14:08:11;13  982033012;0.0;Adicional por Ligacoes Realizadas;
2020-08-24 08:02:06;51  989028545;0.0;Adicional por Ligacoes Realizadas;
2020-08-22 12:36:16;51  991317721;0.0;Adicional por Ligacoes Realizadas;
2020-08-21 21:36:06;*5  55;0.0;Adicional por Ligacoes Realizadas;
2020-08-20 11:33:08;51  989028545;0.0;Adicional por Ligacoes Realizadas;
2020-08-20 10:07:30;15  996580266;0.0;Adicional por Ligacoes Realizadas;
2020-08-20 08:39:35;13  991828267;0.0;Adicional por Ligacoes Realizadas;
2020-08-19 09:29:41;51  991317721;0.0;Adicional por Ligacoes Realizadas;
2020-08-19 08:56:33;51  991317721;0.0;Adicional por Ligacoes Realizadas;
2020-08-19 08:47:20;51  991317721;0.0;Adicional por Ligacoes Realizadas;
2020-08-19 08:15:15;51  995590460;0.0;Adicional por Ligacoes Realizadas;
2020-08-19 08:13:33;13  996233551;0.0;Adicional por Ligacoes Realizadas;
2020-08-18 17:18:48;13  982033012;0.0;Adicional por Ligacoes Realizadas;
2020-08-18 16:22:00;13  991828267;0.0;Adicional por Ligacoes Realizadas;
2020-08-18 15:57:26;11  993025081;0.0;Adicional por Ligacoes Realizadas;
2020-08-18 09:42:30;34  998399050;0.0;Adicional por Ligacoes Realizadas;
2020-08-17 18:04:37;51  991202796;0.0;Adicional por Ligacoes Realizadas;
2020-08-17 17:50:34;51  992592870;0.0;Adicional por Ligacoes Realizadas;
2020-08-17 13:31:56;13  982033012;0.0;Adicional por Ligacoes Realizadas;
2020-08-17 12:26:29;15  996580266;0.0;Adicional por Ligacoes Realizadas;
2020-08-17 10:02:45;51  991202796;0.0;Adicional por Ligacoes Realizadas;
2020-08-17 09:30:14;51  991202796;0.0;Adicional por Ligacoes Realizadas;
2020-08-17 08:01:49;51  991202796;0.0;Adicional por Ligacoes Realizadas;
2020-08-15 16:15:20;51  995590460;0.0;Adicional por Ligacoes Realizadas;
2020-08-14 16:45:59;51  989028545;0.0;Adicional por Ligacoes Realizadas;
2020-08-14 16:44:34;51  989028545;0.0;Adicional por Ligacoes Realizadas;
2020-08-14 16:21:49;51  991202796;0.0;Adicional por Ligacoes Realizadas;
2020-08-14 15:53:36;51  989028545;0.0;Adicional por Ligacoes Realizadas;
2020-08-14 15:36:13;51  989028545;0.0;Adicional por Ligacoes Realizadas;
2020-08-14 15:33:53;51  989028545;0.0;Adicional por Ligacoes Realizadas;
2020-08-14 14:11:36;51  995590460;0.0;Adicional por Ligacoes Realizadas;
2020-08-14 12:01:56;11  950661047;0.0;Adicional por Ligacoes Realizadas;
2020-08-14 09:20:01;51  995590460;0.0;Adicional por Ligacoes Realizadas;
2020-08-13 11:01:23;13  982033012;0.0;Adicional por Ligacoes Realizadas;
2020-08-13 09:43:16;51  991317721;0.0;Adicional por Ligacoes Realizadas;
2020-08-13 08:21:58;11  947191785;0.0;Adicional por Ligacoes Realizadas;
2020-08-13 08:19:15;11  947191785;0.0;Adicional por Ligacoes Realizadas;
2020-08-12 18:06:02;51  991317721;0.0;Adicional por Ligacoes Realizadas;
2020-08-11 13:37:04;51  991317721;0.0;Adicional por Ligacoes Realizadas;
2020-08-11 07:25:05;13  996444052;0.0;Adicional por Ligacoes Realizadas;
2020-08-10 19:03:17;31  997649947;0.0;Adicional por Ligacoes Realizadas;
2020-08-10 16:53:38;54  999804066;0.0;Adicional por Ligacoes Realizadas;
2020-08-07 08:59:02;51  984348914;0.0;Adicional por Ligacoes Realizadas;
2020-08-07 08:46:11;15  996580266;0.0;Adicional por Ligacoes Realizadas;
2020-08-06 12:10:56;13  982033012;0.0;Adicional por Ligacoes Realizadas;
2020-08-06 10:41:27;51  981675493;0.0;Adicional por Ligacoes Realizadas;
2020-08-06 09:55:12;51  991202796;0.0;Adicional por Ligacoes Realizadas;
2020-08-06 09:47:53;51  991317721;0.0;Adicional por Ligacoes Realizadas;
2020-08-06 09:29:39;51  991317721;0.0;Adicional por Ligacoes Realizadas;
2020-08-06 07:59:25;51  991202796;0.0;Adicional por Ligacoes Realizadas;
2020-08-05 14:50:15;13  982033012;0.0;Adicional por Ligacoes Realizadas;
2020-08-05 14:04:03;13  982033012;0.0;Adicional por Ligacoes Realizadas;
2020-08-05 14:01:36;13  982033012;0.0;Adicional por Ligacoes Realizadas;
2020-08-04 18:52:25;13  982033012;0.0;Adicional por Ligacoes Realizadas;
2020-08-04 18:45:26;13  982033012;0.0;Adicional por Ligacoes Realizadas;
2020-08-04 15:18:06;11  27096694;0.0;Adicional por Ligacoes Realizadas;
2020-08-04 15:04:19;15  996580266;0.0;Adicional por Ligacoes Realizadas;
2020-08-04 15:03:52;15  996580266;0.0;Adicional por Ligacoes Realizadas;
2020-08-04 09:34:47;51  995590460;0.0;Adicional por Ligacoes Realizadas;
2020-08-04 08:44:43;51  994054961;0.0;Adicional por Ligacoes Realizadas;
2020-08-03 08:49:58;51  989028545;0.0;Adicional por Ligacoes Realizadas;
2020-08-28 07:53:09;51  21313333;24.0;Para Fixo Vivo;
2020-08-25 19:35:29;08  008882373;5.0;"";
2020-08-25 19:32:54;08  008882373;15.0;"";
2020-08-21 21:36:06;*5  55;5.0;"";
2020-08-26 15:42:19;13  991828267;11.0;Para Celulares de Outras Operadoras;
2020-08-26 14:52:48;13  996196986;6.0;Para Celulares de Outras Operadoras;
2020-08-26 11:17:53;13  982033012;25.0;Para Celulares de Outras Operadoras;
2020-08-25 14:50:14;13  982033012;88.0;Para Celulares de Outras Operadoras;
2020-08-25 10:35:48;13  982033012;39.0;Para Celulares de Outras Operadoras;
2020-08-25 10:17:09;13  982033012;5.0;Para Celulares de Outras Operadoras;
2020-08-25 10:14:07;13  982033012;30.0;Para Celulares de Outras Operadoras;
2020-08-24 14:08:11;13  982033012;30.0;Para Celulares de Outras Operadoras;
2020-08-20 08:39:35;13  991828267;16.0;Para Celulares de Outras Operadoras;
2020-08-19 08:13:33;13  996233551;14.0;Para Celulares de Outras Operadoras;
2020-08-18 17:18:48;13  982033012;30.0;Para Celulares de Outras Operadoras;
2020-08-18 16:22:00;13  991828267;12.0;Para Celulares de Outras Operadoras;
2020-08-17 13:31:56;13  982033012;36.0;Para Celulares de Outras Operadoras;
2020-08-13 11:01:23;13  982033012;6.0;Para Celulares de Outras Operadoras;
2020-08-06 12:10:56;13  982033012;38.0;Para Celulares de Outras Operadoras;
2020-08-05 14:50:15;13  982033012;25.0;Para Celulares de Outras Operadoras;
2020-08-05 14:04:03;13  982033012;26.0;Para Celulares de Outras Operadoras;
2020-08-05 14:01:36;13  982033012;5.0;Para Celulares de Outras Operadoras;
2020-08-04 18:52:25;13  982033012;14.0;Para Celulares de Outras Operadoras;
2020-08-04 18:45:26;13  982033012;5.0;Para Celulares de Outras Operadoras;
2020-08-26 15:26:41;13  997876095;12.0;Para Celulares Vivo;
2020-08-11 07:25:05;13  996444052;42.0;Para Celulares Vivo;
2020-07-31;"";254.0;INTERNET MOVEL 2;0.00
2020-08-01;"";8889.8;INTERNET MOVEL 2;0.00
2020-08-02;"";4246.4;INTERNET MOVEL 2;0.00
2020-08-03;"";42648.4;INTERNET MOVEL 2;0.00
2020-08-04;"";24312.3;INTERNET MOVEL 2;0.00
2020-08-05;"";15205.0;INTERNET MOVEL 2;0.00
2020-08-06;"";25245.0;INTERNET MOVEL 2;0.00
2020-08-07;"";75518.5;INTERNET MOVEL 2;0.00
2020-08-08;"";9457.0;INTERNET MOVEL 2;0.00
2020-08-09;"";23051.0;INTERNET MOVEL 2;0.00
2020-08-10;"";6652.2;INTERNET MOVEL 2;0.00
2020-08-11;"";41698.8;INTERNET MOVEL 2;0.00
2020-08-12;"";11382.9;INTERNET MOVEL 2;0.00
2020-08-13;"";19985.6;INTERNET MOVEL 2;0.00
2020-08-14;"";7567.4;INTERNET MOVEL 2;0.00
2020-08-15;"";14069.2;INTERNET MOVEL 2;0.00
2020-08-16;"";4461.9;INTERNET MOVEL 2;0.00
2020-08-17;"";18949.1;INTERNET MOVEL 2;0.00
2020-08-18;"";15595.8;INTERNET MOVEL 2;0.00
2020-08-19;"";38985.5;INTERNET MOVEL 2;0.00
2020-08-20;"";37673.1;INTERNET MOVEL 2;0.00
2020-08-21;"";19249.8;INTERNET MOVEL 2;0.00
2020-08-22;"";29285.6;INTERNET MOVEL 2;0.00
2020-08-23;"";4878.1;INTERNET MOVEL 2;0.00
2020-08-24;"";44343.7;INTERNET MOVEL 2;0.00
2020-08-25;"";25854.8;INTERNET MOVEL 2;0.00
2020-08-26;"";25626.2;INTERNET MOVEL 2;0.00
2020-08-27;"";4214.4;INTERNET MOVEL 2;0.00
2020-08-28;"";172210.6;INTERNET MOVEL 2;0.00
2020-08-29;"";3046.0;INTERNET MOVEL 2;0.00
2020-08-30;"";2453.0;INTERNET MOVEL 2;0.00
2020-08-31;"";9159.3;INTERNET MOVEL 2;0.00
