data_hora_inicio;nro_telefone_chamado;duracao_ligacao;desc_categoria;valor_ligacao
2020-08-28 19:15:18;*5  55;5.0;"";
2020-08-19 14:11:35;51  33418398;13.0;Para Fixo de Outras Operadoras;
2020-08-19 13:00:33;51  33418398;5.0;Para Fixo de Outras Operadoras;
2020-08-26 10:30:57;51  991771271;70.0;Para Celulares de Outras Operadoras;
2020-08-26 09:59:14;51  991771271;5.0;Para Celulares de Outras Operadoras;
2020-08-21 15:23:02;51  994618148;23.0;Para Celulares de Outras Operadoras;
2020-08-07 18:51:55;51  993393042;139.0;Para Celulares de Outras Operadoras;
2020-08-21 13:42:03;51  21313333;5.0;Para Fixo Vivo;
2020-08-14 15:33:21;51  992592818;40.0;Para Celulares Vivo;
2020-07-31;"";13.0;INTERNET MOVEL 2;0.00
2020-08-01;"";8926.0;INTERNET MOVEL 2;0.00
2020-08-02;"";11113.0;INTERNET MOVEL 2;0.00
2020-08-03;"";27860.0;INTERNET MOVEL 2;0.00
2020-08-04;"";4616.0;INTERNET MOVEL 2;0.00
2020-08-05;"";15733.5;INTERNET MOVEL 2;0.00
2020-08-06;"";1018.0;INTERNET MOVEL 2;0.00
2020-08-07;"";18422.0;INTERNET MOVEL 2;0.00
2020-08-08;"";11748.0;INTERNET MOVEL 2;0.00
2020-08-09;"";73355.0;INTERNET MOVEL 2;0.00
2020-08-10;"";17298.0;INTERNET MOVEL 2;0.00
2020-08-11;"";7640.0;INTERNET MOVEL 2;0.00
2020-08-12;"";10637.0;INTERNET MOVEL 2;0.00
2020-08-13;"";7855.9;INTERNET MOVEL 2;0.00
2020-08-14;"";735.0;INTERNET MOVEL 2;0.00
2020-08-15;"";10734.0;INTERNET MOVEL 2;0.00
2020-08-16;"";887.0;INTERNET MOVEL 2;0.00
2020-08-17;"";14812.0;INTERNET MOVEL 2;0.00
2020-08-18;"";31746.0;INTERNET MOVEL 2;0.00
2020-08-19;"";24793.0;INTERNET MOVEL 2;0.00
2020-08-20;"";6757.4;INTERNET MOVEL 2;0.00
2020-08-21;"";5039.0;INTERNET MOVEL 2;0.00
2020-08-22;"";1244.0;INTERNET MOVEL 2;0.00
2020-08-23;"";16688.0;INTERNET MOVEL 2;0.00
2020-08-24;"";2006.0;INTERNET MOVEL 2;0.00
2020-08-25;"";8572.0;INTERNET MOVEL 2;0.00
2020-08-26;"";464.0;INTERNET MOVEL 2;0.00
2020-08-27;"";21992.0;INTERNET MOVEL 2;0.00
2020-08-28;"";9137.0;INTERNET MOVEL 2;0.00
2020-08-29;"";494.0;INTERNET MOVEL 2;0.00
2020-08-30;"";5367.0;INTERNET MOVEL 2;0.00
2020-08-31;"";402.0;INTERNET MOVEL 2;0.00
