data_hora_inicio;nro_telefone_chamado;duracao_ligacao;desc_categoria;valor_ligacao
2020-08-14 13:29:04;31  987447453;111.0;Para Celulares de Outras Operadoras;
2020-08-14 13:24:41;31  987447453;38.0;Para Celulares de Outras Operadoras;
2020-08-14 11:00:06;31  988211505;51.0;Para Celulares de Outras Operadoras;
2020-08-13 18:33:12;31  984789159;83.0;Para Celulares de Outras Operadoras;
2020-08-13 11:40:31;31  984721338;55.0;Para Celulares de Outras Operadoras;
2020-08-13 09:59:33;31  984721338;6.0;Para Celulares de Outras Operadoras;
2020-08-12 14:48:23;31  988806674;20.0;Para Celulares de Outras Operadoras;
2020-08-11 17:32:43;31  981195994;16.0;Para Celulares de Outras Operadoras;
2020-08-11 15:03:32;31  984789159;14.0;Para Celulares de Outras Operadoras;
2020-08-11 11:59:44;31  984721338;14.0;Para Celulares de Outras Operadoras;
2020-08-11 11:55:48;31  984721338;27.0;Para Celulares de Outras Operadoras;
2020-08-11 11:50:34;31  988806674;16.0;Para Celulares de Outras Operadoras;
2020-08-11 10:39:02;31  984721338;5.0;Para Celulares de Outras Operadoras;
2020-08-11 10:31:12;31  984721338;5.0;Para Celulares de Outras Operadoras;
2020-08-11 10:00:12;31  984721338;7.0;Para Celulares de Outras Operadoras;
2020-08-11 08:25:32;31  988806674;5.0;Para Celulares de Outras Operadoras;
2020-08-11 08:01:03;31  988566579;16.0;Para Celulares de Outras Operadoras;
2020-08-10 18:29:52;31  988566579;12.0;Para Celulares de Outras Operadoras;
2020-08-10 18:16:27;31  984721338;131.0;Para Celulares de Outras Operadoras;
2020-08-10 15:12:28;31  988738828;178.0;Para Celulares de Outras Operadoras;
2020-08-10 14:21:53;31  984721338;18.0;Para Celulares de Outras Operadoras;
2020-08-10 13:10:16;31  984721338;17.0;Para Celulares de Outras Operadoras;
2020-08-10 11:17:12;31  983273271;77.0;Para Celulares de Outras Operadoras;
2020-08-10 09:40:35;31  984789159;75.0;Para Celulares de Outras Operadoras;
2020-08-10 09:11:45;31  993447555;164.0;Para Celulares de Outras Operadoras;
2020-08-10 09:10:06;31  981195994;12.0;Para Celulares de Outras Operadoras;
2020-08-09 14:27:14;31  992566616;5.0;Para Celulares de Outras Operadoras;
2020-08-07 15:42:49;31  988806674;100.0;Para Celulares de Outras Operadoras;
2020-08-07 15:24:32;31  987447454;62.0;Para Celulares de Outras Operadoras;
2020-08-07 15:19:51;31  988806674;37.0;Para Celulares de Outras Operadoras;
2020-08-07 08:36:34;31  981195994;21.0;Para Celulares de Outras Operadoras;
2020-08-06 16:29:00;31  988806674;64.0;Para Celulares de Outras Operadoras;
2020-08-05 15:48:50;31  988211505;12.0;Para Celulares de Outras Operadoras;
2020-08-05 14:26:23;31  988566579;51.0;Para Celulares de Outras Operadoras;
2020-08-05 11:37:24;31  988566579;13.0;Para Celulares de Outras Operadoras;
2020-08-04 16:04:53;31  984721338;42.0;Para Celulares de Outras Operadoras;
2020-08-03 18:59:00;31  988806674;11.0;Para Celulares de Outras Operadoras;
2020-08-03 18:30:55;31  988566579;26.0;Para Celulares de Outras Operadoras;
2020-08-03 13:55:40;31  988806674;33.0;Para Celulares de Outras Operadoras;
2020-08-03 11:48:48;31  984789159;61.0;Para Celulares de Outras Operadoras;
2020-08-03 11:45:35;31  984789159;5.0;Para Celulares de Outras Operadoras;
2020-08-03 09:58:42;31  988806674;16.0;Para Celulares de Outras Operadoras;
2020-08-03 09:48:00;31  988806674;17.0;Para Celulares de Outras Operadoras;
2020-08-03 08:43:12;31  988566579;11.0;Para Celulares de Outras Operadoras;
2020-08-06 16:13:46;51  998062704;10.0;Para Celulares de Outras Operadoras;
2020-08-06 16:11:44;51  984468666;11.0;Para Fixo Vivo;
2020-08-31 16:45:08;51  999625085;6.0;Para Celulares Vivo;
2020-08-27 11:56:00;21  995757042;7.0;Para Celulares Vivo;
2020-08-26 17:43:30;51  992592757;42.0;Para Celulares Vivo;
2020-08-10 11:36:07;51  992592757;103.0;Para Celulares Vivo;
2020-08-03 13:13:35;51  992592757;57.0;Para Celulares Vivo;
2020-08-03 08:44:38;51  999625085;6.0;Para Celulares Vivo;
2020-08-31 16:50:57;31  34994020;5.0;Para Fixo de Outras Operadoras;
2020-08-31 16:50:18;31  34994020;5.0;Para Fixo de Outras Operadoras;
2020-08-18 09:43:40;31  21914945;10.0;Para Fixo de Outras Operadoras;
2020-08-18 09:40:22;31  21914988;8.0;Para Fixo de Outras Operadoras;
2020-08-18 09:16:01;31  21914988;22.0;Para Fixo de Outras Operadoras;
2020-08-17 13:43:53;31  21914997;18.0;Para Fixo de Outras Operadoras;
2020-08-17 13:41:39;31  21914988;13.0;Para Fixo de Outras Operadoras;
2020-08-17 13:37:12;31  21914988;9.0;Para Fixo de Outras Operadoras;
2020-08-17 13:32:51;31  21914988;29.0;Para Fixo de Outras Operadoras;
2020-08-17 13:16:17;31  32705396;10.0;Para Fixo de Outras Operadoras;
2020-08-31 17:00:33;31  987447453;7.0;Para Celulares de Outras Operadoras;
2020-08-31 16:40:18;31  984721338;9.0;Para Celulares de Outras Operadoras;
2020-08-31 13:31:26;31  988211505;16.0;Para Celulares de Outras Operadoras;
2020-08-31 11:56:55;31  988806674;91.0;Para Celulares de Outras Operadoras;
2020-08-30 19:20:01;31  984789159;51.0;Para Celulares de Outras Operadoras;
2020-08-30 19:11:35;31  984789159;82.0;Para Celulares de Outras Operadoras;
2020-08-28 14:40:52;31  984789159;19.0;Para Celulares de Outras Operadoras;
2020-08-28 14:09:30;31  988566579;22.0;Para Celulares de Outras Operadoras;
2020-08-28 10:04:11;31  984789159;6.0;Para Celulares de Outras Operadoras;
2020-08-28 08:22:19;31  984789159;80.0;Para Celulares de Outras Operadoras;
2020-08-27 16:37:53;31  984721338;36.0;Para Celulares de Outras Operadoras;
2020-08-27 15:01:14;31  984721338;84.0;Para Celulares de Outras Operadoras;
2020-08-27 11:45:45;31  988566579;17.0;Para Celulares de Outras Operadoras;
2020-08-27 11:30:02;31  988566579;17.0;Para Celulares de Outras Operadoras;
2020-08-27 08:48:25;31  988806674;40.0;Para Celulares de Outras Operadoras;
2020-08-26 18:29:27;31  992566616;158.0;Para Celulares de Outras Operadoras;
2020-08-26 18:02:38;31  984789159;263.0;Para Celulares de Outras Operadoras;
2020-08-26 17:58:34;31  988566579;8.0;Para Celulares de Outras Operadoras;
2020-08-26 16:03:45;31  988566579;5.0;Para Celulares de Outras Operadoras;
2020-08-25 16:42:20;31  983273271;11.0;Para Celulares de Outras Operadoras;
2020-08-25 16:37:18;31  984721338;12.0;Para Celulares de Outras Operadoras;
2020-08-25 14:23:03;31  988806674;15.0;Para Celulares de Outras Operadoras;
2020-08-25 09:32:33;31  984789159;5.0;Para Celulares de Outras Operadoras;
2020-08-25 07:05:06;31  984789159;12.0;Para Celulares de Outras Operadoras;
2020-08-24 14:54:05;31  984789159;40.0;Para Celulares de Outras Operadoras;
2020-08-24 09:49:05;31  984789159;6.0;Para Celulares de Outras Operadoras;
2020-08-24 09:11:30;31  984789159;8.0;Para Celulares de Outras Operadoras;
2020-08-23 09:29:19;31  997048099;11.0;Para Celulares de Outras Operadoras;
2020-08-21 16:51:20;31  984789159;87.0;Para Celulares de Outras Operadoras;
2020-08-21 14:57:55;31  987447453;43.0;Para Celulares de Outras Operadoras;
2020-08-21 13:30:15;31  984789159;47.0;Para Celulares de Outras Operadoras;
2020-08-21 09:26:28;31  984789159;19.0;Para Celulares de Outras Operadoras;
2020-08-21 08:56:40;31  984789159;11.0;Para Celulares de Outras Operadoras;
2020-08-21 07:54:41;31  997331920;15.0;Para Celulares de Outras Operadoras;
2020-08-20 17:32:10;31  984789159;49.0;Para Celulares de Outras Operadoras;
2020-08-20 17:27:22;31  984789159;45.0;Para Celulares de Outras Operadoras;
2020-08-20 17:14:30;31  984721338;40.0;Para Celulares de Outras Operadoras;
2020-08-20 14:43:06;31  988566579;5.0;Para Celulares de Outras Operadoras;
2020-08-20 14:13:54;31  988566579;17.0;Para Celulares de Outras Operadoras;
2020-08-20 14:10:41;31  984789159;25.0;Para Celulares de Outras Operadoras;
2020-08-20 08:40:44;31  988566579;42.0;Para Celulares de Outras Operadoras;
2020-08-19 16:56:44;31  984789159;18.0;Para Celulares de Outras Operadoras;
2020-08-19 16:40:58;31  984789159;36.0;Para Celulares de Outras Operadoras;
2020-08-19 15:30:46;31  983447069;5.0;Para Celulares de Outras Operadoras;
2020-08-19 15:17:15;31  983447069;132.0;Para Celulares de Outras Operadoras;
2020-08-19 13:53:53;31  984789159;31.0;Para Celulares de Outras Operadoras;
2020-08-19 13:48:48;31  973403300;17.0;Para Celulares de Outras Operadoras;
2020-08-19 13:27:39;31  984789159;23.0;Para Celulares de Outras Operadoras;
2020-08-19 12:46:06;31  988211505;58.0;Para Celulares de Outras Operadoras;
2020-08-19 12:34:56;31  984789159;48.0;Para Celulares de Outras Operadoras;
2020-08-19 10:22:59;31  984789159;42.0;Para Celulares de Outras Operadoras;
2020-08-18 18:08:24;31  984789159;27.0;Para Celulares de Outras Operadoras;
2020-08-18 17:14:31;31  984788852;31.0;Para Celulares de Outras Operadoras;
2020-08-18 15:31:22;31  988806674;28.0;Para Celulares de Outras Operadoras;
2020-08-18 14:01:49;31  983273271;84.0;Para Celulares de Outras Operadoras;
2020-08-18 13:24:10;31  988806674;22.0;Para Celulares de Outras Operadoras;
2020-08-18 10:26:10;31  987461501;86.0;Para Celulares de Outras Operadoras;
2020-08-17 13:10:24;31  988211505;9.0;Para Celulares de Outras Operadoras;
2020-08-17 07:29:50;31  984789159;16.0;Para Celulares de Outras Operadoras;
2020-08-15 19:41:14;31  992566616;22.0;Para Celulares de Outras Operadoras;
2020-08-03 08:13:04;31  981195994;11.0;Para Celulares de Outras Operadoras;
2020-08-31 14:28:42;31  987991474;10.0;Para Celulares Vivo;
2020-08-31 11:12:11;31  995788687;24.0;Para Celulares Vivo;
2020-08-28 14:34:58;31  983934517;35.0;Para Celulares Vivo;
2020-08-28 12:16:02;31  983934517;49.0;Para Celulares Vivo;
2020-08-27 08:53:17;31  995128034;24.0;Para Celulares Vivo;
2020-08-26 14:51:27;31  995128034;8.0;Para Celulares Vivo;
2020-08-25 13:04:25;31  971162649;14.0;Para Celulares Vivo;
2020-08-24 11:22:21;31  991657999;143.0;Para Celulares Vivo;
2020-08-24 10:58:20;31  971162649;9.0;Para Celulares Vivo;
2020-08-24 10:47:44;31  983934517;30.0;Para Celulares Vivo;
2020-08-24 09:01:30;31  996185947;91.0;Para Celulares Vivo;
2020-08-24 08:01:26;31  996185947;66.0;Para Celulares Vivo;
2020-08-20 08:58:18;31  971162649;5.0;Para Celulares Vivo;
2020-08-20 08:10:18;31  971162649;22.0;Para Celulares Vivo;
2020-08-19 15:33:25;31  987991474;55.0;Para Celulares Vivo;
2020-08-18 17:39:34;31  999660329;29.0;Para Celulares Vivo;
2020-08-18 15:42:40;31  984526147;55.0;Para Celulares Vivo;
2020-08-18 10:57:43;31  971162649;9.0;Para Celulares Vivo;
2020-08-18 10:19:01;31  995814617;8.0;Para Celulares Vivo;
2020-08-18 08:03:47;31  995128034;8.0;Para Celulares Vivo;
2020-08-17 07:48:42;31  971162649;9.0;Para Celulares Vivo;
2020-08-13 11:37:55;31  971162649;21.0;Para Celulares Vivo;
2020-08-12 14:08:07;31  971162649;12.0;Para Celulares Vivo;
2020-08-11 17:19:16;31  995128034;6.0;Para Celulares Vivo;
2020-08-06 17:43:30;31  997865169;36.0;Para Celulares Vivo;
2020-08-05 18:35:11;31  971162649;35.0;Para Celulares Vivo;
2020-08-05 15:08:51;31  984526706;25.0;Para Celulares Vivo;
2020-08-03 16:15:20;31  995128034;5.0;Para Celulares Vivo;
2020-08-03 13:21:09;31  992796861;41.0;Para Celulares Vivo;
2020-08-03 13:11:08;31  983934517;12.0;Para Celulares Vivo;
