data_hora_inicio;nro_telefone_chamado;duracao_ligacao;desc_categoria;valor_ligacao
2020-08-24 11:12:25;51985726698;1.0;Tons e Imagens;0.66
2020-08-06 13:57:19;4444;1.0;Tons e Imagens;0.60
2020-08-24 10:51:50;51985726698;1.0;GRATIS-SMS;0.00
2020-08-01 17:00:49;51  32122323;5.0;Para Fixo de Outras Operadoras;
2020-08-01 13:43:58;51  33328142;20.0;Para Fixo de Outras Operadoras;
2020-08-01 18:30:33;51  981588888;184.0;Para Celulares de Outras Operadoras;
2020-08-01 13:21:06;51  985436649;19.0;Para Celulares de Outras Operadoras;
2020-08-01 13:04:45;51  33425665;7.0;Para Fixo Vivo;
2020-08-01 12:46:01;51  33425665;21.0;Para Fixo Vivo;
2020-08-01 20:41:42;51  998062033;114.0;Para Celulares Vivo;
2020-08-01 19:38:43;51  996072559;11.0;Para Celulares Vivo;
2020-08-01 19:37:48;51  992592818;5.0;Para Celulares Vivo;
2020-08-01 18:51:35;51  996072559;19.0;Para Celulares Vivo;
2020-08-01 12:50:58;51  998062033;133.0;Para Celulares Vivo;
2020-08-01 09:45:46;51  992592803;6.0;Para Celulares Vivo;
2020-08-28 15:57:56;51  33143838;17.0;Para Fixo de Outras Operadoras;
2020-08-28 15:54:36;51  33143838;22.0;Para Fixo de Outras Operadoras;
2020-08-28 15:52:07;51  33143838;6.0;Para Fixo de Outras Operadoras;
2020-08-28 12:57:19;51  33143838;50.0;Para Fixo de Outras Operadoras;
2020-08-28 11:29:01;51  33112938;28.0;Para Fixo de Outras Operadoras;
2020-08-26 13:14:46;51  33118652;5.0;Para Fixo de Outras Operadoras;
2020-08-26 13:13:09;51  30192222;11.0;Para Fixo de Outras Operadoras;
2020-08-25 16:42:02;51  33118652;41.0;Para Fixo de Outras Operadoras;
2020-08-24 09:51:26;51  33325297;5.0;Para Fixo de Outras Operadoras;
2020-08-18 13:49:47;51  30043003;24.0;Para Fixo de Outras Operadoras;
2020-08-18 10:31:20;51  33328142;5.0;Para Fixo de Outras Operadoras;
2020-08-18 10:30:44;51  33328142;5.0;Para Fixo de Outras Operadoras;
2020-08-14 14:17:11;51  32396772;28.0;Para Fixo de Outras Operadoras;
2020-08-14 14:10:57;51  35179235;18.0;Para Fixo de Outras Operadoras;
2020-08-14 14:10:28;51  35179235;5.0;Para Fixo de Outras Operadoras;
2020-08-14 14:07:13;51  35179235;8.0;Para Fixo de Outras Operadoras;
2020-08-13 15:04:21;51  32123171;9.0;Para Fixo de Outras Operadoras;
2020-08-13 12:48:08;51  32123171;9.0;Para Fixo de Outras Operadoras;
2020-08-13 12:14:01;51  32123171;24.0;Para Fixo de Outras Operadoras;
2020-08-13 10:41:55;51  40021552;76.0;Para Fixo de Outras Operadoras;
2020-08-13 10:31:55;51  40021552;15.0;Para Fixo de Outras Operadoras;
2020-08-12 09:36:11;51  30730909;21.0;Para Fixo de Outras Operadoras;
2020-08-12 09:26:16;51  33328142;5.0;Para Fixo de Outras Operadoras;
2020-08-07 14:09:09;51  32123171;45.0;Para Fixo de Outras Operadoras;
2020-08-04 15:06:24;51  33143434;12.0;Para Fixo de Outras Operadoras;
2020-08-03 14:10:38;51  30043003;122.0;Para Fixo de Outras Operadoras;
2020-08-03 13:18:19;51  30043003;12.0;Para Fixo de Outras Operadoras;
2020-08-31 09:02:49;51  993357749;16.0;Para Celulares de Outras Operadoras;
2020-08-26 13:26:19;51  981148773;36.0;Para Celulares de Outras Operadoras;
2020-08-25 14:35:37;51  992138291;12.0;Para Celulares de Outras Operadoras;
2020-08-25 12:56:21;51  985980328;5.0;Para Celulares de Outras Operadoras;
2020-08-24 21:30:01;51  985980328;65.0;Para Celulares de Outras Operadoras;
2020-08-24 20:29:56;51  985726698;6.0;Para Celulares de Outras Operadoras;
2020-08-24 12:49:01;51  985726698;29.0;Para Celulares de Outras Operadoras;
2020-08-24 12:07:13;51  985273796;24.0;Para Celulares de Outras Operadoras;
2020-08-24 11:51:54;51  991523582;6.0;Para Celulares de Outras Operadoras;
2020-08-24 10:17:17;51  985273796;5.0;Para Celulares de Outras Operadoras;
2020-08-24 08:49:34;51  985273796;5.0;Para Celulares de Outras Operadoras;
2020-08-22 08:38:34;51  995518586;10.0;Para Celulares de Outras Operadoras;
2020-08-21 09:00:11;51  991987887;160.0;Para Celulares de Outras Operadoras;
2020-08-20 14:22:06;51  981469065;5.0;Para Celulares de Outras Operadoras;
2020-08-17 10:29:04;51  993173269;22.0;Para Celulares de Outras Operadoras;
2020-08-17 08:10:08;51  996594717;26.0;Para Celulares de Outras Operadoras;
2020-08-17 08:09:12;51  984553396;5.0;Para Celulares de Outras Operadoras;
2020-08-16 11:11:52;51  993222165;58.0;Para Celulares de Outras Operadoras;
2020-08-14 09:28:00;51  981588888;165.0;Para Celulares de Outras Operadoras;
2020-08-14 09:10:10;51  993173269;67.0;Para Celulares de Outras Operadoras;
2020-08-11 08:39:32;51  993357749;16.0;Para Celulares de Outras Operadoras;
2020-08-10 21:15:43;51  985436649;45.0;Para Celulares de Outras Operadoras;
2020-08-08 19:52:37;51  985436649;22.0;Para Celulares de Outras Operadoras;
2020-08-08 12:32:58;51  981111935;47.0;Para Celulares de Outras Operadoras;
2020-08-07 21:17:09;51  985436649;33.0;Para Celulares de Outras Operadoras;
2020-08-06 22:45:32;51  999044649;544.0;Para Celulares de Outras Operadoras;
2020-08-06 14:11:27;51  993357749;21.0;Para Celulares de Outras Operadoras;
2020-08-06 10:19:12;51  991253936;48.0;Para Celulares de Outras Operadoras;
2020-08-05 17:27:13;51  985436649;5.0;Para Celulares de Outras Operadoras;
2020-08-05 12:18:58;51  985436649;24.0;Para Celulares de Outras Operadoras;
2020-08-05 07:35:31;51  985436649;28.0;Para Celulares de Outras Operadoras;
2020-08-04 20:57:08;51  985436649;13.0;Para Celulares de Outras Operadoras;
2020-08-04 13:38:11;51  993173269;76.0;Para Celulares de Outras Operadoras;
2020-08-04 07:51:01;51  985436649;7.0;Para Celulares de Outras Operadoras;
2020-08-04 07:39:31;51  985436649;7.0;Para Celulares de Outras Operadoras;
2020-08-03 21:02:32;51  985436649;33.0;Para Celulares de Outras Operadoras;
2020-08-02 21:00:13;51  985436649;13.0;Para Celulares de Outras Operadoras;
2020-08-02 20:20:14;51  985436649;17.0;Para Celulares de Outras Operadoras;
2020-08-02 08:07:40;51  985436649;31.0;Para Celulares de Outras Operadoras;
2020-08-31 13:03:54;51  33110680;29.0;Para Fixo Vivo;
2020-08-28 16:33:39;51  30867600;5.0;Para Fixo Vivo;
2020-08-26 11:45:39;51  32212379;7.0;Para Fixo Vivo;
2020-08-26 11:44:44;51  32864242;5.0;Para Fixo Vivo;
2020-08-26 11:22:36;51  30124554;5.0;Para Fixo Vivo;
2020-08-26 11:17:14;51  32864242;46.0;Para Fixo Vivo;
2020-08-26 11:13:07;51  32212379;37.0;Para Fixo Vivo;
2020-08-25 16:52:04;51  32212379;24.0;Para Fixo Vivo;
2020-08-25 08:46:21;51  981361304;37.0;Para Fixo Vivo;
2020-08-24 10:26:42;51  32723131;36.0;Para Fixo Vivo;
2020-08-24 09:15:30;51  32723131;8.0;Para Fixo Vivo;
2020-08-22 13:56:14;51  33888412;5.0;Para Fixo Vivo;
2020-08-19 13:53:32;51  32723131;10.0;Para Fixo Vivo;
2020-08-19 11:10:52;51  32723131;88.0;Para Fixo Vivo;
2020-08-18 17:28:33;51  33862115;10.0;Para Fixo Vivo;
2020-08-18 13:08:13;51  33862115;22.0;Para Fixo Vivo;
2020-08-17 11:04:18;51  32249255;24.0;Para Fixo Vivo;
2020-08-31 16:42:19;51  999787479;134.0;Para Celulares Vivo;
2020-08-30 10:00:33;51  998062033;6.0;Para Celulares Vivo;
2020-08-29 17:55:15;51  998062033;180.0;Para Celulares Vivo;
2020-08-28 13:14:34;51  998980236;14.0;Para Celulares Vivo;
2020-08-28 13:03:05;51  992592148;23.0;Para Celulares Vivo;
2020-08-27 18:44:15;51  992592148;67.0;Para Celulares Vivo;
2020-08-27 16:40:05;51  998980236;12.0;Para Celulares Vivo;
2020-08-27 15:12:16;51  996560861;5.0;Para Celulares Vivo;
2020-08-27 12:30:59;51  992592148;6.0;Para Celulares Vivo;
2020-08-27 12:26:52;51  992592803;24.0;Para Celulares Vivo;
2020-08-27 12:24:00;51  992592148;22.0;Para Celulares Vivo;
2020-08-26 09:53:53;51  992592148;5.0;Para Celulares Vivo;
2020-08-25 19:41:58;51  992592803;22.0;Para Celulares Vivo;
2020-08-25 10:36:31;51  999158715;91.0;Para Celulares Vivo;
2020-08-25 08:08:06;51  996176280;14.0;Para Celulares Vivo;
2020-08-24 16:33:29;51  998680855;153.0;Para Celulares Vivo;
2020-08-24 11:08:31;51  992592148;28.0;Para Celulares Vivo;
2020-08-24 10:18:20;51  998062033;67.0;Para Celulares Vivo;
2020-08-24 09:10:24;51  999844804;38.0;Para Celulares Vivo;
2020-08-23 20:52:24;51  998062033;28.0;Para Celulares Vivo;
2020-08-23 11:43:27;51  992592848;12.0;Para Celulares Vivo;
2020-08-21 17:12:59;51  996560861;27.0;Para Celulares Vivo;
2020-08-21 16:57:00;51  992592148;31.0;Para Celulares Vivo;
2020-08-21 13:03:12;51  996968792;5.0;Para Celulares Vivo;
2020-08-21 10:44:22;51  996968792;17.0;Para Celulares Vivo;
2020-08-20 17:35:12;51  992592148;9.0;Para Celulares Vivo;
2020-08-20 16:38:12;51  992592803;28.0;Para Celulares Vivo;
2020-08-20 16:37:13;51  992592148;6.0;Para Celulares Vivo;
2020-08-20 14:07:13;51  998062033;131.0;Para Celulares Vivo;
2020-08-20 13:20:46;51  999844804;5.0;Para Celulares Vivo;
2020-08-20 11:48:43;51  999844804;44.0;Para Celulares Vivo;
2020-08-20 09:42:20;51  992592803;26.0;Para Celulares Vivo;
2020-08-19 14:38:25;51  992592148;9.0;Para Celulares Vivo;
2020-08-19 13:57:01;51  996968792;5.0;Para Celulares Vivo;
2020-08-19 11:24:08;51  996968792;21.0;Para Celulares Vivo;
2020-08-19 08:53:36;51  992592148;5.0;Para Celulares Vivo;
2020-08-18 14:00:37;51  992592148;10.0;Para Celulares Vivo;
2020-08-18 11:49:32;51  998062033;48.0;Para Celulares Vivo;
2020-08-18 10:39:00;51  998062033;26.0;Para Celulares Vivo;
2020-08-18 08:42:57;51  992592803;38.0;Para Celulares Vivo;
2020-08-17 21:37:38;51  996330062;25.0;Para Celulares Vivo;
2020-08-17 21:08:25;51  998886698;26.0;Para Celulares Vivo;
2020-08-17 19:27:24;51  992592803;12.0;Para Celulares Vivo;
2020-08-17 19:16:46;51  992592848;31.0;Para Celulares Vivo;
2020-08-17 09:21:04;51  999844804;20.0;Para Celulares Vivo;
2020-08-17 08:51:02;51  992592148;10.0;Para Celulares Vivo;
2020-08-16 19:44:39;51  998980236;53.0;Para Celulares Vivo;
2020-08-16 12:18:22;51  998980236;30.0;Para Celulares Vivo;
2020-08-16 10:44:12;51  998062033;37.0;Para Celulares Vivo;
2020-08-15 20:00:04;51  999867878;31.0;Para Celulares Vivo;
2020-08-15 10:07:05;51  996072559;11.0;Para Celulares Vivo;
2020-08-15 10:03:50;51  992592148;20.0;Para Celulares Vivo;
2020-08-15 08:24:40;51  996072559;39.0;Para Celulares Vivo;
2020-08-14 14:19:07;51  992592148;48.0;Para Celulares Vivo;
2020-08-14 09:54:36;51  992592818;36.0;Para Celulares Vivo;
2020-08-14 08:10:15;51  992592148;5.0;Para Celulares Vivo;
2020-08-13 14:57:22;51  992592148;60.0;Para Celulares Vivo;
2020-08-13 14:47:07;51  996072559;66.0;Para Celulares Vivo;
2020-08-13 08:57:06;51  996072559;73.0;Para Celulares Vivo;
2020-08-13 08:54:19;51  992592818;23.0;Para Celulares Vivo;
2020-08-12 21:29:34;51  992592148;30.0;Para Celulares Vivo;
2020-08-12 18:30:37;51  992592818;5.0;Para Celulares Vivo;
2020-08-12 17:27:53;51  992592803;60.0;Para Celulares Vivo;
2020-08-12 15:50:51;51  999332428;8.0;Para Celulares Vivo;
2020-08-12 14:26:55;51  992592148;9.0;Para Celulares Vivo;
2020-08-12 10:21:07;51  992592148;5.0;Para Celulares Vivo;
2020-08-12 09:27:34;51  992592148;9.0;Para Celulares Vivo;
2020-08-12 09:21:06;51  992592148;6.0;Para Celulares Vivo;
2020-08-12 08:45:38;51  996176280;19.0;Para Celulares Vivo;
2020-08-12 08:42:10;51  992592818;22.0;Para Celulares Vivo;
2020-08-11 20:00:34;51  992592803;56.0;Para Celulares Vivo;
2020-08-11 18:21:09;51  992592818;5.0;Para Celulares Vivo;
2020-08-11 18:10:01;51  998680855;102.0;Para Celulares Vivo;
2020-08-11 16:01:27;51  999844804;23.0;Para Celulares Vivo;
2020-08-11 15:48:33;51  996176280;5.0;Para Celulares Vivo;
2020-08-11 15:38:10;51  996176280;9.0;Para Celulares Vivo;
2020-08-11 13:10:51;51  998980236;7.0;Para Celulares Vivo;
2020-08-11 10:33:43;51  996072559;10.0;Para Celulares Vivo;
2020-08-11 08:31:56;51  992592803;13.0;Para Celulares Vivo;
2020-08-11 08:28:38;51  992592818;26.0;Para Celulares Vivo;
2020-08-11 08:14:00;51  996176280;7.0;Para Celulares Vivo;
2020-08-10 21:23:23;51  999844804;7.0;Para Celulares Vivo;
2020-08-10 21:09:29;51  992592818;5.0;Para Celulares Vivo;
2020-08-10 18:24:54;51  992592818;5.0;Para Celulares Vivo;
2020-08-10 14:39:06;51  996560861;5.0;Para Celulares Vivo;
2020-08-10 14:37:08;51  996176280;15.0;Para Celulares Vivo;
2020-08-10 12:45:48;51  996176280;5.0;Para Celulares Vivo;
2020-08-10 10:07:51;51  992592818;39.0;Para Celulares Vivo;
2020-08-10 10:06:44;51  992592818;8.0;Para Celulares Vivo;
2020-08-10 08:18:39;51  996176280;21.0;Para Celulares Vivo;
2020-08-09 18:13:44;51  992592803;58.0;Para Celulares Vivo;
2020-08-09 11:35:48;51  992592148;36.0;Para Celulares Vivo;
2020-08-09 11:26:54;51  992592148;70.0;Para Celulares Vivo;
2020-08-09 11:24:37;51  992592818;15.0;Para Celulares Vivo;
2020-08-09 09:15:13;51  992592148;24.0;Para Celulares Vivo;
2020-08-08 20:44:59;51  992592818;40.0;Para Celulares Vivo;
2020-08-08 20:12:23;51  996330062;220.0;Para Celulares Vivo;
2020-08-08 18:48:18;51  998980236;58.0;Para Celulares Vivo;
2020-08-08 16:42:07;51  992592803;8.0;Para Celulares Vivo;
2020-08-08 16:07:44;51  992592803;45.0;Para Celulares Vivo;
2020-08-08 16:01:52;51  992592818;54.0;Para Celulares Vivo;
2020-08-08 16:01:02;51  996072559;5.0;Para Celulares Vivo;
2020-08-08 16:00:11;51  992592818;5.0;Para Celulares Vivo;
2020-08-08 11:40:33;51  996072559;6.0;Para Celulares Vivo;
2020-08-08 10:27:04;51  996072559;45.0;Para Celulares Vivo;
2020-08-08 09:20:56;51  992592818;5.0;Para Celulares Vivo;
2020-08-07 17:08:37;51  996072559;5.0;Para Celulares Vivo;
2020-08-07 14:54:23;51  992592148;5.0;Para Celulares Vivo;
2020-08-07 12:06:14;51  996072559;33.0;Para Celulares Vivo;
2020-08-07 09:44:38;51  992592818;38.0;Para Celulares Vivo;
2020-08-07 09:25:52;51  996072559;8.0;Para Celulares Vivo;
2020-08-07 09:25:22;51  992592818;5.0;Para Celulares Vivo;
2020-08-07 09:21:48;51  992592148;5.0;Para Celulares Vivo;
2020-08-07 07:57:14;51  998980236;11.0;Para Celulares Vivo;
2020-08-06 20:11:36;51  992592818;16.0;Para Celulares Vivo;
2020-08-06 17:57:44;51  998062033;12.0;Para Celulares Vivo;
2020-08-06 17:14:10;51  998062033;136.0;Para Celulares Vivo;
2020-08-06 12:04:05;51  996072559;7.0;Para Celulares Vivo;
2020-08-06 10:44:09;51  992592148;7.0;Para Celulares Vivo;
2020-08-06 10:06:07;51  992592148;30.0;Para Celulares Vivo;
2020-08-06 08:25:01;51  992592818;15.0;Para Celulares Vivo;
2020-08-05 18:33:53;51  999844804;10.0;Para Celulares Vivo;
2020-08-05 17:28:00;51  996072559;5.0;Para Celulares Vivo;
2020-08-05 16:14:07;51  992592148;5.0;Para Celulares Vivo;
2020-08-05 15:09:22;51  998980236;5.0;Para Celulares Vivo;
2020-08-05 14:49:35;51  998980236;5.0;Para Celulares Vivo;
2020-08-05 12:22:11;51  996072559;30.0;Para Celulares Vivo;
2020-08-04 21:49:10;51  998062033;51.0;Para Celulares Vivo;
2020-08-04 20:11:17;51  992592803;6.0;Para Celulares Vivo;
2020-08-04 16:49:10;51  996176280;10.0;Para Celulares Vivo;
2020-08-04 15:08:17;51  992592818;39.0;Para Celulares Vivo;
2020-08-04 11:16:06;51  996072559;22.0;Para Celulares Vivo;
2020-08-04 11:14:13;51  998062033;6.0;Para Celulares Vivo;
2020-08-04 08:58:42;51  995497440;85.0;Para Celulares Vivo;
2020-08-03 18:40:21;51  999844804;5.0;Para Celulares Vivo;
2020-08-03 12:17:25;51  996072559;9.0;Para Celulares Vivo;
2020-08-03 10:57:19;51  992592843;20.0;Para Celulares Vivo;
2020-08-03 07:36:53;51  996072559;5.0;Para Celulares Vivo;
2020-08-02 21:58:35;51  992592818;11.0;Para Celulares Vivo;
2020-08-02 21:37:42;51  992592148;29.0;Para Celulares Vivo;
2020-08-02 18:21:07;51  996072559;7.0;Para Celulares Vivo;
2020-08-02 16:30:37;51  992592818;39.0;Para Celulares Vivo;
2020-08-02 10:11:48;51  998980236;38.0;Para Celulares Vivo;
2020-08-02 09:41:21;51  998062033;303.0;Para Celulares Vivo;
2020-08-02 08:39:16;51  996072559;58.0;Para Celulares Vivo;
2020-07-31;"";520.0;INTERNET MOVEL 2;0.00
2020-08-01;"";9698.8;INTERNET MOVEL 2;0.00
2020-08-02;"";72665.8;INTERNET MOVEL 2;0.00
2020-08-03;"";94172.8;INTERNET MOVEL 2;0.00
2020-08-04;"";49520.4;INTERNET MOVEL 2;0.00
2020-08-05;"";135623.9;INTERNET MOVEL 2;0.00
2020-08-06;"";82349.1;INTERNET MOVEL 2;0.00
2020-08-07;"";12778.3;INTERNET MOVEL 2;0.00
2020-08-08;"";5800.2;INTERNET MOVEL 2;0.00
2020-08-09;"";19414.7;INTERNET MOVEL 2;0.00
2020-08-10;"";66601.9;INTERNET MOVEL 2;0.00
2020-08-11;"";5059.7;INTERNET MOVEL 2;0.00
2020-08-12;"";12811.0;INTERNET MOVEL 2;0.00
2020-08-13;"";2437.8;INTERNET MOVEL 2;0.00
2020-08-14;"";6320.1;INTERNET MOVEL 2;0.00
2020-08-15;"";1781.0;INTERNET MOVEL 2;0.00
2020-08-16;"";53637.9;INTERNET MOVEL 2;0.00
2020-08-17;"";10162.1;INTERNET MOVEL 2;0.00
2020-08-18;"";4927.1;INTERNET MOVEL 2;0.00
2020-08-19;"";18088.6;INTERNET MOVEL 2;0.00
2020-08-20;"";2060.0;INTERNET MOVEL 2;0.00
2020-08-21;"";6498.0;INTERNET MOVEL 2;0.00
2020-08-22;"";10758.0;INTERNET MOVEL 2;0.00
2020-08-23;"";15980.9;INTERNET MOVEL 2;0.00
2020-08-24;"";21056.1;INTERNET MOVEL 2;0.00
2020-08-25;"";3501.6;INTERNET MOVEL 2;0.00
2020-08-26;"";53353.2;INTERNET MOVEL 2;0.00
2020-08-27;"";15044.9;INTERNET MOVEL 2;0.00
2020-08-28;"";2683.0;INTERNET MOVEL 2;0.00
2020-08-29;"";10286.0;INTERNET MOVEL 2;0.00
2020-08-30;"";86319.3;INTERNET MOVEL 2;0.00
2020-08-31;"";360.0;INTERNET MOVEL 2;0.00
