data_hora_inicio;nro_telefone_chamado;duracao_ligacao;desc_categoria;valor_ligacao
2020-08-01;"";8531.7;INTERNET MOVEL 2;0.00
2020-08-02;"";13576.2;INTERNET MOVEL 2;0.00
2020-08-03;"";112402.2;INTERNET MOVEL 2;0.00
2020-08-04;"";102786.9;INTERNET MOVEL 2;0.00
2020-08-05;"";160202.1;INTERNET MOVEL 2;0.00
2020-08-06;"";34228.6;INTERNET MOVEL 2;0.00
2020-08-07;"";211238.7;INTERNET MOVEL 2;0.00
2020-08-08;"";28715.2;INTERNET MOVEL 2;0.00
2020-08-09;"";23396.2;INTERNET MOVEL 2;0.00
2020-08-10;"";110397.4;INTERNET MOVEL 2;0.00
2020-08-11;"";55383.5;INTERNET MOVEL 2;0.00
2020-08-12;"";86639.9;INTERNET MOVEL 2;0.00
2020-08-13;"";81666.6;INTERNET MOVEL 2;0.00
2020-08-14;"";15404.6;INTERNET MOVEL 2;0.00
2020-08-15;"";18547.2;INTERNET MOVEL 2;0.00
2020-08-16;"";49199.1;INTERNET MOVEL 2;0.00
2020-08-17;"";62791.5;INTERNET MOVEL 2;0.00
2020-08-18;"";117303.5;INTERNET MOVEL 2;0.00
2020-08-19;"";215004.2;INTERNET MOVEL 2;0.00
2020-08-20;"";61488.1;INTERNET MOVEL 2;0.00
2020-08-21;"";17195.3;INTERNET MOVEL 2;0.00
2020-08-22;"";111830.7;INTERNET MOVEL 2;0.00
2020-08-23;"";57954.7;INTERNET MOVEL 2;0.00
2020-08-24;"";125714.4;INTERNET MOVEL 2;0.00
2020-08-25;"";44962.8;INTERNET MOVEL 2;0.00
2020-08-26;"";112148.8;INTERNET MOVEL 2;0.00
2020-08-27;"";61579.2;INTERNET MOVEL 2;0.00
2020-08-28;"";86976.4;INTERNET MOVEL 2;0.00
2020-08-29;"";134140.4;INTERNET MOVEL 2;0.00
2020-08-30;"";104312.4;INTERNET MOVEL 2;0.00
2020-08-31;"";60991.5;INTERNET MOVEL 2;0.00
