data_hora_inicio;nro_telefone_chamado;duracao_ligacao;desc_categoria;valor_ligacao
2020-08-08 09:36:25;12  982440077;5.0;Para Celulares de Outras Operadoras;
2020-08-08 09:31:41;12  982440077;5.0;Para Celulares de Outras Operadoras;
2020-08-28 20:01:54;55  997133198;52.0;Para Celulares Vivo;
2020-08-30 09:15:08;51  33475675;5.0;Para Fixo de Outras Operadoras;
2020-08-30 09:13:59;51  33475675;8.0;Para Fixo de Outras Operadoras;
2020-08-23 09:06:01;51  33475675;21.0;Para Fixo de Outras Operadoras;
2020-08-16 09:25:38;51  33475675;5.0;Para Fixo de Outras Operadoras;
2020-08-09 08:56:12;51  33475675;22.0;Para Fixo de Outras Operadoras;
2020-08-02 09:13:33;51  33475675;29.0;Para Fixo de Outras Operadoras;
2020-08-11 19:13:22;51  991722020;48.0;Para Celulares de Outras Operadoras;
2020-08-05 14:43:30;51  991722020;5.0;Para Celulares de Outras Operadoras;
2020-08-04 17:48:44;51  992637373;105.0;Para Celulares de Outras Operadoras;
2020-08-04 16:50:57;51  34696064;401.0;Para Fixo Vivo;
2020-07-31;"";32129.0;INTERNET MOVEL 2;0.00
2020-08-01;"";86818.3;INTERNET MOVEL 2;0.00
2020-08-02;"";104786.1;INTERNET MOVEL 2;0.00
2020-08-03;"";24825.0;INTERNET MOVEL 2;0.00
2020-08-04;"";20733.9;INTERNET MOVEL 2;0.00
2020-08-05;"";52002.6;INTERNET MOVEL 2;0.00
2020-08-08;"";137812.3;INTERNET MOVEL 2;0.00
2020-08-09;"";69701.0;INTERNET MOVEL 2;0.00
2020-08-10;"";57831.5;INTERNET MOVEL 2;0.00
2020-08-11;"";134964.3;INTERNET MOVEL 2;0.00
2020-08-12;"";78801.1;INTERNET MOVEL 2;0.00
2020-08-13;"";143015.4;INTERNET MOVEL 2;0.00
2020-08-14;"";90155.1;INTERNET MOVEL 2;0.00
2020-08-15;"";66331.9;INTERNET MOVEL 2;0.00
2020-08-16;"";114917.6;INTERNET MOVEL 2;0.00
2020-08-17;"";23033.1;INTERNET MOVEL 2;0.00
2020-08-18;"";59126.7;INTERNET MOVEL 2;0.00
2020-08-19;"";38603.5;INTERNET MOVEL 2;0.00
2020-08-20;"";34408.6;INTERNET MOVEL 2;0.00
2020-08-21;"";35266.8;INTERNET MOVEL 2;0.00
2020-08-22;"";67123.3;INTERNET MOVEL 2;0.00
2020-08-23;"";75161.6;INTERNET MOVEL 2;0.00
2020-08-24;"";77025.6;INTERNET MOVEL 2;0.00
2020-08-25;"";21436.5;INTERNET MOVEL 2;0.00
2020-08-26;"";38492.7;INTERNET MOVEL 2;0.00
2020-08-27;"";25734.6;INTERNET MOVEL 2;0.00
2020-08-28;"";65219.9;INTERNET MOVEL 2;0.00
2020-08-29;"";30870.2;INTERNET MOVEL 2;0.00
2020-08-30;"";16589.0;INTERNET MOVEL 2;0.00
2020-08-31;"";75670.6;INTERNET MOVEL 2;0.00
