data_hora_inicio;nro_telefone_chamado;duracao_ligacao;desc_categoria;valor_ligacao
2020-08-31 13:32:55;"";1.0;ADICIONAL;0.00
2020-08-30 19:46:21;"";1.0;ADICIONAL;0.00
2020-08-28 12:37:00;1122507930;1.0;ADICIONAL;0.00
2020-08-28 08:52:38;1432015600;1.0;ADICIONAL;0.00
2020-08-28 08:40:35;5127970371;1.0;ADICIONAL;0.00
2020-08-27 18:37:32;"";1.0;ADICIONAL;0.00
2020-08-22 13:16:26;"";1.0;ADICIONAL;0.00
2020-08-21 20:09:11;"";1.0;ADICIONAL;0.00
2020-08-18 10:03:08;"";1.0;ADICIONAL;0.00
2020-08-11 19:50:23;"";1.0;ADICIONAL;0.00
2020-08-09 09:06:11;"";1.0;ADICIONAL;0.00
2020-08-08 17:15:57;"";1.0;ADICIONAL;0.00
2020-08-30 08:58:57;54999972987;1.0;GRATIS-SMS;0.00
2020-08-28 20:25:32;54999972987;1.0;GRATIS-SMS;0.00
2020-08-28 20:25:09;51989028545;1.0;GRATIS-SMS;0.00
2020-08-25 18:07:58;54999972987;1.0;GRATIS-SMS;0.00
2020-08-24 17:43:10;54999972987;1.0;GRATIS-SMS;0.00
2020-08-24 17:40:05;91988526825;1.0;GRATIS-SMS;0.00
2020-08-16 20:30:19;54999972987;1.0;GRATIS-SMS;0.00
2020-08-16 20:04:26;54999972987;1.0;GRATIS-SMS;0.00
2020-08-15 18:25:20;54999972987;1.0;GRATIS-SMS;0.00
2020-08-15 17:40:06;54999972987;1.0;GRATIS-SMS;0.00
2020-08-15 17:21:43;54999972987;1.0;GRATIS-SMS;0.00
2020-08-15 11:23:21;51995520713;1.0;GRATIS-SMS;0.00
2020-08-15 11:22:55;51995520713;1.0;GRATIS-SMS;0.00
2020-08-14 13:36:19;51995520713;1.0;GRATIS-SMS;0.00
2020-08-14 13:34:52;51995520713;1.0;GRATIS-SMS;0.00
2020-08-14 13:34:38;51995520713;1.0;GRATIS-SMS;0.00
2020-08-14 13:34:25;51995520713;1.0;GRATIS-SMS;0.00
2020-08-14 13:33:40;51995520713;1.0;GRATIS-SMS;0.00
2020-08-14 13:33:21;51995520713;1.0;GRATIS-SMS;0.00
2020-08-14 13:33:01;51995520713;1.0;GRATIS-SMS;0.00
2020-08-14 13:32:46;51995520713;1.0;GRATIS-SMS;0.00
2020-08-14 13:32:34;51995520713;1.0;GRATIS-SMS;0.00
2020-08-14 13:32:21;51995520713;1.0;GRATIS-SMS;0.00
2020-08-14 13:32:09;51995520713;1.0;GRATIS-SMS;0.00
2020-08-14 13:31:58;51995520713;1.0;GRATIS-SMS;0.00
2020-08-14 13:31:45;51995520713;1.0;GRATIS-SMS;0.00
2020-08-14 13:31:29;51995520713;1.0;GRATIS-SMS;0.00
2020-08-11 19:44:15;54999972987;1.0;GRATIS-SMS;0.00
2020-08-11 19:40:45;54999972987;1.0;GRATIS-SMS;0.00
2020-08-11 19:06:23;54999972987;1.0;GRATIS-SMS;0.00
2020-08-09 12:13:03;54999972987;1.0;GRATIS-SMS;0.00
2020-08-02 11:00:19;54999972987;1.0;GRATIS-SMS;0.00
2020-08-02 10:58:19;54999972987;1.0;GRATIS-SMS;0.00
2020-08-02 09:03:55;54999972987;1.0;GRATIS-SMS;0.00
2020-08-30 08:40:14;53  999583356;155.0;Para Celulares Vivo;
2020-08-27 13:36:59;51  996122225;54.0;Para Celulares Vivo;
2020-08-16 20:41:12;54  999972987;925.0;Para Celulares Vivo;
2020-08-14 19:15:42;53  999568509;165.0;Para Celulares Vivo;
2020-08-13 09:09:44;51  992592956;18.0;Para Celulares Vivo;
2020-08-11 19:54:53;53  999557168;33.0;Para Celulares Vivo;
2020-08-11 19:52:40;53  999557168;20.0;Para Celulares Vivo;
2020-08-11 19:51:51;53  999557168;7.0;Para Celulares Vivo;
2020-08-11 19:51:01;53  999557168;5.0;Para Celulares Vivo;
2020-08-02 09:13:43;53  999375261;55.0;Para Celulares Vivo;
2020-08-30 08:40:14;53  999583356;0.0;Adicional por Ligacoes Realizadas;
2020-08-28 15:24:56;*5  55;0.0;Adicional por Ligacoes Realizadas;
2020-08-27 13:36:59;51  996122225;0.0;Adicional por Ligacoes Realizadas;
2020-08-24 17:14:19;91  988526825;0.0;Adicional por Ligacoes Realizadas;
2020-08-23 13:00:16;91  988526825;0.0;Adicional por Ligacoes Realizadas;
2020-08-22 20:40:41;91  981041686;0.0;Adicional por Ligacoes Realizadas;
2020-08-22 13:42:00;91  988526825;0.0;Adicional por Ligacoes Realizadas;
2020-08-21 20:40:01;91  988526825;0.0;Adicional por Ligacoes Realizadas;
2020-08-16 20:41:12;54  999972987;0.0;Adicional por Ligacoes Realizadas;
2020-08-14 19:15:42;53  999568509;0.0;Adicional por Ligacoes Realizadas;
2020-08-13 09:09:44;51  992592956;0.0;Adicional por Ligacoes Realizadas;
2020-08-12 06:03:27;*5  55;0.0;Adicional por Ligacoes Realizadas;
2020-08-11 19:54:53;53  999557168;0.0;Adicional por Ligacoes Realizadas;
2020-08-11 19:52:40;53  999557168;0.0;Adicional por Ligacoes Realizadas;
2020-08-11 19:51:51;53  999557168;0.0;Adicional por Ligacoes Realizadas;
2020-08-11 19:51:01;53  999557168;0.0;Adicional por Ligacoes Realizadas;
2020-08-11 19:44:53;*5  55;0.0;Adicional por Ligacoes Realizadas;
2020-08-09 19:43:02;*5  55;0.0;Adicional por Ligacoes Realizadas;
2020-08-02 09:13:43;53  999375261;0.0;Adicional por Ligacoes Realizadas;
2020-08-31 13:32:55;    ;24.0;Chamadas de Longa Distancia para Outros Estados;
2020-08-30 19:46:21;    ;5.0;Chamadas de Longa Distancia para Outros Estados;
2020-08-28 12:37:00;11  22507930;5.0;Chamadas de Longa Distancia para Outros Estados;
2020-08-28 08:52:38;14  32015600;44.0;Chamadas de Longa Distancia para Outros Estados;
2020-08-28 08:40:35;51  27970371;5.0;Chamadas de Longa Distancia para Outros Estados;
2020-08-27 18:37:32;    ;64.0;Chamadas de Longa Distancia para Outros Estados;
2020-08-22 13:16:26;    ;24.0;Chamadas de Longa Distancia para Outros Estados;
2020-08-21 20:09:11;    ;8.0;Chamadas de Longa Distancia para Outros Estados;
2020-08-18 10:03:08;    ;19.0;Chamadas de Longa Distancia para Outros Estados;
2020-08-11 19:50:23;    ;8.0;Chamadas de Longa Distancia para Outros Estados;
2020-08-09 09:06:11;    ;12.0;Chamadas de Longa Distancia para Outros Estados;
2020-08-08 17:15:57;    ;10.0;Chamadas de Longa Distancia para Outros Estados;
2020-08-28 15:24:56;*5  55;5.0;"";
2020-08-12 06:03:27;*5  55;5.0;"";
2020-08-11 19:44:53;*5  55;5.0;"";
2020-08-09 19:43:02;*5  55;9.0;"";
2020-08-24 17:14:19;91  988526825;21.0;Para Celulares de Outras Operadoras;
2020-08-23 13:00:16;91  988526825;44.0;Para Celulares de Outras Operadoras;
2020-08-22 20:40:41;91  981041686;24.0;Para Celulares de Outras Operadoras;
2020-08-22 13:42:00;91  988526825;5.0;Para Celulares de Outras Operadoras;
2020-08-21 20:40:01;91  988526825;13.0;Para Celulares de Outras Operadoras;
