data_hora_inicio;nro_telefone_chamado;duracao_ligacao;desc_categoria;valor_ligacao
2020-08-17 10:00:03;53  32328708;23.0;Para Fixo Vivo;
2020-08-19 17:33:19;53  999713141;16.0;Para Celulares Vivo;
2020-08-27 14:00:17;*5  55;18.0;"";
2020-08-30 18:57:06;51  34752877;32.0;Para Fixo de Outras Operadoras;
2020-08-19 20:07:10;51  34752877;89.0;Para Fixo de Outras Operadoras;
2020-08-05 14:00:44;51  37371100;28.0;Para Fixo de Outras Operadoras;
2020-08-19 17:29:59;51  989028545;27.0;Para Celulares Vivo;
2020-08-17 10:05:49;51  989028545;35.0;Para Celulares Vivo;
2020-08-11 09:49:23;51  989028545;5.0;Para Celulares Vivo;
2020-07-31;"";216.0;INTERNET MOVEL 2;0.00
2020-08-01;"";361.0;INTERNET MOVEL 2;0.00
2020-08-02;"";1228.0;INTERNET MOVEL 2;0.00
2020-08-03;"";257.0;INTERNET MOVEL 2;0.00
2020-08-04;"";296.0;INTERNET MOVEL 2;0.00
2020-08-05;"";435.0;INTERNET MOVEL 2;0.00
2020-08-06;"";815.0;INTERNET MOVEL 2;0.00
2020-08-07;"";669.0;INTERNET MOVEL 2;0.00
2020-08-08;"";420.0;INTERNET MOVEL 2;0.00
2020-08-09;"";2716.2;INTERNET MOVEL 2;0.00
2020-08-10;"";627.0;INTERNET MOVEL 2;0.00
2020-08-11;"";484.0;INTERNET MOVEL 2;0.00
2020-08-12;"";732.0;INTERNET MOVEL 2;0.00
2020-08-13;"";366.0;INTERNET MOVEL 2;0.00
2020-08-14;"";250.0;INTERNET MOVEL 2;0.00
2020-08-15;"";12182.4;INTERNET MOVEL 2;0.00
2020-08-16;"";26221.8;INTERNET MOVEL 2;0.00
2020-08-17;"";336.0;INTERNET MOVEL 2;0.00
2020-08-18;"";354.0;INTERNET MOVEL 2;0.00
2020-08-19;"";400.0;INTERNET MOVEL 2;0.00
2020-08-20;"";383.0;INTERNET MOVEL 2;0.00
2020-08-21;"";1469.0;INTERNET MOVEL 2;0.00
2020-08-22;"";312.0;INTERNET MOVEL 2;0.00
2020-08-23;"";4058.0;INTERNET MOVEL 2;0.00
2020-08-24;"";551.0;INTERNET MOVEL 2;0.00
2020-08-25;"";445.0;INTERNET MOVEL 2;0.00
2020-08-26;"";312.0;INTERNET MOVEL 2;0.00
2020-08-27;"";888.0;INTERNET MOVEL 2;0.00
2020-08-28;"";1626.0;INTERNET MOVEL 2;0.00
2020-08-29;"";265.0;INTERNET MOVEL 2;0.00
2020-08-30;"";460.0;INTERNET MOVEL 2;0.00
2020-08-31;"";280.0;INTERNET MOVEL 2;0.00
