data_hora_inicio;nro_telefone_chamado;duracao_ligacao;desc_categoria;valor_ligacao
2020-08-15 17:36:05;"";37780.5;VIVO BIS;0.00
2020-08-09 20:59:46;"";161.0;VIVO BIS;0.00
2020-08-09 09:32:23;"";52589.6;VIVO BIS;0.00
2020-08-02;"";75515.8;INTERNET MOVEL 2;0.00
2020-08-05;"";101415.8;INTERNET MOVEL 2;0.00
2020-08-06;"";86743.0;INTERNET MOVEL 2;0.00
2020-08-09;"";14909.2;INTERNET MOVEL 2;0.00
2020-08-15;"";46962.4;INTERNET MOVEL 2;0.00
2020-08-16;"";116295.7;INTERNET MOVEL 2;0.00
2020-08-19;"";6512.6;INTERNET MOVEL 2;0.00
2020-08-20;"";20940.8;INTERNET MOVEL 2;0.00
2020-08-21;"";62238.7;INTERNET MOVEL 2;0.00
2020-08-23;"";38440.9;INTERNET MOVEL 2;0.00
2020-08-24;"";2074.6;INTERNET MOVEL 2;0.00
2020-08-25;"";85534.7;INTERNET MOVEL 2;0.00
2020-08-29;"";56197.1;INTERNET MOVEL 2;0.00
2020-08-30;"";23305.2;INTERNET MOVEL 2;0.00
2020-08-31;"";57405.3;INTERNET MOVEL 2;0.00
