data_hora_inicio;nro_telefone_chamado;duracao_ligacao;desc_categoria;valor_ligacao
2020-08-06;"";86620.1;INTERNET MOVEL 2;0.00
2020-08-07;"";187280.2;INTERNET MOVEL 2;0.00
2020-08-11;"";13597.6;INTERNET MOVEL 2;0.00
2020-08-12;"";118699.8;INTERNET MOVEL 2;0.00
2020-08-13;"";11333.0;INTERNET MOVEL 2;0.00
2020-08-14;"";67.0;INTERNET MOVEL 2;0.00
2020-08-15;"";43.0;INTERNET MOVEL 2;0.00
2020-08-17;"";161.0;INTERNET MOVEL 2;0.00
2020-08-18;"";87.0;INTERNET MOVEL 2;0.00
2020-08-19;"";67.0;INTERNET MOVEL 2;0.00
2020-08-20;"";29.0;INTERNET MOVEL 2;0.00
2020-08-21;"";57.0;INTERNET MOVEL 2;0.00
2020-08-22;"";40.0;INTERNET MOVEL 2;0.00
2020-08-23;"";92.0;INTERNET MOVEL 2;0.00
2020-08-24;"";161.0;INTERNET MOVEL 2;0.00
2020-08-25;"";70.0;INTERNET MOVEL 2;0.00
2020-08-26;"";49.0;INTERNET MOVEL 2;0.00
2020-08-27;"";70.0;INTERNET MOVEL 2;0.00
2020-08-28;"";15.0;INTERNET MOVEL 2;0.00
2020-08-29;"";71.0;INTERNET MOVEL 2;0.00
2020-08-31;"";44.0;INTERNET MOVEL 2;0.00
