data_hora_inicio;nro_telefone_chamado;duracao_ligacao;desc_categoria;valor_ligacao
2020-08-01 16:33:41;51  33670652;24.0;Para Fixo de Outras Operadoras;
2020-08-01 16:37:15;51  991162622;89.0;Para Celulares de Outras Operadoras;
2020-08-01 16:29:30;51  999523098;37.0;Para Celulares de Outras Operadoras;
2020-08-27 09:34:17;11  21971166;42.0;Para Fixo de Outras Operadoras;
2020-08-21 10:34:09;81  35257005;11.0;Para Fixo de Outras Operadoras;
2020-08-20 10:04:48;41  36984848;22.0;Para Fixo de Outras Operadoras;
2020-08-19 09:06:19;41  36984848;5.0;Para Fixo de Outras Operadoras;
2020-08-17 09:56:42;81  35257036;13.0;Para Fixo de Outras Operadoras;
2020-08-05 11:39:32;66  34112861;44.0;Para Fixo de Outras Operadoras;
2020-08-03 16:36:55;81  35257036;14.0;Para Fixo de Outras Operadoras;
2020-08-03 16:11:31;66  34112861;31.0;Para Fixo de Outras Operadoras;
2020-08-28 15:34:15;67  999027440;5.0;Para Celulares de Outras Operadoras;
2020-08-27 17:42:44;11  953597507;15.0;Para Celulares de Outras Operadoras;
2020-08-20 16:01:59;67  999027440;6.0;Para Celulares de Outras Operadoras;
2020-08-19 17:27:15;67  999027440;71.0;Para Celulares de Outras Operadoras;
2020-08-19 11:27:07;41  991159304;19.0;Para Celulares de Outras Operadoras;
2020-08-13 17:37:33;41  996673030;31.0;Para Celulares de Outras Operadoras;
2020-08-13 17:31:34;13  997517856;12.0;Para Celulares de Outras Operadoras;
2020-08-03 15:23:58;67  981509886;46.0;Para Celulares de Outras Operadoras;
2020-08-31 16:52:35;11  26188246;5.0;Para Fixo Vivo;
2020-08-28 14:29:56;41  999817953;16.0;Para Celulares Vivo;
2020-08-28 08:59:39;31  995897671;49.0;Para Celulares Vivo;
2020-08-27 10:09:32;34  999576269;109.0;Para Celulares Vivo;
2020-08-26 11:40:21;65  999689641;45.0;Para Celulares Vivo;
2020-08-24 14:06:36;13  996839500;40.0;Para Celulares Vivo;
2020-08-19 11:07:24;66  999037760;54.0;Para Celulares Vivo;
2020-08-13 15:53:51;34  999576269;45.0;Para Celulares Vivo;
2020-08-13 12:27:24;17  997823738;96.0;Para Celulares Vivo;
2020-08-07 14:14:10;65  999689641;36.0;Para Celulares Vivo;
2020-08-03 13:49:59;66  999037760;33.0;Para Celulares Vivo;
2020-08-05 09:14:45;55  33044000;5.0;Para Fixo Vivo;
2020-08-04 10:30:08;55  33044000;9.0;Para Fixo Vivo;
2020-08-17 11:15:33;51  33901400;8.0;Para Fixo de Outras Operadoras;
2020-08-15 13:14:16;51  33670652;5.0;Para Fixo de Outras Operadoras;
2020-08-28 14:32:04;51  999523098;16.0;Para Celulares de Outras Operadoras;
2020-08-27 19:08:11;51  986104911;118.0;Para Celulares de Outras Operadoras;
2020-08-17 10:05:29;51  985994968;36.0;Para Celulares de Outras Operadoras;
2020-08-13 13:30:01;51  999523098;19.0;Para Celulares de Outras Operadoras;
2020-08-11 20:33:53;51  984617220;7.0;Para Celulares de Outras Operadoras;
2020-07-31;"";455.0;INTERNET MOVEL 2;0.00
2020-08-01;"";8231.0;INTERNET MOVEL 2;0.00
2020-08-02;"";45329.7;INTERNET MOVEL 2;0.00
2020-08-03;"";835.0;INTERNET MOVEL 2;0.00
2020-08-04;"";6553.0;INTERNET MOVEL 2;0.00
2020-08-05;"";16138.3;INTERNET MOVEL 2;0.00
2020-08-06;"";463.0;INTERNET MOVEL 2;0.00
2020-08-07;"";6609.4;INTERNET MOVEL 2;0.00
2020-08-08;"";13836.7;INTERNET MOVEL 2;0.00
2020-08-09;"";50137.8;INTERNET MOVEL 2;0.00
2020-08-10;"";13297.6;INTERNET MOVEL 2;0.00
2020-08-11;"";36127.2;INTERNET MOVEL 2;0.00
2020-08-12;"";1105.0;INTERNET MOVEL 2;0.00
2020-08-13;"";22210.3;INTERNET MOVEL 2;0.00
2020-08-14;"";35560.9;INTERNET MOVEL 2;0.00
2020-08-15;"";22594.1;INTERNET MOVEL 2;0.00
2020-08-16;"";36441.3;INTERNET MOVEL 2;0.00
2020-08-17;"";22253.4;INTERNET MOVEL 2;0.00
2020-08-18;"";739.0;INTERNET MOVEL 2;0.00
2020-08-19;"";851.0;INTERNET MOVEL 2;0.00
2020-08-20;"";584.0;INTERNET MOVEL 2;0.00
2020-08-21;"";107428.1;INTERNET MOVEL 2;0.00
2020-08-22;"";69002.9;INTERNET MOVEL 2;0.00
2020-08-23;"";315.0;INTERNET MOVEL 2;0.00
2020-08-25;"";128.0;INTERNET MOVEL 2;0.00
2020-08-26;"";11447.6;INTERNET MOVEL 2;0.00
2020-08-27;"";2953.0;INTERNET MOVEL 2;0.00
2020-08-28;"";20763.0;INTERNET MOVEL 2;0.00
2020-08-29;"";71993.2;INTERNET MOVEL 2;0.00
2020-08-30;"";3527.8;INTERNET MOVEL 2;0.00
2020-08-31;"";29075.3;INTERNET MOVEL 2;0.00
