data_hora_inicio;nro_telefone_chamado;duracao_ligacao;desc_categoria;valor_ligacao
2020-08-27 09:44:09;51  984431413;5.0;Para Celulares de Outras Operadoras;
2020-08-27 14:31:45;51  995112258;7.0;Para Celulares Vivo;
2020-08-27 08:47:29;51  995105815;5.0;Para Celulares Vivo;
2020-08-26;"";148276.5;INTERNET MOVEL 2;0.00
2020-08-27;"";79335.5;INTERNET MOVEL 2;0.00
2020-08-28;"";50604.3;INTERNET MOVEL 2;0.00
2020-08-29;"";18350.6;INTERNET MOVEL 2;0.00
2020-08-30;"";127693.5;INTERNET MOVEL 2;0.00
2020-08-31;"";155664.4;INTERNET MOVEL 2;0.00
