data_hora_inicio;nro_telefone_chamado;duracao_ligacao;desc_categoria;valor_ligacao
2020-08-10 09:33:36;*5  55;12.0;"";
2020-08-28 10:34:55;51  33385677;37.0;Para Fixo de Outras Operadoras;
2020-08-27 15:12:08;51  33598504;25.0;Para Fixo de Outras Operadoras;
2020-08-27 14:09:47;51  33598504;12.0;Para Fixo de Outras Operadoras;
2020-08-25 20:09:10;51  34110732;6.0;Para Fixo de Outras Operadoras;
2020-08-04 17:59:05;51  34837069;43.0;Para Fixo de Outras Operadoras;
2020-08-31 12:32:27;51  998101044;243.0;Para Celulares de Outras Operadoras;
2020-08-31 09:34:28;51  991456390;197.0;Para Celulares de Outras Operadoras;
2020-08-25 18:01:47;51  984547713;75.0;Para Celulares de Outras Operadoras;
2020-08-25 11:12:05;51  982353601;13.0;Para Celulares de Outras Operadoras;
2020-08-22 09:53:59;51  991456390;116.0;Para Celulares de Outras Operadoras;
2020-08-19 15:46:19;51  991499779;96.0;Para Celulares de Outras Operadoras;
2020-08-18 08:36:30;51  984547713;49.0;Para Celulares de Outras Operadoras;
2020-08-12 08:56:48;51  984547713;171.0;Para Celulares de Outras Operadoras;
2020-08-11 02:18:29;51  998101044;9.0;Para Celulares de Outras Operadoras;
2020-08-06 09:54:18;51  998101044;144.0;Para Celulares de Outras Operadoras;
2020-08-04 20:54:08;51  992390049;17.0;Para Celulares de Outras Operadoras;
2020-08-04 18:13:39;51  992390049;19.0;Para Celulares de Outras Operadoras;
2020-08-04 18:03:38;51  982779101;13.0;Para Celulares de Outras Operadoras;
2020-08-04 17:56:41;51  982779101;11.0;Para Celulares de Outras Operadoras;
2020-08-04 17:10:04;51  992390049;62.0;Para Celulares de Outras Operadoras;
2020-08-04 16:47:48;51  992390049;5.0;Para Celulares de Outras Operadoras;
2020-08-04 16:35:35;51  998101044;8.0;Para Celulares de Outras Operadoras;
2020-08-03 10:14:47;51  991456390;73.0;Para Celulares de Outras Operadoras;
2020-08-29 18:12:47;51  997054572;5.0;Para Celulares Vivo;
2020-08-24 10:57:38;51  998622906;16.0;Para Celulares Vivo;
2020-08-18 16:44:04;51  997054572;83.0;Para Celulares Vivo;
2020-08-18 16:43:23;51  997054572;5.0;Para Celulares Vivo;
2020-08-18 16:18:35;51  992592818;14.0;Para Celulares Vivo;
2020-08-18 13:02:54;51  997054572;9.0;Para Celulares Vivo;
2020-08-04 21:35:29;51  999513349;21.0;Para Celulares Vivo;
2020-08-04 17:55:47;51  980172947;5.0;Para Celulares Vivo;
2020-07-31;"";341.0;INTERNET MOVEL 2;0.00
2020-08-01;"";711.0;INTERNET MOVEL 2;0.00
2020-08-02;"";551.0;INTERNET MOVEL 2;0.00
2020-08-03;"";647.0;INTERNET MOVEL 2;0.00
2020-08-04;"";32100.6;INTERNET MOVEL 2;0.00
2020-08-05;"";69805.3;INTERNET MOVEL 2;0.00
2020-08-06;"";731.0;INTERNET MOVEL 2;0.00
2020-08-07;"";2272.0;INTERNET MOVEL 2;0.00
2020-08-08;"";3130.0;INTERNET MOVEL 2;0.00
2020-08-09;"";587.0;INTERNET MOVEL 2;0.00
2020-08-10;"";78008.4;INTERNET MOVEL 2;0.00
2020-08-11;"";3443.8;INTERNET MOVEL 2;0.00
2020-08-12;"";936.0;INTERNET MOVEL 2;0.00
2020-08-13;"";648.0;INTERNET MOVEL 2;0.00
2020-08-14;"";1035.0;INTERNET MOVEL 2;0.00
2020-08-15;"";623.0;INTERNET MOVEL 2;0.00
2020-08-16;"";846.0;INTERNET MOVEL 2;0.00
2020-08-17;"";2007.0;INTERNET MOVEL 2;0.00
2020-08-18;"";37804.9;INTERNET MOVEL 2;0.00
2020-08-19;"";700.0;INTERNET MOVEL 2;0.00
2020-08-20;"";810.0;INTERNET MOVEL 2;0.00
2020-08-21;"";847.0;INTERNET MOVEL 2;0.00
2020-08-22;"";2416.0;INTERNET MOVEL 2;0.00
2020-08-23;"";682.0;INTERNET MOVEL 2;0.00
2020-08-24;"";635.0;INTERNET MOVEL 2;0.00
2020-08-25;"";684.0;INTERNET MOVEL 2;0.00
2020-08-26;"";894.0;INTERNET MOVEL 2;0.00
2020-08-27;"";1211.0;INTERNET MOVEL 2;0.00
2020-08-28;"";558.0;INTERNET MOVEL 2;0.00
2020-08-29;"";2450.0;INTERNET MOVEL 2;0.00
2020-08-30;"";782.0;INTERNET MOVEL 2;0.00
