data_hora_inicio;nro_telefone_chamado;duracao_ligacao;desc_categoria;valor_ligacao
2020-08-27 20:01:19;21960100903;1.0;GRATIS-SMS;0.00
2020-08-31 10:57:40;31  984856219;38.0;Para Celulares de Outras Operadoras;
2020-08-31 12:30:15;31  999571044;86.0;Para Celulares Vivo;
2020-08-31 11:03:21;31  982033512;26.0;Para Celulares Vivo;
2020-08-31 08:32:58;51  995598942;11.0;Para Celulares Vivo;
2020-08-31 08:21:38;94  992852266;110.0;Para Celulares Vivo;
2020-08-29 09:45:48;31  999571044;14.0;Para Celulares Vivo;
2020-08-28 14:38:51;31  982033512;14.0;Para Celulares Vivo;
2020-08-28 14:03:48;31  971315784;23.0;Para Celulares Vivo;
2020-08-06 08:47:38;94  992852266;123.0;Para Celulares Vivo;
2020-08-21 09:21:05;*5  55;5.0;"";
2020-08-06 17:46:55;*5  55;5.0;"";
2020-08-05 17:26:45;*5  55;5.0;"";
2020-08-27 13:31:23;31  984856219;23.0;Para Celulares de Outras Operadoras;
2020-08-17 11:59:28;31  997170540;6.0;Para Celulares Vivo;
2020-08-12 17:30:13;31  984526147;23.0;Para Celulares Vivo;
2020-08-05 16:39:41;31  984526147;9.0;Para Celulares Vivo;
