data_hora_inicio;nro_telefone_chamado;duracao_ligacao;desc_categoria;valor_ligacao
2020-08-01 12:47:36;51  992592803;18.0;Para Celulares Vivo;
2020-08-02 18:37:24;51  33319006;5.0;Para Fixo de Outras Operadoras;
2020-08-28 17:05:53;51  989464769;93.0;Para Celulares de Outras Operadoras;
2020-08-09 11:56:41;51  991156809;9.0;Para Celulares de Outras Operadoras;
2020-08-31 13:56:47;51  32337670;5.0;Para Fixo Vivo;
2020-08-31 13:46:19;51  32337670;5.0;Para Fixo Vivo;
2020-08-26 11:27:02;51  32264055;36.0;Para Fixo Vivo;
2020-08-28 16:39:26;51  999120307;137.0;Para Celulares Vivo;
2020-08-13 17:54:52;51  992592803;5.0;Para Celulares Vivo;
2020-08-04 11:36:34;51  980626352;179.0;Para Celulares Vivo;
2020-08-02 20:52:10;51  992592803;5.0;Para Celulares Vivo;
2020-08-02 19:29:28;51  999711968;20.0;Para Celulares Vivo;
2020-07-31;"";93.0;INTERNET MOVEL 2;0.00
2020-08-01;"";125173.5;INTERNET MOVEL 2;0.00
2020-08-02;"";238619.1;INTERNET MOVEL 2;0.00
2020-08-03;"";173047.6;INTERNET MOVEL 2;0.00
2020-08-04;"";53645.2;INTERNET MOVEL 2;0.00
2020-08-05;"";121042.1;INTERNET MOVEL 2;0.00
2020-08-06;"";196677.6;INTERNET MOVEL 2;0.00
2020-08-07;"";77766.3;INTERNET MOVEL 2;0.00
2020-08-08;"";58072.3;INTERNET MOVEL 2;0.00
2020-08-09;"";452.0;INTERNET MOVEL 2;0.00
2020-08-10;"";117052.2;INTERNET MOVEL 2;0.00
2020-08-11;"";210702.4;INTERNET MOVEL 2;0.00
2020-08-12;"";193154.9;INTERNET MOVEL 2;0.00
2020-08-13;"";55122.5;INTERNET MOVEL 2;0.00
2020-08-14;"";89498.2;INTERNET MOVEL 2;0.00
2020-08-15;"";118849.2;INTERNET MOVEL 2;0.00
2020-08-16;"";163880.8;INTERNET MOVEL 2;0.00
2020-08-17;"";44635.7;INTERNET MOVEL 2;0.00
2020-08-18;"";96093.5;INTERNET MOVEL 2;0.00
2020-08-19;"";138524.3;INTERNET MOVEL 2;0.00
2020-08-20;"";190778.6;INTERNET MOVEL 2;0.00
2020-08-21;"";66165.2;INTERNET MOVEL 2;0.00
2020-08-22;"";82410.3;INTERNET MOVEL 2;0.00
2020-08-23;"";170184.3;INTERNET MOVEL 2;0.00
2020-08-24;"";32603.2;INTERNET MOVEL 2;0.00
2020-08-25;"";4296.3;INTERNET MOVEL 2;0.00
2020-08-26;"";111449.4;INTERNET MOVEL 2;0.00
2020-08-27;"";117495.0;INTERNET MOVEL 2;0.00
2020-08-28;"";136281.7;INTERNET MOVEL 2;0.00
2020-08-29;"";193322.7;INTERNET MOVEL 2;0.00
2020-08-30;"";45209.8;INTERNET MOVEL 2;0.00
