data_hora_inicio;nro_telefone_chamado;duracao_ligacao;desc_categoria;valor_ligacao
2020-08-02 15:34:34;51  995467469;7.0;Para Celulares de Outras Operadoras;
2020-08-31 13:39:37;51  30260094;5.0;Para Fixo Vivo;
2020-08-17 18:36:56;51  30619999;14.0;Para Fixo Vivo;
2020-08-30 09:10:57;51  999854882;7.0;Para Celulares Vivo;
2020-08-28 20:19:22;51  994633376;15.0;Para Celulares Vivo;
2020-08-26 06:40:27;51  992592725;8.0;Para Celulares Vivo;
2020-08-25 16:43:08;51  999854882;17.0;Para Celulares Vivo;
2020-08-25 16:30:03;51  999854882;18.0;Para Celulares Vivo;
2020-08-25 16:28:16;51  999854882;14.0;Para Celulares Vivo;
2020-08-20 11:36:57;51  994633376;5.0;Para Celulares Vivo;
2020-08-20 11:27:38;51  994633376;5.0;Para Celulares Vivo;
2020-08-15 11:10:18;51  994633376;5.0;Para Celulares Vivo;
2020-08-07 13:15:35;51  994633376;5.0;Para Celulares Vivo;
2020-07-31;"";352.0;INTERNET MOVEL 2;0.00
2020-08-01;"";422.0;INTERNET MOVEL 2;0.00
2020-08-02;"";974.0;INTERNET MOVEL 2;0.00
2020-08-03;"";295.0;INTERNET MOVEL 2;0.00
2020-08-04;"";1957.5;INTERNET MOVEL 2;0.00
2020-08-05;"";339.0;INTERNET MOVEL 2;0.00
2020-08-06;"";320.0;INTERNET MOVEL 2;0.00
2020-08-07;"";61281.4;INTERNET MOVEL 2;0.00
2020-08-08;"";95189.2;INTERNET MOVEL 2;0.00
2020-08-09;"";3029.2;INTERNET MOVEL 2;0.00
2020-08-10;"";1909.3;INTERNET MOVEL 2;0.00
2020-08-11;"";337.0;INTERNET MOVEL 2;0.00
2020-08-12;"";395.0;INTERNET MOVEL 2;0.00
2020-08-13;"";3063.9;INTERNET MOVEL 2;0.00
2020-08-14;"";114730.7;INTERNET MOVEL 2;0.00
2020-08-15;"";39770.9;INTERNET MOVEL 2;0.00
2020-08-16;"";3380.6;INTERNET MOVEL 2;0.00
2020-08-17;"";310.0;INTERNET MOVEL 2;0.00
2020-08-18;"";290.0;INTERNET MOVEL 2;0.00
2020-08-19;"";483.0;INTERNET MOVEL 2;0.00
2020-08-20;"";17506.4;INTERNET MOVEL 2;0.00
2020-08-21;"";454.0;INTERNET MOVEL 2;0.00
2020-08-22;"";317.0;INTERNET MOVEL 2;0.00
2020-08-23;"";4764.1;INTERNET MOVEL 2;0.00
2020-08-24;"";11573.7;INTERNET MOVEL 2;0.00
2020-08-25;"";238143.7;INTERNET MOVEL 2;0.00
2020-08-26;"";215271.4;INTERNET MOVEL 2;0.00
2020-08-27;"";125831.6;INTERNET MOVEL 2;0.00
2020-08-28;"";285.0;INTERNET MOVEL 2;0.00
2020-08-29;"";236.0;INTERNET MOVEL 2;0.00
2020-08-30;"";11871.0;INTERNET MOVEL 2;0.00
2020-08-31;"";18495.7;INTERNET MOVEL 2;0.00
