data_hora_inicio;nro_telefone_chamado;duracao_ligacao;desc_categoria;valor_ligacao
2020-08-01 09:23:04;51  998427333;5.0;Para Celulares Vivo;
2020-08-12 21:07:25;51  33283084;5.0;Para Fixo de Outras Operadoras;
2020-08-08 15:03:33;51  998427333;5.0;Para Celulares Vivo;
2020-08-13 16:10:49;11  950760797;76.0;Para Celulares de Outras Operadoras;
2020-08-20 23:04:47;*5  55;8.0;"";
2020-08-21 10:55:55;51  991253936;5.0;Para Celulares de Outras Operadoras;
2020-08-18 14:49:08;51  985778150;17.0;Para Celulares de Outras Operadoras;
2020-08-02 10:33:50;51  996642542;12.0;Para Celulares de Outras Operadoras;
2020-08-30 16:45:09;51  30724367;5.0;Para Fixo Vivo;
2020-08-28 11:54:57;51  999713236;10.0;Para Celulares Vivo;
2020-08-27 13:10:45;51  999713236;34.0;Para Celulares Vivo;
2020-08-26 19:31:29;51  995112038;403.0;Para Celulares Vivo;
2020-08-26 15:27:42;51  999713236;68.0;Para Celulares Vivo;
2020-08-26 15:17:23;51  999713236;78.0;Para Celulares Vivo;
2020-08-26 13:52:07;51  995112038;5.0;Para Celulares Vivo;
2020-08-25 17:31:34;51  992592887;57.0;Para Celulares Vivo;
2020-08-22 19:14:57;51  998427333;5.0;Para Celulares Vivo;
2020-08-19 13:28:07;51  992592154;71.0;Para Celulares Vivo;
2020-08-14 13:41:49;51  998427333;6.0;Para Celulares Vivo;
2020-08-13 17:22:42;51  998427333;5.0;Para Celulares Vivo;
2020-08-13 16:01:51;51  998427333;7.0;Para Celulares Vivo;
2020-08-06 13:47:08;51  998427333;5.0;Para Celulares Vivo;
2020-08-01;"";95394.9;INTERNET MOVEL 2;0.00
2020-08-02;"";109418.6;INTERNET MOVEL 2;0.00
2020-08-03;"";173118.6;INTERNET MOVEL 2;0.00
2020-08-04;"";118936.1;INTERNET MOVEL 2;0.00
2020-08-05;"";125033.4;INTERNET MOVEL 2;0.00
2020-08-06;"";73718.9;INTERNET MOVEL 2;0.00
2020-08-07;"";64323.7;INTERNET MOVEL 2;0.00
2020-08-08;"";130282.8;INTERNET MOVEL 2;0.00
2020-08-09;"";34875.9;INTERNET MOVEL 2;0.00
2020-08-10;"";157776.8;INTERNET MOVEL 2;0.00
2020-08-11;"";128717.1;INTERNET MOVEL 2;0.00
2020-08-12;"";58168.9;INTERNET MOVEL 2;0.00
2020-08-13;"";57492.8;INTERNET MOVEL 2;0.00
2020-08-14;"";44410.4;INTERNET MOVEL 2;0.00
2020-08-15;"";123898.6;INTERNET MOVEL 2;0.00
2020-08-16;"";154812.2;INTERNET MOVEL 2;0.00
2020-08-17;"";96744.7;INTERNET MOVEL 2;0.00
2020-08-18;"";216190.0;INTERNET MOVEL 2;0.00
2020-08-19;"";106660.2;INTERNET MOVEL 2;0.00
2020-08-20;"";64168.9;INTERNET MOVEL 2;0.00
2020-08-21;"";68948.7;INTERNET MOVEL 2;0.00
2020-08-22;"";91711.1;INTERNET MOVEL 2;0.00
2020-08-23;"";116271.3;INTERNET MOVEL 2;0.00
2020-08-24;"";78744.6;INTERNET MOVEL 2;0.00
2020-08-25;"";131464.6;INTERNET MOVEL 2;0.00
2020-08-26;"";55472.8;INTERNET MOVEL 2;0.00
2020-08-27;"";90889.7;INTERNET MOVEL 2;0.00
2020-08-28;"";188693.7;INTERNET MOVEL 2;0.00
2020-08-29;"";67052.4;INTERNET MOVEL 2;0.00
2020-08-30;"";72392.4;INTERNET MOVEL 2;0.00
2020-08-31;"";41472.4;INTERNET MOVEL 2;0.00
