data_hora_inicio;nro_telefone_chamado;duracao_ligacao;desc_categoria;valor_ligacao
2020-08-01 12:03:38;51  995590187;0.0;Adicional por Ligacoes Realizadas;
2020-08-01 09:15:47;51  991202796;0.0;Adicional por Ligacoes Realizadas;
2020-08-05 09:45:55;11  30396856;5.0;Para Fixo Vivo;
2020-08-04 09:49:42;11  30396856;30.0;Para Fixo Vivo;
2020-08-31 08:57:45;51  998331892;5.0;Para Celulares Vivo;
2020-08-31 08:15:46;51  992592870;5.0;Para Celulares Vivo;
2020-08-27 17:17:52;51  991202796;5.0;Para Celulares Vivo;
2020-08-27 13:59:43;51  992592870;32.0;Para Celulares Vivo;
2020-08-27 13:55:12;51  989028545;26.0;Para Celulares Vivo;
2020-08-27 11:41:28;51  989028545;65.0;Para Celulares Vivo;
2020-08-24 14:33:01;51  998558242;7.0;Para Celulares Vivo;
2020-08-24 11:34:35;51  991202796;6.0;Para Celulares Vivo;
2020-08-22 11:48:41;51  995590187;5.0;Para Celulares Vivo;
2020-08-21 16:00:12;51  991202796;8.0;Para Celulares Vivo;
2020-08-21 15:31:30;51  991202796;6.0;Para Celulares Vivo;
2020-08-20 17:54:26;51  991202796;5.0;Para Celulares Vivo;
2020-08-19 09:27:59;51  991317721;5.0;Para Celulares Vivo;
2020-08-18 07:47:47;51  995590187;5.0;Para Celulares Vivo;
2020-08-10 14:07:51;51  995590187;15.0;Para Celulares Vivo;
2020-08-09 18:09:40;51  991317721;5.0;Para Celulares Vivo;
2020-08-07 15:30:33;51  995590187;19.0;Para Celulares Vivo;
2020-08-07 11:25:54;51  992592870;5.0;Para Celulares Vivo;
2020-08-07 10:39:44;51  992592870;42.0;Para Celulares Vivo;
2020-08-07 09:56:35;51  992592870;19.0;Para Celulares Vivo;
2020-08-05 14:01:52;51  991317721;17.0;Para Celulares Vivo;
2020-08-05 08:51:45;51  995878281;63.0;Para Celulares Vivo;
2020-08-04 09:13:09;51  991317721;6.0;Para Celulares Vivo;
2020-08-03 16:53:22;51  991202796;7.0;Para Celulares Vivo;
2020-08-01 12:03:38;51  995590187;5.0;Para Celulares Vivo;
2020-08-01 09:15:47;51  991202796;5.0;Para Celulares Vivo;
2020-08-31 08:57:45;51  998331892;0.0;Adicional por Ligacoes Realizadas;
2020-08-31 08:15:46;51  992592870;0.0;Adicional por Ligacoes Realizadas;
2020-08-27 17:40:44;13  991297067;0.0;Adicional por Ligacoes Realizadas;
2020-08-27 17:17:52;51  991202796;0.0;Adicional por Ligacoes Realizadas;
2020-08-27 17:04:28;13  991297067;0.0;Adicional por Ligacoes Realizadas;
2020-08-27 13:59:43;51  992592870;0.0;Adicional por Ligacoes Realizadas;
2020-08-27 13:55:12;51  989028545;0.0;Adicional por Ligacoes Realizadas;
2020-08-27 11:41:28;51  989028545;0.0;Adicional por Ligacoes Realizadas;
2020-08-26 14:43:56;13  997876095;0.0;Adicional por Ligacoes Realizadas;
2020-08-24 15:58:09;13  981463358;0.0;Adicional por Ligacoes Realizadas;
2020-08-24 14:33:01;51  998558242;0.0;Adicional por Ligacoes Realizadas;
2020-08-24 11:34:35;51  991202796;0.0;Adicional por Ligacoes Realizadas;
2020-08-22 11:48:41;51  995590187;0.0;Adicional por Ligacoes Realizadas;
2020-08-22 08:40:32;13  997307679;0.0;Adicional por Ligacoes Realizadas;
2020-08-22 08:35:12;13  997307679;0.0;Adicional por Ligacoes Realizadas;
2020-08-21 16:00:12;51  991202796;0.0;Adicional por Ligacoes Realizadas;
2020-08-21 15:31:30;51  991202796;0.0;Adicional por Ligacoes Realizadas;
2020-08-20 17:54:26;51  991202796;0.0;Adicional por Ligacoes Realizadas;
2020-08-19 09:27:59;51  991317721;0.0;Adicional por Ligacoes Realizadas;
2020-08-18 08:58:59;13  981463358;0.0;Adicional por Ligacoes Realizadas;
2020-08-18 07:47:47;51  995590187;0.0;Adicional por Ligacoes Realizadas;
2020-08-14 17:50:47;13  981463358;0.0;Adicional por Ligacoes Realizadas;
2020-08-13 16:56:19;13  991297067;0.0;Adicional por Ligacoes Realizadas;
2020-08-11 08:22:33;13  32731895;0.0;Adicional por Ligacoes Realizadas;
2020-08-10 14:07:51;51  995590187;0.0;Adicional por Ligacoes Realizadas;
2020-08-10 11:02:40;13  997351650;0.0;Adicional por Ligacoes Realizadas;
2020-08-09 18:09:40;51  991317721;0.0;Adicional por Ligacoes Realizadas;
2020-08-07 15:30:33;51  995590187;0.0;Adicional por Ligacoes Realizadas;
2020-08-07 14:42:06;13  981463358;0.0;Adicional por Ligacoes Realizadas;
2020-08-07 13:43:20;13  32731895;0.0;Adicional por Ligacoes Realizadas;
2020-08-07 11:25:54;51  992592870;0.0;Adicional por Ligacoes Realizadas;
2020-08-07 10:39:44;51  992592870;0.0;Adicional por Ligacoes Realizadas;
2020-08-07 09:59:33;13  32731895;0.0;Adicional por Ligacoes Realizadas;
2020-08-07 09:56:35;51  992592870;0.0;Adicional por Ligacoes Realizadas;
2020-08-07 09:22:45;13  32731895;0.0;Adicional por Ligacoes Realizadas;
2020-08-06 16:35:33;13  991297067;0.0;Adicional por Ligacoes Realizadas;
2020-08-06 16:32:57;13  981463358;0.0;Adicional por Ligacoes Realizadas;
2020-08-05 17:08:42;13  991297067;0.0;Adicional por Ligacoes Realizadas;
2020-08-05 16:04:41;13  991297067;0.0;Adicional por Ligacoes Realizadas;
2020-08-05 14:01:52;51  991317721;0.0;Adicional por Ligacoes Realizadas;
2020-08-05 09:45:55;11  30396856;0.0;Adicional por Ligacoes Realizadas;
2020-08-05 08:51:45;51  995878281;0.0;Adicional por Ligacoes Realizadas;
2020-08-04 09:49:42;11  30396856;0.0;Adicional por Ligacoes Realizadas;
2020-08-04 09:13:09;51  991317721;0.0;Adicional por Ligacoes Realizadas;
2020-08-03 16:53:22;51  991202796;0.0;Adicional por Ligacoes Realizadas;
2020-08-03 16:50:42;13  991297067;0.0;Adicional por Ligacoes Realizadas;
2020-08-27 17:47:49;    ;5.0;Chamadas de Longa Distancia para Outros Estados;
2020-08-26 10:23:47;    ;43.0;Chamadas de Longa Distancia para Outros Estados;
2020-08-25 07:31:54;    ;11.0;Chamadas de Longa Distancia para Outros Estados;
2020-08-25 07:28:12;    ;9.0;Chamadas de Longa Distancia para Outros Estados;
2020-08-24 11:35:32;    ;11.0;Chamadas de Longa Distancia para Outros Estados;
2020-08-22 10:21:24;    ;5.0;Chamadas de Longa Distancia para Outros Estados;
2020-08-22 09:34:10;    ;5.0;Chamadas de Longa Distancia para Outros Estados;
2020-08-21 11:09:46;    ;8.0;Chamadas de Longa Distancia para Outros Estados;
2020-08-20 15:05:50;    ;6.0;Chamadas de Longa Distancia para Outros Estados;
2020-08-20 14:58:51;    ;7.0;Chamadas de Longa Distancia para Outros Estados;
2020-08-20 11:14:57;    ;19.0;Chamadas de Longa Distancia para Outros Estados;
2020-08-17 14:37:17;    ;10.0;Chamadas de Longa Distancia para Outros Estados;
2020-08-17 10:51:06;    ;12.0;Chamadas de Longa Distancia para Outros Estados;
2020-08-01 16:09:27;"";1.0;ADICIONAL;0.00
2020-08-01 11:55:15;"";1.0;ADICIONAL;0.00
2020-08-27 17:47:49;"";1.0;ADICIONAL;0.00
2020-08-26 10:23:47;"";1.0;ADICIONAL;0.00
2020-08-25 07:31:54;"";1.0;ADICIONAL;0.00
2020-08-25 07:28:12;"";1.0;ADICIONAL;0.00
2020-08-24 11:35:32;"";1.0;ADICIONAL;0.00
2020-08-22 10:21:24;"";1.0;ADICIONAL;0.00
2020-08-22 09:34:10;"";1.0;ADICIONAL;0.00
2020-08-21 11:09:46;"";1.0;ADICIONAL;0.00
2020-08-20 15:05:50;"";1.0;ADICIONAL;0.00
2020-08-20 14:58:51;"";1.0;ADICIONAL;0.00
2020-08-20 11:14:57;"";1.0;ADICIONAL;0.00
2020-08-17 14:37:17;"";1.0;ADICIONAL;0.00
2020-08-17 10:51:06;"";1.0;ADICIONAL;0.00
2020-08-14 16:18:08;"";1.0;ADICIONAL;0.00
2020-08-12 10:55:36;"";1.0;ADICIONAL;0.00
2020-08-12 08:46:15;"";1.0;ADICIONAL;0.00
2020-08-11 11:49:45;"";1.0;ADICIONAL;0.00
2020-08-10 09:56:26;"";1.0;ADICIONAL;0.00
2020-08-07 16:17:02;"";1.0;ADICIONAL;0.00
2020-08-06 09:33:41;"";1.0;ADICIONAL;0.00
2020-08-05 16:20:12;"";1.0;ADICIONAL;0.00
2020-08-05 08:26:19;"";1.0;ADICIONAL;0.00
2020-08-14 16:18:08;    ;5.0;Chamadas de Longa Distancia para Outros Estados;
2020-08-12 10:55:36;    ;31.0;Chamadas de Longa Distancia para Outros Estados;
2020-08-12 08:46:15;    ;22.0;Chamadas de Longa Distancia para Outros Estados;
2020-08-11 11:49:45;    ;6.0;Chamadas de Longa Distancia para Outros Estados;
2020-08-10 09:56:26;    ;10.0;Chamadas de Longa Distancia para Outros Estados;
2020-08-07 16:17:02;    ;12.0;Chamadas de Longa Distancia para Outros Estados;
2020-08-06 09:33:41;    ;44.0;Chamadas de Longa Distancia para Outros Estados;
2020-08-05 16:20:12;    ;7.0;Chamadas de Longa Distancia para Outros Estados;
2020-08-05 08:26:19;    ;10.0;Chamadas de Longa Distancia para Outros Estados;
2020-08-01 16:09:27;    ;5.0;Chamadas de Longa Distancia para Outros Estados;
2020-08-01 11:55:15;    ;5.0;Chamadas de Longa Distancia para Outros Estados;
2020-08-27 17:40:44;13  991297067;5.0;Para Celulares de Outras Operadoras;
2020-08-27 17:04:28;13  991297067;6.0;Para Celulares de Outras Operadoras;
2020-08-24 15:58:09;13  981463358;7.0;Para Celulares de Outras Operadoras;
2020-08-18 08:58:59;13  981463358;5.0;Para Celulares de Outras Operadoras;
2020-08-14 17:50:47;13  981463358;5.0;Para Celulares de Outras Operadoras;
2020-08-13 16:56:19;13  991297067;5.0;Para Celulares de Outras Operadoras;
2020-08-07 14:42:06;13  981463358;5.0;Para Celulares de Outras Operadoras;
2020-08-06 16:35:33;13  991297067;5.0;Para Celulares de Outras Operadoras;
2020-08-06 16:32:57;13  981463358;5.0;Para Celulares de Outras Operadoras;
2020-08-05 17:08:42;13  991297067;5.0;Para Celulares de Outras Operadoras;
2020-08-05 16:04:41;13  991297067;20.0;Para Celulares de Outras Operadoras;
2020-08-03 16:50:42;13  991297067;7.0;Para Celulares de Outras Operadoras;
2020-08-11 08:22:33;13  32731895;8.0;Para Fixo Vivo;
2020-08-07 13:43:20;13  32731895;15.0;Para Fixo Vivo;
2020-08-07 09:59:33;13  32731895;143.0;Para Fixo Vivo;
2020-08-07 09:22:45;13  32731895;44.0;Para Fixo Vivo;
2020-08-26 14:43:56;13  997876095;5.0;Para Celulares Vivo;
2020-08-22 08:40:32;13  997307679;11.0;Para Celulares Vivo;
2020-08-22 08:35:12;13  997307679;7.0;Para Celulares Vivo;
2020-08-10 11:02:40;13  997351650;53.0;Para Celulares Vivo;
2020-07-31;"";56.0;INTERNET MOVEL 2;0.00
2020-08-01;"";448.0;INTERNET MOVEL 2;0.00
2020-08-02;"";282.0;INTERNET MOVEL 2;0.00
2020-08-03;"";266.0;INTERNET MOVEL 2;0.00
2020-08-04;"";253.0;INTERNET MOVEL 2;0.00
2020-08-05;"";199.0;INTERNET MOVEL 2;0.00
2020-08-06;"";355.0;INTERNET MOVEL 2;0.00
2020-08-07;"";434.0;INTERNET MOVEL 2;0.00
2020-08-08;"";399.0;INTERNET MOVEL 2;0.00
2020-08-09;"";834.0;INTERNET MOVEL 2;0.00
2020-08-10;"";250.0;INTERNET MOVEL 2;0.00
2020-08-11;"";495.0;INTERNET MOVEL 2;0.00
2020-08-12;"";320.0;INTERNET MOVEL 2;0.00
2020-08-13;"";351.0;INTERNET MOVEL 2;0.00
2020-08-14;"";291.0;INTERNET MOVEL 2;0.00
2020-08-15;"";865.0;INTERNET MOVEL 2;0.00
2020-08-16;"";745.0;INTERNET MOVEL 2;0.00
2020-08-17;"";331.0;INTERNET MOVEL 2;0.00
2020-08-18;"";403.0;INTERNET MOVEL 2;0.00
2020-08-19;"";326.0;INTERNET MOVEL 2;0.00
2020-08-20;"";222.0;INTERNET MOVEL 2;0.00
2020-08-21;"";339.0;INTERNET MOVEL 2;0.00
2020-08-22;"";312.0;INTERNET MOVEL 2;0.00
2020-08-23;"";346.0;INTERNET MOVEL 2;0.00
2020-08-24;"";350.0;INTERNET MOVEL 2;0.00
2020-08-25;"";320.0;INTERNET MOVEL 2;0.00
2020-08-26;"";330.0;INTERNET MOVEL 2;0.00
2020-08-27;"";219.0;INTERNET MOVEL 2;0.00
2020-08-28;"";305.0;INTERNET MOVEL 2;0.00
2020-08-29;"";352.0;INTERNET MOVEL 2;0.00
2020-08-30;"";352.0;INTERNET MOVEL 2;0.00
2020-08-31;"";252.0;INTERNET MOVEL 2;0.00
