data_hora_inicio;nro_telefone_chamado;duracao_ligacao;desc_categoria;valor_ligacao
2020-08-15 10:40:13;51980590228;1.0;GRATIS-SMS;0.00
2020-08-09 11:33:35;51980590228;1.0;GRATIS-SMS;0.00
2020-08-09 11:33:28;51980590228;1.0;GRATIS-SMS;0.00
2020-08-06 09:41:00;51980590228;1.0;GRATIS-SMS;0.00
2020-08-27 09:55:48;51  31031883;165.0;Para Fixo de Outras Operadoras;
2020-08-27 09:53:21;51  31031883;22.0;Para Fixo de Outras Operadoras;
2020-08-27 09:52:04;51  31031883;11.0;Para Fixo de Outras Operadoras;
2020-08-27 09:12:49;51  31031883;119.0;Para Fixo de Outras Operadoras;
2020-08-24 14:41:25;51  34703093;7.0;Para Fixo de Outras Operadoras;
2020-08-18 15:49:30;51  32145550;7.0;Para Fixo de Outras Operadoras;
2020-08-18 15:48:28;51  32145550;7.0;Para Fixo de Outras Operadoras;
2020-08-05 09:56:56;51  31031883;206.0;Para Fixo de Outras Operadoras;
2020-08-26 12:57:54;51  40044828;48.0;Para Fixo Vivo;
2020-08-21 11:07:29;51  34716365;25.0;Para Fixo Vivo;
2020-08-28 09:01:02;51  992592819;21.0;Para Celulares Vivo;
2020-08-03;"";16210.6;INTERNET MOVEL 2;0.00
