data_hora_inicio;nro_telefone_chamado;duracao_ligacao;desc_categoria;valor_ligacao
2020-04-22 11:46:39;13  32262126;41.0;Para Fixo de Outras Operadoras;
2020-04-08 10:25:16;41  31800618;5.0;Para Fixo de Outras Operadoras;
2020-04-08 10:29:36;41  995810073;17.0;Para Celulares de Outras Operadoras;
2020-04-03 09:09:31;37  984227167;51.0;Para Celulares de Outras Operadoras;
2020-04-08 17:14:50;67  33460057;58.0;Para Fixo Vivo;
2020-04-08 10:27:39;41  992868552;13.0;Para Celulares Vivo;
2020-04-06 17:31:03;43  999553323;11.0;Para Celulares Vivo;
2020-04-06 16:43:56;77  999991661;56.0;Para Celulares Vivo;
2020-04-06 17:16:13;55  35115972;37.0;Para Fixo de Outras Operadoras;
2020-04-03 16:53:31;54  21031150;39.0;Para Fixo de Outras Operadoras;
2020-04-08 14:21:37;51  998851856;9.0;Para Celulares Vivo;
2020-03-31;"";4403.5;INTERNET MOVEL 2;0.00
2020-04-01;"";3141.0;INTERNET MOVEL 2;0.00
2020-04-02;"";5072.0;INTERNET MOVEL 2;0.00
2020-04-03;"";6613.0;INTERNET MOVEL 2;0.00
2020-04-06;"";6781.0;INTERNET MOVEL 2;0.00
2020-04-07;"";6846.0;INTERNET MOVEL 2;0.00
2020-04-08;"";5553.0;INTERNET MOVEL 2;0.00
2020-04-09;"";6389.8;INTERNET MOVEL 2;0.00
2020-04-10;"";341.0;INTERNET MOVEL 2;0.00
2020-04-13;"";18800.8;INTERNET MOVEL 2;0.00
2020-04-14;"";4410.0;INTERNET MOVEL 2;0.00
2020-04-15;"";4051.0;INTERNET MOVEL 2;0.00
2020-04-16;"";4467.0;INTERNET MOVEL 2;0.00
2020-04-22;"";12730.2;INTERNET MOVEL 2;0.00
2020-04-29;"";26624.0;INTERNET MOVEL 2;0.00
2020-04-30;"";2206.0;INTERNET MOVEL 2;0.00
