data_hora_inicio;nro_telefone_chamado;duracao_ligacao;desc_categoria;valor_ligacao
2020-04-16 14:30:23;51981254442;1.0;GRATIS-SMS;0.00
2020-04-16 14:01:43;51981254442;1.0;GRATIS-SMS;0.00
2020-04-13 16:49:50;11  40927722;164.0;Para Fixo Vivo;
2020-04-13 16:47:12;11  40927722;14.0;Para Fixo Vivo;
2020-04-03 11:00:40;11  991295081;122.0;Para Celulares Vivo;
2020-04-03 10:53:45;11  993025081;61.0;Para Celulares Vivo;
2020-04-27 11:19:29;51  37931788;12.0;Para Fixo de Outras Operadoras;
2020-04-18 11:34:46;51  37153049;5.0;Para Fixo de Outras Operadoras;
2020-04-18 11:27:17;51  37153049;59.0;Para Fixo de Outras Operadoras;
2020-04-09 16:36:22;51  35948036;19.0;Para Fixo de Outras Operadoras;
2020-04-05 10:25:53;51  37931788;29.0;Para Fixo de Outras Operadoras;
2020-04-14 15:00:48;51  33264067;42.0;Para Fixo Vivo;
2020-04-17 18:29:08;51  999464606;6.0;Para Celulares Vivo;
2020-04-17 16:56:57;51  992592729;30.0;Para Celulares Vivo;
2020-04-17 16:45:52;51  992592729;20.0;Para Celulares Vivo;
2020-04-13 16:39:33;51  999244269;36.0;Para Celulares Vivo;
2020-04-10 10:20:03;51  995010334;5.0;Para Celulares Vivo;
2020-04-09 10:24:04;51  999464606;6.0;Para Celulares Vivo;
2020-03-31;"";2247.6;INTERNET MOVEL 2;0.00
2020-04-01;"";2420.0;INTERNET MOVEL 2;0.00
2020-04-02;"";1134.0;INTERNET MOVEL 2;0.00
2020-04-03;"";1607.4;INTERNET MOVEL 2;0.00
2020-04-04;"";11145.8;INTERNET MOVEL 2;0.00
2020-04-05;"";20366.8;INTERNET MOVEL 2;0.00
2020-04-06;"";4846.0;INTERNET MOVEL 2;0.00
2020-04-07;"";44401.6;INTERNET MOVEL 2;0.00
2020-04-08;"";937.0;INTERNET MOVEL 2;0.00
2020-04-09;"";3290.9;INTERNET MOVEL 2;0.00
2020-04-10;"";114982.6;INTERNET MOVEL 2;0.00
2020-04-11;"";55978.0;INTERNET MOVEL 2;0.00
2020-04-12;"";24448.0;INTERNET MOVEL 2;0.00
2020-04-13;"";1207.0;INTERNET MOVEL 2;0.00
2020-04-14;"";1282.0;INTERNET MOVEL 2;0.00
2020-04-15;"";20101.6;INTERNET MOVEL 2;0.00
2020-04-16;"";1460.0;INTERNET MOVEL 2;0.00
2020-04-17;"";44966.5;INTERNET MOVEL 2;0.00
2020-04-18;"";166975.7;INTERNET MOVEL 2;0.00
2020-04-19;"";62734.0;INTERNET MOVEL 2;0.00
2020-04-20;"";7631.0;INTERNET MOVEL 2;0.00
2020-04-21;"";9692.6;INTERNET MOVEL 2;0.00
2020-04-22;"";3936.4;INTERNET MOVEL 2;0.00
2020-04-23;"";2616.0;INTERNET MOVEL 2;0.00
2020-04-24;"";40846.5;INTERNET MOVEL 2;0.00
2020-04-25;"";95310.1;INTERNET MOVEL 2;0.00
2020-04-26;"";6469.4;INTERNET MOVEL 2;0.00
2020-04-27;"";15459.2;INTERNET MOVEL 2;0.00
2020-04-28;"";854.0;INTERNET MOVEL 2;0.00
2020-04-29;"";50520.5;INTERNET MOVEL 2;0.00
2020-04-30;"";4848.7;INTERNET MOVEL 2;0.00
