data_hora_inicio;nro_telefone_chamado;duracao_ligacao;desc_categoria;valor_ligacao
2020-04-23 15:05:54;"";1.0;ADICIONAL;0.00
2020-04-01 18:34:06;51  992592714;11.0;Para Celulares Vivo;
2020-04-01 09:21:13;51  992592714;30.0;Para Celulares Vivo;
2020-04-24 16:23:42;51  989021135;48.0;Para Celulares de Outras Operadoras;
2020-04-24 09:45:27;51  989021135;13.0;Para Celulares de Outras Operadoras;
2020-04-24 16:23:42;51  989021135;0.0;Adicional por Ligacoes Realizadas;
2020-04-24 09:45:27;51  989021135;0.0;Adicional por Ligacoes Realizadas;
2020-04-22 21:11:07;*5  55;0.0;Adicional por Ligacoes Realizadas;
2020-04-23 15:05:54;    ;17.0;Chamadas de Longa Distancia para Outros Estados;
2020-04-22 21:11:07;*5  55;5.0;"";
2020-04-16 16:05:26;51  32195476;19.0;Para Fixo de Outras Operadoras;
2020-04-15 15:22:04;51  32193888;5.0;Para Fixo de Outras Operadoras;
2020-04-15 13:44:17;51  32195476;8.0;Para Fixo de Outras Operadoras;
2020-04-13 16:59:10;51  32193888;26.0;Para Fixo de Outras Operadoras;
2020-04-11 16:55:29;51  32193293;37.0;Para Fixo de Outras Operadoras;
2020-04-03 10:28:43;51  32195476;5.0;Para Fixo de Outras Operadoras;
2020-04-09 19:01:41;51  989021135;65.0;Para Celulares de Outras Operadoras;
2020-04-17 10:07:30;51  992592714;5.0;Para Celulares Vivo;
2020-04-14 16:58:01;51  992592714;10.0;Para Celulares Vivo;
2020-04-14 16:43:05;51  992592714;5.0;Para Celulares Vivo;
2020-04-14 09:12:56;51  992592714;5.0;Para Celulares Vivo;
2020-04-13 11:58:01;51  992592714;15.0;Para Celulares Vivo;
2020-04-12 11:27:32;51  992592714;5.0;Para Celulares Vivo;
2020-04-11 12:50:54;51  992592714;10.0;Para Celulares Vivo;
2020-04-10 11:41:22;51  992592714;9.0;Para Celulares Vivo;
2020-04-09 18:47:27;51  992592714;26.0;Para Celulares Vivo;
2020-04-09 16:00:13;51  992592714;15.0;Para Celulares Vivo;
2020-04-08 16:31:04;32  106983321;13.0;Para Celulares Vivo;
2020-04-08 12:33:39;51  992592714;55.0;Para Celulares Vivo;
2020-04-07 16:13:21;51  992592714;32.0;Para Celulares Vivo;
2020-04-07 11:54:58;51  992592714;15.0;Para Celulares Vivo;
2020-04-06 20:10:19;51  992592714;23.0;Para Celulares Vivo;
2020-04-06 12:07:30;51  992592714;6.0;Para Celulares Vivo;
2020-04-05 17:44:13;51  992592714;14.0;Para Celulares Vivo;
2020-04-04 10:23:15;51  992592714;47.0;Para Celulares Vivo;
2020-04-03 13:10:58;51  992592714;41.0;Para Celulares Vivo;
2020-04-02 17:25:00;51  992592714;13.0;Para Celulares Vivo;
2020-04-02 15:59:54;51  992592714;12.0;Para Celulares Vivo;
2020-04-03;"";17.0;INTERNET MOVEL 2;0.00
2020-04-04;"";2298.8;INTERNET MOVEL 2;0.00
2020-04-05;"";6.0;INTERNET MOVEL 2;0.00
2020-04-06;"";12.0;INTERNET MOVEL 2;0.00
2020-04-07;"";10609.9;INTERNET MOVEL 2;0.00
2020-04-08;"";1950.8;INTERNET MOVEL 2;0.00
2020-04-09;"";8613.6;INTERNET MOVEL 2;0.00
2020-04-11;"";14.0;INTERNET MOVEL 2;0.00
2020-04-12;"";19.0;INTERNET MOVEL 2;0.00
2020-04-13;"";7.0;INTERNET MOVEL 2;0.00
2020-04-14;"";40007.6;INTERNET MOVEL 2;0.00
2020-04-16;"";6294.1;INTERNET MOVEL 2;0.00
2020-04-17;"";210.0;INTERNET MOVEL 2;0.00
2020-04-18;"";14431.7;INTERNET MOVEL 2;0.00
2020-04-19;"";12796.1;INTERNET MOVEL 2;0.00
2020-04-20;"";15611.9;INTERNET MOVEL 2;0.00
2020-04-21;"";62909.4;INTERNET MOVEL 2;0.00
2020-04-22;"";49538.4;INTERNET MOVEL 2;0.00
2020-04-23;"";21850.9;INTERNET MOVEL 2;0.00
2020-04-24;"";18752.2;INTERNET MOVEL 2;0.00
2020-04-25;"";16623.2;INTERNET MOVEL 2;0.00
2020-04-26;"";30752.7;INTERNET MOVEL 2;0.00
2020-04-27;"";95690.7;INTERNET MOVEL 2;0.00
2020-04-28;"";46935.7;INTERNET MOVEL 2;0.00
2020-04-29;"";25257.9;INTERNET MOVEL 2;0.00
2020-04-30;"";29763.7;INTERNET MOVEL 2;0.00
