data_hora_inicio;nro_telefone_chamado;duracao_ligacao;desc_categoria;valor_ligacao
2020-04-06 12:57:34;51995112258;1.0;GRATIS-SMS;0.00
2020-04-01 10:32:48;51  999907437;26.0;Para Celulares Vivo;
2020-04-01 10:17:30;51  993360720;5.0;Para Celulares Vivo;
2020-04-01 10:15:31;51  998311708;13.0;Para Celulares Vivo;
2020-04-01 08:38:41;51  993360720;16.0;Para Celulares Vivo;
2020-04-03 11:34:36;51  34758141;16.0;Para Fixo de Outras Operadoras;
2020-04-23 09:51:50;51  984547713;17.0;Para Celulares de Outras Operadoras;
2020-04-16 09:32:00;51  991771271;23.0;Para Celulares de Outras Operadoras;
2020-04-14 09:44:29;51  985936846;19.0;Para Celulares de Outras Operadoras;
2020-04-14 08:50:45;51  996314131;9.0;Para Celulares de Outras Operadoras;
2020-04-06 09:13:24;51  993385115;13.0;Para Celulares de Outras Operadoras;
2020-04-02 12:09:30;51  993251349;7.0;Para Celulares de Outras Operadoras;
2020-04-16 09:52:53;51  989482653;12.0;Para Fixo Vivo;
2020-04-16 09:29:14;51  989482653;18.0;Para Fixo Vivo;
2020-04-15 14:34:46;51  989482653;46.0;Para Fixo Vivo;
2020-04-15 13:36:47;51  989482653;17.0;Para Fixo Vivo;
2020-04-27 23:16:37;51  995105815;14.0;Para Celulares Vivo;
2020-04-24 15:30:37;51  998311708;5.0;Para Celulares Vivo;
2020-04-24 14:39:30;51  993360720;5.0;Para Celulares Vivo;
2020-04-23 15:28:35;51  995112258;5.0;Para Celulares Vivo;
2020-04-23 15:19:31;51  995112258;18.0;Para Celulares Vivo;
2020-04-23 14:57:49;51  991026438;5.0;Para Celulares Vivo;
2020-04-23 10:08:49;51  995112258;5.0;Para Celulares Vivo;
2020-04-23 09:53:58;51  991026438;5.0;Para Celulares Vivo;
2020-04-23 09:49:48;51  991026438;16.0;Para Celulares Vivo;
2020-04-23 09:30:50;51  998311708;8.0;Para Celulares Vivo;
2020-04-17 15:02:10;51  998311708;7.0;Para Celulares Vivo;
2020-04-17 10:59:20;51  998311708;10.0;Para Celulares Vivo;
2020-04-16 15:11:12;51  991026438;12.0;Para Celulares Vivo;
2020-04-15 09:21:25;51  993360720;5.0;Para Celulares Vivo;
2020-04-13 09:31:30;51  993360720;5.0;Para Celulares Vivo;
2020-04-07 10:51:40;51  998311708;11.0;Para Celulares Vivo;
2020-04-07 10:14:45;51  993360720;7.0;Para Celulares Vivo;
2020-04-06 16:50:47;51  991026438;7.0;Para Celulares Vivo;
2020-04-06 13:39:43;51  991026438;6.0;Para Celulares Vivo;
2020-04-06 11:16:45;51  995112258;5.0;Para Celulares Vivo;
2020-04-06 10:52:22;51  996351665;5.0;Para Celulares Vivo;
2020-04-06 09:08:17;51  993360720;23.0;Para Celulares Vivo;
2020-04-06 08:10:17;51  991026438;5.0;Para Celulares Vivo;
2020-04-03 09:25:29;51  992878615;5.0;Para Celulares Vivo;
2020-04-03 09:18:42;51  992878615;6.0;Para Celulares Vivo;
2020-04-03 07:12:18;51  993360720;5.0;Para Celulares Vivo;
2020-04-01;"";115629.6;INTERNET MOVEL 2;0.00
2020-04-02;"";113535.6;INTERNET MOVEL 2;0.00
2020-04-03;"";70930.8;INTERNET MOVEL 2;0.00
2020-04-04;"";3225.1;INTERNET MOVEL 2;0.00
2020-04-05;"";18.0;INTERNET MOVEL 2;0.00
2020-04-06;"";127245.5;INTERNET MOVEL 2;0.00
2020-04-07;"";52731.3;INTERNET MOVEL 2;0.00
2020-04-08;"";70697.7;INTERNET MOVEL 2;0.00
2020-04-09;"";81032.6;INTERNET MOVEL 2;0.00
2020-04-10;"";2018.5;INTERNET MOVEL 2;0.00
2020-04-11;"";3220.7;INTERNET MOVEL 2;0.00
2020-04-13;"";417.0;INTERNET MOVEL 2;0.00
2020-04-14;"";97832.9;INTERNET MOVEL 2;0.00
2020-04-15;"";49402.7;INTERNET MOVEL 2;0.00
2020-04-16;"";94791.5;INTERNET MOVEL 2;0.00
2020-04-17;"";5497.8;INTERNET MOVEL 2;0.00
2020-04-18;"";112.0;INTERNET MOVEL 2;0.00
2020-04-22;"";1132.0;INTERNET MOVEL 2;0.00
2020-04-23;"";2305.1;INTERNET MOVEL 2;0.00
2020-04-24;"";107459.1;INTERNET MOVEL 2;0.00
2020-04-25;"";386.0;INTERNET MOVEL 2;0.00
2020-04-26;"";487.0;INTERNET MOVEL 2;0.00
2020-04-27;"";70756.8;INTERNET MOVEL 2;0.00
2020-04-28;"";50793.0;INTERNET MOVEL 2;0.00
2020-04-29;"";51118.4;INTERNET MOVEL 2;0.00
2020-04-30;"";284012.4;INTERNET MOVEL 2;0.00
2020-05-01;"";517.0;INTERNET MOVEL 2;0.00
