data_hora_inicio;nro_telefone_chamado;duracao_ligacao;desc_categoria;valor_ligacao
2020-04-01 10:56:06;51  999260124;31.0;Para Celulares Vivo;
2020-04-30 09:14:33;*5  55;12.0;"";
2020-04-28 20:52:12;*5  55;5.0;"";
2020-04-28 09:25:32;*5  55;6.0;"";
2020-04-27 08:22:57;*5  55;5.0;"";
2020-04-22 15:56:02;*5  55;5.0;"";
2020-04-22 11:48:55;*5  55;5.0;"";
2020-04-17 20:04:56;*5  55;8.0;"";
2020-04-30 08:52:36;51  33203000;33.0;Para Fixo de Outras Operadoras;
2020-04-07 09:32:18;51  40042040;5.0;Para Fixo de Outras Operadoras;
2020-04-06 21:06:04;51  30034875;5.0;Para Fixo de Outras Operadoras;
2020-04-06 16:46:30;51  33285322;7.0;Para Fixo de Outras Operadoras;
2020-04-28 23:04:25;51  999297581;14.0;Para Celulares de Outras Operadoras;
2020-04-28 10:27:08;51  998101044;277.0;Para Celulares de Outras Operadoras;
2020-04-28 09:57:40;51  998101044;293.0;Para Celulares de Outras Operadoras;
2020-04-28 09:41:02;51  998101044;163.0;Para Celulares de Outras Operadoras;
2020-04-27 10:13:32;51  991456390;221.0;Para Celulares de Outras Operadoras;
2020-04-27 09:34:19;51  982353601;34.0;Para Celulares de Outras Operadoras;
2020-04-15 10:03:08;51  991987887;23.0;Para Celulares de Outras Operadoras;
2020-04-15 09:57:53;51  991987887;50.0;Para Celulares de Outras Operadoras;
2020-04-14 17:34:31;51  993085695;76.0;Para Celulares de Outras Operadoras;
2020-04-13 09:36:28;51  984547713;167.0;Para Celulares de Outras Operadoras;
2020-04-13 09:33:20;51  984547713;27.0;Para Celulares de Outras Operadoras;
2020-04-07 11:26:29;51  982353601;20.0;Para Celulares de Outras Operadoras;
2020-04-07 11:13:58;51  991456390;38.0;Para Celulares de Outras Operadoras;
2020-04-06 14:12:17;51  984547713;90.0;Para Celulares de Outras Operadoras;
2020-04-03 17:12:37;51  991987887;12.0;Para Celulares de Outras Operadoras;
2020-04-03 14:58:22;51  991987887;16.0;Para Celulares de Outras Operadoras;
2020-04-03 14:55:08;51  982717665;14.0;Para Celulares de Outras Operadoras;
2020-04-03 10:42:01;51  991456390;39.0;Para Celulares de Outras Operadoras;
2020-04-27 17:16:32;51  30033030;29.0;Para Fixo Vivo;
2020-04-27 17:05:52;51  30033030;83.0;Para Fixo Vivo;
2020-04-08 11:05:40;51  30188236;5.0;Para Fixo Vivo;
2020-04-06 13:40:13;51  30188236;12.0;Para Fixo Vivo;
2020-04-16 09:22:37;51  992592148;205.0;Para Celulares Vivo;
2020-04-13 09:15:24;51  992592148;118.0;Para Celulares Vivo;
2020-03-31;"";402.0;INTERNET MOVEL 2;0.00
2020-04-01;"";572.0;INTERNET MOVEL 2;0.00
2020-04-02;"";864.0;INTERNET MOVEL 2;0.00
2020-04-03;"";101392.4;INTERNET MOVEL 2;0.00
2020-04-04;"";2374.0;INTERNET MOVEL 2;0.00
2020-04-05;"";15975.2;INTERNET MOVEL 2;0.00
2020-04-06;"";4891.1;INTERNET MOVEL 2;0.00
2020-04-07;"";451.0;INTERNET MOVEL 2;0.00
2020-04-08;"";2067.1;INTERNET MOVEL 2;0.00
2020-04-09;"";8044.7;INTERNET MOVEL 2;0.00
2020-04-10;"";20457.1;INTERNET MOVEL 2;0.00
2020-04-11;"";798.0;INTERNET MOVEL 2;0.00
2020-04-12;"";49554.2;INTERNET MOVEL 2;0.00
2020-04-13;"";902.0;INTERNET MOVEL 2;0.00
2020-04-14;"";846.0;INTERNET MOVEL 2;0.00
2020-04-15;"";2292.6;INTERNET MOVEL 2;0.00
2020-04-16;"";815.0;INTERNET MOVEL 2;0.00
2020-04-17;"";39978.2;INTERNET MOVEL 2;0.00
2020-04-18;"";5072.9;INTERNET MOVEL 2;0.00
2020-04-19;"";1507.0;INTERNET MOVEL 2;0.00
2020-04-20;"";3948.4;INTERNET MOVEL 2;0.00
2020-04-21;"";2329.0;INTERNET MOVEL 2;0.00
2020-04-22;"";150604.6;INTERNET MOVEL 2;0.00
2020-04-23;"";3241.7;INTERNET MOVEL 2;0.00
2020-04-24;"";787.0;INTERNET MOVEL 2;0.00
2020-04-25;"";2277.0;INTERNET MOVEL 2;0.00
2020-04-26;"";906.0;INTERNET MOVEL 2;0.00
2020-04-27;"";2305.5;INTERNET MOVEL 2;0.00
2020-04-28;"";3174.0;INTERNET MOVEL 2;0.00
2020-04-29;"";2762.0;INTERNET MOVEL 2;0.00
2020-04-30;"";4753.4;INTERNET MOVEL 2;0.00
2020-05-01;"";30.0;INTERNET MOVEL 2;0.00
