data_hora_inicio;nro_telefone_chamado;duracao_ligacao;desc_categoria;valor_ligacao
2020-04-17 12:45:35;"";1.0;ADICIONAL;0.00
2020-04-17 12:26:54;"";1.0;ADICIONAL;0.00
2020-04-16 21:32:30;"";1.0;ADICIONAL;0.00
2020-04-22 17:59:03;41  34202410;6.0;Para Fixo de Outras Operadoras;
2020-04-03 17:03:18;43  996336496;85.0;Para Celulares de Outras Operadoras;
2020-04-03 16:51:00;43  996336496;35.0;Para Celulares de Outras Operadoras;
2020-04-08 20:01:23;48  991664588;42.0;Para Celulares Vivo;
2020-04-17 12:45:35;    ;62.0;Chamadas de Longa Distancia para Outros Estados;
2020-04-17 12:26:54;    ;25.0;Chamadas de Longa Distancia para Outros Estados;
2020-04-16 21:32:30;    ;56.0;Chamadas de Longa Distancia para Outros Estados;
2020-04-23 12:19:21;51  40424198;5.0;Para Fixo de Outras Operadoras;
2020-04-28 14:53:27;51  981242372;21.0;Para Celulares de Outras Operadoras;
2020-04-13 12:31:13;51  993581912;11.0;Para Celulares de Outras Operadoras;
2020-04-30 15:01:27;51  993320336;5.0;Para Celulares Vivo;
2020-04-29 12:14:40;51  995863683;78.0;Para Celulares Vivo;
2020-04-29 10:54:56;51  995863683;33.0;Para Celulares Vivo;
2020-04-27 14:35:18;51  995863683;31.0;Para Celulares Vivo;
2020-04-22 11:24:27;51  992592835;20.0;Para Celulares Vivo;
2020-04-14 15:12:05;51  993320327;17.0;Para Celulares Vivo;
2020-04-13 17:00:53;51  993320327;75.0;Para Celulares Vivo;
2020-04-03 17:03:55;51  998525944;79.0;Para Celulares Vivo;
2020-04-03 16:53:23;51  998525944;5.0;Para Celulares Vivo;
2020-04-01;"";16110.9;INTERNET MOVEL 2;0.00
2020-04-02;"";2869.4;INTERNET MOVEL 2;0.00
2020-04-03;"";8.0;INTERNET MOVEL 2;0.00
2020-04-04;"";512.0;INTERNET MOVEL 2;0.00
2020-04-05;"";2957.0;INTERNET MOVEL 2;0.00
2020-04-06;"";58632.1;INTERNET MOVEL 2;0.00
2020-04-07;"";148.0;INTERNET MOVEL 2;0.00
2020-04-08;"";1630.0;INTERNET MOVEL 2;0.00
2020-04-09;"";289.0;INTERNET MOVEL 2;0.00
2020-04-10;"";2491.0;INTERNET MOVEL 2;0.00
2020-04-11;"";6004.0;INTERNET MOVEL 2;0.00
2020-04-12;"";6.0;INTERNET MOVEL 2;0.00
2020-04-14;"";5763.2;INTERNET MOVEL 2;0.00
2020-04-15;"";69683.3;INTERNET MOVEL 2;0.00
2020-04-16;"";174721.1;INTERNET MOVEL 2;0.00
2020-04-17;"";41978.1;INTERNET MOVEL 2;0.00
2020-04-18;"";80826.9;INTERNET MOVEL 2;0.00
2020-04-19;"";124784.1;INTERNET MOVEL 2;0.00
2020-04-20;"";25669.6;INTERNET MOVEL 2;0.00
2020-04-21;"";93816.9;INTERNET MOVEL 2;0.00
2020-04-22;"";104113.6;INTERNET MOVEL 2;0.00
2020-04-23;"";46070.4;INTERNET MOVEL 2;0.00
2020-04-24;"";206.0;INTERNET MOVEL 2;0.00
2020-04-25;"";3185.0;INTERNET MOVEL 2;0.00
2020-04-26;"";3460.6;INTERNET MOVEL 2;0.00
2020-04-27;"";13999.9;INTERNET MOVEL 2;0.00
2020-04-28;"";10.0;INTERNET MOVEL 2;0.00
2020-04-29;"";7.0;INTERNET MOVEL 2;0.00
2020-04-30;"";165.0;INTERNET MOVEL 2;0.00
