data_hora_inicio;nro_telefone_chamado;duracao_ligacao;desc_categoria;valor_ligacao
2020-04-28 19:45:19;51  34993364;55.0;Para Fixo de Outras Operadoras;
2020-04-03 11:24:00;51  34816069;8.0;Para Fixo de Outras Operadoras;
2020-04-01;"";27704.0;INTERNET MOVEL 2;0.00
2020-04-02;"";16361.9;INTERNET MOVEL 2;0.00
2020-04-03;"";438.0;INTERNET MOVEL 2;0.00
2020-04-04;"";77899.5;INTERNET MOVEL 2;0.00
2020-04-05;"";72.0;INTERNET MOVEL 2;0.00
2020-04-06;"";59186.0;INTERNET MOVEL 2;0.00
2020-04-07;"";88347.2;INTERNET MOVEL 2;0.00
2020-04-08;"";333.0;INTERNET MOVEL 2;0.00
2020-04-09;"";89488.8;INTERNET MOVEL 2;0.00
2020-04-10;"";167618.5;INTERNET MOVEL 2;0.00
2020-04-11;"";152543.9;INTERNET MOVEL 2;0.00
2020-04-12;"";23358.7;INTERNET MOVEL 2;0.00
2020-04-13;"";653.0;INTERNET MOVEL 2;0.00
2020-04-14;"";48437.7;INTERNET MOVEL 2;0.00
2020-04-15;"";175353.2;INTERNET MOVEL 2;0.00
2020-04-16;"";117315.4;INTERNET MOVEL 2;0.00
2020-04-17;"";207069.5;INTERNET MOVEL 2;0.00
2020-04-18;"";46312.3;INTERNET MOVEL 2;0.00
2020-04-19;"";92479.7;INTERNET MOVEL 2;0.00
2020-04-20;"";142101.6;INTERNET MOVEL 2;0.00
2020-04-21;"";84335.4;INTERNET MOVEL 2;0.00
2020-04-22;"";52278.0;INTERNET MOVEL 2;0.00
2020-04-23;"";88784.1;INTERNET MOVEL 2;0.00
2020-04-24;"";65463.8;INTERNET MOVEL 2;0.00
2020-04-25;"";92091.4;INTERNET MOVEL 2;0.00
2020-04-26;"";43529.3;INTERNET MOVEL 2;0.00
2020-04-27;"";2345.1;INTERNET MOVEL 2;0.00
2020-04-28;"";86136.9;INTERNET MOVEL 2;0.00
2020-04-29;"";36787.7;INTERNET MOVEL 2;0.00
2020-04-30;"";36030.9;INTERNET MOVEL 2;0.00
2020-05-01;"";7639.9;INTERNET MOVEL 2;0.00
