data_hora_inicio;nro_telefone_chamado;duracao_ligacao;desc_categoria;valor_ligacao
2020-04-29 19:11:29;51  34732233;12.0;Para Fixo de Outras Operadoras;
2020-04-26 18:08:05;51  40428282;9.0;Para Fixo de Outras Operadoras;
2020-04-22 11:38:22;51  37853559;5.0;Para Fixo de Outras Operadoras;
2020-04-21 19:18:15;51  34732233;15.0;Para Fixo de Outras Operadoras;
2020-04-18 11:49:25;51  36654312;42.0;Para Fixo de Outras Operadoras;
2020-04-18 11:48:19;51  36654312;10.0;Para Fixo de Outras Operadoras;
2020-04-16 11:47:53;51  36654312;10.0;Para Fixo de Outras Operadoras;
2020-04-13 17:12:37;51  36654312;43.0;Para Fixo de Outras Operadoras;
2020-04-08 12:21:28;51  35175755;5.0;Para Fixo de Outras Operadoras;
2020-04-06 15:24:25;51  32228898;5.0;Para Fixo de Outras Operadoras;
2020-04-06 15:19:17;51  33277000;17.0;Para Fixo de Outras Operadoras;
2020-04-06 15:18:47;51  35092554;5.0;Para Fixo de Outras Operadoras;
2020-04-06 12:58:55;51  33277000;12.0;Para Fixo de Outras Operadoras;
2020-04-11 13:40:27;51  985420605;18.0;Para Celulares de Outras Operadoras;
2020-04-29 13:34:42;51  30673194;20.0;Para Fixo Vivo;
2020-04-26 18:04:01;51  30286111;9.0;Para Fixo Vivo;
2020-04-06 19:13:14;51  30286111;9.0;Para Fixo Vivo;
2020-04-30 18:29:05;51  993158355;235.0;Para Celulares Vivo;
2020-04-30 13:40:22;51  992518654;12.0;Para Celulares Vivo;
2020-04-29 17:10:27;51  999889890;19.0;Para Celulares Vivo;
2020-04-28 16:45:19;51  992518654;7.0;Para Celulares Vivo;
2020-04-27 13:17:55;51  992518654;46.0;Para Celulares Vivo;
2020-04-25 20:10:09;51  992518654;5.0;Para Celulares Vivo;
2020-04-25 18:13:37;51  992518654;8.0;Para Celulares Vivo;
2020-04-23 16:19:10;51  993158355;122.0;Para Celulares Vivo;
2020-04-21 18:14:24;51  996572062;25.0;Para Celulares Vivo;
2020-04-18 17:16:46;51  996476284;6.0;Para Celulares Vivo;
2020-04-18 11:35:14;51  992518654;10.0;Para Celulares Vivo;
2020-04-18 10:05:45;51  992518654;5.0;Para Celulares Vivo;
2020-04-18 09:53:46;51  992518654;10.0;Para Celulares Vivo;
2020-04-17 15:11:39;51  992518654;5.0;Para Celulares Vivo;
2020-04-15 11:39:25;51  993158355;101.0;Para Celulares Vivo;
2020-04-13 18:24:11;51  999601808;5.0;Para Celulares Vivo;
2020-04-12 12:47:19;51  992592817;5.0;Para Celulares Vivo;
2020-04-09 10:43:26;51  992518654;18.0;Para Celulares Vivo;
2020-04-06 15:34:18;51  992518654;8.0;Para Celulares Vivo;
2020-04-04 10:28:55;51  992518654;7.0;Para Celulares Vivo;
2020-03-31;"";28102.2;INTERNET MOVEL 2;0.00
2020-04-01;"";56525.1;INTERNET MOVEL 2;0.00
2020-04-02;"";112334.2;INTERNET MOVEL 2;0.00
2020-04-03;"";41607.7;INTERNET MOVEL 2;0.00
2020-04-04;"";191898.4;INTERNET MOVEL 2;0.00
2020-04-05;"";62682.2;INTERNET MOVEL 2;0.00
2020-04-06;"";172123.8;INTERNET MOVEL 2;0.00
2020-04-07;"";67665.4;INTERNET MOVEL 2;0.00
2020-04-08;"";56051.9;INTERNET MOVEL 2;0.00
2020-04-09;"";125497.7;INTERNET MOVEL 2;0.00
2020-04-10;"";125892.5;INTERNET MOVEL 2;0.00
2020-04-11;"";182789.4;INTERNET MOVEL 2;0.00
2020-04-12;"";110414.7;INTERNET MOVEL 2;0.00
2020-04-13;"";171413.8;INTERNET MOVEL 2;0.00
2020-04-14;"";171866.0;INTERNET MOVEL 2;0.00
2020-04-15;"";113824.8;INTERNET MOVEL 2;0.00
2020-04-16;"";40997.7;INTERNET MOVEL 2;0.00
2020-04-17;"";55669.4;INTERNET MOVEL 2;0.00
2020-04-18;"";85471.9;INTERNET MOVEL 2;0.00
2020-04-19;"";63705.8;INTERNET MOVEL 2;0.00
2020-04-20;"";166068.8;INTERNET MOVEL 2;0.00
2020-04-21;"";31228.3;INTERNET MOVEL 2;0.00
2020-04-22;"";133570.5;INTERNET MOVEL 2;0.00
2020-04-23;"";137812.9;INTERNET MOVEL 2;0.00
2020-04-24;"";76797.2;INTERNET MOVEL 2;0.00
2020-04-25;"";88745.8;INTERNET MOVEL 2;0.00
2020-04-26;"";64600.7;INTERNET MOVEL 2;0.00
2020-04-27;"";65233.7;INTERNET MOVEL 2;0.00
2020-04-28;"";85723.8;INTERNET MOVEL 2;0.00
2020-04-29;"";12404.3;INTERNET MOVEL 2;0.00
2020-04-30;"";48314.6;INTERNET MOVEL 2;0.00
