data_hora_inicio;nro_telefone_chamado;duracao_ligacao;desc_categoria;valor_ligacao
2020-04-14 14:12:37;51  981900579;5.0;Para Celulares de Outras Operadoras;
2020-04-03 20:54:07;51  991482886;10.0;Para Celulares de Outras Operadoras;
2020-04-02 16:01:25;51  984978966;5.0;Para Celulares de Outras Operadoras;
2020-04-29 19:09:25;51  996410158;11.0;Para Celulares Vivo;
2020-04-25 18:38:08;51  996781756;167.0;Para Celulares Vivo;
2020-04-22 22:30:37;51  996781756;28.0;Para Celulares Vivo;
2020-04-05 12:19:31;51  996781756;5.0;Para Celulares Vivo;
2020-03-31;"";147.0;INTERNET MOVEL 2;0.00
2020-04-01;"";973.0;INTERNET MOVEL 2;0.00
2020-04-02;"";104865.3;INTERNET MOVEL 2;0.00
2020-04-03;"";59629.6;INTERNET MOVEL 2;0.00
2020-04-04;"";2320.6;INTERNET MOVEL 2;0.00
2020-04-05;"";79523.7;INTERNET MOVEL 2;0.00
2020-04-06;"";3374.0;INTERNET MOVEL 2;0.00
2020-04-07;"";2729.0;INTERNET MOVEL 2;0.00
2020-04-08;"";63828.3;INTERNET MOVEL 2;0.00
2020-04-09;"";88508.9;INTERNET MOVEL 2;0.00
2020-04-10;"";2672.0;INTERNET MOVEL 2;0.00
2020-04-11;"";1354.0;INTERNET MOVEL 2;0.00
2020-04-12;"";7706.3;INTERNET MOVEL 2;0.00
2020-04-13;"";19710.4;INTERNET MOVEL 2;0.00
2020-04-14;"";235912.9;INTERNET MOVEL 2;0.00
2020-04-15;"";31478.9;INTERNET MOVEL 2;0.00
2020-04-16;"";41817.0;INTERNET MOVEL 2;0.00
2020-04-17;"";98445.2;INTERNET MOVEL 2;0.00
2020-04-18;"";2111.0;INTERNET MOVEL 2;0.00
2020-04-19;"";159932.4;INTERNET MOVEL 2;0.00
2020-04-20;"";58380.3;INTERNET MOVEL 2;0.00
2020-04-21;"";20800.6;INTERNET MOVEL 2;0.00
2020-04-22;"";95395.8;INTERNET MOVEL 2;0.00
2020-04-23;"";92662.3;INTERNET MOVEL 2;0.00
2020-04-24;"";19345.8;INTERNET MOVEL 2;0.00
2020-04-25;"";90621.9;INTERNET MOVEL 2;0.00
2020-04-26;"";61918.1;INTERNET MOVEL 2;0.00
2020-04-27;"";90448.9;INTERNET MOVEL 2;0.00
2020-04-28;"";70808.4;INTERNET MOVEL 2;0.00
2020-04-29;"";112181.8;INTERNET MOVEL 2;0.00
2020-04-30;"";7405.6;INTERNET MOVEL 2;0.00
2020-05-01;"";99.0;INTERNET MOVEL 2;0.00
