data_hora_inicio;nro_telefone_chamado;duracao_ligacao;desc_categoria;valor_ligacao
2020-04-09 08:19:25;11953259213;1.0;GRATIS-SMS;0.00
2020-04-22 17:10:59;11  992166818;32.0;Para Celulares de Outras Operadoras;
2020-04-15 15:42:51;11  992166818;8.0;Para Celulares de Outras Operadoras;
2020-04-10 14:19:00;15  991289021;234.0;Para Celulares de Outras Operadoras;
2020-04-22 17:09:30;11  30222544;7.0;Para Fixo Vivo;
2020-04-15 10:42:04;11  30222544;90.0;Para Fixo Vivo;
2020-04-15 16:34:48;11  971294467;31.0;Para Celulares Vivo;
2020-04-09 18:18:32;41  991866834;17.0;Para Celulares Vivo;
2020-04-09 18:15:10;41  991866834;30.0;Para Celulares Vivo;
2020-04-09 18:08:52;41  991866834;57.0;Para Celulares Vivo;
2020-04-30 16:59:32;54  999588848;102.0;Para Celulares Vivo;
2020-04-22 17:47:59;54  999588848;222.0;Para Celulares Vivo;
2020-04-09 18:20:45;54  999155575;37.0;Para Celulares Vivo;
2020-04-16 09:31:16;51  34536070;5.0;Para Fixo de Outras Operadoras;
2020-04-30 08:24:19;51  991330295;27.0;Para Celulares de Outras Operadoras;
2020-04-30 08:08:53;51  999505516;18.0;Para Celulares de Outras Operadoras;
2020-04-24 12:00:03;51  981211690;9.0;Para Celulares de Outras Operadoras;
2020-04-23 15:17:28;51  991992219;11.0;Para Celulares de Outras Operadoras;
2020-04-23 12:30:38;51  991330295;33.0;Para Celulares de Outras Operadoras;
2020-04-23 10:13:45;51  991992219;14.0;Para Celulares de Outras Operadoras;
2020-04-23 10:10:29;51  991330295;22.0;Para Celulares de Outras Operadoras;
2020-04-23 09:29:06;51  981211690;5.0;Para Celulares de Outras Operadoras;
2020-04-22 14:25:09;51  999505516;13.0;Para Celulares de Outras Operadoras;
2020-04-22 14:07:27;51  999505516;5.0;Para Celulares de Outras Operadoras;
2020-04-22 13:45:17;51  999505516;5.0;Para Celulares de Outras Operadoras;
2020-04-22 10:06:25;51  991330295;21.0;Para Celulares de Outras Operadoras;
2020-04-22 09:20:10;51  999505516;39.0;Para Celulares de Outras Operadoras;
2020-04-16 16:15:57;51  982177347;11.0;Para Celulares de Outras Operadoras;
2020-04-16 15:24:35;51  998293932;8.0;Para Celulares de Outras Operadoras;
2020-04-16 14:27:51;51  998293932;26.0;Para Celulares de Outras Operadoras;
2020-04-16 14:19:26;51  982177347;14.0;Para Celulares de Outras Operadoras;
2020-04-16 13:46:02;51  992528853;37.0;Para Celulares de Outras Operadoras;
2020-04-16 11:02:20;51  999505516;15.0;Para Celulares de Outras Operadoras;
2020-04-16 11:01:47;51  999505516;5.0;Para Celulares de Outras Operadoras;
2020-04-16 09:15:41;51  982177347;117.0;Para Celulares de Outras Operadoras;
2020-04-15 17:33:28;51  981211690;5.0;Para Celulares de Outras Operadoras;
2020-04-15 17:23:49;51  981211690;5.0;Para Celulares de Outras Operadoras;
2020-04-15 17:01:13;51  999505516;27.0;Para Celulares de Outras Operadoras;
2020-04-15 15:52:46;51  991330295;21.0;Para Celulares de Outras Operadoras;
2020-04-15 15:03:57;51  984812692;21.0;Para Celulares de Outras Operadoras;
2020-04-14 15:55:26;51  981002747;19.0;Para Celulares de Outras Operadoras;
2020-04-14 09:33:56;51  998293932;21.0;Para Celulares de Outras Operadoras;
2020-04-13 08:49:38;51  992639567;19.0;Para Celulares de Outras Operadoras;
2020-04-13 08:19:34;51  991854580;33.0;Para Celulares de Outras Operadoras;
2020-04-12 16:34:30;51  991837101;5.0;Para Celulares de Outras Operadoras;
2020-04-12 16:01:52;51  992639567;6.0;Para Celulares de Outras Operadoras;
2020-04-11 17:26:42;51  992639567;11.0;Para Celulares de Outras Operadoras;
2020-04-10 15:04:12;51  984931731;31.0;Para Celulares de Outras Operadoras;
2020-04-10 11:08:30;51  991837101;8.0;Para Celulares de Outras Operadoras;
2020-04-09 15:36:04;51  982177347;57.0;Para Celulares de Outras Operadoras;
2020-04-09 14:02:06;51  982177347;35.0;Para Celulares de Outras Operadoras;
2020-04-03 16:07:11;51  991854580;28.0;Para Celulares de Outras Operadoras;
2020-04-02 10:44:47;51  998293932;63.0;Para Celulares de Outras Operadoras;
2020-04-23 15:25:15;51  21313326;82.0;Para Fixo Vivo;
2020-04-23 08:55:42;51  21313383;84.0;Para Fixo Vivo;
2020-04-23 08:45:34;51  21313326;36.0;Para Fixo Vivo;
2020-04-22 17:18:12;51  21313326;104.0;Para Fixo Vivo;
2020-04-22 14:13:11;51  992943448;5.0;Para Fixo Vivo;
2020-04-22 13:58:01;51  992943448;5.0;Para Fixo Vivo;
2020-04-22 13:50:30;51  992943448;9.0;Para Fixo Vivo;
2020-04-22 09:50:09;51  21313385;9.0;Para Fixo Vivo;
2020-04-22 09:09:41;51  21313383;34.0;Para Fixo Vivo;
2020-04-17 09:33:05;51  992943448;47.0;Para Fixo Vivo;
2020-04-16 13:29:11;51  21313398;12.0;Para Fixo Vivo;
2020-04-15 15:20:41;51  992943448;144.0;Para Fixo Vivo;
2020-04-15 14:48:12;51  21313326;40.0;Para Fixo Vivo;
2020-04-14 16:01:55;51  21313335;18.0;Para Fixo Vivo;
2020-04-14 15:57:48;51  21313326;8.0;Para Fixo Vivo;
2020-04-13 13:58:46;51  21313326;139.0;Para Fixo Vivo;
2020-04-09 12:20:48;51  21313326;6.0;Para Fixo Vivo;
2020-04-06 17:58:27;51  21313326;14.0;Para Fixo Vivo;
2020-04-02 10:51:32;51  21313326;13.0;Para Fixo Vivo;
2020-04-02 09:59:00;51  21313326;113.0;Para Fixo Vivo;
2020-04-30 17:23:53;51  998393611;8.0;Para Celulares Vivo;
2020-04-29 13:49:33;51  997930516;25.0;Para Celulares Vivo;
2020-04-29 13:48:33;51  997930516;6.0;Para Celulares Vivo;
2020-04-29 11:57:45;51  997930516;12.0;Para Celulares Vivo;
2020-04-29 08:56:59;51  997930516;9.0;Para Celulares Vivo;
2020-04-28 14:05:40;51  992518679;26.0;Para Celulares Vivo;
2020-04-27 16:53:46;51  981489967;80.0;Para Celulares Vivo;
2020-04-27 16:51:38;51  992518679;17.0;Para Celulares Vivo;
2020-04-24 09:15:35;51  991400926;5.0;Para Celulares Vivo;
2020-04-24 08:42:21;51  991919823;5.0;Para Celulares Vivo;
2020-04-24 08:23:03;51  998398916;5.0;Para Celulares Vivo;
2020-04-24 08:11:03;51  998398916;8.0;Para Celulares Vivo;
2020-04-22 16:59:10;51  997284465;63.0;Para Celulares Vivo;
2020-04-22 16:54:19;51  998398916;33.0;Para Celulares Vivo;
2020-04-17 10:35:20;51  998398916;43.0;Para Celulares Vivo;
2020-04-16 14:32:46;51  992592816;5.0;Para Celulares Vivo;
2020-04-16 14:17:52;51  998345200;10.0;Para Celulares Vivo;
2020-04-15 17:32:43;51  998398916;6.0;Para Celulares Vivo;
2020-04-15 17:21:55;51  998398916;17.0;Para Celulares Vivo;
2020-04-15 16:32:52;51  998398916;6.0;Para Celulares Vivo;
2020-04-15 16:30:12;51  991400926;23.0;Para Celulares Vivo;
2020-04-15 16:24:45;51  998398916;13.0;Para Celulares Vivo;
2020-04-15 15:06:38;51  997930516;136.0;Para Celulares Vivo;
2020-04-15 14:45:42;51  991014112;15.0;Para Celulares Vivo;
2020-04-15 14:41:52;51  991034807;19.0;Para Celulares Vivo;
2020-04-15 10:33:06;51  991034807;5.0;Para Celulares Vivo;
2020-04-14 12:14:19;51  991400926;64.0;Para Celulares Vivo;
2020-04-14 12:00:27;51  991400926;51.0;Para Celulares Vivo;
2020-04-13 08:52:19;51  998393611;19.0;Para Celulares Vivo;
2020-04-09 10:30:35;51  998852122;11.0;Para Celulares Vivo;
2020-04-09 09:42:55;51  998393611;15.0;Para Celulares Vivo;
2020-04-09 09:12:39;51  999482226;5.0;Para Celulares Vivo;
2020-04-09 09:10:35;51  998393611;5.0;Para Celulares Vivo;
2020-04-06 14:58:32;51  992592752;16.0;Para Celulares Vivo;
2020-04-03 16:17:41;51  991014112;49.0;Para Celulares Vivo;
2020-04-02 10:53:07;51  991014112;7.0;Para Celulares Vivo;
2020-04-02 09:54:18;51  991014112;43.0;Para Celulares Vivo;
2020-03-31;"";294.0;INTERNET MOVEL 2;0.00
2020-04-01;"";665.0;INTERNET MOVEL 2;0.00
2020-04-02;"";372.0;INTERNET MOVEL 2;0.00
2020-04-03;"";327.0;INTERNET MOVEL 2;0.00
2020-04-04;"";258.0;INTERNET MOVEL 2;0.00
2020-04-05;"";214.0;INTERNET MOVEL 2;0.00
2020-04-06;"";244.0;INTERNET MOVEL 2;0.00
2020-04-07;"";164.0;INTERNET MOVEL 2;0.00
2020-04-09;"";109394.2;INTERNET MOVEL 2;0.00
2020-04-10;"";98334.4;INTERNET MOVEL 2;0.00
2020-04-11;"";73997.1;INTERNET MOVEL 2;0.00
2020-04-12;"";108369.9;INTERNET MOVEL 2;0.00
2020-04-13;"";129811.7;INTERNET MOVEL 2;0.00
2020-04-14;"";378.0;INTERNET MOVEL 2;0.00
2020-04-15;"";339.0;INTERNET MOVEL 2;0.00
2020-04-16;"";8528.2;INTERNET MOVEL 2;0.00
2020-04-17;"";7303.7;INTERNET MOVEL 2;0.00
2020-04-18;"";12960.8;INTERNET MOVEL 2;0.00
2020-04-19;"";50985.6;INTERNET MOVEL 2;0.00
2020-04-20;"";113341.2;INTERNET MOVEL 2;0.00
2020-04-21;"";85674.0;INTERNET MOVEL 2;0.00
2020-04-22;"";111870.9;INTERNET MOVEL 2;0.00
2020-04-23;"";86385.5;INTERNET MOVEL 2;0.00
2020-04-24;"";18474.8;INTERNET MOVEL 2;0.00
2020-04-25;"";1745.8;INTERNET MOVEL 2;0.00
2020-04-26;"";645.0;INTERNET MOVEL 2;0.00
2020-04-27;"";49848.6;INTERNET MOVEL 2;0.00
2020-04-28;"";19063.0;INTERNET MOVEL 2;0.00
2020-04-29;"";18390.2;INTERNET MOVEL 2;0.00
2020-04-30;"";35160.9;INTERNET MOVEL 2;0.00
2020-05-01;"";32.0;INTERNET MOVEL 2;0.00
