data_hora_inicio;nro_telefone_chamado;duracao_ligacao;desc_categoria;valor_ligacao
2020-04-24 08:11:44;51992592148;1.0;GRATIS-SMS;0.00
2020-04-21 15:41:56;51999666597;1.0;GRATIS-SMS;0.00
2020-04-21 15:41:54;51999666597;1.0;GRATIS-SMS;0.00
2020-04-21 15:41:53;51999666597;1.0;GRATIS-SMS;0.00
2020-04-21 15:41:51;51999666597;1.0;GRATIS-SMS;0.00
2020-04-01 22:35:49;51  999044649;406.0;Para Celulares de Outras Operadoras;
2020-04-01 16:02:01;51  991987887;47.0;Para Celulares de Outras Operadoras;
2020-04-01 18:39:55;51  992592843;7.0;Para Celulares Vivo;
2020-04-01 15:54:17;51  992592148;19.0;Para Celulares Vivo;
2020-04-01 09:25:39;51  992592148;5.0;Para Celulares Vivo;
2020-04-01 09:22:46;51  992592148;21.0;Para Celulares Vivo;
2020-04-01 08:01:24;51  992592148;18.0;Para Celulares Vivo;
2020-04-01 07:46:41;51  992592148;5.0;Para Celulares Vivo;
2020-04-30 08:20:45;51  33317617;18.0;Para Fixo de Outras Operadoras;
2020-04-28 16:20:24;51  33464030;16.0;Para Fixo de Outras Operadoras;
2020-04-28 09:08:01;51  33464030;16.0;Para Fixo de Outras Operadoras;
2020-04-27 14:12:53;51  33328142;6.0;Para Fixo de Outras Operadoras;
2020-04-23 11:05:29;51  30043003;25.0;Para Fixo de Outras Operadoras;
2020-04-23 09:09:00;51  33328142;5.0;Para Fixo de Outras Operadoras;
2020-04-17 08:35:30;51  33317617;16.0;Para Fixo de Outras Operadoras;
2020-04-17 08:35:02;51  33317617;5.0;Para Fixo de Outras Operadoras;
2020-04-13 16:24:59;51  33420032;15.0;Para Fixo de Outras Operadoras;
2020-04-11 16:35:36;51  33311075;155.0;Para Fixo de Outras Operadoras;
2020-04-10 16:02:22;51  33322527;212.0;Para Fixo de Outras Operadoras;
2020-04-09 08:09:18;51  33317617;45.0;Para Fixo de Outras Operadoras;
2020-04-07 18:34:19;51  33285647;95.0;Para Fixo de Outras Operadoras;
2020-04-07 14:29:07;51  30728177;7.0;Para Fixo de Outras Operadoras;
2020-04-07 13:50:46;51  30728177;77.0;Para Fixo de Outras Operadoras;
2020-04-07 11:46:12;51  33328720;23.0;Para Fixo de Outras Operadoras;
2020-04-07 10:50:17;51  33328142;5.0;Para Fixo de Outras Operadoras;
2020-04-06 10:30:50;51  33345078;5.0;Para Fixo de Outras Operadoras;
2020-04-06 10:29:26;51  39379060;5.0;Para Fixo de Outras Operadoras;
2020-04-06 09:13:33;51  33949900;61.0;Para Fixo de Outras Operadoras;
2020-04-29 13:04:09;51  991231366;41.0;Para Celulares de Outras Operadoras;
2020-04-28 19:24:38;51  991979828;11.0;Para Celulares de Outras Operadoras;
2020-04-27 15:01:11;51  991987887;29.0;Para Celulares de Outras Operadoras;
2020-04-23 11:17:05;51  993173269;43.0;Para Celulares de Outras Operadoras;
2020-04-20 11:17:22;51  993129989;31.0;Para Celulares de Outras Operadoras;
2020-04-16 09:56:26;51  997015645;16.0;Para Celulares de Outras Operadoras;
2020-04-16 09:02:57;51  985447670;5.0;Para Celulares de Outras Operadoras;
2020-04-15 18:54:21;51  993173269;52.0;Para Celulares de Outras Operadoras;
2020-04-11 08:54:05;51  985447670;7.0;Para Celulares de Outras Operadoras;
2020-04-09 07:15:57;51  985436649;7.0;Para Celulares de Outras Operadoras;
2020-04-07 13:25:27;51  999134808;17.0;Para Celulares de Outras Operadoras;
2020-04-27 14:35:19;51  30621213;7.0;Para Fixo Vivo;
2020-04-23 10:17:00;51  33220080;6.0;Para Fixo Vivo;
2020-04-22 15:44:44;51  33220080;13.0;Para Fixo Vivo;
2020-04-18 11:56:57;51  30307000;41.0;Para Fixo Vivo;
2020-04-16 10:22:28;51  33416390;18.0;Para Fixo Vivo;
2020-04-15 14:21:30;51  33425665;33.0;Para Fixo Vivo;
2020-04-15 14:00:56;51  33425124;24.0;Para Fixo Vivo;
2020-04-15 13:54:01;51  33416390;16.0;Para Fixo Vivo;
2020-04-13 15:16:45;51  30243333;5.0;Para Fixo Vivo;
2020-04-02 08:26:17;51  32339090;9.0;Para Fixo Vivo;
2020-04-30 13:51:35;51  996176280;5.0;Para Celulares Vivo;
2020-04-30 07:20:20;51  996176280;26.0;Para Celulares Vivo;
2020-04-29 09:26:10;51  995874437;24.0;Para Celulares Vivo;
2020-04-29 09:05:53;51  998336625;5.0;Para Celulares Vivo;
2020-04-29 08:07:59;51  992592148;17.0;Para Celulares Vivo;
2020-04-29 07:30:36;51  996176280;17.0;Para Celulares Vivo;
2020-04-28 19:32:03;51  992592148;36.0;Para Celulares Vivo;
2020-04-28 17:07:16;51  992592848;5.0;Para Celulares Vivo;
2020-04-28 17:06:16;51  992592848;5.0;Para Celulares Vivo;
2020-04-28 15:55:11;51  992592148;5.0;Para Celulares Vivo;
2020-04-28 15:53:27;51  992592148;15.0;Para Celulares Vivo;
2020-04-28 09:38:24;51  996861361;14.0;Para Celulares Vivo;
2020-04-28 09:04:35;51  992592148;15.0;Para Celulares Vivo;
2020-04-27 09:52:25;51  992592148;5.0;Para Celulares Vivo;
2020-04-26 21:12:39;51  992592803;16.0;Para Celulares Vivo;
2020-04-26 16:37:58;51  992592803;6.0;Para Celulares Vivo;
2020-04-26 15:16:48;51  992592504;6.0;Para Celulares Vivo;
2020-04-26 15:14:19;51  992592848;5.0;Para Celulares Vivo;
2020-04-25 17:48:31;51  996330062;388.0;Para Celulares Vivo;
2020-04-25 17:25:51;51  996088855;219.0;Para Celulares Vivo;
2020-04-24 18:35:24;51  998980236;5.0;Para Celulares Vivo;
2020-04-24 08:06:00;51  992592148;29.0;Para Celulares Vivo;
2020-04-24 07:48:26;51  992592148;8.0;Para Celulares Vivo;
2020-04-24 07:45:18;51  992592148;19.0;Para Celulares Vivo;
2020-04-24 07:18:56;51  996176280;12.0;Para Celulares Vivo;
2020-04-23 17:39:12;51  992592148;5.0;Para Celulares Vivo;
2020-04-23 15:16:17;51  992592148;6.0;Para Celulares Vivo;
2020-04-23 14:48:21;51  992592148;5.0;Para Celulares Vivo;
2020-04-23 13:05:16;51  996176280;44.0;Para Celulares Vivo;
2020-04-23 07:14:57;51  996176280;15.0;Para Celulares Vivo;
2020-04-22 17:01:51;51  992592148;33.0;Para Celulares Vivo;
2020-04-22 09:48:31;51  992592148;12.0;Para Celulares Vivo;
2020-04-21 08:18:53;51  996176280;26.0;Para Celulares Vivo;
2020-04-20 16:34:09;51  992592148;17.0;Para Celulares Vivo;
2020-04-20 15:11:16;51  992592148;5.0;Para Celulares Vivo;
2020-04-20 13:13:26;51  999147068;23.0;Para Celulares Vivo;
2020-04-20 13:12:44;51  999147068;5.0;Para Celulares Vivo;
2020-04-20 13:11:49;51  999147068;5.0;Para Celulares Vivo;
2020-04-20 11:09:32;51  992592148;7.0;Para Celulares Vivo;
2020-04-20 09:50:01;51  992592148;5.0;Para Celulares Vivo;
2020-04-20 08:41:35;51  999844804;25.0;Para Celulares Vivo;
2020-04-20 08:37:17;51  992592148;13.0;Para Celulares Vivo;
2020-04-19 11:34:25;51  998980236;30.0;Para Celulares Vivo;
2020-04-18 11:55:22;51  998993892;5.0;Para Celulares Vivo;
2020-04-18 11:53:02;51  998993892;5.0;Para Celulares Vivo;
2020-04-18 11:31:01;51  998062033;79.0;Para Celulares Vivo;
2020-04-17 13:19:00;51  996176280;10.0;Para Celulares Vivo;
2020-04-17 11:32:59;51  992592818;8.0;Para Celulares Vivo;
2020-04-17 11:30:46;51  992592818;5.0;Para Celulares Vivo;
2020-04-17 10:22:10;51  992592148;5.0;Para Celulares Vivo;
2020-04-17 08:43:26;51  992592148;5.0;Para Celulares Vivo;
2020-04-16 18:47:42;51  999666597;74.0;Para Celulares Vivo;
2020-04-16 15:48:07;51  992592148;5.0;Para Celulares Vivo;
2020-04-16 10:21:22;51  996072559;5.0;Para Celulares Vivo;
2020-04-15 10:25:59;51  996861361;11.0;Para Celulares Vivo;
2020-04-15 09:57:15;51  992592148;5.0;Para Celulares Vivo;
2020-04-14 13:09:56;51  996861361;27.0;Para Celulares Vivo;
2020-04-13 15:31:27;51  999567739;15.0;Para Celulares Vivo;
2020-04-13 13:39:08;51  996176280;12.0;Para Celulares Vivo;
2020-04-12 16:49:18;51  996330062;42.0;Para Celulares Vivo;
2020-04-12 10:01:51;51  998980236;38.0;Para Celulares Vivo;
2020-04-11 17:12:58;51  999936246;25.0;Para Celulares Vivo;
2020-04-11 15:53:57;51  998980236;17.0;Para Celulares Vivo;
2020-04-11 13:35:19;51  996072559;5.0;Para Celulares Vivo;
2020-04-11 08:57:09;51  992592148;10.0;Para Celulares Vivo;
2020-04-11 08:52:12;51  992592148;7.0;Para Celulares Vivo;
2020-04-09 18:30:07;51  998980236;36.0;Para Celulares Vivo;
2020-04-09 15:08:30;51  992592818;15.0;Para Celulares Vivo;
2020-04-09 09:50:18;51  992592148;6.0;Para Celulares Vivo;
2020-04-09 08:57:01;51  998980236;5.0;Para Celulares Vivo;
2020-04-09 07:19:10;51  999936246;15.0;Para Celulares Vivo;
2020-04-09 06:52:34;51  992592148;14.0;Para Celulares Vivo;
2020-04-08 16:57:11;51  992592148;10.0;Para Celulares Vivo;
2020-04-08 16:25:16;51  992592848;9.0;Para Celulares Vivo;
2020-04-08 15:19:56;51  992592843;139.0;Para Celulares Vivo;
2020-04-08 08:28:18;51  992592148;24.0;Para Celulares Vivo;
2020-04-07 16:07:55;51  996072559;11.0;Para Celulares Vivo;
2020-04-07 13:39:48;51  992592148;11.0;Para Celulares Vivo;
2020-04-07 13:36:39;51  999908910;27.0;Para Celulares Vivo;
2020-04-07 13:28:32;51  996072559;20.0;Para Celulares Vivo;
2020-04-07 09:38:52;51  992592148;13.0;Para Celulares Vivo;
2020-04-07 09:37:45;51  995497440;5.0;Para Celulares Vivo;
2020-04-07 08:36:18;51  995497440;16.0;Para Celulares Vivo;
2020-04-06 22:09:17;51  995497440;18.0;Para Celulares Vivo;
2020-04-06 17:05:03;51  996330062;37.0;Para Celulares Vivo;
2020-04-06 16:55:41;51  996176280;7.0;Para Celulares Vivo;
2020-04-06 16:42:22;51  992592148;5.0;Para Celulares Vivo;
2020-04-06 10:43:18;51  998062033;34.0;Para Celulares Vivo;
2020-04-06 08:41:40;51  992592148;5.0;Para Celulares Vivo;
2020-04-06 08:18:25;51  992592148;9.0;Para Celulares Vivo;
2020-04-06 08:12:59;51  992592148;37.0;Para Celulares Vivo;
2020-04-06 08:05:36;51  992592148;5.0;Para Celulares Vivo;
2020-04-05 21:48:39;51  992592803;5.0;Para Celulares Vivo;
2020-04-05 18:22:27;51  998980236;5.0;Para Celulares Vivo;
2020-04-05 07:50:48;51  996072559;19.0;Para Celulares Vivo;
2020-04-04 17:14:04;51  996330062;5.0;Para Celulares Vivo;
2020-04-04 13:43:14;51  996072559;8.0;Para Celulares Vivo;
2020-04-04 11:26:49;51  998993892;6.0;Para Celulares Vivo;
2020-04-03 08:46:42;51  992592148;16.0;Para Celulares Vivo;
2020-04-02 15:56:11;51  996330062;5.0;Para Celulares Vivo;
2020-04-02 09:42:33;51  998980236;59.0;Para Celulares Vivo;
2020-04-02 08:14:57;51  992592148;11.0;Para Celulares Vivo;
2020-04-02 07:24:34;51  996176280;34.0;Para Celulares Vivo;
2020-03-31;"";19957.7;INTERNET MOVEL 2;0.00
2020-04-01;"";104688.7;INTERNET MOVEL 2;0.00
2020-04-02;"";167508.7;INTERNET MOVEL 2;0.00
2020-04-03;"";50544.1;INTERNET MOVEL 2;0.00
2020-04-04;"";51071.0;INTERNET MOVEL 2;0.00
2020-04-05;"";82665.2;INTERNET MOVEL 2;0.00
2020-04-06;"";124836.3;INTERNET MOVEL 2;0.00
2020-04-07;"";70996.9;INTERNET MOVEL 2;0.00
2020-04-08;"";95282.2;INTERNET MOVEL 2;0.00
2020-04-09;"";11333.5;INTERNET MOVEL 2;0.00
2020-04-10;"";24181.9;INTERNET MOVEL 2;0.00
2020-04-11;"";199181.7;INTERNET MOVEL 2;0.00
2020-04-12;"";52048.8;INTERNET MOVEL 2;0.00
2020-04-13;"";48712.0;INTERNET MOVEL 2;0.00
2020-04-14;"";67222.0;INTERNET MOVEL 2;0.00
2020-04-15;"";111577.8;INTERNET MOVEL 2;0.00
2020-04-16;"";101314.2;INTERNET MOVEL 2;0.00
2020-04-17;"";166419.6;INTERNET MOVEL 2;0.00
2020-04-18;"";192974.9;INTERNET MOVEL 2;0.00
2020-04-19;"";80882.8;INTERNET MOVEL 2;0.00
2020-04-20;"";137293.4;INTERNET MOVEL 2;0.00
2020-04-21;"";88781.4;INTERNET MOVEL 2;0.00
2020-04-22;"";77714.2;INTERNET MOVEL 2;0.00
2020-04-23;"";130605.9;INTERNET MOVEL 2;0.00
2020-04-24;"";49258.3;INTERNET MOVEL 2;0.00
2020-04-25;"";28813.7;INTERNET MOVEL 2;0.00
2020-04-26;"";78115.8;INTERNET MOVEL 2;0.00
2020-04-27;"";240846.0;INTERNET MOVEL 2;0.00
2020-04-28;"";187441.7;INTERNET MOVEL 2;0.00
2020-04-29;"";159176.1;INTERNET MOVEL 2;0.00
2020-04-30;"";14383.4;INTERNET MOVEL 2;0.00
2020-05-01;"";481.0;INTERNET MOVEL 2;0.00
