data_hora_inicio;nro_telefone_chamado;duracao_ligacao;desc_categoria;valor_ligacao
2020-04-09 12:44:37;4444;1.0;Tons e Imagens;0.60
2020-04-30 18:55:21;51984536685;1.0;GRATIS-SMS;0.00
2020-04-29 18:05:06;67992340866;1.0;GRATIS-SMS;0.00
2020-04-24 13:46:54;31987759645;1.0;GRATIS-SMS;0.00
2020-04-23 15:07:42;51998664267;1.0;GRATIS-SMS;0.00
2020-04-14 17:36:33;51991034807;1.0;GRATIS-SMS;0.00
2020-04-14 16:08:16;13997933802;1.0;GRATIS-SMS;0.00
2020-04-13 13:52:51;51984536685;1.0;GRATIS-SMS;0.00
2020-04-09 14:05:57;11991824185;1.0;GRATIS-SMS;0.00
2020-04-08 12:33:18;51992592850;1.0;GRATIS-SMS;0.00
2020-04-06 10:03:20;13981188560;1.0;GRATIS-SMS;0.00
2020-04-06 09:55:02;13981188560;1.0;GRATIS-SMS;0.00
2020-04-02 18:13:43;67992340866;1.0;GRATIS-SMS;0.00
2020-04-02 18:13:11;67992957542;1.0;GRATIS-SMS;0.00
2020-04-02 11:42:29;31987759645;1.0;GRATIS-SMS;0.00
2020-04-03 07:14:35;51  30756106;6.0;Para Fixo Vivo;
2020-04-30 16:57:18;51  992592887;41.0;Para Celulares Vivo;
2020-04-30 14:37:23;51  989028545;5.0;Para Celulares Vivo;
2020-04-30 14:31:30;51  984274504;50.0;Para Celulares Vivo;
2020-04-29 18:33:03;51  984274504;34.0;Para Celulares Vivo;
2020-04-28 17:34:12;51  989028545;64.0;Para Celulares Vivo;
2020-04-28 15:55:12;51  993320477;24.0;Para Celulares Vivo;
2020-04-28 08:49:22;51  995823276;55.0;Para Celulares Vivo;
2020-04-28 08:47:08;51  995823276;20.0;Para Celulares Vivo;
2020-04-27 14:24:10;51  998664267;378.0;Para Celulares Vivo;
2020-04-25 12:00:16;51  989028545;78.0;Para Celulares Vivo;
2020-04-25 11:43:41;51  989028545;162.0;Para Celulares Vivo;
2020-04-24 15:41:35;51  989028545;63.0;Para Celulares Vivo;
2020-04-24 15:06:49;51  992518654;5.0;Para Celulares Vivo;
2020-04-24 12:59:48;51  989028545;38.0;Para Celulares Vivo;
2020-04-24 12:58:10;51  989028545;13.0;Para Celulares Vivo;
2020-04-24 09:53:45;51  993320477;129.0;Para Celulares Vivo;
2020-04-23 16:22:02;51  998664267;300.0;Para Celulares Vivo;
2020-04-23 12:44:50;51  992067522;13.0;Para Celulares Vivo;
2020-04-22 17:47:06;51  989028545;103.0;Para Celulares Vivo;
2020-04-22 17:19:13;51  992592953;277.0;Para Celulares Vivo;
2020-04-22 09:07:51;51  995823276;24.0;Para Celulares Vivo;
2020-04-20 10:42:26;51  992592972;148.0;Para Celulares Vivo;
2020-04-20 09:48:52;51  998664267;44.0;Para Celulares Vivo;
2020-04-18 10:53:13;51  992518654;11.0;Para Celulares Vivo;
2020-04-17 16:11:56;51  998664267;51.0;Para Celulares Vivo;
2020-04-17 11:32:50;51  999876778;48.0;Para Celulares Vivo;
2020-04-16 19:30:58;51  989028545;252.0;Para Celulares Vivo;
2020-04-16 15:19:05;51  999820247;35.0;Para Celulares Vivo;
2020-04-16 11:32:43;51  993320477;81.0;Para Celulares Vivo;
2020-04-16 10:25:38;51  999876778;51.0;Para Celulares Vivo;
2020-04-16 10:22:43;51  993320477;23.0;Para Celulares Vivo;
2020-04-16 09:49:47;51  992592887;273.0;Para Celulares Vivo;
2020-04-15 18:03:22;51  993319514;25.0;Para Celulares Vivo;
2020-04-15 17:51:21;51  984274504;114.0;Para Celulares Vivo;
2020-04-15 11:25:10;51  989028545;6.0;Para Celulares Vivo;
2020-04-14 15:23:39;51  993320477;22.0;Para Celulares Vivo;
2020-04-14 11:16:31;51  998664267;366.0;Para Celulares Vivo;
2020-04-01 18:50:28;51  992592887;37.0;Para Celulares Vivo;
2020-04-01 09:31:17;51  992592803;178.0;Para Celulares Vivo;
2020-04-01 09:17:28;51  989028545;134.0;Para Celulares Vivo;
2020-04-22 15:20:02;31  39166940;56.0;Para Fixo de Outras Operadoras;
2020-04-02 14:36:35;31  39166940;28.0;Para Fixo de Outras Operadoras;
2020-04-28 15:28:10;11  976787210;268.0;Para Celulares de Outras Operadoras;
2020-04-28 10:49:24;11  976787210;111.0;Para Celulares de Outras Operadoras;
2020-04-27 16:02:41;67  992898382;5.0;Para Celulares de Outras Operadoras;
2020-04-27 15:32:30;67  992898382;187.0;Para Celulares de Outras Operadoras;
2020-04-24 15:23:56;11  976787210;172.0;Para Celulares de Outras Operadoras;
2020-04-23 18:36:24;67  992898382;26.0;Para Celulares de Outras Operadoras;
2020-04-17 17:43:34;81  991835116;5.0;Para Celulares de Outras Operadoras;
2020-04-17 16:01:47;41  999951791;65.0;Para Celulares de Outras Operadoras;
2020-04-15 16:47:18;11  994283931;60.0;Para Celulares de Outras Operadoras;
2020-04-15 14:42:42;67  992099064;159.0;Para Celulares de Outras Operadoras;
2020-04-15 14:41:55;67  992898382;5.0;Para Celulares de Outras Operadoras;
2020-04-15 14:39:20;67  992099064;7.0;Para Celulares de Outras Operadoras;
2020-04-14 16:34:13;11  976787210;269.0;Para Celulares de Outras Operadoras;
2020-04-14 12:20:35;21  992359692;44.0;Para Celulares de Outras Operadoras;
2020-04-14 10:01:02;71  987713200;108.0;Para Celulares de Outras Operadoras;
2020-04-08 10:20:20;11  976787210;89.0;Para Celulares de Outras Operadoras;
2020-04-07 16:01:16;13  991042967;35.0;Para Celulares de Outras Operadoras;
2020-04-06 17:40:13;11  976787210;64.0;Para Celulares de Outras Operadoras;
2020-04-02 16:09:16;13  997933802;6.0;Para Celulares de Outras Operadoras;
2020-04-02 15:59:42;11  999328990;81.0;Para Celulares de Outras Operadoras;
2020-04-02 11:05:47;11  976787210;200.0;Para Celulares de Outras Operadoras;
2020-04-01 11:41:43;11  976787210;151.0;Para Celulares de Outras Operadoras;
2020-04-30 15:27:43;11  994322567;270.0;Para Celulares Vivo;
2020-04-30 15:17:39;11  994322567;5.0;Para Celulares Vivo;
2020-04-30 14:16:40;31  987759645;121.0;Para Celulares Vivo;
2020-04-24 14:34:17;31  987759645;122.0;Para Celulares Vivo;
2020-04-23 12:41:12;13  981188560;30.0;Para Celulares Vivo;
2020-04-22 10:25:13;31  987759645;88.0;Para Celulares Vivo;
2020-04-20 16:14:45;19  999019009;316.0;Para Celulares Vivo;
2020-04-17 14:44:04;31  987759645;210.0;Para Celulares Vivo;
2020-04-17 14:35:29;31  987759645;83.0;Para Celulares Vivo;
2020-04-15 18:35:56;98  992183423;47.0;Para Celulares Vivo;
2020-04-15 17:25:19;11  941966646;77.0;Para Celulares Vivo;
2020-04-14 14:51:49;31  987759645;29.0;Para Celulares Vivo;
2020-04-14 12:31:05;31  987759645;93.0;Para Celulares Vivo;
2020-04-09 15:06:10;11  991824185;38.0;Para Celulares Vivo;
2020-04-07 15:30:10;11  982657987;158.0;Para Celulares Vivo;
2020-04-06 13:56:25;31  987759645;35.0;Para Celulares Vivo;
2020-04-03 16:02:09;13  981188560;37.0;Para Celulares Vivo;
2020-04-02 14:54:47;31  987759645;72.0;Para Celulares Vivo;
2020-04-02 14:50:10;47  991020344;43.0;Para Celulares Vivo;
2020-04-02 14:06:46;13  996432204;32.0;Para Celulares Vivo;
2020-04-02 13:44:56;31  987759645;10.0;Para Celulares Vivo;
2020-04-02 13:42:33;31  987759645;5.0;Para Celulares Vivo;
2020-04-02 11:53:12;31  987759645;44.0;Para Celulares Vivo;
2020-04-02 11:26:07;47  991020344;148.0;Para Celulares Vivo;
2020-04-02 10:09:22;31  999088059;11.0;Para Celulares Vivo;
2020-04-30 18:43:25;51  984536685;112.0;Para Celulares de Outras Operadoras;
2020-04-24 10:26:51;51  985758648;10.0;Para Celulares de Outras Operadoras;
2020-04-22 09:52:06;51  991987887;14.0;Para Celulares de Outras Operadoras;
2020-04-14 14:50:23;51  991253936;10.0;Para Celulares de Outras Operadoras;
2020-04-13 20:15:21;51  984536685;89.0;Para Celulares de Outras Operadoras;
2020-04-02 17:06:16;51  991987887;37.0;Para Celulares de Outras Operadoras;
2020-04-02 12:44:30;51  982216760;7.0;Para Celulares de Outras Operadoras;
2020-04-02 12:42:24;51  982216760;5.0;Para Celulares de Outras Operadoras;
2020-04-22 14:17:05;51  21313323;35.0;Para Fixo Vivo;
2020-04-14 10:12:39;51  992592819;112.0;Para Celulares Vivo;
2020-04-13 16:58:53;51  991014112;65.0;Para Celulares Vivo;
2020-04-13 14:44:07;51  993320477;21.0;Para Celulares Vivo;
2020-04-13 10:54:27;51  992518654;14.0;Para Celulares Vivo;
2020-04-13 08:54:18;51  992518654;71.0;Para Celulares Vivo;
2020-04-09 11:30:44;51  991034807;56.0;Para Celulares Vivo;
2020-04-08 16:03:16;51  993320477;13.0;Para Celulares Vivo;
2020-04-08 14:23:42;51  993320477;217.0;Para Celulares Vivo;
2020-04-08 12:35:48;51  992592850;47.0;Para Celulares Vivo;
2020-04-08 11:15:16;51  993320477;8.0;Para Celulares Vivo;
2020-04-08 10:29:37;51  993320477;47.0;Para Celulares Vivo;
2020-04-07 17:11:46;51  992592953;559.0;Para Celulares Vivo;
2020-04-07 15:10:16;51  999876778;41.0;Para Celulares Vivo;
2020-04-06 13:32:01;51  989028545;238.0;Para Celulares Vivo;
2020-04-06 12:38:50;51  992518654;16.0;Para Celulares Vivo;
2020-04-06 11:34:25;51  989028545;45.0;Para Celulares Vivo;
2020-04-06 10:20:23;51  992518654;18.0;Para Celulares Vivo;
2020-04-06 08:59:10;51  984274504;10.0;Para Celulares Vivo;
2020-04-06 08:36:20;51  992518654;21.0;Para Celulares Vivo;
2020-04-04 19:41:49;51  992518654;10.0;Para Celulares Vivo;
2020-04-03 20:02:26;51  999601808;10.0;Para Celulares Vivo;
2020-04-03 16:06:16;51  989028545;301.0;Para Celulares Vivo;
2020-04-03 12:12:04;51  989028545;54.0;Para Celulares Vivo;
2020-04-03 09:32:55;51  991034807;11.0;Para Celulares Vivo;
2020-04-03 09:16:46;51  992592887;143.0;Para Celulares Vivo;
2020-04-02 15:02:24;51  991034807;244.0;Para Celulares Vivo;
2020-04-02 14:40:36;51  984274504;44.0;Para Celulares Vivo;
2020-04-02 14:32:45;51  984274504;5.0;Para Celulares Vivo;
2020-04-02 12:15:42;51  984274504;56.0;Para Celulares Vivo;
2020-04-02 12:13:04;51  999601808;5.0;Para Celulares Vivo;
2020-04-02 11:41:12;51  999601808;7.0;Para Celulares Vivo;
2020-04-01;"";1613.0;INTERNET MOVEL 2;0.00
2020-04-02;"";83958.5;INTERNET MOVEL 2;0.00
2020-04-03;"";5848.2;INTERNET MOVEL 2;0.00
2020-04-04;"";40117.3;INTERNET MOVEL 2;0.00
2020-04-05;"";76336.9;INTERNET MOVEL 2;0.00
2020-04-06;"";5115.2;INTERNET MOVEL 2;0.00
2020-04-07;"";14012.0;INTERNET MOVEL 2;0.00
2020-04-08;"";3827.0;INTERNET MOVEL 2;0.00
2020-04-09;"";6003.3;INTERNET MOVEL 2;0.00
2020-04-10;"";95129.3;INTERNET MOVEL 2;0.00
2020-04-11;"";90309.0;INTERNET MOVEL 2;0.00
2020-04-12;"";5217.4;INTERNET MOVEL 2;0.00
2020-04-13;"";54148.8;INTERNET MOVEL 2;0.00
2020-04-14;"";54830.2;INTERNET MOVEL 2;0.00
2020-04-15;"";76115.8;INTERNET MOVEL 2;0.00
2020-04-16;"";15925.9;INTERNET MOVEL 2;0.00
2020-04-17;"";1971.2;INTERNET MOVEL 2;0.00
2020-04-18;"";143092.8;INTERNET MOVEL 2;0.00
2020-04-19;"";133347.0;INTERNET MOVEL 2;0.00
2020-04-20;"";36895.0;INTERNET MOVEL 2;0.00
2020-04-21;"";25559.5;INTERNET MOVEL 2;0.00
2020-04-22;"";7182.9;INTERNET MOVEL 2;0.00
2020-04-23;"";1457.0;INTERNET MOVEL 2;0.00
2020-04-24;"";85109.9;INTERNET MOVEL 2;0.00
2020-04-25;"";73048.6;INTERNET MOVEL 2;0.00
2020-04-26;"";59301.8;INTERNET MOVEL 2;0.00
2020-04-27;"";99842.0;INTERNET MOVEL 2;0.00
2020-04-28;"";92590.2;INTERNET MOVEL 2;0.00
2020-04-29;"";11450.3;INTERNET MOVEL 2;0.00
2020-04-30;"";11592.8;INTERNET MOVEL 2;0.00
2020-05-01;"";68.0;INTERNET MOVEL 2;0.00
