data_hora_inicio;nro_telefone_chamado;duracao_ligacao;desc_categoria;valor_ligacao
2020-04-01 11:43:50;"";1.0;ADICIONAL;0.00
2020-04-28 16:15:55;5121313333;1.0;ADICIONAL;0.00
2020-04-27 15:59:28;"";1.0;ADICIONAL;0.00
2020-04-27 11:47:25;"";1.0;ADICIONAL;0.00
2020-04-24 08:10:09;"";1.0;ADICIONAL;0.00
2020-04-23 08:05:42;1630758008;1.0;ADICIONAL;0.00
2020-04-13 09:45:35;"";1.0;ADICIONAL;0.00
2020-04-12 06:49:40;1630758008;1.0;ADICIONAL;0.00
2020-04-12 06:48:24;1630758008;1.0;ADICIONAL;0.00
2020-04-03 11:26:57;"";1.0;ADICIONAL;0.00
2020-04-02 17:12:17;"";1.0;ADICIONAL;0.00
2020-04-02 10:30:53;"";1.0;ADICIONAL;0.00
2020-04-01 15:24:39;51  994054961;0.0;Adicional por Ligacoes Realizadas;
2020-04-23 10:24:46;49  988348137;19.0;Para Celulares de Outras Operadoras;
2020-04-17 10:55:43;51  981111669;5.0;Para Celulares de Outras Operadoras;
2020-04-02 13:29:14;53  991730957;8.0;Para Celulares de Outras Operadoras;
2020-04-27 10:36:24;51  998331892;18.0;Para Celulares Vivo;
2020-04-21 17:48:41;51  991007551;5.0;Para Celulares Vivo;
2020-04-13 13:50:07;51  991202796;18.0;Para Celulares Vivo;
2020-04-07 17:25:22;51  991202796;10.0;Para Celulares Vivo;
2020-04-07 12:02:12;51  991202796;5.0;Para Celulares Vivo;
2020-04-07 11:20:58;51  991202796;12.0;Para Celulares Vivo;
2020-04-03 11:16:47;51  991317721;13.0;Para Celulares Vivo;
2020-04-01 15:24:39;51  994054961;23.0;Para Celulares Vivo;
2020-04-27 10:36:24;51  998331892;0.0;Adicional por Ligacoes Realizadas;
2020-04-24 07:49:57;13  991026348;0.0;Adicional por Ligacoes Realizadas;
2020-04-23 10:24:46;49  988348137;0.0;Adicional por Ligacoes Realizadas;
2020-04-23 09:36:54;13  991417146;0.0;Adicional por Ligacoes Realizadas;
2020-04-21 17:48:41;51  991007551;0.0;Adicional por Ligacoes Realizadas;
2020-04-17 10:56:56;13  991417146;0.0;Adicional por Ligacoes Realizadas;
2020-04-17 10:55:43;51  981111669;0.0;Adicional por Ligacoes Realizadas;
2020-04-15 08:56:28;13  996930784;0.0;Adicional por Ligacoes Realizadas;
2020-04-14 10:26:33;13  996930784;0.0;Adicional por Ligacoes Realizadas;
2020-04-13 13:50:07;51  991202796;0.0;Adicional por Ligacoes Realizadas;
2020-04-07 17:25:22;51  991202796;0.0;Adicional por Ligacoes Realizadas;
2020-04-07 12:02:12;51  991202796;0.0;Adicional por Ligacoes Realizadas;
2020-04-07 11:20:58;51  991202796;0.0;Adicional por Ligacoes Realizadas;
2020-04-07 07:15:01;13  996930784;0.0;Adicional por Ligacoes Realizadas;
2020-04-07 07:11:55;13  992127373;0.0;Adicional por Ligacoes Realizadas;
2020-04-03 11:16:47;51  991317721;0.0;Adicional por Ligacoes Realizadas;
2020-04-03 10:27:23;13  981188559;0.0;Adicional por Ligacoes Realizadas;
2020-04-02 13:29:14;53  991730957;0.0;Adicional por Ligacoes Realizadas;
2020-04-28 16:15:55;51  21313333;20.0;Chamadas de Longa Distancia para Outros Estados;
2020-04-27 15:59:28;    ;5.0;Chamadas de Longa Distancia para Outros Estados;
2020-04-27 11:47:25;    ;5.0;Chamadas de Longa Distancia para Outros Estados;
2020-04-24 08:10:09;    ;12.0;Chamadas de Longa Distancia para Outros Estados;
2020-04-23 08:05:42;16  30758008;32.0;Chamadas de Longa Distancia para Outros Estados;
2020-04-13 09:45:35;    ;35.0;Chamadas de Longa Distancia para Outros Estados;
2020-04-12 06:49:40;16  30758008;5.0;Chamadas de Longa Distancia para Outros Estados;
2020-04-12 06:48:24;16  30758008;5.0;Chamadas de Longa Distancia para Outros Estados;
2020-04-03 11:26:57;    ;5.0;Chamadas de Longa Distancia para Outros Estados;
2020-04-02 17:12:17;    ;6.0;Chamadas de Longa Distancia para Outros Estados;
2020-04-02 10:30:53;    ;10.0;Chamadas de Longa Distancia para Outros Estados;
2020-04-01 11:43:50;    ;11.0;Chamadas de Longa Distancia para Outros Estados;
2020-04-24 07:49:57;13  991026348;24.0;Para Celulares de Outras Operadoras;
2020-04-23 09:36:54;13  991417146;128.0;Para Celulares de Outras Operadoras;
2020-04-17 10:56:56;13  991417146;21.0;Para Celulares de Outras Operadoras;
2020-04-15 08:56:28;13  996930784;54.0;Para Celulares Vivo;
2020-04-14 10:26:33;13  996930784;18.0;Para Celulares Vivo;
2020-04-07 07:15:01;13  996930784;5.0;Para Celulares Vivo;
2020-04-07 07:11:55;13  992127373;5.0;Para Celulares Vivo;
2020-04-03 10:27:23;13  981188559;28.0;Para Celulares Vivo;
2020-04-02;"";10000.5;INTERNET MOVEL 2;0.00
2020-04-07;"";1816.0;INTERNET MOVEL 2;0.00
2020-04-13;"";4016.0;INTERNET MOVEL 2;0.00
2020-04-21;"";3981.8;INTERNET MOVEL 2;0.00
2020-04-23;"";1348.0;INTERNET MOVEL 2;0.00
2020-04-25;"";15201.1;INTERNET MOVEL 2;0.00
2020-04-28;"";6856.0;INTERNET MOVEL 2;0.00
