data_hora_inicio;nro_telefone_chamado;duracao_ligacao;desc_categoria;valor_ligacao
2020-04-30 15:11:12;"";1.0;ADICIONAL;0.00
2020-04-27 10:50:23;"";1.0;ADICIONAL;0.00
2020-04-27 10:36:24;"";1.0;ADICIONAL;0.00
2020-04-27 10:15:04;"";1.0;ADICIONAL;0.00
2020-04-27 10:12:52;"";1.0;ADICIONAL;0.00
2020-04-22 17:01:14;"";1.0;ADICIONAL;0.00
2020-04-22 16:26:02;"";1.0;ADICIONAL;0.00
2020-04-22 16:17:10;"";1.0;ADICIONAL;0.00
2020-04-22 14:00:46;"";1.0;ADICIONAL;0.00
2020-04-22 08:22:17;"";1.0;ADICIONAL;0.00
2020-04-17 14:14:01;"";1.0;ADICIONAL;0.00
2020-04-17 12:40:03;"";1.0;ADICIONAL;0.00
2020-04-07 10:35:52;"";1.0;ADICIONAL;0.00
2020-04-03 15:18:33;"";1.0;ADICIONAL;0.00
2020-04-02 17:02:14;"";1.0;ADICIONAL;0.00
2020-04-29 08:17:49;51  991202796;12.0;Para Celulares Vivo;
2020-04-27 11:47:26;51  992592754;5.0;Para Celulares Vivo;
2020-04-24 12:18:00;51  991202796;5.0;Para Celulares Vivo;
2020-04-21 09:54:23;51  991317721;87.0;Para Celulares Vivo;
2020-04-03 08:45:51;51  995590460;14.0;Para Celulares Vivo;
2020-04-29 08:17:49;51  991202796;0.0;Adicional por Ligacoes Realizadas;
2020-04-27 11:47:26;51  992592754;0.0;Adicional por Ligacoes Realizadas;
2020-04-24 12:18:00;51  991202796;0.0;Adicional por Ligacoes Realizadas;
2020-04-21 09:54:23;51  991317721;0.0;Adicional por Ligacoes Realizadas;
2020-04-03 08:45:51;51  995590460;0.0;Adicional por Ligacoes Realizadas;
2020-04-30 15:11:12;    ;27.0;Chamadas de Longa Distancia para Outros Estados;
2020-04-27 10:50:23;    ;23.0;Chamadas de Longa Distancia para Outros Estados;
2020-04-27 10:36:24;    ;18.0;Chamadas de Longa Distancia para Outros Estados;
2020-04-27 10:15:04;    ;10.0;Chamadas de Longa Distancia para Outros Estados;
2020-04-27 10:12:52;    ;22.0;Chamadas de Longa Distancia para Outros Estados;
2020-04-22 17:01:14;    ;17.0;Chamadas de Longa Distancia para Outros Estados;
2020-04-22 16:26:02;    ;7.0;Chamadas de Longa Distancia para Outros Estados;
2020-04-22 16:17:10;    ;17.0;Chamadas de Longa Distancia para Outros Estados;
2020-04-22 14:00:46;    ;19.0;Chamadas de Longa Distancia para Outros Estados;
2020-04-22 08:22:17;    ;7.0;Chamadas de Longa Distancia para Outros Estados;
2020-04-17 14:14:01;    ;5.0;Chamadas de Longa Distancia para Outros Estados;
2020-04-17 12:40:03;    ;8.0;Chamadas de Longa Distancia para Outros Estados;
2020-04-07 10:35:52;    ;14.0;Chamadas de Longa Distancia para Outros Estados;
2020-04-03 15:18:33;    ;138.0;Chamadas de Longa Distancia para Outros Estados;
2020-04-02 17:02:14;    ;5.0;Chamadas de Longa Distancia para Outros Estados;
2020-03-31;"";1.0;INTERNET MOVEL 2;0.00
2020-04-02;"";275.0;INTERNET MOVEL 2;0.00
2020-04-03;"";341.0;INTERNET MOVEL 2;0.00
2020-04-04;"";349.0;INTERNET MOVEL 2;0.00
2020-04-05;"";291.0;INTERNET MOVEL 2;0.00
2020-04-06;"";299.0;INTERNET MOVEL 2;0.00
2020-04-07;"";303.0;INTERNET MOVEL 2;0.00
2020-04-08;"";324.0;INTERNET MOVEL 2;0.00
2020-04-09;"";317.0;INTERNET MOVEL 2;0.00
2020-04-10;"";293.0;INTERNET MOVEL 2;0.00
2020-04-11;"";332.0;INTERNET MOVEL 2;0.00
2020-04-12;"";322.0;INTERNET MOVEL 2;0.00
2020-04-13;"";414.0;INTERNET MOVEL 2;0.00
2020-04-14;"";356.0;INTERNET MOVEL 2;0.00
2020-04-15;"";371.0;INTERNET MOVEL 2;0.00
2020-04-16;"";399.0;INTERNET MOVEL 2;0.00
2020-04-17;"";436.0;INTERNET MOVEL 2;0.00
2020-04-18;"";7.0;INTERNET MOVEL 2;0.00
2020-04-19;"";1.0;INTERNET MOVEL 2;0.00
2020-04-21;"";2.0;INTERNET MOVEL 2;0.00
2020-04-22;"";2.0;INTERNET MOVEL 2;0.00
2020-04-23;"";1.0;INTERNET MOVEL 2;0.00
2020-04-24;"";2.0;INTERNET MOVEL 2;0.00
2020-04-25;"";1.0;INTERNET MOVEL 2;0.00
2020-04-27;"";1.0;INTERNET MOVEL 2;0.00
2020-04-28;"";1.0;INTERNET MOVEL 2;0.00
2020-04-29;"";1.0;INTERNET MOVEL 2;0.00
2020-04-30;"";46.0;INTERNET MOVEL 2;0.00
