data_hora_inicio;nro_telefone_chamado;duracao_ligacao;desc_categoria;valor_ligacao
2020-04-01 17:04:28;51  991202796;0.0;Adicional por Ligacoes Realizadas;
2020-04-01 17:01:49;13  974084814;0.0;Adicional por Ligacoes Realizadas;
2020-04-01 15:46:43;51  995590460;0.0;Adicional por Ligacoes Realizadas;
2020-04-01 15:44:30;13  991026348;0.0;Adicional por Ligacoes Realizadas;
2020-04-01 15:41:46;13  32283804;0.0;Adicional por Ligacoes Realizadas;
2020-04-01 14:23:23;15  996580266;0.0;Adicional por Ligacoes Realizadas;
2020-04-01 13:25:14;15  996580266;0.0;Adicional por Ligacoes Realizadas;
2020-04-01 17:01:49;13  974084814;23.0;Para Celulares de Outras Operadoras;
2020-04-01 15:44:30;13  991026348;18.0;Para Celulares de Outras Operadoras;
2020-04-01 15:41:46;13  32283804;14.0;Para Fixo Vivo;
2020-04-09 11:37:06;51  30324900;40.0;Para Fixo de Outras Operadoras;
2020-04-30 16:08:32;51  989064696;17.0;Para Celulares de Outras Operadoras;
2020-04-30 09:32:40;51  993555430;25.0;Para Celulares de Outras Operadoras;
2020-04-28 09:55:56;51  999447583;21.0;Para Celulares de Outras Operadoras;
2020-04-15 17:31:10;51  999447583;23.0;Para Celulares de Outras Operadoras;
2020-04-15 17:20:44;51  999447583;35.0;Para Celulares de Outras Operadoras;
2020-04-13 16:41:24;11  982816625;22.0;Para Celulares de Outras Operadoras;
2020-04-13 15:04:42;11  950570291;5.0;Para Celulares de Outras Operadoras;
2020-04-09 14:17:26;38  992065238;91.0;Para Celulares de Outras Operadoras;
2020-04-09 14:13:22;38  991500062;5.0;Para Celulares de Outras Operadoras;
2020-04-09 14:10:57;38  991500061;5.0;Para Celulares de Outras Operadoras;
2020-04-09 11:51:32;11  982816625;16.0;Para Celulares de Outras Operadoras;
2020-04-09 10:31:44;11  982816625;102.0;Para Celulares de Outras Operadoras;
2020-04-07 09:35:53;15  996580266;5.0;Para Celulares de Outras Operadoras;
2020-04-03 16:43:46;51  993555430;17.0;Para Celulares de Outras Operadoras;
2020-04-03 13:28:28;15  996580266;15.0;Para Celulares de Outras Operadoras;
2020-04-02 09:36:42;15  996580266;25.0;Para Celulares de Outras Operadoras;
2020-04-01 14:23:23;15  996580266;5.0;Para Celulares de Outras Operadoras;
2020-04-01 13:25:14;15  996580266;78.0;Para Celulares de Outras Operadoras;
2020-04-14 13:01:31;11  46214570;6.0;Para Fixo Vivo;
2020-04-09 16:51:41;11  46214545;13.0;Para Fixo Vivo;
2020-04-09 16:18:19;11  46214545;23.0;Para Fixo Vivo;
2020-04-30 18:37:45;51  992592870;5.0;Para Celulares Vivo;
2020-04-30 16:11:08;51  995838788;19.0;Para Celulares Vivo;
2020-04-30 15:41:41;51  992592870;5.0;Para Celulares Vivo;
2020-04-30 13:44:11;51  992592870;21.0;Para Celulares Vivo;
2020-04-30 11:13:10;51  991202796;14.0;Para Celulares Vivo;
2020-04-29 16:04:09;51  992592870;15.0;Para Celulares Vivo;
2020-04-29 16:02:53;51  991202796;5.0;Para Celulares Vivo;
2020-04-29 14:47:56;51  992592870;9.0;Para Celulares Vivo;
2020-04-29 09:16:30;51  995838788;22.0;Para Celulares Vivo;
2020-04-28 15:05:14;51  992592870;5.0;Para Celulares Vivo;
2020-04-28 14:37:34;51  995838788;9.0;Para Celulares Vivo;
2020-04-28 14:19:51;51  992592870;5.0;Para Celulares Vivo;
2020-04-28 14:12:58;51  995838788;13.0;Para Celulares Vivo;
2020-04-28 10:30:32;51  995838788;43.0;Para Celulares Vivo;
2020-04-28 10:21:06;16  996003857;68.0;Para Celulares Vivo;
2020-04-27 16:36:58;51  991202796;11.0;Para Celulares Vivo;
2020-04-27 15:56:44;51  992592870;16.0;Para Celulares Vivo;
2020-04-27 14:36:12;51  992592870;5.0;Para Celulares Vivo;
2020-04-27 12:37:39;51  995838788;12.0;Para Celulares Vivo;
2020-04-27 11:21:40;51  991202796;13.0;Para Celulares Vivo;
2020-04-27 11:10:32;51  995838788;13.0;Para Celulares Vivo;
2020-04-27 11:03:36;51  995838788;8.0;Para Celulares Vivo;
2020-04-27 10:59:25;51  991202796;21.0;Para Celulares Vivo;
2020-04-27 10:58:46;51  995838788;5.0;Para Celulares Vivo;
2020-04-27 10:50:23;51  998331892;23.0;Para Celulares Vivo;
2020-04-27 10:48:18;51  991007551;17.0;Para Celulares Vivo;
2020-04-27 10:19:44;51  991007551;5.0;Para Celulares Vivo;
2020-04-27 10:12:53;51  998331892;22.0;Para Celulares Vivo;
2020-04-24 14:42:40;51  991202796;8.0;Para Celulares Vivo;
2020-04-24 14:42:13;51  991202796;5.0;Para Celulares Vivo;
2020-04-24 09:49:27;51  991202796;113.0;Para Celulares Vivo;
2020-04-24 07:51:27;53  999782092;13.0;Para Celulares Vivo;
2020-04-23 13:33:08;51  991202796;14.0;Para Celulares Vivo;
2020-04-23 11:05:41;51  991202796;25.0;Para Celulares Vivo;
2020-04-23 10:52:15;51  992592870;54.0;Para Celulares Vivo;
2020-04-23 10:42:42;51  991202796;78.0;Para Celulares Vivo;
2020-04-22 17:06:55;51  995838788;8.0;Para Celulares Vivo;
2020-04-03 15:18:34;51  998331892;138.0;Para Celulares Vivo;
2020-04-03 11:26:57;51  992592754;5.0;Para Celulares Vivo;
2020-04-03 11:20:38;51  992592870;7.0;Para Celulares Vivo;
2020-04-02 15:45:08;51  991202796;184.0;Para Celulares Vivo;
2020-04-02 14:47:01;51  992592870;22.0;Para Celulares Vivo;
2020-04-01 17:04:28;51  991202796;9.0;Para Celulares Vivo;
2020-04-01 15:46:43;51  995590460;47.0;Para Celulares Vivo;
2020-04-30 18:37:45;51  992592870;0.0;Adicional por Ligacoes Realizadas;
2020-04-30 16:11:08;51  995838788;0.0;Adicional por Ligacoes Realizadas;
2020-04-30 16:08:32;51  989064696;0.0;Adicional por Ligacoes Realizadas;
2020-04-30 15:41:41;51  992592870;0.0;Adicional por Ligacoes Realizadas;
2020-04-30 13:44:11;51  992592870;0.0;Adicional por Ligacoes Realizadas;
2020-04-30 11:13:10;51  991202796;0.0;Adicional por Ligacoes Realizadas;
2020-04-30 09:46:53;13  21018022;0.0;Adicional por Ligacoes Realizadas;
2020-04-30 09:32:40;51  993555430;0.0;Adicional por Ligacoes Realizadas;
2020-04-29 16:04:09;51  992592870;0.0;Adicional por Ligacoes Realizadas;
2020-04-29 16:02:53;51  991202796;0.0;Adicional por Ligacoes Realizadas;
2020-04-29 14:47:56;51  992592870;0.0;Adicional por Ligacoes Realizadas;
2020-04-29 14:16:51;13  988785775;0.0;Adicional por Ligacoes Realizadas;
2020-04-29 12:20:17;13  33017870;0.0;Adicional por Ligacoes Realizadas;
2020-04-29 11:23:05;13  32026565;0.0;Adicional por Ligacoes Realizadas;
2020-04-29 11:17:55;13  991828267;0.0;Adicional por Ligacoes Realizadas;
2020-04-29 11:03:48;13  991828267;0.0;Adicional por Ligacoes Realizadas;
2020-04-29 09:16:30;51  995838788;0.0;Adicional por Ligacoes Realizadas;
2020-04-28 16:02:57;13  982033012;0.0;Adicional por Ligacoes Realizadas;
2020-04-28 15:07:14;13  982033012;0.0;Adicional por Ligacoes Realizadas;
2020-04-28 15:05:14;51  992592870;0.0;Adicional por Ligacoes Realizadas;
2020-04-28 14:37:34;51  995838788;0.0;Adicional por Ligacoes Realizadas;
2020-04-28 14:19:51;51  992592870;0.0;Adicional por Ligacoes Realizadas;
2020-04-28 14:14:54;13  981152086;0.0;Adicional por Ligacoes Realizadas;
2020-04-28 14:12:58;51  995838788;0.0;Adicional por Ligacoes Realizadas;
2020-04-28 11:44:48;13  40101000;0.0;Adicional por Ligacoes Realizadas;
2020-04-28 10:30:32;51  995838788;0.0;Adicional por Ligacoes Realizadas;
2020-04-28 10:21:06;16  996003857;0.0;Adicional por Ligacoes Realizadas;
2020-04-28 09:59:12;13  974141573;0.0;Adicional por Ligacoes Realizadas;
2020-04-28 09:55:56;51  999447583;0.0;Adicional por Ligacoes Realizadas;
2020-04-27 16:36:58;51  991202796;0.0;Adicional por Ligacoes Realizadas;
2020-04-27 15:56:44;51  992592870;0.0;Adicional por Ligacoes Realizadas;
2020-04-27 14:36:12;51  992592870;0.0;Adicional por Ligacoes Realizadas;
2020-04-27 12:37:39;51  995838788;0.0;Adicional por Ligacoes Realizadas;
2020-04-27 11:21:40;51  991202796;0.0;Adicional por Ligacoes Realizadas;
2020-04-27 11:10:32;51  995838788;0.0;Adicional por Ligacoes Realizadas;
2020-04-27 11:03:36;51  995838788;0.0;Adicional por Ligacoes Realizadas;
2020-04-27 10:59:25;51  991202796;0.0;Adicional por Ligacoes Realizadas;
2020-04-27 10:58:46;51  995838788;0.0;Adicional por Ligacoes Realizadas;
2020-04-27 10:50:23;51  998331892;0.0;Adicional por Ligacoes Realizadas;
2020-04-27 10:48:18;51  991007551;0.0;Adicional por Ligacoes Realizadas;
2020-04-27 10:19:44;51  991007551;0.0;Adicional por Ligacoes Realizadas;
2020-04-27 10:12:53;51  998331892;0.0;Adicional por Ligacoes Realizadas;
2020-04-24 14:42:40;51  991202796;0.0;Adicional por Ligacoes Realizadas;
2020-04-24 14:42:13;51  991202796;0.0;Adicional por Ligacoes Realizadas;
2020-04-24 09:49:27;51  991202796;0.0;Adicional por Ligacoes Realizadas;
2020-04-24 07:51:27;53  999782092;0.0;Adicional por Ligacoes Realizadas;
2020-04-23 15:53:55;13  988413467;0.0;Adicional por Ligacoes Realizadas;
2020-04-23 13:33:08;51  991202796;0.0;Adicional por Ligacoes Realizadas;
2020-04-23 11:05:41;51  991202796;0.0;Adicional por Ligacoes Realizadas;
2020-04-23 10:52:15;51  992592870;0.0;Adicional por Ligacoes Realizadas;
2020-04-23 10:42:42;51  991202796;0.0;Adicional por Ligacoes Realizadas;
2020-04-22 17:06:55;51  995838788;0.0;Adicional por Ligacoes Realizadas;
2020-04-21 17:42:05;53  999782092;0.0;Adicional por Ligacoes Realizadas;
2020-04-21 09:04:09;51  995838788;0.0;Adicional por Ligacoes Realizadas;
2020-04-21 09:00:01;51  995838788;0.0;Adicional por Ligacoes Realizadas;
2020-04-18 23:05:54;*5  55;0.0;Adicional por Ligacoes Realizadas;
2020-04-17 15:31:12;13  988413467;0.0;Adicional por Ligacoes Realizadas;
2020-04-17 14:31:33;13  988413467;0.0;Adicional por Ligacoes Realizadas;
2020-04-17 13:12:31;51  992592870;0.0;Adicional por Ligacoes Realizadas;
2020-04-16 18:11:06;51  995590460;0.0;Adicional por Ligacoes Realizadas;
2020-04-16 13:52:42;51  991007551;0.0;Adicional por Ligacoes Realizadas;
2020-04-16 12:11:29;13  982033012;0.0;Adicional por Ligacoes Realizadas;
2020-04-16 12:01:40;13  982033012;0.0;Adicional por Ligacoes Realizadas;
2020-04-16 10:18:53;51  991202796;0.0;Adicional por Ligacoes Realizadas;
2020-04-16 10:05:36;51  991202796;0.0;Adicional por Ligacoes Realizadas;
2020-04-15 17:50:11;51  992592870;0.0;Adicional por Ligacoes Realizadas;
2020-04-15 17:42:28;51  995590460;0.0;Adicional por Ligacoes Realizadas;
2020-04-15 17:38:20;51  991007551;0.0;Adicional por Ligacoes Realizadas;
2020-04-15 17:34:54;51  992592870;0.0;Adicional por Ligacoes Realizadas;
2020-04-15 17:33:47;13  982033012;0.0;Adicional por Ligacoes Realizadas;
2020-04-15 17:31:10;51  999447583;0.0;Adicional por Ligacoes Realizadas;
2020-04-15 17:25:02;13  982033012;0.0;Adicional por Ligacoes Realizadas;
2020-04-15 17:20:44;51  999447583;0.0;Adicional por Ligacoes Realizadas;
2020-04-15 16:42:14;51  995590460;0.0;Adicional por Ligacoes Realizadas;
2020-04-15 16:01:19;51  991202796;0.0;Adicional por Ligacoes Realizadas;
2020-04-15 15:46:55;13  32026565;0.0;Adicional por Ligacoes Realizadas;
2020-04-15 15:46:01;13  32026565;0.0;Adicional por Ligacoes Realizadas;
2020-04-15 14:48:01;13  32026565;0.0;Adicional por Ligacoes Realizadas;
2020-04-15 14:45:08;13  32026565;0.0;Adicional por Ligacoes Realizadas;
2020-04-15 14:40:50;51  992592870;0.0;Adicional por Ligacoes Realizadas;
2020-04-15 14:28:07;51  992592870;0.0;Adicional por Ligacoes Realizadas;
2020-04-15 13:08:01;51  991202796;0.0;Adicional por Ligacoes Realizadas;
2020-04-15 12:17:47;51  991202796;0.0;Adicional por Ligacoes Realizadas;
2020-04-15 12:08:40;51  992592870;0.0;Adicional por Ligacoes Realizadas;
2020-04-15 12:03:54;51  995838788;0.0;Adicional por Ligacoes Realizadas;
2020-04-15 11:45:25;51  992592629;0.0;Adicional por Ligacoes Realizadas;
2020-04-15 09:54:36;51  995590460;0.0;Adicional por Ligacoes Realizadas;
2020-04-15 09:52:09;51  995590460;0.0;Adicional por Ligacoes Realizadas;
2020-04-15 09:41:18;51  992592870;0.0;Adicional por Ligacoes Realizadas;
2020-04-15 09:30:23;51  991007551;0.0;Adicional por Ligacoes Realizadas;
2020-04-15 07:52:21;51  991202796;0.0;Adicional por Ligacoes Realizadas;
2020-04-14 17:20:32;51  991202796;0.0;Adicional por Ligacoes Realizadas;
2020-04-14 15:41:00;51  992592870;0.0;Adicional por Ligacoes Realizadas;
2020-04-14 15:38:53;51  991007551;0.0;Adicional por Ligacoes Realizadas;
2020-04-14 15:24:50;13  32026565;0.0;Adicional por Ligacoes Realizadas;
2020-04-14 14:49:58;13  32026565;0.0;Adicional por Ligacoes Realizadas;
2020-04-14 14:47:09;13  32026565;0.0;Adicional por Ligacoes Realizadas;
2020-04-14 14:37:20;13  32026565;0.0;Adicional por Ligacoes Realizadas;
2020-04-14 14:33:44;13  32026565;0.0;Adicional por Ligacoes Realizadas;
2020-04-14 13:23:57;51  992592870;0.0;Adicional por Ligacoes Realizadas;
2020-04-14 13:21:57;51  991007551;0.0;Adicional por Ligacoes Realizadas;
2020-04-14 13:01:31;11  46214570;0.0;Adicional por Ligacoes Realizadas;
2020-04-14 11:51:35;51  991007551;0.0;Adicional por Ligacoes Realizadas;
2020-04-14 11:48:17;13  997967212;0.0;Adicional por Ligacoes Realizadas;
2020-04-14 11:43:01;13  32026565;0.0;Adicional por Ligacoes Realizadas;
2020-04-14 10:49:21;13  32283804;0.0;Adicional por Ligacoes Realizadas;
2020-04-14 10:46:59;51  992592870;0.0;Adicional por Ligacoes Realizadas;
2020-04-14 10:37:20;51  991202796;0.0;Adicional por Ligacoes Realizadas;
2020-04-13 17:31:29;51  991007551;0.0;Adicional por Ligacoes Realizadas;
2020-04-13 17:18:09;51  991007551;0.0;Adicional por Ligacoes Realizadas;
2020-04-13 16:57:39;51  992592870;0.0;Adicional por Ligacoes Realizadas;
2020-04-13 16:41:24;11  982816625;0.0;Adicional por Ligacoes Realizadas;
2020-04-13 16:26:27;51  992592870;0.0;Adicional por Ligacoes Realizadas;
2020-04-13 16:20:14;13  991828267;0.0;Adicional por Ligacoes Realizadas;
2020-04-13 16:06:22;13  991828267;0.0;Adicional por Ligacoes Realizadas;
2020-04-13 16:05:05;51  992592870;0.0;Adicional por Ligacoes Realizadas;
2020-04-13 15:04:42;11  950570291;0.0;Adicional por Ligacoes Realizadas;
2020-04-13 14:54:29;51  992592870;0.0;Adicional por Ligacoes Realizadas;
2020-04-13 14:14:57;51  995590460;0.0;Adicional por Ligacoes Realizadas;
2020-04-09 16:53:17;51  992592870;0.0;Adicional por Ligacoes Realizadas;
2020-04-09 16:51:41;11  46214545;0.0;Adicional por Ligacoes Realizadas;
2020-04-09 16:47:40;13  997967212;0.0;Adicional por Ligacoes Realizadas;
2020-04-09 16:46:06;51  992592870;0.0;Adicional por Ligacoes Realizadas;
2020-04-09 16:18:19;11  46214545;0.0;Adicional por Ligacoes Realizadas;
2020-04-09 15:07:28;51  991202796;0.0;Adicional por Ligacoes Realizadas;
2020-04-09 14:17:26;38  992065238;0.0;Adicional por Ligacoes Realizadas;
2020-04-09 14:13:22;38  991500062;0.0;Adicional por Ligacoes Realizadas;
2020-04-01 16:19:16;"";1.0;ADICIONAL;0.00
2020-04-01 15:37:19;"";1.0;ADICIONAL;0.00
2020-04-01 11:47:39;"";1.0;ADICIONAL;0.00
2020-04-01 11:23:51;"";1.0;ADICIONAL;0.00
2020-04-01 10:32:11;"";1.0;ADICIONAL;0.00
2020-04-01 09:25:22;"";1.0;ADICIONAL;0.00
2020-04-30 16:46:16;"";1.0;ADICIONAL;0.00
2020-04-30 16:20:13;"";1.0;ADICIONAL;0.00
2020-04-30 09:35:35;"";1.0;ADICIONAL;0.00
2020-04-30 08:18:02;"";1.0;ADICIONAL;0.00
2020-04-29 17:44:44;"";1.0;ADICIONAL;0.00
2020-04-29 16:42:44;"";1.0;ADICIONAL;0.00
2020-04-29 15:38:39;"";1.0;ADICIONAL;0.00
2020-04-29 13:24:28;"";1.0;ADICIONAL;0.00
2020-04-29 09:41:15;"";1.0;ADICIONAL;0.00
2020-04-28 16:36:06;"";1.0;ADICIONAL;0.00
2020-04-28 16:05:57;"";1.0;ADICIONAL;0.00
2020-04-28 16:04:38;"";1.0;ADICIONAL;0.00
2020-04-28 15:44:54;"";1.0;ADICIONAL;0.00
2020-04-28 14:46:19;"";1.0;ADICIONAL;0.00
2020-04-28 13:26:33;"";1.0;ADICIONAL;0.00
2020-04-28 11:36:59;"";1.0;ADICIONAL;0.00
2020-04-28 10:58:15;"";1.0;ADICIONAL;0.00
2020-04-28 10:28:07;"";1.0;ADICIONAL;0.00
2020-04-28 09:24:20;"";1.0;ADICIONAL;0.00
2020-04-28 09:10:19;"";1.0;ADICIONAL;0.00
2020-04-27 16:39:18;"";1.0;ADICIONAL;0.00
2020-04-14 12:13:19;"";1.0;ADICIONAL;0.00
2020-04-14 11:44:47;1146214570;1.0;ADICIONAL;0.00
2020-04-14 11:08:30;"";1.0;ADICIONAL;0.00
2020-04-14 11:00:55;"";1.0;ADICIONAL;0.00
2020-04-14 10:32:34;"";1.0;ADICIONAL;0.00
2020-04-13 18:15:34;"";1.0;ADICIONAL;0.00
2020-04-13 18:05:21;"";1.0;ADICIONAL;0.00
2020-04-13 17:57:16;"";1.0;ADICIONAL;0.00
2020-04-13 15:31:31;11950570291;1.0;ADICIONAL;0.00
2020-04-13 14:46:07;"";1.0;ADICIONAL;0.00
2020-04-13 14:15:45;"";1.0;ADICIONAL;0.00
2020-04-09 15:55:58;"";1.0;ADICIONAL;0.00
2020-04-09 15:02:09;"";1.0;ADICIONAL;0.00
2020-04-09 14:47:27;"";1.0;ADICIONAL;0.00
2020-04-09 14:41:24;"";1.0;ADICIONAL;0.00
2020-04-09 14:40:24;"";1.0;ADICIONAL;0.00
2020-04-09 14:14:13;"";1.0;ADICIONAL;0.00
2020-04-09 13:25:30;"";1.0;ADICIONAL;0.00
2020-04-09 11:54:08;"";1.0;ADICIONAL;0.00
2020-04-09 11:29:24;"";1.0;ADICIONAL;0.00
2020-04-09 09:25:24;"";1.0;ADICIONAL;0.00
2020-04-09 08:47:25;"";1.0;ADICIONAL;0.00
2020-04-08 14:23:35;"";1.0;ADICIONAL;0.00
2020-04-08 10:18:17;"";1.0;ADICIONAL;0.00
2020-04-06 10:26:02;"";1.0;ADICIONAL;0.00
2020-04-06 10:09:45;"";1.0;ADICIONAL;0.00
2020-04-06 07:56:33;"";1.0;ADICIONAL;0.00
2020-04-03 15:08:02;"";1.0;ADICIONAL;0.00
2020-04-03 11:16:46;"";1.0;ADICIONAL;0.00
2020-04-02 15:39:36;"";1.0;ADICIONAL;0.00
2020-04-02 14:40:00;"";1.0;ADICIONAL;0.00
2020-04-02 14:17:01;"";1.0;ADICIONAL;0.00
2020-04-02 10:35:59;"";1.0;ADICIONAL;0.00
2020-04-02 07:47:33;"";1.0;ADICIONAL;0.00
2020-04-09 14:10:57;38  991500061;0.0;Adicional por Ligacoes Realizadas;
2020-04-09 11:58:16;51  991007551;0.0;Adicional por Ligacoes Realizadas;
2020-04-09 11:51:32;11  982816625;0.0;Adicional por Ligacoes Realizadas;
2020-04-09 11:44:39;13  997967212;0.0;Adicional por Ligacoes Realizadas;
2020-04-09 11:37:06;51  30324900;0.0;Adicional por Ligacoes Realizadas;
2020-04-09 11:08:32;51  992592870;0.0;Adicional por Ligacoes Realizadas;
2020-04-09 10:31:44;11  982816625;0.0;Adicional por Ligacoes Realizadas;
2020-04-08 14:46:26;51  992592870;0.0;Adicional por Ligacoes Realizadas;
2020-04-08 14:02:13;51  992592870;0.0;Adicional por Ligacoes Realizadas;
2020-04-08 12:46:14;51  992592870;0.0;Adicional por Ligacoes Realizadas;
2020-04-08 11:22:26;13  32864345;0.0;Adicional por Ligacoes Realizadas;
2020-04-08 11:20:38;13  32864345;0.0;Adicional por Ligacoes Realizadas;
2020-04-08 11:13:58;13  32321145;0.0;Adicional por Ligacoes Realizadas;
2020-04-07 13:44:08;13  974084814;0.0;Adicional por Ligacoes Realizadas;
2020-04-07 10:35:52;51  998331892;0.0;Adicional por Ligacoes Realizadas;
2020-04-07 10:29:06;51  991202796;0.0;Adicional por Ligacoes Realizadas;
2020-04-07 09:35:53;15  996580266;0.0;Adicional por Ligacoes Realizadas;
2020-04-06 17:56:39;53  999782092;0.0;Adicional por Ligacoes Realizadas;
2020-04-06 16:39:23;51  991202796;0.0;Adicional por Ligacoes Realizadas;
2020-04-06 16:38:13;13  32099100;0.0;Adicional por Ligacoes Realizadas;
2020-04-06 16:20:04;51  991202796;0.0;Adicional por Ligacoes Realizadas;
2020-04-06 11:24:01;51  995590460;0.0;Adicional por Ligacoes Realizadas;
2020-04-06 09:44:29;53  999782092;0.0;Adicional por Ligacoes Realizadas;
2020-04-03 16:52:45;51  992592870;0.0;Adicional por Ligacoes Realizadas;
2020-04-03 16:43:46;51  993555430;0.0;Adicional por Ligacoes Realizadas;
2020-04-03 15:18:34;51  998331892;0.0;Adicional por Ligacoes Realizadas;
2020-04-03 13:30:19;13  991026348;0.0;Adicional por Ligacoes Realizadas;
2020-04-03 13:28:28;15  996580266;0.0;Adicional por Ligacoes Realizadas;
2020-04-03 11:26:57;51  992592754;0.0;Adicional por Ligacoes Realizadas;
2020-04-03 11:20:38;51  992592870;0.0;Adicional por Ligacoes Realizadas;
2020-04-02 15:45:08;51  991202796;0.0;Adicional por Ligacoes Realizadas;
2020-04-02 14:47:01;51  992592870;0.0;Adicional por Ligacoes Realizadas;
2020-04-02 11:26:27;13  991026348;0.0;Adicional por Ligacoes Realizadas;
2020-04-02 11:17:22;13  33073426;0.0;Adicional por Ligacoes Realizadas;
2020-04-02 09:39:44;13  991026348;0.0;Adicional por Ligacoes Realizadas;
2020-04-02 09:36:42;15  996580266;0.0;Adicional por Ligacoes Realizadas;
2020-04-30 16:46:16;    ;23.0;Chamadas de Longa Distancia para Outros Estados;
2020-04-30 16:20:13;    ;95.0;Chamadas de Longa Distancia para Outros Estados;
2020-04-30 09:35:35;    ;8.0;Chamadas de Longa Distancia para Outros Estados;
2020-04-30 08:18:02;    ;25.0;Chamadas de Longa Distancia para Outros Estados;
2020-04-29 17:44:44;    ;5.0;Chamadas de Longa Distancia para Outros Estados;
2020-04-29 16:42:44;    ;617.0;Chamadas de Longa Distancia para Outros Estados;
2020-04-29 15:38:39;    ;18.0;Chamadas de Longa Distancia para Outros Estados;
2020-04-29 13:24:28;    ;39.0;Chamadas de Longa Distancia para Outros Estados;
2020-04-29 09:41:15;    ;37.0;Chamadas de Longa Distancia para Outros Estados;
2020-04-28 16:36:06;    ;20.0;Chamadas de Longa Distancia para Outros Estados;
2020-04-28 16:05:57;    ;43.0;Chamadas de Longa Distancia para Outros Estados;
2020-04-28 16:04:38;    ;13.0;Chamadas de Longa Distancia para Outros Estados;
2020-04-28 15:44:54;    ;46.0;Chamadas de Longa Distancia para Outros Estados;
2020-04-28 14:46:19;    ;91.0;Chamadas de Longa Distancia para Outros Estados;
2020-04-28 13:26:33;    ;23.0;Chamadas de Longa Distancia para Outros Estados;
2020-04-28 11:36:59;    ;22.0;Chamadas de Longa Distancia para Outros Estados;
2020-04-28 10:58:15;    ;47.0;Chamadas de Longa Distancia para Outros Estados;
2020-04-28 10:28:07;    ;11.0;Chamadas de Longa Distancia para Outros Estados;
2020-04-28 09:24:20;    ;94.0;Chamadas de Longa Distancia para Outros Estados;
2020-04-28 09:10:19;    ;31.0;Chamadas de Longa Distancia para Outros Estados;
2020-04-27 16:39:18;    ;31.0;Chamadas de Longa Distancia para Outros Estados;
2020-04-27 16:34:47;    ;17.0;Chamadas de Longa Distancia para Outros Estados;
2020-04-27 10:27:56;    ;15.0;Chamadas de Longa Distancia para Outros Estados;
2020-04-24 15:53:15;    ;36.0;Chamadas de Longa Distancia para Outros Estados;
2020-04-24 13:43:35;    ;13.0;Chamadas de Longa Distancia para Outros Estados;
2020-04-23 17:25:57;    ;9.0;Chamadas de Longa Distancia para Outros Estados;
2020-04-23 16:54:50;    ;5.0;Chamadas de Longa Distancia para Outros Estados;
2020-04-23 14:20:12;    ;20.0;Chamadas de Longa Distancia para Outros Estados;
2020-04-23 14:14:54;    ;5.0;Chamadas de Longa Distancia para Outros Estados;
2020-04-23 13:57:28;    ;24.0;Chamadas de Longa Distancia para Outros Estados;
2020-04-23 13:56:07;19  21153750;12.0;Chamadas de Longa Distancia para Outros Estados;
2020-04-23 13:50:34;    ;5.0;Chamadas de Longa Distancia para Outros Estados;
2020-04-23 13:18:59;    ;7.0;Chamadas de Longa Distancia para Outros Estados;
2020-04-23 11:18:10;    ;18.0;Chamadas de Longa Distancia para Outros Estados;
2020-04-23 11:15:58;    ;6.0;Chamadas de Longa Distancia para Outros Estados;
2020-04-23 11:12:48;    ;14.0;Chamadas de Longa Distancia para Outros Estados;
2020-04-23 08:01:56;    ;56.0;Chamadas de Longa Distancia para Outros Estados;
2020-04-22 17:02:28;    ;11.0;Chamadas de Longa Distancia para Outros Estados;
2020-04-22 15:33:18;    ;48.0;Chamadas de Longa Distancia para Outros Estados;
2020-04-22 13:44:08;    ;16.0;Chamadas de Longa Distancia para Outros Estados;
2020-04-22 13:32:34;    ;60.0;Chamadas de Longa Distancia para Outros Estados;
2020-04-21 14:27:31;    ;18.0;Chamadas de Longa Distancia para Outros Estados;
2020-04-21 13:38:38;    ;29.0;Chamadas de Longa Distancia para Outros Estados;
2020-04-21 13:21:43;    ;6.0;Chamadas de Longa Distancia para Outros Estados;
2020-04-21 09:54:22;    ;87.0;Chamadas de Longa Distancia para Outros Estados;
2020-04-17 15:25:37;    ;20.0;Chamadas de Longa Distancia para Outros Estados;
2020-04-17 14:17:15;    ;20.0;Chamadas de Longa Distancia para Outros Estados;
2020-04-17 12:05:17;    ;12.0;Chamadas de Longa Distancia para Outros Estados;
2020-04-17 12:03:10;    ;6.0;Chamadas de Longa Distancia para Outros Estados;
2020-04-17 10:47:11;    ;8.0;Chamadas de Longa Distancia para Outros Estados;
2020-04-17 10:36:38;    ;17.0;Chamadas de Longa Distancia para Outros Estados;
2020-04-17 09:55:16;    ;35.0;Chamadas de Longa Distancia para Outros Estados;
2020-04-16 15:43:46;    ;20.0;Chamadas de Longa Distancia para Outros Estados;
2020-04-16 12:00:41;    ;7.0;Chamadas de Longa Distancia para Outros Estados;
2020-04-16 11:25:37;    ;18.0;Chamadas de Longa Distancia para Outros Estados;
2020-04-16 09:38:19;    ;17.0;Chamadas de Longa Distancia para Outros Estados;
2020-04-16 09:13:33;    ;111.0;Chamadas de Longa Distancia para Outros Estados;
2020-04-15 15:56:29;    ;15.0;Chamadas de Longa Distancia para Outros Estados;
2020-04-15 11:41:55;    ;26.0;Chamadas de Longa Distancia para Outros Estados;
2020-04-15 09:48:47;    ;30.0;Chamadas de Longa Distancia para Outros Estados;
2020-04-15 09:24:41;    ;27.0;Chamadas de Longa Distancia para Outros Estados;
2020-04-15 07:31:36;    ;5.0;Chamadas de Longa Distancia para Outros Estados;
2020-04-14 20:38:33;    ;71.0;Chamadas de Longa Distancia para Outros Estados;
2020-04-14 15:06:15;    ;31.0;Chamadas de Longa Distancia para Outros Estados;
2020-04-14 12:32:38;    ;13.0;Chamadas de Longa Distancia para Outros Estados;
2020-04-14 12:13:19;    ;37.0;Chamadas de Longa Distancia para Outros Estados;
2020-04-14 11:44:47;11  46214570;20.0;Chamadas de Longa Distancia para Outros Estados;
2020-04-14 11:08:30;    ;219.0;Chamadas de Longa Distancia para Outros Estados;
2020-04-14 11:00:55;    ;35.0;Chamadas de Longa Distancia para Outros Estados;
2020-04-14 10:32:34;    ;20.0;Chamadas de Longa Distancia para Outros Estados;
2020-04-13 18:15:34;    ;163.0;Chamadas de Longa Distancia para Outros Estados;
2020-04-13 18:05:21;    ;33.0;Chamadas de Longa Distancia para Outros Estados;
2020-04-13 17:57:16;    ;29.0;Chamadas de Longa Distancia para Outros Estados;
2020-04-13 15:31:31;11  950570291;26.0;Chamadas de Longa Distancia para Outros Estados;
2020-04-13 14:46:07;    ;33.0;Chamadas de Longa Distancia para Outros Estados;
2020-04-13 14:15:45;    ;24.0;Chamadas de Longa Distancia para Outros Estados;
2020-04-09 15:55:58;    ;13.0;Chamadas de Longa Distancia para Outros Estados;
2020-04-09 15:02:09;    ;5.0;Chamadas de Longa Distancia para Outros Estados;
2020-04-09 14:47:27;    ;96.0;Chamadas de Longa Distancia para Outros Estados;
2020-04-09 14:41:24;    ;8.0;Chamadas de Longa Distancia para Outros Estados;
2020-04-09 14:40:24;    ;8.0;Chamadas de Longa Distancia para Outros Estados;
2020-04-09 14:14:13;    ;13.0;Chamadas de Longa Distancia para Outros Estados;
2020-04-09 13:25:30;    ;54.0;Chamadas de Longa Distancia para Outros Estados;
2020-04-09 11:54:08;    ;34.0;Chamadas de Longa Distancia para Outros Estados;
2020-04-09 11:29:24;    ;12.0;Chamadas de Longa Distancia para Outros Estados;
2020-04-09 09:25:24;    ;13.0;Chamadas de Longa Distancia para Outros Estados;
2020-04-09 08:47:25;    ;22.0;Chamadas de Longa Distancia para Outros Estados;
2020-04-08 14:23:35;    ;32.0;Chamadas de Longa Distancia para Outros Estados;
2020-04-08 10:18:17;    ;30.0;Chamadas de Longa Distancia para Outros Estados;
2020-04-06 10:26:02;    ;19.0;Chamadas de Longa Distancia para Outros Estados;
2020-04-06 10:09:45;    ;5.0;Chamadas de Longa Distancia para Outros Estados;
2020-04-06 07:56:33;    ;34.0;Chamadas de Longa Distancia para Outros Estados;
2020-04-03 15:08:02;    ;5.0;Chamadas de Longa Distancia para Outros Estados;
2020-04-03 11:16:46;    ;13.0;Chamadas de Longa Distancia para Outros Estados;
2020-04-02 15:39:36;    ;44.0;Chamadas de Longa Distancia para Outros Estados;
2020-04-02 14:40:00;    ;18.0;Chamadas de Longa Distancia para Outros Estados;
2020-04-02 14:17:01;    ;62.0;Chamadas de Longa Distancia para Outros Estados;
2020-04-02 10:35:59;    ;20.0;Chamadas de Longa Distancia para Outros Estados;
2020-04-02 07:47:33;    ;28.0;Chamadas de Longa Distancia para Outros Estados;
2020-04-01 16:19:16;    ;31.0;Chamadas de Longa Distancia para Outros Estados;
2020-04-01 15:37:19;    ;30.0;Chamadas de Longa Distancia para Outros Estados;
2020-04-01 11:47:39;    ;97.0;Chamadas de Longa Distancia para Outros Estados;
2020-04-01 11:23:51;    ;35.0;Chamadas de Longa Distancia para Outros Estados;
2020-04-01 10:32:11;    ;18.0;Chamadas de Longa Distancia para Outros Estados;
2020-04-01 09:25:22;    ;63.0;Chamadas de Longa Distancia para Outros Estados;
2020-04-18 23:05:54;*5  55;5.0;"";
2020-04-30 09:46:53;13  21018022;6.0;Para Fixo de Outras Operadoras;
2020-04-29 12:20:17;13  33017870;5.0;Para Fixo de Outras Operadoras;
2020-04-28 11:44:48;13  40101000;41.0;Para Fixo de Outras Operadoras;
2020-04-08 11:22:26;13  32864345;25.0;Para Fixo de Outras Operadoras;
2020-04-08 11:20:38;13  32864345;5.0;Para Fixo de Outras Operadoras;
2020-04-08 11:13:58;13  32321145;21.0;Para Fixo de Outras Operadoras;
2020-04-02 11:17:22;13  33073426;7.0;Para Fixo de Outras Operadoras;
2020-04-29 11:17:55;13  991828267;26.0;Para Celulares de Outras Operadoras;
2020-04-29 11:03:48;13  991828267;95.0;Para Celulares de Outras Operadoras;
2020-04-28 16:02:57;13  982033012;5.0;Para Celulares de Outras Operadoras;
2020-04-28 15:07:14;13  982033012;23.0;Para Celulares de Outras Operadoras;
2020-04-28 14:14:54;13  981152086;38.0;Para Celulares de Outras Operadoras;
2020-04-27 16:34:47;"";1.0;ADICIONAL;0.00
2020-04-27 10:27:56;"";1.0;ADICIONAL;0.00
2020-04-24 15:53:15;"";1.0;ADICIONAL;0.00
2020-04-24 13:43:35;"";1.0;ADICIONAL;0.00
2020-04-23 17:25:57;"";1.0;ADICIONAL;0.00
2020-04-23 16:54:50;"";1.0;ADICIONAL;0.00
2020-04-23 14:20:12;"";1.0;ADICIONAL;0.00
2020-04-23 14:14:54;"";1.0;ADICIONAL;0.00
2020-04-23 13:57:28;"";1.0;ADICIONAL;0.00
2020-04-23 13:56:07;1921153750;1.0;ADICIONAL;0.00
2020-04-23 13:50:34;"";1.0;ADICIONAL;0.00
2020-04-23 13:18:59;"";1.0;ADICIONAL;0.00
2020-04-23 11:18:10;"";1.0;ADICIONAL;0.00
2020-04-23 11:15:58;"";1.0;ADICIONAL;0.00
2020-04-23 11:12:48;"";1.0;ADICIONAL;0.00
2020-04-23 08:01:56;"";1.0;ADICIONAL;0.00
2020-04-22 17:02:28;"";1.0;ADICIONAL;0.00
2020-04-22 15:33:18;"";1.0;ADICIONAL;0.00
2020-04-22 13:44:08;"";1.0;ADICIONAL;0.00
2020-04-22 13:32:34;"";1.0;ADICIONAL;0.00
2020-04-21 14:27:31;"";1.0;ADICIONAL;0.00
2020-04-21 13:38:38;"";1.0;ADICIONAL;0.00
2020-04-21 13:21:43;"";1.0;ADICIONAL;0.00
2020-04-21 09:54:22;"";1.0;ADICIONAL;0.00
2020-04-17 15:25:37;"";1.0;ADICIONAL;0.00
2020-04-17 14:17:15;"";1.0;ADICIONAL;0.00
2020-04-17 12:05:17;"";1.0;ADICIONAL;0.00
2020-04-17 12:03:10;"";1.0;ADICIONAL;0.00
2020-04-17 10:47:11;"";1.0;ADICIONAL;0.00
2020-04-17 10:36:38;"";1.0;ADICIONAL;0.00
2020-04-17 09:55:16;"";1.0;ADICIONAL;0.00
2020-04-16 15:43:46;"";1.0;ADICIONAL;0.00
2020-04-16 12:00:41;"";1.0;ADICIONAL;0.00
2020-04-16 11:25:37;"";1.0;ADICIONAL;0.00
2020-04-16 09:38:19;"";1.0;ADICIONAL;0.00
2020-04-16 09:13:33;"";1.0;ADICIONAL;0.00
2020-04-15 15:56:29;"";1.0;ADICIONAL;0.00
2020-04-15 11:41:55;"";1.0;ADICIONAL;0.00
2020-04-15 09:48:47;"";1.0;ADICIONAL;0.00
2020-04-15 09:24:41;"";1.0;ADICIONAL;0.00
2020-04-15 07:31:36;"";1.0;ADICIONAL;0.00
2020-04-14 20:38:33;"";1.0;ADICIONAL;0.00
2020-04-14 15:06:15;"";1.0;ADICIONAL;0.00
2020-04-14 12:32:38;"";1.0;ADICIONAL;0.00
2020-04-21 17:42:05;53  999782092;25.0;Para Celulares Vivo;
2020-04-21 09:04:09;51  995838788;5.0;Para Celulares Vivo;
2020-04-21 09:00:01;51  995838788;30.0;Para Celulares Vivo;
2020-04-17 13:12:31;51  992592870;18.0;Para Celulares Vivo;
2020-04-16 18:11:06;51  995590460;147.0;Para Celulares Vivo;
2020-04-16 13:52:42;51  991007551;20.0;Para Celulares Vivo;
2020-04-16 10:18:53;51  991202796;12.0;Para Celulares Vivo;
2020-04-16 10:05:36;51  991202796;40.0;Para Celulares Vivo;
2020-04-15 17:50:11;51  992592870;35.0;Para Celulares Vivo;
2020-04-15 17:42:28;51  995590460;54.0;Para Celulares Vivo;
2020-04-15 17:38:20;51  991007551;24.0;Para Celulares Vivo;
2020-04-15 17:34:54;51  992592870;16.0;Para Celulares Vivo;
2020-04-15 16:42:14;51  995590460;62.0;Para Celulares Vivo;
2020-04-15 16:01:19;51  991202796;37.0;Para Celulares Vivo;
2020-04-15 14:40:50;51  992592870;20.0;Para Celulares Vivo;
2020-04-15 14:28:07;51  992592870;5.0;Para Celulares Vivo;
2020-04-15 13:08:01;51  991202796;43.0;Para Celulares Vivo;
2020-04-15 12:17:47;51  991202796;9.0;Para Celulares Vivo;
2020-04-15 12:08:40;51  992592870;28.0;Para Celulares Vivo;
2020-04-15 12:03:54;51  995838788;19.0;Para Celulares Vivo;
2020-04-15 11:45:25;51  992592629;180.0;Para Celulares Vivo;
2020-04-15 09:54:36;51  995590460;5.0;Para Celulares Vivo;
2020-04-15 09:52:09;51  995590460;14.0;Para Celulares Vivo;
2020-04-15 09:41:18;51  992592870;17.0;Para Celulares Vivo;
2020-04-15 09:30:23;51  991007551;5.0;Para Celulares Vivo;
2020-04-15 07:52:21;51  991202796;11.0;Para Celulares Vivo;
2020-04-14 17:20:32;51  991202796;9.0;Para Celulares Vivo;
2020-04-14 15:41:00;51  992592870;5.0;Para Celulares Vivo;
2020-04-14 15:38:53;51  991007551;11.0;Para Celulares Vivo;
2020-04-14 13:23:57;51  992592870;19.0;Para Celulares Vivo;
2020-04-14 13:21:57;51  991007551;14.0;Para Celulares Vivo;
2020-04-14 11:51:35;51  991007551;8.0;Para Celulares Vivo;
2020-04-14 10:46:59;51  992592870;17.0;Para Celulares Vivo;
2020-04-14 10:37:20;51  991202796;63.0;Para Celulares Vivo;
2020-04-13 17:31:29;51  991007551;23.0;Para Celulares Vivo;
2020-04-13 17:18:09;51  991007551;62.0;Para Celulares Vivo;
2020-04-13 16:57:39;51  992592870;27.0;Para Celulares Vivo;
2020-04-13 16:26:27;51  992592870;5.0;Para Celulares Vivo;
2020-04-13 16:05:05;51  992592870;7.0;Para Celulares Vivo;
2020-04-13 14:54:29;51  992592870;19.0;Para Celulares Vivo;
2020-04-13 14:14:57;51  995590460;7.0;Para Celulares Vivo;
2020-04-09 16:53:17;51  992592870;5.0;Para Celulares Vivo;
2020-04-09 16:46:06;51  992592870;6.0;Para Celulares Vivo;
2020-04-09 15:07:28;51  991202796;14.0;Para Celulares Vivo;
2020-04-09 11:58:16;51  991007551;84.0;Para Celulares Vivo;
2020-04-09 11:08:32;51  992592870;43.0;Para Celulares Vivo;
2020-04-08 14:46:26;51  992592870;5.0;Para Celulares Vivo;
2020-04-08 14:02:13;51  992592870;6.0;Para Celulares Vivo;
2020-04-08 12:46:14;51  992592870;18.0;Para Celulares Vivo;
2020-04-07 10:35:52;51  998331892;14.0;Para Celulares Vivo;
2020-04-07 10:29:06;51  991202796;6.0;Para Celulares Vivo;
2020-04-06 17:56:39;53  999782092;16.0;Para Celulares Vivo;
2020-04-06 16:39:23;51  991202796;28.0;Para Celulares Vivo;
2020-04-06 16:20:04;51  991202796;48.0;Para Celulares Vivo;
2020-04-06 11:24:01;51  995590460;18.0;Para Celulares Vivo;
2020-04-06 09:44:29;53  999782092;30.0;Para Celulares Vivo;
2020-04-03 16:52:45;51  992592870;5.0;Para Celulares Vivo;
2020-04-28 09:59:12;13  974141573;22.0;Para Celulares de Outras Operadoras;
2020-04-23 15:53:55;13  988413467;7.0;Para Celulares de Outras Operadoras;
2020-04-17 15:31:12;13  988413467;6.0;Para Celulares de Outras Operadoras;
2020-04-17 14:31:33;13  988413467;11.0;Para Celulares de Outras Operadoras;
2020-04-16 12:11:29;13  982033012;7.0;Para Celulares de Outras Operadoras;
2020-04-16 12:01:40;13  982033012;38.0;Para Celulares de Outras Operadoras;
2020-04-15 17:33:47;13  982033012;7.0;Para Celulares de Outras Operadoras;
2020-04-15 17:25:02;13  982033012;29.0;Para Celulares de Outras Operadoras;
2020-04-13 16:20:14;13  991828267;31.0;Para Celulares de Outras Operadoras;
2020-04-13 16:06:22;13  991828267;100.0;Para Celulares de Outras Operadoras;
2020-04-07 13:44:08;13  974084814;7.0;Para Celulares de Outras Operadoras;
2020-04-03 13:30:19;13  991026348;10.0;Para Celulares de Outras Operadoras;
2020-04-02 11:26:27;13  991026348;34.0;Para Celulares de Outras Operadoras;
2020-04-02 09:39:44;13  991026348;6.0;Para Celulares de Outras Operadoras;
2020-04-29 11:23:05;13  32026565;73.0;Para Fixo Vivo;
2020-04-15 15:46:55;13  32026565;19.0;Para Fixo Vivo;
2020-04-15 15:46:01;13  32026565;7.0;Para Fixo Vivo;
2020-04-15 14:48:01;13  32026565;12.0;Para Fixo Vivo;
2020-04-15 14:45:08;13  32026565;25.0;Para Fixo Vivo;
2020-04-14 15:24:50;13  32026565;32.0;Para Fixo Vivo;
2020-04-14 14:49:58;13  32026565;9.0;Para Fixo Vivo;
2020-04-14 14:47:09;13  32026565;25.0;Para Fixo Vivo;
2020-04-14 14:37:20;13  32026565;50.0;Para Fixo Vivo;
2020-04-14 14:33:44;13  32026565;34.0;Para Fixo Vivo;
2020-04-14 11:43:01;13  32026565;13.0;Para Fixo Vivo;
2020-04-14 10:49:21;13  32283804;16.0;Para Fixo Vivo;
2020-04-06 16:38:13;13  32099100;5.0;Para Fixo Vivo;
2020-04-29 14:16:51;13  988785775;5.0;Para Celulares Vivo;
2020-04-14 11:48:17;13  997967212;20.0;Para Celulares Vivo;
2020-04-09 16:47:40;13  997967212;22.0;Para Celulares Vivo;
2020-04-09 11:44:39;13  997967212;44.0;Para Celulares Vivo;
2020-04-03;"";1228.8;INTERNET MOVEL 2;0.00
2020-04-04;"";74.0;INTERNET MOVEL 2;0.00
2020-04-05;"";130.0;INTERNET MOVEL 2;0.00
2020-04-06;"";30634.1;INTERNET MOVEL 2;0.00
2020-04-07;"";1846.1;INTERNET MOVEL 2;0.00
2020-04-08;"";21359.2;INTERNET MOVEL 2;0.00
2020-04-09;"";1244.0;INTERNET MOVEL 2;0.00
2020-04-12;"";3593.2;INTERNET MOVEL 2;0.00
2020-04-13;"";389.0;INTERNET MOVEL 2;0.00
2020-04-14;"";5272.6;INTERNET MOVEL 2;0.00
2020-04-15;"";910.0;INTERNET MOVEL 2;0.00
2020-04-16;"";357.0;INTERNET MOVEL 2;0.00
2020-04-17;"";59531.6;INTERNET MOVEL 2;0.00
2020-04-22;"";3047.2;INTERNET MOVEL 2;0.00
2020-04-23;"";58.0;INTERNET MOVEL 2;0.00
2020-04-24;"";2574.7;INTERNET MOVEL 2;0.00
2020-04-25;"";1.0;INTERNET MOVEL 2;0.00
2020-04-26;"";44.0;INTERNET MOVEL 2;0.00
2020-04-27;"";1045.0;INTERNET MOVEL 2;0.00
2020-04-28;"";6.0;INTERNET MOVEL 2;0.00
2020-04-29;"";1080.4;INTERNET MOVEL 2;0.00
