data_hora_inicio;nro_telefone_chamado;duracao_ligacao;desc_categoria;valor_ligacao
2020-04-01 15:20:39;"";1.0;ADICIONAL;0.00
2020-04-01 15:18:43;"";1.0;ADICIONAL;0.00
2020-04-01 13:41:30;"";1.0;ADICIONAL;0.00
2020-04-01 09:32:31;"";1.0;ADICIONAL;0.00
2020-04-07 10:52:19;"";1.0;ADICIONAL;0.00
2020-04-07 09:56:50;"";1.0;ADICIONAL;0.00
2020-04-07 09:46:28;"";1.0;ADICIONAL;0.00
2020-04-06 19:59:26;"";1.0;ADICIONAL;0.00
2020-04-06 09:51:47;"";1.0;ADICIONAL;0.00
2020-04-03 18:37:01;"";1.0;ADICIONAL;0.00
2020-04-03 16:52:11;"";1.0;ADICIONAL;0.00
2020-04-03 15:46:20;"";1.0;ADICIONAL;0.00
2020-04-03 15:39:44;"";1.0;ADICIONAL;0.00
2020-04-03 14:21:32;"";1.0;ADICIONAL;0.00
2020-04-03 14:01:11;"";1.0;ADICIONAL;0.00
2020-04-03 13:43:39;"";1.0;ADICIONAL;0.00
2020-04-03 13:42:18;"";1.0;ADICIONAL;0.00
2020-04-03 13:33:25;"";1.0;ADICIONAL;0.00
2020-04-02 20:04:16;"";1.0;ADICIONAL;0.00
2020-04-02 15:15:18;"";1.0;ADICIONAL;0.00
2020-04-02 15:15:18;31992910944;1.0;GRATIS-SMS;0.00
2020-04-02 13:19:22;94988060797;1.0;GRATIS-SMS;0.00
2020-04-30 19:08:07;"";1.0;ADICIONAL;0.00
2020-04-30 18:51:51;"";1.0;ADICIONAL;0.00
2020-04-30 18:20:01;"";1.0;ADICIONAL;0.00
2020-04-30 18:11:03;"";1.0;ADICIONAL;0.00
2020-04-29 11:11:11;"";1.0;ADICIONAL;0.00
2020-04-29 09:18:12;"";1.0;ADICIONAL;0.00
2020-04-28 09:27:48;"";1.0;ADICIONAL;0.00
2020-04-27 16:50:14;"";1.0;ADICIONAL;0.00
2020-04-27 14:51:31;"";1.0;ADICIONAL;0.00
2020-04-27 11:20:44;"";1.0;ADICIONAL;0.00
2020-04-27 09:59:37;"";1.0;ADICIONAL;0.00
2020-04-24 15:12:46;"";1.0;ADICIONAL;0.00
2020-04-24 14:54:21;"";1.0;ADICIONAL;0.00
2020-04-24 14:19:45;"";1.0;ADICIONAL;0.00
2020-04-24 13:50:14;"";1.0;ADICIONAL;0.00
2020-04-24 10:44:12;"";1.0;ADICIONAL;0.00
2020-04-23 16:48:58;"";1.0;ADICIONAL;0.00
2020-04-23 09:10:32;"";1.0;ADICIONAL;0.00
2020-04-22 16:47:50;"";1.0;ADICIONAL;0.00
2020-04-22 15:54:51;"";1.0;ADICIONAL;0.00
2020-04-22 15:33:21;"";1.0;ADICIONAL;0.00
2020-04-22 15:09:39;"";1.0;ADICIONAL;0.00
2020-04-21 12:18:58;"";1.0;ADICIONAL;0.00
2020-04-18 17:11:26;"";1.0;ADICIONAL;0.00
2020-04-18 15:04:11;"";1.0;ADICIONAL;0.00
2020-04-17 13:28:04;"";1.0;ADICIONAL;0.00
2020-04-17 11:51:56;"";1.0;ADICIONAL;0.00
2020-04-17 10:36:34;"";1.0;ADICIONAL;0.00
2020-04-16 14:13:59;"";1.0;ADICIONAL;0.00
2020-04-14 17:12:25;"";1.0;ADICIONAL;0.00
2020-04-14 16:25:05;"";1.0;ADICIONAL;0.00
2020-04-14 12:18:16;"";1.0;ADICIONAL;0.00
2020-04-09 17:01:39;"";1.0;ADICIONAL;0.00
2020-04-09 15:30:41;"";1.0;ADICIONAL;0.00
2020-04-09 12:48:22;"";1.0;ADICIONAL;0.00
2020-04-08 18:59:08;"";1.0;ADICIONAL;0.00
2020-04-08 16:51:52;"";1.0;ADICIONAL;0.00
2020-04-08 15:56:37;"";1.0;ADICIONAL;0.00
2020-04-08 14:25:01;"";1.0;ADICIONAL;0.00
2020-04-08 13:58:28;"";1.0;ADICIONAL;0.00
2020-04-08 13:44:42;"";1.0;ADICIONAL;0.00
2020-04-08 13:31:22;"";1.0;ADICIONAL;0.00
2020-04-08 11:59:40;"";1.0;ADICIONAL;0.00
2020-04-07 19:01:54;"";1.0;ADICIONAL;0.00
2020-04-07 17:23:01;"";1.0;ADICIONAL;0.00
2020-04-07 15:46:13;"";1.0;ADICIONAL;0.00
2020-04-07 13:43:14;"";1.0;ADICIONAL;0.00
2020-04-07 12:39:06;"";1.0;ADICIONAL;0.00
2020-04-01 14:53:03;94  999726000;0.0;Adicional por Ligacoes Realizadas;
2020-04-01 14:38:19;31  984721338;0.0;Adicional por Ligacoes Realizadas;
2020-04-01 13:49:51;94  988060797;0.0;Adicional por Ligacoes Realizadas;
2020-04-01 10:25:38;94  33464858;0.0;Adicional por Ligacoes Realizadas;
2020-04-01 10:11:54;31  997649947;0.0;Adicional por Ligacoes Realizadas;
2020-04-01 09:28:59;94  991703268;0.0;Adicional por Ligacoes Realizadas;
2020-04-01 08:53:05;94  991703268;0.0;Adicional por Ligacoes Realizadas;
2020-04-01 10:25:38;94  33464858;26.0;Para Fixo de Outras Operadoras;
2020-04-01 13:49:51;94  988060797;14.0;Para Celulares de Outras Operadoras;
2020-04-01 14:53:03;94  999726000;7.0;Para Celulares Vivo;
2020-04-01 09:28:59;94  991703268;16.0;Para Celulares Vivo;
2020-04-01 08:53:05;94  991703268;39.0;Para Celulares Vivo;
2020-04-08 09:57:48;31  34574948;84.0;Para Fixo de Outras Operadoras;
2020-04-07 16:55:24;31  984526147;7.0;Para Celulares Vivo;
2020-04-06 17:04:46;31  983934517;33.0;Para Celulares Vivo;
2020-04-06 15:53:36;31  983934517;67.0;Para Celulares Vivo;
2020-04-02 16:16:59;31  992910944;16.0;Para Celulares Vivo;
2020-04-02 09:32:55;31  984526147;180.0;Para Celulares Vivo;
2020-04-01 10:11:54;31  997649947;107.0;Para Celulares Vivo;
2020-04-30 19:02:31;31  984526147;0.0;Adicional por Ligacoes Realizadas;
2020-04-30 17:43:16;08  006068686;0.0;Adicional por Ligacoes Realizadas;
2020-04-30 17:38:44;08  006068686;0.0;Adicional por Ligacoes Realizadas;
2020-04-30 17:36:31;08  006068686;0.0;Adicional por Ligacoes Realizadas;
2020-04-30 12:08:34;31  984526706;0.0;Adicional por Ligacoes Realizadas;
2020-04-29 11:25:52;94  991703268;0.0;Adicional por Ligacoes Realizadas;
2020-04-28 19:15:49;31  983934517;0.0;Adicional por Ligacoes Realizadas;
2020-04-28 18:22:54;94  988063796;0.0;Adicional por Ligacoes Realizadas;
2020-04-28 14:03:38;94  991703268;0.0;Adicional por Ligacoes Realizadas;
2020-04-28 08:14:03;31  983934517;0.0;Adicional por Ligacoes Realizadas;
2020-04-28 08:03:25;94  988063796;0.0;Adicional por Ligacoes Realizadas;
2020-04-27 16:43:01;31  997649947;0.0;Adicional por Ligacoes Realizadas;
2020-04-27 13:28:02;31  983934517;0.0;Adicional por Ligacoes Realizadas;
2020-04-27 11:28:14;31  984526147;0.0;Adicional por Ligacoes Realizadas;
2020-04-27 10:35:16;31  983934517;0.0;Adicional por Ligacoes Realizadas;
2020-04-27 10:04:24;94  988063796;0.0;Adicional por Ligacoes Realizadas;
2020-04-24 15:21:48;31  983934517;0.0;Adicional por Ligacoes Realizadas;
2020-04-24 14:49:21;94  40031141;0.0;Adicional por Ligacoes Realizadas;
2020-04-24 14:47:34;94  33271103;0.0;Adicional por Ligacoes Realizadas;
2020-04-24 11:05:27;31  983934517;0.0;Adicional por Ligacoes Realizadas;
2020-04-23 20:14:42;31  993079325;0.0;Adicional por Ligacoes Realizadas;
2020-04-23 18:48:12;31  988054991;0.0;Adicional por Ligacoes Realizadas;
2020-04-23 18:38:31;31  988054991;0.0;Adicional por Ligacoes Realizadas;
2020-04-23 15:18:36;31  983934517;0.0;Adicional por Ligacoes Realizadas;
2020-04-23 15:16:37;94  988060797;0.0;Adicional por Ligacoes Realizadas;
2020-04-23 15:10:52;31  983934517;0.0;Adicional por Ligacoes Realizadas;
2020-04-23 15:08:03;94  988060797;0.0;Adicional por Ligacoes Realizadas;
2020-04-23 14:21:03;94  988060797;0.0;Adicional por Ligacoes Realizadas;
2020-04-23 09:18:26;31  971297617;0.0;Adicional por Ligacoes Realizadas;
2020-04-23 09:15:34;31  997649947;0.0;Adicional por Ligacoes Realizadas;
2020-04-23 09:03:56;31  997649947;0.0;Adicional por Ligacoes Realizadas;
2020-04-22 19:47:25;94  33241383;0.0;Adicional por Ligacoes Realizadas;
2020-04-22 15:41:23;31  983934517;0.0;Adicional por Ligacoes Realizadas;
2020-04-22 14:54:00;31  983934517;0.0;Adicional por Ligacoes Realizadas;
2020-04-22 12:16:36;94  991703268;0.0;Adicional por Ligacoes Realizadas;
2020-04-22 09:16:34;31  997649947;0.0;Adicional por Ligacoes Realizadas;
2020-04-20 21:18:55;31  988054991;0.0;Adicional por Ligacoes Realizadas;
2020-04-20 20:43:22;31  988054991;0.0;Adicional por Ligacoes Realizadas;
2020-04-20 16:27:25;94  991638363;0.0;Adicional por Ligacoes Realizadas;
2020-04-20 16:23:17;94  33924514;0.0;Adicional por Ligacoes Realizadas;
2020-04-18 17:20:28;31  988054991;0.0;Adicional por Ligacoes Realizadas;
2020-04-18 11:37:42;31  983934517;0.0;Adicional por Ligacoes Realizadas;
2020-04-17 16:39:38;31  988943641;0.0;Adicional por Ligacoes Realizadas;
2020-04-17 16:33:08;31  983934517;0.0;Adicional por Ligacoes Realizadas;
2020-04-17 15:09:06;31  989359395;0.0;Adicional por Ligacoes Realizadas;
2020-04-17 08:07:53;31  984721338;0.0;Adicional por Ligacoes Realizadas;
2020-04-15 19:58:07;31  984052325;0.0;Adicional por Ligacoes Realizadas;
2020-04-15 19:04:50;31  984721338;0.0;Adicional por Ligacoes Realizadas;
2020-04-15 19:04:18;31  984721338;0.0;Adicional por Ligacoes Realizadas;
2020-04-15 15:20:53;94  991985858;0.0;Adicional por Ligacoes Realizadas;
2020-04-15 11:37:06;31  984721338;0.0;Adicional por Ligacoes Realizadas;
2020-04-15 09:41:33;94  991703268;0.0;Adicional por Ligacoes Realizadas;
2020-04-15 08:24:27;31  984721338;0.0;Adicional por Ligacoes Realizadas;
2020-04-14 16:31:45;94  991985858;0.0;Adicional por Ligacoes Realizadas;
2020-04-14 11:35:47;94  988060797;0.0;Adicional por Ligacoes Realizadas;
2020-04-13 19:15:47;31  984721338;0.0;Adicional por Ligacoes Realizadas;
2020-04-13 17:45:13;94  991703268;0.0;Adicional por Ligacoes Realizadas;
2020-04-13 16:41:16;94  991659228;0.0;Adicional por Ligacoes Realizadas;
2020-04-13 14:13:52;94  991659228;0.0;Adicional por Ligacoes Realizadas;
2020-04-13 10:36:50;94  988060797;0.0;Adicional por Ligacoes Realizadas;
2020-04-13 10:27:26;94  991703268;0.0;Adicional por Ligacoes Realizadas;
2020-04-13 09:52:58;94  991659228;0.0;Adicional por Ligacoes Realizadas;
2020-04-13 09:40:39;31  997649947;0.0;Adicional por Ligacoes Realizadas;
2020-04-12 16:58:08;94  988060797;0.0;Adicional por Ligacoes Realizadas;
2020-04-09 19:58:03;31  984721338;0.0;Adicional por Ligacoes Realizadas;
2020-04-09 19:39:09;31  984721338;0.0;Adicional por Ligacoes Realizadas;
2020-04-09 18:41:51;94  988060797;0.0;Adicional por Ligacoes Realizadas;
2020-04-09 17:14:07;31  984721338;0.0;Adicional por Ligacoes Realizadas;
2020-04-09 17:11:58;94  999726000;0.0;Adicional por Ligacoes Realizadas;
2020-04-09 16:19:33;94  991703268;0.0;Adicional por Ligacoes Realizadas;
2020-04-08 15:06:40;31  996102205;0.0;Adicional por Ligacoes Realizadas;
2020-04-08 14:38:00;31  984721338;0.0;Adicional por Ligacoes Realizadas;
2020-04-08 11:52:39;51  993770979;0.0;Adicional por Ligacoes Realizadas;
2020-04-08 10:10:54;94  992367407;0.0;Adicional por Ligacoes Realizadas;
2020-04-08 09:57:48;31  34574948;0.0;Adicional por Ligacoes Realizadas;
2020-04-08 09:28:21;94  988060797;0.0;Adicional por Ligacoes Realizadas;
2020-04-08 08:30:17;94  988060797;0.0;Adicional por Ligacoes Realizadas;
2020-04-08 08:29:23;94  988060797;0.0;Adicional por Ligacoes Realizadas;
2020-04-07 18:23:19;31  984721338;0.0;Adicional por Ligacoes Realizadas;
2020-04-07 18:10:32;31  997649947;0.0;Adicional por Ligacoes Realizadas;
2020-04-07 16:55:24;31  984526147;0.0;Adicional por Ligacoes Realizadas;
2020-04-07 15:31:03;31  984721338;0.0;Adicional por Ligacoes Realizadas;
2020-04-07 15:27:36;94  988060797;0.0;Adicional por Ligacoes Realizadas;
2020-04-07 15:21:55;94  988060797;0.0;Adicional por Ligacoes Realizadas;
2020-04-07 15:08:37;94  988060797;0.0;Adicional por Ligacoes Realizadas;
2020-04-07 13:42:27;31  984721338;0.0;Adicional por Ligacoes Realizadas;
2020-04-07 12:26:51;94  991703268;0.0;Adicional por Ligacoes Realizadas;
2020-04-07 12:19:14;31  984721338;0.0;Adicional por Ligacoes Realizadas;
2020-04-07 11:35:58;31  984721338;0.0;Adicional por Ligacoes Realizadas;
2020-04-07 09:53:57;94  991703268;0.0;Adicional por Ligacoes Realizadas;
2020-04-07 08:13:15;31  984721338;0.0;Adicional por Ligacoes Realizadas;
2020-04-07 07:56:02;31  984721338;0.0;Adicional por Ligacoes Realizadas;
2020-04-06 17:04:46;31  983934517;0.0;Adicional por Ligacoes Realizadas;
2020-04-06 15:53:36;31  983934517;0.0;Adicional por Ligacoes Realizadas;
2020-04-04 10:25:05;31  984721338;0.0;Adicional por Ligacoes Realizadas;
2020-04-03 19:28:01;94  988060797;0.0;Adicional por Ligacoes Realizadas;
2020-04-03 18:34:39;94  988097937;0.0;Adicional por Ligacoes Realizadas;
2020-04-03 17:09:40;31  988054991;0.0;Adicional por Ligacoes Realizadas;
2020-04-03 15:21:00;51  993770979;0.0;Adicional por Ligacoes Realizadas;
2020-04-03 14:45:16;94  988060797;0.0;Adicional por Ligacoes Realizadas;
2020-04-03 13:59:31;94  988060797;0.0;Adicional por Ligacoes Realizadas;
2020-04-03 12:32:35;94  981499188;0.0;Adicional por Ligacoes Realizadas;
2020-04-03 12:28:50;94  988060797;0.0;Adicional por Ligacoes Realizadas;
2020-04-03 12:22:21;31  984721338;0.0;Adicional por Ligacoes Realizadas;
2020-04-03 12:19:49;94  991703268;0.0;Adicional por Ligacoes Realizadas;
2020-04-02 18:23:19;31  988054991;0.0;Adicional por Ligacoes Realizadas;
2020-04-02 16:16:59;31  992910944;0.0;Adicional por Ligacoes Realizadas;
2020-04-02 15:39:38;31  984721338;0.0;Adicional por Ligacoes Realizadas;
2020-04-02 15:11:01;31  984721338;0.0;Adicional por Ligacoes Realizadas;
2020-04-02 11:58:38;94  988060797;0.0;Adicional por Ligacoes Realizadas;
2020-04-02 11:25:29;31  984721338;0.0;Adicional por Ligacoes Realizadas;
2020-04-02 10:06:54;31  988943641;0.0;Adicional por Ligacoes Realizadas;
2020-04-02 09:56:50;31  988943641;0.0;Adicional por Ligacoes Realizadas;
2020-04-02 09:54:55;94  988060797;0.0;Adicional por Ligacoes Realizadas;
2020-04-02 09:32:55;31  984526147;0.0;Adicional por Ligacoes Realizadas;
2020-04-02 07:48:51;94  988060797;0.0;Adicional por Ligacoes Realizadas;
2020-04-30 17:43:16;08  006068686;28.0;"";
2020-04-30 17:38:44;08  006068686;14.0;"";
2020-04-30 17:36:31;08  006068686;20.0;"";
2020-04-24 14:49:21;94  40031141;15.0;Para Fixo de Outras Operadoras;
2020-04-24 14:47:34;94  33271103;9.0;Para Fixo de Outras Operadoras;
2020-04-22 19:47:25;94  33241383;6.0;Para Fixo de Outras Operadoras;
2020-04-20 16:23:17;94  33924514;7.0;Para Fixo de Outras Operadoras;
2020-04-28 18:22:54;94  988063796;40.0;Para Celulares de Outras Operadoras;
2020-04-28 08:03:25;94  988063796;8.0;Para Celulares de Outras Operadoras;
2020-04-27 10:04:24;94  988063796;7.0;Para Celulares de Outras Operadoras;
2020-04-23 15:16:37;94  988060797;17.0;Para Celulares de Outras Operadoras;
2020-04-23 15:08:03;94  988060797;23.0;Para Celulares de Outras Operadoras;
2020-04-23 14:21:03;94  988060797;14.0;Para Celulares de Outras Operadoras;
2020-04-14 11:35:47;94  988060797;15.0;Para Celulares de Outras Operadoras;
2020-04-13 10:36:50;94  988060797;9.0;Para Celulares de Outras Operadoras;
2020-04-12 16:58:08;94  988060797;5.0;Para Celulares de Outras Operadoras;
2020-04-09 18:41:51;94  988060797;5.0;Para Celulares de Outras Operadoras;
2020-04-08 09:28:21;94  988060797;36.0;Para Celulares de Outras Operadoras;
2020-04-08 08:30:17;94  988060797;5.0;Para Celulares de Outras Operadoras;
2020-04-23 20:14:42;31  993079325;95.0;Para Celulares de Outras Operadoras;
2020-04-23 18:48:12;31  988054991;238.0;Para Celulares de Outras Operadoras;
2020-04-23 18:38:31;31  988054991;42.0;Para Celulares de Outras Operadoras;
2020-04-20 21:18:55;31  988054991;24.0;Para Celulares de Outras Operadoras;
2020-04-20 20:43:22;31  988054991;282.0;Para Celulares de Outras Operadoras;
2020-04-18 17:20:28;31  988054991;336.0;Para Celulares de Outras Operadoras;
2020-04-17 16:39:38;31  988943641;116.0;Para Celulares de Outras Operadoras;
2020-04-17 08:07:53;31  984721338;57.0;Para Celulares de Outras Operadoras;
2020-04-15 19:58:07;31  984052325;89.0;Para Celulares de Outras Operadoras;
2020-04-15 19:04:50;31  984721338;111.0;Para Celulares de Outras Operadoras;
2020-04-15 19:04:18;31  984721338;5.0;Para Celulares de Outras Operadoras;
2020-04-15 11:37:06;31  984721338;70.0;Para Celulares de Outras Operadoras;
2020-04-15 08:24:27;31  984721338;19.0;Para Celulares de Outras Operadoras;
2020-04-13 19:15:47;31  984721338;295.0;Para Celulares de Outras Operadoras;
2020-04-09 19:58:03;31  984721338;215.0;Para Celulares de Outras Operadoras;
2020-04-09 19:39:09;31  984721338;5.0;Para Celulares de Outras Operadoras;
2020-04-09 17:14:07;31  984721338;21.0;Para Celulares de Outras Operadoras;
2020-04-08 14:38:00;31  984721338;108.0;Para Celulares de Outras Operadoras;
2020-04-08 11:52:39;51  993770979;49.0;Para Celulares de Outras Operadoras;
2020-04-07 18:23:19;31  984721338;168.0;Para Celulares de Outras Operadoras;
2020-04-07 15:31:03;31  984721338;18.0;Para Celulares de Outras Operadoras;
2020-04-07 13:42:27;31  984721338;5.0;Para Celulares de Outras Operadoras;
2020-04-07 12:19:14;31  984721338;58.0;Para Celulares de Outras Operadoras;
2020-04-07 11:35:58;31  984721338;48.0;Para Celulares de Outras Operadoras;
2020-04-07 08:13:15;31  984721338;30.0;Para Celulares de Outras Operadoras;
2020-04-07 07:56:02;31  984721338;149.0;Para Celulares de Outras Operadoras;
2020-04-04 10:25:05;31  984721338;70.0;Para Celulares de Outras Operadoras;
2020-04-03 17:09:40;31  988054991;137.0;Para Celulares de Outras Operadoras;
2020-04-03 15:21:00;51  993770979;14.0;Para Celulares de Outras Operadoras;
2020-04-03 12:22:21;31  984721338;32.0;Para Celulares de Outras Operadoras;
2020-04-02 18:23:19;31  988054991;321.0;Para Celulares de Outras Operadoras;
2020-04-02 15:39:38;31  984721338;19.0;Para Celulares de Outras Operadoras;
2020-04-02 15:11:01;31  984721338;19.0;Para Celulares de Outras Operadoras;
2020-04-02 11:25:29;31  984721338;137.0;Para Celulares de Outras Operadoras;
2020-04-02 10:06:54;31  988943641;57.0;Para Celulares de Outras Operadoras;
2020-04-02 09:56:50;31  988943641;10.0;Para Celulares de Outras Operadoras;
2020-04-01 14:38:19;31  984721338;56.0;Para Celulares de Outras Operadoras;
2020-04-30 19:02:31;31  984526147;42.0;Para Celulares Vivo;
2020-04-30 12:08:34;31  984526706;29.0;Para Celulares Vivo;
2020-04-28 19:15:49;31  983934517;119.0;Para Celulares Vivo;
2020-04-28 08:14:03;31  983934517;48.0;Para Celulares Vivo;
2020-04-27 16:43:01;31  997649947;5.0;Para Celulares Vivo;
2020-04-27 13:28:02;31  983934517;40.0;Para Celulares Vivo;
2020-04-27 11:28:14;31  984526147;179.0;Para Celulares Vivo;
2020-04-27 10:35:16;31  983934517;5.0;Para Celulares Vivo;
2020-04-24 15:21:48;31  983934517;10.0;Para Celulares Vivo;
2020-04-24 11:05:27;31  983934517;24.0;Para Celulares Vivo;
2020-04-23 15:18:36;31  983934517;14.0;Para Celulares Vivo;
2020-04-23 15:10:52;31  983934517;31.0;Para Celulares Vivo;
2020-04-23 09:18:26;31  971297617;22.0;Para Celulares Vivo;
2020-04-23 09:15:34;31  997649947;21.0;Para Celulares Vivo;
2020-04-23 09:03:56;31  997649947;52.0;Para Celulares Vivo;
2020-04-22 15:41:23;31  983934517;30.0;Para Celulares Vivo;
2020-04-22 14:54:00;31  983934517;130.0;Para Celulares Vivo;
2020-04-22 09:16:34;31  997649947;79.0;Para Celulares Vivo;
2020-04-18 11:37:42;31  983934517;74.0;Para Celulares Vivo;
2020-04-17 16:33:08;31  983934517;54.0;Para Celulares Vivo;
2020-04-17 15:09:06;31  989359395;14.0;Para Celulares Vivo;
2020-04-13 09:40:39;31  997649947;66.0;Para Celulares Vivo;
2020-04-08 15:06:40;31  996102205;38.0;Para Celulares Vivo;
2020-04-07 18:10:32;31  997649947;111.0;Para Celulares Vivo;
2020-04-08 08:29:23;94  988060797;5.0;Para Celulares de Outras Operadoras;
2020-04-07 15:27:36;94  988060797;13.0;Para Celulares de Outras Operadoras;
2020-04-07 15:21:55;94  988060797;31.0;Para Celulares de Outras Operadoras;
2020-04-07 15:08:37;94  988060797;26.0;Para Celulares de Outras Operadoras;
2020-04-03 19:28:01;94  988060797;27.0;Para Celulares de Outras Operadoras;
2020-04-03 18:34:39;94  988097937;5.0;Para Celulares de Outras Operadoras;
2020-04-03 14:45:16;94  988060797;5.0;Para Celulares de Outras Operadoras;
2020-04-03 13:59:31;94  988060797;5.0;Para Celulares de Outras Operadoras;
2020-04-03 12:28:50;94  988060797;14.0;Para Celulares de Outras Operadoras;
2020-04-02 11:58:38;94  988060797;12.0;Para Celulares de Outras Operadoras;
2020-04-02 09:54:55;94  988060797;15.0;Para Celulares de Outras Operadoras;
2020-04-02 07:48:51;94  988060797;14.0;Para Celulares de Outras Operadoras;
2020-04-29 11:25:52;94  991703268;11.0;Para Celulares Vivo;
2020-04-28 14:03:38;94  991703268;75.0;Para Celulares Vivo;
2020-04-22 12:16:36;94  991703268;37.0;Para Celulares Vivo;
2020-04-20 16:27:25;94  991638363;11.0;Para Celulares Vivo;
2020-04-15 15:20:53;94  991985858;12.0;Para Celulares Vivo;
2020-04-15 09:41:33;94  991703268;37.0;Para Celulares Vivo;
2020-04-14 16:31:45;94  991985858;7.0;Para Celulares Vivo;
2020-04-13 17:45:13;94  991703268;68.0;Para Celulares Vivo;
2020-04-13 16:41:16;94  991659228;8.0;Para Celulares Vivo;
2020-04-13 14:13:52;94  991659228;5.0;Para Celulares Vivo;
2020-04-13 10:27:26;94  991703268;33.0;Para Celulares Vivo;
2020-04-13 09:52:58;94  991659228;8.0;Para Celulares Vivo;
2020-04-09 17:11:58;94  999726000;17.0;Para Celulares Vivo;
2020-04-09 16:19:33;94  991703268;55.0;Para Celulares Vivo;
2020-04-08 10:10:54;94  992367407;12.0;Para Celulares Vivo;
2020-04-07 12:26:51;94  991703268;5.0;Para Celulares Vivo;
2020-04-07 09:53:57;94  991703268;5.0;Para Celulares Vivo;
2020-04-03 12:32:35;94  981499188;30.0;Para Celulares Vivo;
2020-04-03 12:19:49;94  991703268;22.0;Para Celulares Vivo;
2020-03-31;"";4677.0;INTERNET MOVEL 2;0.00
2020-04-01;"";25053.6;INTERNET MOVEL 2;0.00
2020-04-02;"";45321.1;INTERNET MOVEL 2;0.00
2020-04-03;"";21801.0;INTERNET MOVEL 2;0.00
2020-04-04;"";11307.0;INTERNET MOVEL 2;0.00
2020-04-05;"";738.0;INTERNET MOVEL 2;0.00
2020-04-06;"";63385.0;INTERNET MOVEL 2;0.00
2020-04-07;"";13998.0;INTERNET MOVEL 2;0.00
2020-04-08;"";49346.4;INTERNET MOVEL 2;0.00
2020-04-09;"";30140.0;INTERNET MOVEL 2;0.00
2020-04-10;"";380.0;INTERNET MOVEL 2;0.00
2020-04-11;"";785.0;INTERNET MOVEL 2;0.00
2020-04-12;"";548.0;INTERNET MOVEL 2;0.00
2020-04-13;"";35225.9;INTERNET MOVEL 2;0.00
2020-04-14;"";25849.0;INTERNET MOVEL 2;0.00
2020-04-15;"";64751.0;INTERNET MOVEL 2;0.00
2020-04-16;"";43817.8;INTERNET MOVEL 2;0.00
2020-04-17;"";22119.0;INTERNET MOVEL 2;0.00
2020-04-18;"";15478.6;INTERNET MOVEL 2;0.00
2020-04-19;"";91.0;INTERNET MOVEL 2;0.00
2020-04-20;"";11322.0;INTERNET MOVEL 2;0.00
2020-04-21;"";18677.0;INTERNET MOVEL 2;0.00
2020-04-22;"";48347.0;INTERNET MOVEL 2;0.00
2020-04-23;"";21868.0;INTERNET MOVEL 2;0.00
2020-04-24;"";8968.0;INTERNET MOVEL 2;0.00
2020-04-25;"";15.0;INTERNET MOVEL 2;0.00
2020-04-26;"";27.0;INTERNET MOVEL 2;0.00
2020-04-27;"";21743.0;INTERNET MOVEL 2;0.00
2020-04-28;"";6335.0;INTERNET MOVEL 2;0.00
2020-04-29;"";16901.0;INTERNET MOVEL 2;0.00
2020-04-30;"";61874.7;INTERNET MOVEL 2;0.00
2020-05-01;"";30.0;INTERNET MOVEL 2;0.00
