data_hora_inicio;nro_telefone_chamado;duracao_ligacao;desc_categoria;valor_ligacao
2020-04-22 14:13:58;31997759798;1.0;GRATIS-SMS;0.00
2020-04-16 11:15:59;31997759798;1.0;GRATIS-SMS;0.00
2020-04-08 08:55:44;94992367407;1.0;GRATIS-SMS;0.00
2020-04-08 08:18:21;94992367407;1.0;GRATIS-SMS;0.00
2020-04-01 16:25:09;31  40033900;16.0;Para Fixo de Outras Operadoras;
2020-04-30 17:34:20;51  984100350;87.0;Para Celulares de Outras Operadoras;
2020-04-24 10:49:14;51  984100350;47.0;Para Celulares de Outras Operadoras;
2020-04-23 08:13:38;51  999965358;34.0;Para Celulares de Outras Operadoras;
2020-04-20 16:13:20;51  984100350;5.0;Para Celulares de Outras Operadoras;
2020-04-17 13:23:19;51  991987887;5.0;Para Celulares de Outras Operadoras;
2020-04-17 11:36:33;11  976787210;46.0;Para Celulares de Outras Operadoras;
2020-04-16 15:36:26;51  991987887;126.0;Para Celulares de Outras Operadoras;
2020-04-02 08:49:59;51  981211690;14.0;Para Celulares de Outras Operadoras;
2020-04-30 19:30:35;51  992518679;32.0;Para Celulares Vivo;
2020-04-27 17:46:19;55  999140877;13.0;Para Celulares Vivo;
2020-04-23 12:09:20;51  984274504;5.0;Para Celulares Vivo;
2020-04-23 09:59:05;51  995943973;161.0;Para Celulares Vivo;
2020-04-17 18:24:39;51  991034807;13.0;Para Celulares Vivo;
2020-04-17 11:35:51;51  992592873;5.0;Para Celulares Vivo;
2020-04-16 09:16:47;51  991034807;98.0;Para Celulares Vivo;
2020-04-13 19:41:05;98  996116389;60.0;Para Celulares Vivo;
2020-04-12 10:41:45;51  997871070;322.0;Para Celulares Vivo;
2020-04-02 09:28:11;51  993320477;31.0;Para Celulares Vivo;
2020-04-30 14:36:40;31  21161398;9.0;Para Fixo de Outras Operadoras;
2020-04-30 14:32:35;31  21228071;32.0;Para Fixo de Outras Operadoras;
2020-04-30 14:28:56;31  21223096;30.0;Para Fixo de Outras Operadoras;
2020-04-30 14:27:04;31  21161180;17.0;Para Fixo de Outras Operadoras;
2020-04-30 14:24:41;31  39723234;21.0;Para Fixo de Outras Operadoras;
2020-04-30 14:23:53;31  39723234;5.0;Para Fixo de Outras Operadoras;
2020-04-30 19:38:05;31  983996089;9.0;Para Celulares de Outras Operadoras;
2020-04-30 16:32:01;31  999257900;68.0;Para Celulares de Outras Operadoras;
2020-04-30 16:20:10;31  992641208;23.0;Para Celulares de Outras Operadoras;
2020-04-30 16:16:32;31  993079325;32.0;Para Celulares de Outras Operadoras;
2020-04-30 16:04:27;31  983144925;11.0;Para Celulares de Outras Operadoras;
2020-04-30 14:51:23;31  994007075;5.0;Para Celulares de Outras Operadoras;
2020-04-29 11:48:36;31  994007075;7.0;Para Celulares de Outras Operadoras;
2020-04-27 16:54:39;31  984721338;79.0;Para Celulares de Outras Operadoras;
2020-04-23 19:14:19;31  984559829;66.0;Para Celulares de Outras Operadoras;
2020-04-23 16:58:47;31  992641208;8.0;Para Celulares de Outras Operadoras;
2020-04-23 10:44:16;31  992641208;83.0;Para Celulares de Outras Operadoras;
2020-04-22 08:53:18;31  999257900;60.0;Para Celulares de Outras Operadoras;
2020-04-22 08:41:55;31  988943641;34.0;Para Celulares de Outras Operadoras;
2020-04-17 13:57:56;31  993079325;20.0;Para Celulares de Outras Operadoras;
2020-04-17 13:52:52;31  992641208;47.0;Para Celulares de Outras Operadoras;
2020-04-14 10:53:40;31  988943641;9.0;Para Celulares de Outras Operadoras;
2020-04-13 16:34:17;31  988943641;41.0;Para Celulares de Outras Operadoras;
2020-04-13 16:32:31;31  993079325;9.0;Para Celulares de Outras Operadoras;
2020-04-13 15:59:16;31  992641208;25.0;Para Celulares de Outras Operadoras;
2020-04-13 10:54:42;31  992125073;26.0;Para Celulares de Outras Operadoras;
2020-04-13 10:49:58;31  993079325;31.0;Para Celulares de Outras Operadoras;
2020-04-13 09:12:43;31  988943641;62.0;Para Celulares de Outras Operadoras;
2020-04-08 09:20:31;31  984721338;89.0;Para Celulares de Outras Operadoras;
2020-04-08 09:12:40;31  984721338;5.0;Para Celulares de Outras Operadoras;
2020-04-08 08:56:20;31  988943641;89.0;Para Celulares de Outras Operadoras;
2020-04-07 10:12:09;31  983273271;27.0;Para Celulares de Outras Operadoras;
2020-04-13 10:38:17;31  25102019;40.0;Para Fixo Vivo;
2020-04-30 19:34:33;31  991093394;33.0;Para Celulares Vivo;
2020-04-30 19:20:00;31  991093394;49.0;Para Celulares Vivo;
2020-04-30 14:53:19;31  991093394;14.0;Para Celulares Vivo;
2020-04-28 12:58:25;31  983144925;14.0;Para Celulares Vivo;
2020-04-28 11:44:27;31  983104660;8.0;Para Celulares Vivo;
2020-04-27 17:42:51;31  987759645;22.0;Para Celulares Vivo;
2020-04-27 16:50:14;31  971299534;32.0;Para Celulares Vivo;
2020-04-24 12:42:11;31  983144925;8.0;Para Celulares Vivo;
2020-04-24 10:15:38;31  983144925;5.0;Para Celulares Vivo;
2020-04-23 19:21:46;31  997759798;44.0;Para Celulares Vivo;
2020-04-23 16:48:58;31  971299534;37.0;Para Celulares Vivo;
2020-04-23 16:45:45;31  991093394;21.0;Para Celulares Vivo;
2020-04-17 14:09:13;31  999088059;26.0;Para Celulares Vivo;
2020-04-17 14:00:21;31  991093394;55.0;Para Celulares Vivo;
2020-04-17 13:45:46;31  984526147;67.0;Para Celulares Vivo;
2020-04-17 13:43:28;31  984526706;20.0;Para Celulares Vivo;
2020-04-17 00:49:52;31  983104660;8.0;Para Celulares Vivo;
2020-04-16 19:24:25;31  983104660;17.0;Para Celulares Vivo;
2020-04-16 18:30:02;31  983104660;8.0;Para Celulares Vivo;
2020-04-16 17:08:00;31  983144925;5.0;Para Celulares Vivo;
2020-04-16 16:35:06;31  983144925;12.0;Para Celulares Vivo;
2020-04-16 12:35:14;31  983104660;7.0;Para Celulares Vivo;
2020-04-16 12:01:29;31  983104660;8.0;Para Celulares Vivo;
2020-04-16 10:41:43;31  983104660;15.0;Para Celulares Vivo;
2020-04-16 10:04:19;31  983144925;6.0;Para Celulares Vivo;
2020-04-16 09:35:33;31  983104660;20.0;Para Celulares Vivo;
2020-04-16 09:27:47;31  999749527;56.0;Para Celulares Vivo;
2020-04-15 13:13:25;31  998112048;5.0;Para Celulares Vivo;
2020-04-13 15:54:48;31  999749527;38.0;Para Celulares Vivo;
2020-04-13 10:46:59;31  984616648;5.0;Para Celulares Vivo;
2020-04-11 11:50:05;31  999749527;139.0;Para Celulares Vivo;
2020-04-09 18:15:15;31  983144925;5.0;Para Celulares Vivo;
2020-04-09 18:04:35;31  983144925;5.0;Para Celulares Vivo;
2020-04-09 18:03:40;31  983144925;5.0;Para Celulares Vivo;
2020-04-09 18:01:36;31  983144925;7.0;Para Celulares Vivo;
2020-04-09 11:35:19;31  984526147;43.0;Para Celulares Vivo;
2020-04-08 18:39:26;31  983144925;8.0;Para Celulares Vivo;
2020-04-04 20:54:41;31  983144925;5.0;Para Celulares Vivo;
2020-04-02 09:31:42;31  987759645;20.0;Para Celulares Vivo;
2020-04-02 08:53:49;31  983934517;83.0;Para Celulares Vivo;
2020-03-31;"";20789.4;INTERNET MOVEL 2;0.00
2020-04-01;"";18689.2;INTERNET MOVEL 2;0.00
2020-04-02;"";62868.8;INTERNET MOVEL 2;0.00
2020-04-03;"";13680.0;INTERNET MOVEL 2;0.00
2020-04-04;"";35117.9;INTERNET MOVEL 2;0.00
2020-04-05;"";18760.8;INTERNET MOVEL 2;0.00
2020-04-06;"";25000.2;INTERNET MOVEL 2;0.00
2020-04-07;"";2411.0;INTERNET MOVEL 2;0.00
2020-04-08;"";7007.4;INTERNET MOVEL 2;0.00
2020-04-09;"";102737.3;INTERNET MOVEL 2;0.00
2020-04-10;"";47345.2;INTERNET MOVEL 2;0.00
2020-04-11;"";22821.9;INTERNET MOVEL 2;0.00
2020-04-12;"";12913.8;INTERNET MOVEL 2;0.00
2020-04-13;"";2087.0;INTERNET MOVEL 2;0.00
2020-04-14;"";30586.1;INTERNET MOVEL 2;0.00
2020-04-15;"";51509.9;INTERNET MOVEL 2;0.00
2020-04-16;"";204425.4;INTERNET MOVEL 2;0.00
2020-04-17;"";20542.3;INTERNET MOVEL 2;0.00
2020-04-18;"";4775.3;INTERNET MOVEL 2;0.00
2020-04-19;"";13061.6;INTERNET MOVEL 2;0.00
2020-04-20;"";27979.5;INTERNET MOVEL 2;0.00
2020-04-21;"";1382.0;INTERNET MOVEL 2;0.00
2020-04-22;"";4657.3;INTERNET MOVEL 2;0.00
2020-04-23;"";53598.0;INTERNET MOVEL 2;0.00
2020-04-24;"";4090.1;INTERNET MOVEL 2;0.00
2020-04-25;"";355.0;INTERNET MOVEL 2;0.00
2020-04-26;"";14975.8;INTERNET MOVEL 2;0.00
2020-04-27;"";1802.0;INTERNET MOVEL 2;0.00
2020-04-28;"";4890.7;INTERNET MOVEL 2;0.00
2020-04-29;"";105782.0;INTERNET MOVEL 2;0.00
2020-04-30;"";21030.5;INTERNET MOVEL 2;0.00
2020-05-01;"";2842.5;INTERNET MOVEL 2;0.00
