data_hora_inicio;nro_telefone_chamado;duracao_ligacao;desc_categoria;valor_ligacao
2020-04-01 15:57:47;"";1.0;ADICIONAL;0.00
2020-04-01 15:50:38;"";1.0;ADICIONAL;0.00
2020-04-01 15:47:57;"";1.0;ADICIONAL;0.00
2020-04-01 15:33:02;"";1.0;ADICIONAL;0.00
2020-04-01 11:29:17;"";1.0;ADICIONAL;0.00
2020-04-01 10:49:12;"";1.0;ADICIONAL;0.00
2020-04-01 10:02:27;"";1.0;ADICIONAL;0.00
2020-04-01 09:32:05;4930268750;1.0;ADICIONAL;0.00
2020-04-01 09:18:33;"";1.0;ADICIONAL;0.00
2020-04-01 09:17:59;"";1.0;ADICIONAL;0.00
2020-04-29 15:46:54;"";1.0;ADICIONAL;0.00
2020-04-22 18:18:28;"";1.0;ADICIONAL;0.00
2020-04-17 15:23:14;8131419401;1.0;ADICIONAL;0.00
2020-04-17 11:21:12;"";1.0;ADICIONAL;0.00
2020-04-17 11:10:18;"";1.0;ADICIONAL;0.00
2020-04-16 11:21:39;"";1.0;ADICIONAL;0.00
2020-04-16 09:05:37;"";1.0;ADICIONAL;0.00
2020-04-15 09:22:35;4930270001;1.0;ADICIONAL;0.00
2020-04-14 17:47:34;"";1.0;ADICIONAL;0.00
2020-04-11 09:45:04;5134888696;1.0;ADICIONAL;0.00
2020-04-09 13:44:21;"";1.0;ADICIONAL;0.00
2020-04-09 13:35:55;4933000100;1.0;ADICIONAL;0.00
2020-04-09 10:03:21;8131405501;1.0;ADICIONAL;0.00
2020-04-08 18:23:58;1121013423;1.0;ADICIONAL;0.00
2020-04-08 10:03:45;4930267256;1.0;ADICIONAL;0.00
2020-04-07 16:46:16;"";1.0;ADICIONAL;0.00
2020-04-06 16:10:00;"";1.0;ADICIONAL;0.00
2020-04-06 15:04:03;4930279600;1.0;ADICIONAL;0.00
2020-04-03 10:37:41;5120420387;1.0;ADICIONAL;0.00
2020-04-02 16:30:39;"";1.0;ADICIONAL;0.00
2020-04-02 16:27:40;"";1.0;ADICIONAL;0.00
2020-04-02 15:51:03;"";1.0;ADICIONAL;0.00
2020-04-02 15:14:21;"";1.0;ADICIONAL;0.00
2020-04-02 15:13:30;"";1.0;ADICIONAL;0.00
2020-04-02 15:13:11;"";1.0;ADICIONAL;0.00
2020-04-02 11:05:20;1128234050;1.0;ADICIONAL;0.00
2020-04-02 09:21:33;"";1.0;ADICIONAL;0.00
2020-04-14 15:33:35;11953259213;1.0;GRATIS-SMS;0.00
2020-04-01 17:08:23;67  981281323;0.0;Adicional por Ligacoes Realizadas;
2020-04-01 16:56:04;51  991813564;0.0;Adicional por Ligacoes Realizadas;
2020-04-01 16:14:40;41  999041412;0.0;Adicional por Ligacoes Realizadas;
2020-04-01 15:41:44;41  999780714;0.0;Adicional por Ligacoes Realizadas;
2020-04-01 15:23:44;41  999780714;0.0;Adicional por Ligacoes Realizadas;
2020-04-01 15:02:04;41  999780714;0.0;Adicional por Ligacoes Realizadas;
2020-04-01 14:57:48;41  999780714;0.0;Adicional por Ligacoes Realizadas;
2020-04-01 14:45:35;41  999780714;0.0;Adicional por Ligacoes Realizadas;
2020-04-01 14:43:05;51  991813564;0.0;Adicional por Ligacoes Realizadas;
2020-04-01 12:22:41;41  998190066;0.0;Adicional por Ligacoes Realizadas;
2020-04-01 11:38:58;41  999780714;0.0;Adicional por Ligacoes Realizadas;
2020-04-01 11:22:25;41  999041412;0.0;Adicional por Ligacoes Realizadas;
2020-04-01 11:15:26;41  999780714;0.0;Adicional por Ligacoes Realizadas;
2020-04-01 10:44:37;41  999041412;0.0;Adicional por Ligacoes Realizadas;
2020-04-01 16:14:40;41  999041412;5.0;Para Celulares de Outras Operadoras;
2020-04-01 12:22:41;41  998190066;65.0;Para Celulares de Outras Operadoras;
2020-04-01 11:22:25;41  999041412;16.0;Para Celulares de Outras Operadoras;
2020-04-01 10:44:37;41  999041412;5.0;Para Celulares de Outras Operadoras;
2020-04-01 15:41:44;41  999780714;5.0;Para Celulares Vivo;
2020-04-01 15:23:44;41  999780714;6.0;Para Celulares Vivo;
2020-04-01 15:02:04;41  999780714;33.0;Para Celulares Vivo;
2020-04-01 14:57:48;41  999780714;32.0;Para Celulares Vivo;
2020-04-01 14:45:35;41  999780714;55.0;Para Celulares Vivo;
2020-04-01 11:38:58;41  999780714;17.0;Para Celulares Vivo;
2020-04-01 11:15:26;41  999780714;54.0;Para Celulares Vivo;
2020-04-03 04:57:59;67  981281323;5.0;Para Celulares de Outras Operadoras;
2020-04-02 19:20:33;67  981281323;9.0;Para Celulares de Outras Operadoras;
2020-04-02 15:46:52;67  981281323;5.0;Para Celulares de Outras Operadoras;
2020-04-01 17:08:23;67  981281323;5.0;Para Celulares de Outras Operadoras;
2020-04-30 17:01:56;51  991813564;25.0;Para Celulares Vivo;
2020-04-30 14:29:45;51  993394636;9.0;Para Celulares Vivo;
2020-04-20 11:02:57;51  994054961;40.0;Para Celulares Vivo;
2020-04-17 11:03:49;51  993394636;5.0;Para Celulares Vivo;
2020-04-17 10:05:38;51  994054961;17.0;Para Celulares Vivo;
2020-04-14 17:24:22;51  993394636;6.0;Para Celulares Vivo;
2020-04-08 16:35:30;51  993394636;5.0;Para Celulares Vivo;
2020-04-08 14:24:34;51  993394636;6.0;Para Celulares Vivo;
2020-04-07 16:54:38;51  991813564;9.0;Para Celulares Vivo;
2020-04-03 10:38:38;51  995838788;5.0;Para Celulares Vivo;
2020-04-02 10:37:48;51  991813564;46.0;Para Celulares Vivo;
2020-04-01 16:56:04;51  991813564;5.0;Para Celulares Vivo;
2020-04-01 14:43:05;51  991813564;8.0;Para Celulares Vivo;
2020-04-30 17:01:56;51  991813564;0.0;Adicional por Ligacoes Realizadas;
2020-04-30 14:29:45;51  993394636;0.0;Adicional por Ligacoes Realizadas;
2020-04-20 11:02:57;51  994054961;0.0;Adicional por Ligacoes Realizadas;
2020-04-17 11:03:49;51  993394636;0.0;Adicional por Ligacoes Realizadas;
2020-04-17 10:05:38;51  994054961;0.0;Adicional por Ligacoes Realizadas;
2020-04-17 09:03:45;03  001001213;0.0;Adicional por Ligacoes Realizadas;
2020-04-17 08:20:42;03  001001213;0.0;Adicional por Ligacoes Realizadas;
2020-04-14 17:24:22;51  993394636;0.0;Adicional por Ligacoes Realizadas;
2020-04-11 18:30:47;*5  55;0.0;Adicional por Ligacoes Realizadas;
2020-04-08 16:35:30;51  993394636;0.0;Adicional por Ligacoes Realizadas;
2020-04-08 14:24:34;51  993394636;0.0;Adicional por Ligacoes Realizadas;
2020-04-07 16:54:38;51  991813564;0.0;Adicional por Ligacoes Realizadas;
2020-04-03 14:26:01;41  984588404;0.0;Adicional por Ligacoes Realizadas;
2020-04-03 13:57:35;41  988441322;0.0;Adicional por Ligacoes Realizadas;
2020-04-03 12:16:19;51  21313329;0.0;Adicional por Ligacoes Realizadas;
2020-04-03 11:21:42;51  21313329;0.0;Adicional por Ligacoes Realizadas;
2020-04-03 11:20:46;51  21313329;0.0;Adicional por Ligacoes Realizadas;
2020-04-03 10:38:38;51  995838788;0.0;Adicional por Ligacoes Realizadas;
2020-04-03 09:28:55;51  21313329;0.0;Adicional por Ligacoes Realizadas;
2020-04-03 04:57:59;67  981281323;0.0;Adicional por Ligacoes Realizadas;
2020-04-02 21:46:30;*5  55;0.0;Adicional por Ligacoes Realizadas;
2020-04-02 19:20:33;67  981281323;0.0;Adicional por Ligacoes Realizadas;
2020-04-02 17:22:22;51  21313329;0.0;Adicional por Ligacoes Realizadas;
2020-04-02 16:07:44;41  999780714;0.0;Adicional por Ligacoes Realizadas;
2020-04-02 15:57:10;41  999780714;0.0;Adicional por Ligacoes Realizadas;
2020-04-02 15:46:52;67  981281323;0.0;Adicional por Ligacoes Realizadas;
2020-04-02 10:37:48;51  991813564;0.0;Adicional por Ligacoes Realizadas;
2020-04-02 09:14:42;41  999780714;0.0;Adicional por Ligacoes Realizadas;
2020-04-02 08:40:20;41  999780714;0.0;Adicional por Ligacoes Realizadas;
2020-04-02 08:26:53;41  999780714;0.0;Adicional por Ligacoes Realizadas;
2020-04-03 12:16:19;51  21313329;29.0;Para Fixo Vivo;
2020-04-03 11:21:42;51  21313329;35.0;Para Fixo Vivo;
2020-04-03 11:20:46;51  21313329;5.0;Para Fixo Vivo;
2020-04-03 09:28:55;51  21313329;117.0;Para Fixo Vivo;
2020-04-02 17:22:22;51  21313329;57.0;Para Fixo Vivo;
2020-04-17 09:03:45;03  001001213;138.0;"";
2020-04-17 08:20:42;03  001001213;13.0;"";
2020-04-29 15:46:54;    ;29.0;Chamadas de Longa Distancia para Outros Estados;
2020-04-22 18:18:28;    ;14.0;Chamadas de Longa Distancia para Outros Estados;
2020-04-17 15:23:14;81  31419401;5.0;Chamadas de Longa Distancia para Outros Estados;
2020-04-17 11:21:12;    ;5.0;Chamadas de Longa Distancia para Outros Estados;
2020-04-17 11:10:18;    ;5.0;Chamadas de Longa Distancia para Outros Estados;
2020-04-16 11:21:39;    ;13.0;Chamadas de Longa Distancia para Outros Estados;
2020-04-16 09:05:37;    ;5.0;Chamadas de Longa Distancia para Outros Estados;
2020-04-15 09:22:35;49  30270001;5.0;Chamadas de Longa Distancia para Outros Estados;
2020-04-14 17:47:34;    ;6.0;Chamadas de Longa Distancia para Outros Estados;
2020-04-11 09:45:04;51  34888696;5.0;Chamadas de Longa Distancia para Outros Estados;
2020-04-09 13:44:21;    ;5.0;Chamadas de Longa Distancia para Outros Estados;
2020-04-09 13:35:55;49  33000100;5.0;Chamadas de Longa Distancia para Outros Estados;
2020-04-09 10:03:21;81  31405501;5.0;Chamadas de Longa Distancia para Outros Estados;
2020-04-08 18:23:58;11  21013423;5.0;Chamadas de Longa Distancia para Outros Estados;
2020-04-08 10:03:45;49  30267256;5.0;Chamadas de Longa Distancia para Outros Estados;
2020-04-07 16:46:16;    ;11.0;Chamadas de Longa Distancia para Outros Estados;
2020-04-06 16:10:00;    ;14.0;Chamadas de Longa Distancia para Outros Estados;
2020-04-06 15:04:03;49  30279600;5.0;Chamadas de Longa Distancia para Outros Estados;
2020-04-03 10:37:41;51  20420387;5.0;Chamadas de Longa Distancia para Outros Estados;
2020-04-02 16:30:39;    ;5.0;Chamadas de Longa Distancia para Outros Estados;
2020-04-02 16:27:40;    ;5.0;Chamadas de Longa Distancia para Outros Estados;
2020-04-02 15:51:03;    ;23.0;Chamadas de Longa Distancia para Outros Estados;
2020-04-02 15:14:21;    ;5.0;Chamadas de Longa Distancia para Outros Estados;
2020-04-02 15:13:30;    ;6.0;Chamadas de Longa Distancia para Outros Estados;
2020-04-02 15:13:11;    ;5.0;Chamadas de Longa Distancia para Outros Estados;
2020-04-02 11:05:20;11  28234050;5.0;Chamadas de Longa Distancia para Outros Estados;
2020-04-02 09:21:33;    ;5.0;Chamadas de Longa Distancia para Outros Estados;
2020-04-01 15:57:47;    ;5.0;Chamadas de Longa Distancia para Outros Estados;
2020-04-01 15:50:38;    ;22.0;Chamadas de Longa Distancia para Outros Estados;
2020-04-01 15:47:57;    ;7.0;Chamadas de Longa Distancia para Outros Estados;
2020-04-01 15:33:02;    ;82.0;Chamadas de Longa Distancia para Outros Estados;
2020-04-01 11:29:17;    ;15.0;Chamadas de Longa Distancia para Outros Estados;
2020-04-01 10:49:12;    ;8.0;Chamadas de Longa Distancia para Outros Estados;
2020-04-01 10:02:27;    ;10.0;Chamadas de Longa Distancia para Outros Estados;
2020-04-01 09:32:05;49  30268750;5.0;Chamadas de Longa Distancia para Outros Estados;
2020-04-01 09:18:33;    ;84.0;Chamadas de Longa Distancia para Outros Estados;
2020-04-01 09:17:59;    ;5.0;Chamadas de Longa Distancia para Outros Estados;
2020-04-11 18:30:47;*5  55;5.0;"";
2020-04-02 21:46:30;*5  55;5.0;"";
2020-04-03 14:26:01;41  984588404;8.0;Para Celulares de Outras Operadoras;
2020-04-03 13:57:35;41  988441322;10.0;Para Celulares Vivo;
2020-04-02 16:07:44;41  999780714;11.0;Para Celulares Vivo;
2020-04-02 15:57:10;41  999780714;20.0;Para Celulares Vivo;
2020-04-02 09:14:42;41  999780714;6.0;Para Celulares Vivo;
2020-04-02 08:40:20;41  999780714;5.0;Para Celulares Vivo;
2020-04-02 08:26:53;41  999780714;32.0;Para Celulares Vivo;
2020-03-31;"";326.0;INTERNET MOVEL 2;0.00
2020-04-01;"";10219.0;INTERNET MOVEL 2;0.00
2020-04-02;"";234413.1;INTERNET MOVEL 2;0.00
2020-04-03;"";214567.5;INTERNET MOVEL 2;0.00
2020-04-04;"";2799.0;INTERNET MOVEL 2;0.00
2020-04-07;"";52136.6;INTERNET MOVEL 2;0.00
2020-04-08;"";12727.0;INTERNET MOVEL 2;0.00
2020-04-09;"";43785.6;INTERNET MOVEL 2;0.00
2020-04-10;"";8358.4;INTERNET MOVEL 2;0.00
2020-04-11;"";1.0;INTERNET MOVEL 2;0.00
2020-04-13;"";3507.0;INTERNET MOVEL 2;0.00
2020-04-15;"";3233.0;INTERNET MOVEL 2;0.00
2020-04-16;"";45527.5;INTERNET MOVEL 2;0.00
2020-04-17;"";95219.6;INTERNET MOVEL 2;0.00
2020-04-18;"";762.0;INTERNET MOVEL 2;0.00
