data_hora_inicio;nro_telefone_chamado;duracao_ligacao;desc_categoria;valor_ligacao
2020-04-30 16:42:38;"";1.0;ADICIONAL;0.00
2020-04-29 14:34:09;"";1.0;ADICIONAL;0.00
2020-04-29 09:26:14;5130035002;1.0;ADICIONAL;0.00
2020-04-28 08:19:38;"";1.0;ADICIONAL;0.00
2020-04-23 19:56:36;"";1.0;ADICIONAL;0.00
2020-04-21 16:44:03;"";1.0;ADICIONAL;0.00
2020-04-21 16:41:53;"";1.0;ADICIONAL;0.00
2020-04-21 16:41:02;"";1.0;ADICIONAL;0.00
2020-04-21 16:39:38;"";1.0;ADICIONAL;0.00
2020-04-21 16:37:45;"";1.0;ADICIONAL;0.00
2020-04-21 16:17:02;"";1.0;ADICIONAL;0.00
2020-04-21 16:16:22;"";1.0;ADICIONAL;0.00
2020-04-21 16:14:47;"";1.0;ADICIONAL;0.00
2020-04-21 16:13:23;"";1.0;ADICIONAL;0.00
2020-04-21 16:12:45;"";1.0;ADICIONAL;0.00
2020-04-21 10:41:13;"";1.0;ADICIONAL;0.00
2020-04-19 12:22:57;"";1.0;ADICIONAL;0.00
2020-04-16 16:43:16;"";1.0;ADICIONAL;0.00
2020-04-29 15:30:18;11  950760797;119.0;Para Celulares de Outras Operadoras;
2020-04-22 08:21:53;64  999664712;6.0;Para Celulares de Outras Operadoras;
2020-04-20 11:36:55;64  999664712;16.0;Para Celulares de Outras Operadoras;
2020-04-29 15:44:12;51  992592845;9.0;Para Celulares Vivo;
2020-04-29 15:42:42;51  992592845;12.0;Para Celulares Vivo;
2020-04-27 10:04:58;61  998371111;6.0;Para Celulares Vivo;
2020-04-27 09:03:12;61  998371111;24.0;Para Celulares Vivo;
2020-04-27 08:39:54;61  998371111;58.0;Para Celulares Vivo;
2020-04-23 08:37:33;51  992592629;118.0;Para Celulares Vivo;
2020-04-20 15:12:59;51  992592845;19.0;Para Celulares Vivo;
2020-04-16 17:12:10;51  992592845;29.0;Para Celulares Vivo;
2020-04-14 17:26:58;51  992592629;8.0;Para Celulares Vivo;
2020-04-29 15:44:12;51  992592845;0.0;Adicional por Ligacoes Realizadas;
2020-04-29 15:42:42;51  992592845;0.0;Adicional por Ligacoes Realizadas;
2020-04-29 15:30:18;11  950760797;0.0;Adicional por Ligacoes Realizadas;
2020-04-27 13:18:04;64  36581497;0.0;Adicional por Ligacoes Realizadas;
2020-04-27 13:14:26;64  30033030;0.0;Adicional por Ligacoes Realizadas;
2020-04-27 10:04:58;61  998371111;0.0;Adicional por Ligacoes Realizadas;
2020-04-27 09:14:42;13  5;0.0;Adicional por Ligacoes Realizadas;
2020-04-27 09:03:12;61  998371111;0.0;Adicional por Ligacoes Realizadas;
2020-04-27 08:56:04;13  5;0.0;Adicional por Ligacoes Realizadas;
2020-04-27 08:39:54;61  998371111;0.0;Adicional por Ligacoes Realizadas;
2020-04-23 08:37:33;51  992592629;0.0;Adicional por Ligacoes Realizadas;
2020-04-22 08:21:53;64  999664712;0.0;Adicional por Ligacoes Realizadas;
2020-04-20 15:12:59;51  992592845;0.0;Adicional por Ligacoes Realizadas;
2020-04-20 11:36:55;64  999664712;0.0;Adicional por Ligacoes Realizadas;
2020-04-18 17:19:59;64  992784016;0.0;Adicional por Ligacoes Realizadas;
2020-04-16 17:12:10;51  992592845;0.0;Adicional por Ligacoes Realizadas;
2020-04-15 22:03:09;42  30253095;0.0;Adicional por Ligacoes Realizadas;
2020-04-30 16:42:38;    ;5.0;Chamadas de Longa Distancia para Outros Estados;
2020-04-29 14:34:09;    ;55.0;Chamadas de Longa Distancia para Outros Estados;
2020-04-29 09:26:14;51  30035002;168.0;Chamadas de Longa Distancia para Outros Estados;
2020-04-28 08:19:38;    ;5.0;Chamadas de Longa Distancia para Outros Estados;
2020-04-23 19:56:36;    ;5.0;Chamadas de Longa Distancia para Outros Estados;
2020-04-21 16:44:03;    ;29.0;Chamadas de Longa Distancia para Outros Estados;
2020-04-21 16:41:53;    ;5.0;Chamadas de Longa Distancia para Outros Estados;
2020-04-21 16:41:02;    ;5.0;Chamadas de Longa Distancia para Outros Estados;
2020-04-21 16:39:38;    ;11.0;Chamadas de Longa Distancia para Outros Estados;
2020-04-21 16:37:45;    ;16.0;Chamadas de Longa Distancia para Outros Estados;
2020-04-21 16:17:02;    ;14.0;Chamadas de Longa Distancia para Outros Estados;
2020-04-21 16:16:22;    ;5.0;Chamadas de Longa Distancia para Outros Estados;
2020-04-21 16:14:47;    ;12.0;Chamadas de Longa Distancia para Outros Estados;
2020-04-21 16:13:23;    ;10.0;Chamadas de Longa Distancia para Outros Estados;
2020-04-21 16:12:45;    ;5.0;Chamadas de Longa Distancia para Outros Estados;
2020-04-21 10:41:13;    ;7.0;Chamadas de Longa Distancia para Outros Estados;
2020-04-19 12:22:57;    ;59.0;Chamadas de Longa Distancia para Outros Estados;
2020-04-16 16:43:16;    ;18.0;Chamadas de Longa Distancia para Outros Estados;
2020-04-27 13:18:04;64  36581497;5.0;Para Fixo de Outras Operadoras;
2020-04-18 17:19:59;64  992784016;6.0;Para Celulares de Outras Operadoras;
2020-04-27 13:14:26;64  30033030;15.0;Para Fixo Vivo;
2020-04-15 22:03:09;42  30253095;5.0;Para Fixo Vivo;
2020-04-27 09:14:42;13  5;41.0;"";
2020-04-27 08:56:04;13  5;55.0;"";
