data_hora_inicio;nro_telefone_chamado;duracao_ligacao;desc_categoria;valor_ligacao
2020-04-27 19:33:18;54  999877374;45.0;Para Celulares Vivo;
2020-04-03 18:09:26;54  999877374;28.0;Para Celulares Vivo;
2020-04-16 12:07:21;51  34593797;6.0;Para Fixo de Outras Operadoras;
2020-04-23 15:33:42;51  984155402;13.0;Para Celulares de Outras Operadoras;
2020-04-16 12:48:31;51  982684054;5.0;Para Celulares de Outras Operadoras;
2020-04-15 11:24:53;51  991854580;27.0;Para Celulares de Outras Operadoras;
2020-04-14 12:43:11;51  982684054;5.0;Para Celulares de Outras Operadoras;
2020-04-29 13:36:57;51  992592701;47.0;Para Celulares Vivo;
2020-04-29 10:22:39;51  992592701;38.0;Para Celulares Vivo;
2020-04-28 15:40:58;51  992592701;10.0;Para Celulares Vivo;
2020-04-28 13:52:45;51  996684577;9.0;Para Celulares Vivo;
2020-04-28 13:31:42;51  996684577;8.0;Para Celulares Vivo;
2020-04-28 13:19:34;51  996684577;21.0;Para Celulares Vivo;
2020-04-28 13:08:42;51  996684577;8.0;Para Celulares Vivo;
2020-04-28 12:28:54;51  996684577;103.0;Para Celulares Vivo;
2020-04-22 15:39:53;51  992592701;47.0;Para Celulares Vivo;
2020-04-16 11:35:39;51  997152427;13.0;Para Celulares Vivo;
2020-04-14 11:33:44;51  997152427;6.0;Para Celulares Vivo;
2020-04-12 18:29:28;51  998778026;5.0;Para Celulares Vivo;
2020-04-09 08:30:16;51  992592701;5.0;Para Celulares Vivo;
2020-04-08 09:47:28;51  997152427;10.0;Para Celulares Vivo;
2020-04-07 09:50:43;51  997152427;19.0;Para Celulares Vivo;
2020-04-07 09:21:12;51  997152427;5.0;Para Celulares Vivo;
2020-04-05 10:35:32;51  997152427;6.0;Para Celulares Vivo;
2020-04-02 10:44:53;51  997152427;5.0;Para Celulares Vivo;
2020-04-02 10:33:06;51  992592701;40.0;Para Celulares Vivo;
2020-04-02;"";1.0;INTERNET MOVEL 2;0.00
2020-04-06;"";1.0;INTERNET MOVEL 2;0.00
2020-04-09;"";1.0;INTERNET MOVEL 2;0.00
2020-04-12;"";1.0;INTERNET MOVEL 2;0.00
2020-04-28;"";1.0;INTERNET MOVEL 2;0.00
