data_hora_inicio;nro_telefone_chamado;duracao_ligacao;desc_categoria;valor_ligacao
2020-04-01;"";949.0;INTERNET MOVEL 2;0.00
2020-04-02;"";1721.0;INTERNET MOVEL 2;0.00
2020-04-03;"";982.0;INTERNET MOVEL 2;0.00
2020-04-04;"";1711.0;INTERNET MOVEL 2;0.00
2020-04-05;"";1440.0;INTERNET MOVEL 2;0.00
2020-04-06;"";1174.0;INTERNET MOVEL 2;0.00
2020-04-07;"";990.0;INTERNET MOVEL 2;0.00
2020-04-08;"";1294.0;INTERNET MOVEL 2;0.00
2020-04-09;"";1751.0;INTERNET MOVEL 2;0.00
2020-04-10;"";4195.8;INTERNET MOVEL 2;0.00
2020-04-13;"";2065.0;INTERNET MOVEL 2;0.00
2020-04-14;"";1369.0;INTERNET MOVEL 2;0.00
2020-04-15;"";2540.9;INTERNET MOVEL 2;0.00
2020-04-16;"";495.0;INTERNET MOVEL 2;0.00
2020-04-17;"";475.0;INTERNET MOVEL 2;0.00
2020-04-18;"";1556.0;INTERNET MOVEL 2;0.00
2020-04-19;"";3430.0;INTERNET MOVEL 2;0.00
2020-04-20;"";1555.0;INTERNET MOVEL 2;0.00
2020-04-22;"";1603.0;INTERNET MOVEL 2;0.00
2020-04-23;"";2311.0;INTERNET MOVEL 2;0.00
2020-04-24;"";2325.0;INTERNET MOVEL 2;0.00
2020-04-25;"";2217.0;INTERNET MOVEL 2;0.00
2020-04-26;"";3812.8;INTERNET MOVEL 2;0.00
2020-04-27;"";1982.0;INTERNET MOVEL 2;0.00
2020-04-28;"";1237.0;INTERNET MOVEL 2;0.00
2020-04-29;"";1534.0;INTERNET MOVEL 2;0.00
2020-04-30;"";1370.0;INTERNET MOVEL 2;0.00
2020-05-01;"";42.0;INTERNET MOVEL 2;0.00
