data_hora_inicio;nro_telefone_chamado;duracao_ligacao;desc_categoria;valor_ligacao
2020-04-30 15:22:21;48  991228310;24.0;Para Celulares Vivo;
2020-04-30 14:02:43;48  991268323;22.0;Para Celulares Vivo;
2020-04-22 11:51:12;51  40203113;109.0;Para Fixo de Outras Operadoras;
2020-04-20 16:13:47;51  34807050;106.0;Para Fixo de Outras Operadoras;
2020-04-16 09:01:43;51  40203113;92.0;Para Fixo de Outras Operadoras;
2020-04-09 09:45:20;51  30551112;10.0;Para Fixo de Outras Operadoras;
2020-04-08 16:34:11;51  40203113;77.0;Para Fixo de Outras Operadoras;
2020-04-06 20:26:50;51  34911856;20.0;Para Fixo de Outras Operadoras;
2020-04-27 18:38:59;51  984536035;7.0;Para Celulares de Outras Operadoras;
2020-04-22 09:45:43;51  984536035;5.0;Para Celulares de Outras Operadoras;
2020-04-20 17:46:48;51  997820581;7.0;Para Celulares de Outras Operadoras;
2020-04-15 13:19:53;51  984536035;10.0;Para Celulares de Outras Operadoras;
2020-04-14 23:22:13;51  984536035;6.0;Para Celulares de Outras Operadoras;
2020-04-13 08:34:52;51  984536035;5.0;Para Celulares de Outras Operadoras;
2020-04-04 20:43:32;51  984536035;12.0;Para Celulares de Outras Operadoras;
2020-04-22 12:09:32;51  34801818;23.0;Para Fixo Vivo;
2020-04-22 11:35:51;51  21364100;16.0;Para Fixo Vivo;
2020-04-22 09:28:37;51  34022994;5.0;Para Fixo Vivo;
2020-04-07 16:53:52;51  31140190;15.0;Para Fixo Vivo;
2020-04-29 17:32:11;51  995741523;13.0;Para Celulares Vivo;
2020-04-29 16:23:31;51  995741523;5.0;Para Celulares Vivo;
2020-04-28 21:53:11;51  995741523;7.0;Para Celulares Vivo;
2020-04-27 18:37:56;51  995741523;5.0;Para Celulares Vivo;
2020-04-24 16:35:04;51  995741523;7.0;Para Celulares Vivo;
2020-04-24 08:53:06;51  998545903;148.0;Para Celulares Vivo;
2020-04-23 17:04:21;51  996660637;5.0;Para Celulares Vivo;
2020-04-22 11:16:01;51  998545903;54.0;Para Celulares Vivo;
2020-04-20 17:53:18;51  980211962;16.0;Para Celulares Vivo;
2020-04-20 17:50:59;51  980211962;18.0;Para Celulares Vivo;
2020-04-20 09:28:45;51  998545903;238.0;Para Celulares Vivo;
2020-04-15 13:30:27;51  996660637;24.0;Para Celulares Vivo;
2020-04-15 12:23:28;51  996660637;5.0;Para Celulares Vivo;
2020-04-15 12:17:08;51  995741523;8.0;Para Celulares Vivo;
2020-04-15 12:12:29;51  995741523;5.0;Para Celulares Vivo;
2020-04-13 10:01:30;51  998545903;247.0;Para Celulares Vivo;
2020-04-12 15:09:19;51  995741523;5.0;Para Celulares Vivo;
2020-04-10 14:46:04;51  997519855;21.0;Para Celulares Vivo;
2020-04-09 14:44:49;51  999375961;8.0;Para Celulares Vivo;
2020-03-31;"";42.0;INTERNET MOVEL 2;0.00
2020-04-01;"";251.0;INTERNET MOVEL 2;0.00
2020-04-02;"";31122.6;INTERNET MOVEL 2;0.00
2020-04-03;"";299.0;INTERNET MOVEL 2;0.00
2020-04-04;"";15991.7;INTERNET MOVEL 2;0.00
2020-04-05;"";547.0;INTERNET MOVEL 2;0.00
2020-04-06;"";5114.1;INTERNET MOVEL 2;0.00
2020-04-07;"";39430.0;INTERNET MOVEL 2;0.00
2020-04-08;"";4121.2;INTERNET MOVEL 2;0.00
2020-04-09;"";81510.2;INTERNET MOVEL 2;0.00
2020-04-10;"";449.0;INTERNET MOVEL 2;0.00
2020-04-11;"";120283.4;INTERNET MOVEL 2;0.00
2020-04-12;"";8449.9;INTERNET MOVEL 2;0.00
2020-04-13;"";17388.8;INTERNET MOVEL 2;0.00
2020-04-14;"";76701.8;INTERNET MOVEL 2;0.00
2020-04-15;"";4800.8;INTERNET MOVEL 2;0.00
2020-04-16;"";1747.4;INTERNET MOVEL 2;0.00
2020-04-17;"";924.0;INTERNET MOVEL 2;0.00
2020-04-18;"";1506.0;INTERNET MOVEL 2;0.00
2020-04-19;"";9737.2;INTERNET MOVEL 2;0.00
2020-04-20;"";1592.0;INTERNET MOVEL 2;0.00
2020-04-21;"";1861.0;INTERNET MOVEL 2;0.00
2020-04-22;"";39241.4;INTERNET MOVEL 2;0.00
2020-04-23;"";87564.0;INTERNET MOVEL 2;0.00
2020-04-24;"";8539.0;INTERNET MOVEL 2;0.00
2020-04-25;"";1655.0;INTERNET MOVEL 2;0.00
2020-04-26;"";1918.6;INTERNET MOVEL 2;0.00
2020-04-27;"";2023.6;INTERNET MOVEL 2;0.00
2020-04-28;"";26985.8;INTERNET MOVEL 2;0.00
2020-04-29;"";881.0;INTERNET MOVEL 2;0.00
2020-04-30;"";7568.0;INTERNET MOVEL 2;0.00
