data_hora_inicio;nro_telefone_chamado;duracao_ligacao;desc_categoria;valor_ligacao
2020-04-29 10:35:58;"";1.0;ADICIONAL;0.00
2020-04-29 10:44:43;51  995863683;14.0;Para Celulares Vivo;
2020-04-29 10:42:44;43  991507893;16.0;Para Celulares Vivo;
2020-04-30 01:53:29;64  36117500;0.0;Adicional por Ligacoes Realizadas;
2020-04-29 17:19:42;64  36117500;0.0;Adicional por Ligacoes Realizadas;
2020-04-29 10:44:43;51  995863683;0.0;Adicional por Ligacoes Realizadas;
2020-04-29 10:42:44;43  991507893;0.0;Adicional por Ligacoes Realizadas;
2020-04-29 10:35:58;    ;54.0;Chamadas de Longa Distancia para Outros Estados;
2020-04-30 01:53:29;64  36117500;5.0;Para Fixo Vivo;
2020-04-29 17:19:42;64  36117500;5.0;Para Fixo Vivo;
2020-04-06 15:01:44;*5  55;5.0;"";
2020-04-06 15:01:00;*5  55;5.0;"";
2020-04-27 09:44:10;51  30856299;5.0;Para Fixo Vivo;
2020-04-28 09:59:28;51  995863683;21.0;Para Celulares Vivo;
2020-04-28 09:29:13;51  993319478;40.0;Para Celulares Vivo;
2020-04-28 09:28:33;51  993319478;5.0;Para Celulares Vivo;
2020-04-25 15:57:50;51  995863683;30.0;Para Celulares Vivo;
2020-04-03 12:02:24;51  995863683;17.0;Para Celulares Vivo;
2020-04-01;"";531.0;INTERNET MOVEL 2;0.00
2020-04-02;"";339.0;INTERNET MOVEL 2;0.00
2020-04-03;"";272.0;INTERNET MOVEL 2;0.00
2020-04-04;"";334.0;INTERNET MOVEL 2;0.00
2020-04-05;"";183.0;INTERNET MOVEL 2;0.00
2020-04-06;"";335.0;INTERNET MOVEL 2;0.00
2020-04-07;"";643.0;INTERNET MOVEL 2;0.00
2020-04-08;"";272.0;INTERNET MOVEL 2;0.00
2020-04-09;"";350.0;INTERNET MOVEL 2;0.00
2020-04-10;"";36.0;INTERNET MOVEL 2;0.00
2020-04-11;"";82.0;INTERNET MOVEL 2;0.00
2020-04-12;"";978.0;INTERNET MOVEL 2;0.00
2020-04-13;"";632.0;INTERNET MOVEL 2;0.00
2020-04-14;"";242.0;INTERNET MOVEL 2;0.00
2020-04-15;"";647.0;INTERNET MOVEL 2;0.00
2020-04-16;"";470.0;INTERNET MOVEL 2;0.00
2020-04-17;"";1008.0;INTERNET MOVEL 2;0.00
2020-04-18;"";588.0;INTERNET MOVEL 2;0.00
2020-04-19;"";1162.0;INTERNET MOVEL 2;0.00
2020-04-20;"";419.0;INTERNET MOVEL 2;0.00
2020-04-21;"";534.0;INTERNET MOVEL 2;0.00
2020-04-22;"";286.0;INTERNET MOVEL 2;0.00
2020-04-23;"";543.0;INTERNET MOVEL 2;0.00
2020-04-24;"";352.0;INTERNET MOVEL 2;0.00
2020-04-25;"";1352.0;INTERNET MOVEL 2;0.00
2020-04-26;"";2621.0;INTERNET MOVEL 2;0.00
2020-04-27;"";32887.3;INTERNET MOVEL 2;0.00
2020-04-28;"";30776.6;INTERNET MOVEL 2;0.00
2020-04-29;"";7649.5;INTERNET MOVEL 2;0.00
2020-04-30;"";46108.3;INTERNET MOVEL 2;0.00
2020-05-01;"";29.0;INTERNET MOVEL 2;0.00
