data_hora_inicio;nro_telefone_chamado;duracao_ligacao;desc_categoria;valor_ligacao
2020-04-09 11:25:52;51992592869;1.0;GRATIS-SMS;0.00
2020-04-01 18:15:00;51  21313333;5.0;Para Fixo Vivo;
2020-04-17 09:15:29;18  36219444;15.0;Para Fixo de Outras Operadoras;
2020-04-22 11:37:13;18  991809336;214.0;Para Celulares de Outras Operadoras;
2020-04-23 17:22:53;92  993002545;152.0;Para Celulares Vivo;
2020-04-23 12:05:28;92  993002545;160.0;Para Celulares Vivo;
2020-04-01 10:01:22;98  991602203;168.0;Para Celulares Vivo;
2020-04-17 17:18:19;51  30041105;24.0;Para Fixo de Outras Operadoras;
2020-04-17 17:10:27;51  30041105;23.0;Para Fixo de Outras Operadoras;
2020-04-17 09:12:07;51  21211800;14.0;Para Fixo de Outras Operadoras;
2020-04-11 14:34:19;51  30041104;12.0;Para Fixo de Outras Operadoras;
2020-04-04 16:43:58;51  30045060;23.0;Para Fixo de Outras Operadoras;
2020-04-26 10:52:01;51  999754624;12.0;Para Celulares de Outras Operadoras;
2020-04-20 18:07:06;51  985947302;5.0;Para Celulares de Outras Operadoras;
2020-04-20 14:34:17;51  999754624;162.0;Para Celulares de Outras Operadoras;
2020-04-18 18:39:41;51  999754624;28.0;Para Celulares de Outras Operadoras;
2020-04-18 15:39:05;51  999754624;5.0;Para Celulares de Outras Operadoras;
2020-04-10 22:31:00;51  999754624;5.0;Para Celulares de Outras Operadoras;
2020-04-09 22:55:31;51  981616042;21.0;Para Celulares de Outras Operadoras;
2020-04-06 18:34:04;51  991992219;26.0;Para Celulares de Outras Operadoras;
2020-04-03 19:50:38;51  999754624;23.0;Para Celulares de Outras Operadoras;
2020-04-30 10:23:16;51  34663692;20.0;Para Fixo Vivo;
2020-04-30 15:54:40;51  992592817;220.0;Para Celulares Vivo;
2020-04-28 10:33:45;51  999503410;355.0;Para Celulares Vivo;
2020-04-23 12:22:11;51  992592817;131.0;Para Celulares Vivo;
2020-03-31;"";162.0;INTERNET MOVEL 2;0.00
2020-04-01;"";1613.1;INTERNET MOVEL 2;0.00
2020-04-02;"";933.0;INTERNET MOVEL 2;0.00
2020-04-03;"";3405.0;INTERNET MOVEL 2;0.00
2020-04-04;"";831.0;INTERNET MOVEL 2;0.00
2020-04-05;"";5900.0;INTERNET MOVEL 2;0.00
2020-04-06;"";1714.0;INTERNET MOVEL 2;0.00
2020-04-07;"";4119.0;INTERNET MOVEL 2;0.00
2020-04-08;"";2164.0;INTERNET MOVEL 2;0.00
2020-04-09;"";3106.0;INTERNET MOVEL 2;0.00
2020-04-10;"";915.0;INTERNET MOVEL 2;0.00
2020-04-11;"";866.0;INTERNET MOVEL 2;0.00
2020-04-12;"";746.0;INTERNET MOVEL 2;0.00
2020-04-13;"";995.0;INTERNET MOVEL 2;0.00
2020-04-14;"";1959.0;INTERNET MOVEL 2;0.00
2020-04-15;"";843.0;INTERNET MOVEL 2;0.00
2020-04-16;"";7616.4;INTERNET MOVEL 2;0.00
2020-04-17;"";1327.4;INTERNET MOVEL 2;0.00
2020-04-18;"";6626.0;INTERNET MOVEL 2;0.00
2020-04-19;"";2676.0;INTERNET MOVEL 2;0.00
2020-04-20;"";23635.6;INTERNET MOVEL 2;0.00
2020-04-21;"";3968.7;INTERNET MOVEL 2;0.00
2020-04-22;"";1819.0;INTERNET MOVEL 2;0.00
2020-04-23;"";1160.0;INTERNET MOVEL 2;0.00
2020-04-24;"";1856.0;INTERNET MOVEL 2;0.00
2020-04-25;"";776.0;INTERNET MOVEL 2;0.00
2020-04-26;"";2018.0;INTERNET MOVEL 2;0.00
2020-04-27;"";2926.0;INTERNET MOVEL 2;0.00
2020-04-28;"";2371.9;INTERNET MOVEL 2;0.00
2020-04-29;"";1069.0;INTERNET MOVEL 2;0.00
2020-04-30;"";1180.0;INTERNET MOVEL 2;0.00
2020-05-01;"";108.0;INTERNET MOVEL 2;0.00
