data_hora_inicio;nro_telefone_chamado;duracao_ligacao;desc_categoria;valor_ligacao
2020-04-27 14:31:23;51  30183100;29.0;Para Fixo de Outras Operadoras;
2020-04-25 13:28:39;51  33413379;7.0;Para Fixo de Outras Operadoras;
2020-04-25 13:22:09;51  33413379;59.0;Para Fixo de Outras Operadoras;
2020-04-24 11:01:54;51  33282446;5.0;Para Fixo de Outras Operadoras;
2020-04-08 09:26:27;51  33413379;6.0;Para Fixo de Outras Operadoras;
2020-04-30 15:28:21;51  991634373;5.0;Para Celulares Vivo;
2020-04-30 15:27:49;51  992592972;5.0;Para Celulares Vivo;
2020-04-30 15:23:14;51  992592972;7.0;Para Celulares Vivo;
2020-04-23 15:10:04;51  991634373;25.0;Para Celulares Vivo;
2020-04-23 10:28:35;51  999793450;10.0;Para Celulares Vivo;
2020-04-21 16:22:20;51  991634373;7.0;Para Celulares Vivo;
2020-04-18 17:20:07;51  999793450;14.0;Para Celulares Vivo;
2020-04-15 18:41:55;51  999793450;25.0;Para Celulares Vivo;
2020-04-13 17:48:16;51  991634373;5.0;Para Celulares Vivo;
2020-04-11 19:26:34;51  999793450;28.0;Para Celulares Vivo;
2020-04-10 18:19:46;51  999793450;19.0;Para Celulares Vivo;
2020-04-09 17:00:23;51  991634373;11.0;Para Celulares Vivo;
2020-04-09 16:57:37;51  991634373;26.0;Para Celulares Vivo;
2020-04-09 16:24:56;51  991634373;10.0;Para Celulares Vivo;
2020-04-05 16:44:56;51  999793450;5.0;Para Celulares Vivo;
2020-04-04 19:03:36;51  999793450;18.0;Para Celulares Vivo;
2020-04-03 19:10:32;51  992592972;10.0;Para Celulares Vivo;
2020-03-31;"";2277.0;INTERNET MOVEL 2;0.00
2020-04-01;"";2867.2;INTERNET MOVEL 2;0.00
2020-04-02;"";10758.7;INTERNET MOVEL 2;0.00
2020-04-03;"";6351.3;INTERNET MOVEL 2;0.00
2020-04-04;"";2698.9;INTERNET MOVEL 2;0.00
2020-04-05;"";1379.0;INTERNET MOVEL 2;0.00
2020-04-06;"";12501.5;INTERNET MOVEL 2;0.00
2020-04-07;"";63958.4;INTERNET MOVEL 2;0.00
2020-04-08;"";69948.8;INTERNET MOVEL 2;0.00
2020-04-09;"";27028.8;INTERNET MOVEL 2;0.00
2020-04-10;"";27694.6;INTERNET MOVEL 2;0.00
2020-04-11;"";17551.1;INTERNET MOVEL 2;0.00
2020-04-12;"";60611.4;INTERNET MOVEL 2;0.00
2020-04-13;"";48046.2;INTERNET MOVEL 2;0.00
2020-04-14;"";29476.8;INTERNET MOVEL 2;0.00
2020-04-15;"";13491.6;INTERNET MOVEL 2;0.00
2020-04-16;"";21482.8;INTERNET MOVEL 2;0.00
2020-04-17;"";26581.6;INTERNET MOVEL 2;0.00
2020-04-18;"";2813.6;INTERNET MOVEL 2;0.00
2020-04-19;"";61251.2;INTERNET MOVEL 2;0.00
2020-04-20;"";44286.4;INTERNET MOVEL 2;0.00
2020-04-21;"";40248.5;INTERNET MOVEL 2;0.00
2020-04-22;"";22735.7;INTERNET MOVEL 2;0.00
2020-04-23;"";68268.4;INTERNET MOVEL 2;0.00
2020-04-24;"";45173.0;INTERNET MOVEL 2;0.00
2020-04-25;"";2676.9;INTERNET MOVEL 2;0.00
2020-04-26;"";4221.8;INTERNET MOVEL 2;0.00
2020-04-27;"";38564.4;INTERNET MOVEL 2;0.00
2020-04-28;"";25113.5;INTERNET MOVEL 2;0.00
2020-04-29;"";2421.6;INTERNET MOVEL 2;0.00
2020-04-30;"";15013.3;INTERNET MOVEL 2;0.00
2020-05-01;"";19.0;INTERNET MOVEL 2;0.00
