data_hora_inicio;nro_telefone_chamado;duracao_ligacao;desc_categoria;valor_ligacao
2020-04-30 08:27:18;11981144252;1.0;ADICIONAL;0.00
2020-04-29 18:05:34;"";1.0;ADICIONAL;0.00
2020-04-29 10:54:02;"";1.0;ADICIONAL;0.00
2020-04-29 09:56:33;"";1.0;ADICIONAL;0.00
2020-04-28 15:22:29;"";1.0;ADICIONAL;0.00
2020-04-28 11:12:28;"";1.0;ADICIONAL;0.00
2020-04-27 18:03:47;"";1.0;ADICIONAL;0.00
2020-04-27 17:26:30;"";1.0;ADICIONAL;0.00
2020-04-24 14:46:19;"";1.0;ADICIONAL;0.00
2020-04-24 09:41:17;"";1.0;ADICIONAL;0.00
2020-04-23 18:14:45;"";1.0;ADICIONAL;0.00
2020-04-23 17:10:54;"";1.0;ADICIONAL;0.00
2020-04-22 14:44:59;"";1.0;ADICIONAL;0.00
2020-04-22 13:57:55;"";1.0;ADICIONAL;0.00
2020-04-17 15:58:59;"";1.0;ADICIONAL;0.00
2020-04-17 15:17:01;"";1.0;ADICIONAL;0.00
2020-04-14 06:37:02;"";1.0;ADICIONAL;0.00
2020-04-14 06:23:07;"";1.0;ADICIONAL;0.00
2020-04-14 06:18:10;"";1.0;ADICIONAL;0.00
2020-04-11 18:11:45;"";1.0;ADICIONAL;0.00
2020-04-09 06:56:23;"";1.0;ADICIONAL;0.00
2020-04-09 06:32:55;"";1.0;ADICIONAL;0.00
2020-04-07 18:11:31;"";1.0;ADICIONAL;0.00
2020-04-07 14:26:40;"";1.0;ADICIONAL;0.00
2020-04-07 12:20:42;"";1.0;ADICIONAL;0.00
2020-04-07 12:00:30;"";1.0;ADICIONAL;0.00
2020-04-07 11:34:53;"";1.0;ADICIONAL;0.00
2020-04-07 11:22:12;"";1.0;ADICIONAL;0.00
2020-04-07 11:15:43;"";1.0;ADICIONAL;0.00
2020-04-07 09:49:58;"";1.0;ADICIONAL;0.00
2020-04-06 17:41:53;"";1.0;ADICIONAL;0.00
2020-04-23 11:12:21;41998103380;1.0;GRATIS-SMS;0.00
2020-04-07 16:20:24;41998103380;1.0;GRATIS-SMS;0.00
2020-04-07 11:55:56;41998103380;1.0;GRATIS-SMS;0.00
2020-04-30 08:38:19;11  981144252;5.0;Para Celulares de Outras Operadoras;
2020-04-27 16:29:39;13  988252199;5.0;Para Celulares de Outras Operadoras;
2020-04-23 18:27:16;13  988252199;9.0;Para Celulares de Outras Operadoras;
2020-04-17 15:18:46;51  993555430;45.0;Para Celulares de Outras Operadoras;
2020-04-09 14:47:25;51  993555430;32.0;Para Celulares de Outras Operadoras;
2020-04-09 08:49:20;51  993555430;26.0;Para Celulares de Outras Operadoras;
2020-04-03 16:41:39;13  988252199;19.0;Para Celulares de Outras Operadoras;
2020-04-28 14:03:50;51  992592629;14.0;Para Celulares Vivo;
2020-04-24 09:45:04;51  991813564;5.0;Para Celulares Vivo;
2020-04-20 09:14:18;51  991813564;5.0;Para Celulares Vivo;
2020-04-16 08:17:03;51  991813564;5.0;Para Celulares Vivo;
2020-04-14 17:18:26;51  992592629;22.0;Para Celulares Vivo;
2020-04-14 14:16:24;51  991259818;5.0;Para Celulares Vivo;
2020-04-14 13:52:51;51  992592629;31.0;Para Celulares Vivo;
2020-04-12 13:44:04;51  993394636;21.0;Para Celulares Vivo;
2020-04-07 17:15:56;51  992592629;27.0;Para Celulares Vivo;
2020-04-07 11:12:12;51  991813564;5.0;Para Celulares Vivo;
2020-04-30 08:38:19;11  981144252;0.0;Adicional por Ligacoes Realizadas;
2020-04-28 14:03:50;51  992592629;0.0;Adicional por Ligacoes Realizadas;
2020-04-27 16:29:39;13  988252199;0.0;Adicional por Ligacoes Realizadas;
2020-04-24 09:45:04;51  991813564;0.0;Adicional por Ligacoes Realizadas;
2020-04-23 18:27:16;13  988252199;0.0;Adicional por Ligacoes Realizadas;
2020-04-23 16:02:30;41  40043535;0.0;Adicional por Ligacoes Realizadas;
2020-04-23 15:57:33;08  007023535;0.0;Adicional por Ligacoes Realizadas;
2020-04-23 15:20:11;41  34250333;0.0;Adicional por Ligacoes Realizadas;
2020-04-22 12:53:53;41  34250333;0.0;Adicional por Ligacoes Realizadas;
2020-04-22 11:31:17;41  34241865;0.0;Adicional por Ligacoes Realizadas;
2020-04-20 15:08:51;41  34255160;0.0;Adicional por Ligacoes Realizadas;
2020-04-20 13:30:15;41  34255160;0.0;Adicional por Ligacoes Realizadas;
2020-04-20 09:14:18;51  991813564;0.0;Adicional por Ligacoes Realizadas;
2020-04-17 15:18:46;51  993555430;0.0;Adicional por Ligacoes Realizadas;
2020-04-17 09:52:56;41  34201222;0.0;Adicional por Ligacoes Realizadas;
2020-04-17 09:49:20;41  34201222;0.0;Adicional por Ligacoes Realizadas;
2020-04-17 09:48:07;41  34201222;0.0;Adicional por Ligacoes Realizadas;
2020-04-17 09:42:27;41  34201222;0.0;Adicional por Ligacoes Realizadas;
2020-04-16 10:35:24;41  30220500;0.0;Adicional por Ligacoes Realizadas;
2020-04-16 08:17:03;51  991813564;0.0;Adicional por Ligacoes Realizadas;
2020-04-14 17:18:26;51  992592629;0.0;Adicional por Ligacoes Realizadas;
2020-04-14 14:16:24;51  991259818;0.0;Adicional por Ligacoes Realizadas;
2020-04-14 13:52:51;51  992592629;0.0;Adicional por Ligacoes Realizadas;
2020-04-12 13:44:04;51  993394636;0.0;Adicional por Ligacoes Realizadas;
2020-04-12 10:55:12;41  992118521;0.0;Adicional por Ligacoes Realizadas;
2020-04-12 10:49:57;41  992118521;0.0;Adicional por Ligacoes Realizadas;
2020-04-10 17:34:10;41  997545207;0.0;Adicional por Ligacoes Realizadas;
2020-04-10 13:51:42;41  997545207;0.0;Adicional por Ligacoes Realizadas;
2020-04-09 17:53:05;41  985114504;0.0;Adicional por Ligacoes Realizadas;
2020-04-09 17:49:10;41  998103380;0.0;Adicional por Ligacoes Realizadas;
2020-04-09 14:47:25;51  993555430;0.0;Adicional por Ligacoes Realizadas;
2020-04-09 08:52:49;41  34232561;0.0;Adicional por Ligacoes Realizadas;
2020-04-09 08:49:20;51  993555430;0.0;Adicional por Ligacoes Realizadas;
2020-04-09 08:47:59;41  34232561;0.0;Adicional por Ligacoes Realizadas;
2020-04-09 08:33:09;41  34232561;0.0;Adicional por Ligacoes Realizadas;
2020-04-08 09:34:10;41  34232651;0.0;Adicional por Ligacoes Realizadas;
2020-04-07 19:01:28;41  996005707;0.0;Adicional por Ligacoes Realizadas;
2020-04-07 17:15:56;51  992592629;0.0;Adicional por Ligacoes Realizadas;
2020-04-07 14:49:42;41  34223411;0.0;Adicional por Ligacoes Realizadas;
2020-04-07 11:12:12;51  991813564;0.0;Adicional por Ligacoes Realizadas;
2020-04-07 11:08:54;41  996005707;0.0;Adicional por Ligacoes Realizadas;
2020-04-07 11:06:12;41  34232651;0.0;Adicional por Ligacoes Realizadas;
2020-04-07 10:14:18;41  34250333;0.0;Adicional por Ligacoes Realizadas;
2020-04-07 09:30:36;41  34273722;0.0;Adicional por Ligacoes Realizadas;
2020-04-07 09:19:35;41  34234423;0.0;Adicional por Ligacoes Realizadas;
2020-04-07 09:17:32;41  34233534;0.0;Adicional por Ligacoes Realizadas;
2020-04-07 09:14:45;41  34222466;0.0;Adicional por Ligacoes Realizadas;
2020-04-28 11:12:28;    ;67.0;Chamadas de Longa Distancia para Outros Estados;
2020-04-27 18:03:47;    ;10.0;Chamadas de Longa Distancia para Outros Estados;
2020-04-27 17:26:30;    ;22.0;Chamadas de Longa Distancia para Outros Estados;
2020-04-24 14:46:19;    ;10.0;Chamadas de Longa Distancia para Outros Estados;
2020-04-24 09:41:17;    ;7.0;Chamadas de Longa Distancia para Outros Estados;
2020-04-23 18:14:45;    ;17.0;Chamadas de Longa Distancia para Outros Estados;
2020-04-23 17:10:54;    ;5.0;Chamadas de Longa Distancia para Outros Estados;
2020-04-22 14:44:59;    ;18.0;Chamadas de Longa Distancia para Outros Estados;
2020-04-22 13:57:55;    ;31.0;Chamadas de Longa Distancia para Outros Estados;
2020-04-17 15:58:59;    ;5.0;Chamadas de Longa Distancia para Outros Estados;
2020-04-17 15:17:01;    ;5.0;Chamadas de Longa Distancia para Outros Estados;
2020-04-14 06:37:02;    ;5.0;Chamadas de Longa Distancia para Outros Estados;
2020-04-14 06:23:07;    ;5.0;Chamadas de Longa Distancia para Outros Estados;
2020-04-14 06:18:10;    ;5.0;Chamadas de Longa Distancia para Outros Estados;
2020-04-11 18:11:45;    ;8.0;Chamadas de Longa Distancia para Outros Estados;
2020-04-09 06:56:23;    ;9.0;Chamadas de Longa Distancia para Outros Estados;
2020-04-09 06:32:55;    ;8.0;Chamadas de Longa Distancia para Outros Estados;
2020-04-07 18:11:31;    ;5.0;Chamadas de Longa Distancia para Outros Estados;
2020-04-07 14:26:40;    ;37.0;Chamadas de Longa Distancia para Outros Estados;
2020-04-07 12:20:42;    ;8.0;Chamadas de Longa Distancia para Outros Estados;
2020-04-07 12:00:30;    ;25.0;Chamadas de Longa Distancia para Outros Estados;
2020-04-07 11:34:53;    ;165.0;Chamadas de Longa Distancia para Outros Estados;
2020-04-07 11:22:12;    ;18.0;Chamadas de Longa Distancia para Outros Estados;
2020-04-07 11:15:43;    ;6.0;Chamadas de Longa Distancia para Outros Estados;
2020-04-07 09:49:58;    ;7.0;Chamadas de Longa Distancia para Outros Estados;
2020-04-06 17:41:53;    ;8.0;Chamadas de Longa Distancia para Outros Estados;
2020-04-23 15:20:11;41  34250333;10.0;Para Fixo de Outras Operadoras;
2020-04-22 12:53:53;41  34250333;6.0;Para Fixo de Outras Operadoras;
2020-04-22 11:31:17;41  34241865;5.0;Para Fixo de Outras Operadoras;
2020-04-20 15:08:51;41  34255160;5.0;Para Fixo de Outras Operadoras;
2020-04-20 13:30:15;41  34255160;11.0;Para Fixo de Outras Operadoras;
2020-04-17 09:52:56;41  34201222;58.0;Para Fixo de Outras Operadoras;
2020-04-17 09:49:20;41  34201222;22.0;Para Fixo de Outras Operadoras;
2020-04-17 09:48:07;41  34201222;8.0;Para Fixo de Outras Operadoras;
2020-04-17 09:42:27;41  34201222;50.0;Para Fixo de Outras Operadoras;
2020-04-09 08:52:49;41  34232561;5.0;Para Fixo de Outras Operadoras;
2020-04-09 08:47:59;41  34232561;8.0;Para Fixo de Outras Operadoras;
2020-04-09 08:33:09;41  34232561;25.0;Para Fixo de Outras Operadoras;
2020-04-08 09:34:10;41  34232651;7.0;Para Fixo de Outras Operadoras;
2020-04-07 14:49:42;41  34223411;8.0;Para Fixo de Outras Operadoras;
2020-04-07 09:07:33;41  34256080;0.0;Adicional por Ligacoes Realizadas;
2020-04-07 09:03:26;41  34273722;0.0;Adicional por Ligacoes Realizadas;
2020-04-07 08:55:56;41  34240219;0.0;Adicional por Ligacoes Realizadas;
2020-04-07 08:55:20;41  34233252;0.0;Adicional por Ligacoes Realizadas;
2020-04-07 08:49:21;41  34223411;0.0;Adicional por Ligacoes Realizadas;
2020-04-06 17:45:08;41  998103380;0.0;Adicional por Ligacoes Realizadas;
2020-04-06 17:00:27;41  36682136;0.0;Adicional por Ligacoes Realizadas;
2020-04-06 15:13:39;41  34240219;0.0;Adicional por Ligacoes Realizadas;
2020-04-06 14:18:18;41  34243530;0.0;Adicional por Ligacoes Realizadas;
2020-04-04 07:42:34;41  992118521;0.0;Adicional por Ligacoes Realizadas;
2020-04-03 16:41:39;13  988252199;0.0;Adicional por Ligacoes Realizadas;
2020-04-03 16:14:49;41  985114504;0.0;Adicional por Ligacoes Realizadas;
2020-04-02 14:59:45;41  40072434;0.0;Adicional por Ligacoes Realizadas;
2020-04-02 14:32:55;41  40072434;0.0;Adicional por Ligacoes Realizadas;
2020-04-02 14:29:56;41  40072434;0.0;Adicional por Ligacoes Realizadas;
2020-04-02 08:28:41;41  34232651;0.0;Adicional por Ligacoes Realizadas;
2020-04-23 15:57:33;08  007023535;5.0;"";
2020-04-30 08:27:18;11  981144252;7.0;Chamadas de Longa Distancia para Outros Estados;
2020-04-29 18:05:34;    ;23.0;Chamadas de Longa Distancia para Outros Estados;
2020-04-29 10:54:02;    ;10.0;Chamadas de Longa Distancia para Outros Estados;
2020-04-29 09:56:33;    ;14.0;Chamadas de Longa Distancia para Outros Estados;
2020-04-28 15:22:29;    ;12.0;Chamadas de Longa Distancia para Outros Estados;
2020-04-07 11:06:12;41  34232651;17.0;Para Fixo de Outras Operadoras;
2020-04-07 10:14:18;41  34250333;9.0;Para Fixo de Outras Operadoras;
2020-04-07 09:30:36;41  34273722;20.0;Para Fixo de Outras Operadoras;
2020-04-07 09:19:35;41  34234423;7.0;Para Fixo de Outras Operadoras;
2020-04-07 09:17:32;41  34233534;7.0;Para Fixo de Outras Operadoras;
2020-04-07 09:14:45;41  34222466;5.0;Para Fixo de Outras Operadoras;
2020-04-07 09:07:33;41  34256080;18.0;Para Fixo de Outras Operadoras;
2020-04-07 09:03:26;41  34273722;37.0;Para Fixo de Outras Operadoras;
2020-04-07 08:55:56;41  34240219;5.0;Para Fixo de Outras Operadoras;
2020-04-07 08:55:20;41  34233252;5.0;Para Fixo de Outras Operadoras;
2020-04-07 08:49:21;41  34223411;11.0;Para Fixo de Outras Operadoras;
2020-04-06 15:13:39;41  34240219;6.0;Para Fixo de Outras Operadoras;
2020-04-06 14:18:18;41  34243530;7.0;Para Fixo de Outras Operadoras;
2020-04-02 08:28:41;41  34232651;5.0;Para Fixo de Outras Operadoras;
2020-04-10 17:34:10;41  997545207;10.0;Para Celulares de Outras Operadoras;
2020-04-10 13:51:42;41  997545207;5.0;Para Celulares de Outras Operadoras;
2020-04-09 17:53:05;41  985114504;5.0;Para Celulares de Outras Operadoras;
2020-04-09 17:49:10;41  998103380;10.0;Para Celulares de Outras Operadoras;
2020-04-07 19:01:28;41  996005707;19.0;Para Celulares de Outras Operadoras;
2020-04-07 11:08:54;41  996005707;10.0;Para Celulares de Outras Operadoras;
2020-04-06 17:45:08;41  998103380;5.0;Para Celulares de Outras Operadoras;
2020-04-03 16:14:49;41  985114504;5.0;Para Celulares de Outras Operadoras;
2020-04-23 16:02:30;41  40043535;49.0;Para Fixo Vivo;
2020-04-16 10:35:24;41  30220500;104.0;Para Fixo Vivo;
2020-04-06 17:00:27;41  36682136;31.0;Para Fixo Vivo;
2020-04-02 14:59:45;41  40072434;581.0;Para Fixo Vivo;
2020-04-02 14:32:55;41  40072434;265.0;Para Fixo Vivo;
2020-04-02 14:29:56;41  40072434;14.0;Para Fixo Vivo;
2020-04-12 10:55:12;41  992118521;5.0;Para Celulares Vivo;
2020-04-12 10:49:57;41  992118521;5.0;Para Celulares Vivo;
2020-04-04 07:42:34;41  992118521;5.0;Para Celulares Vivo;
2020-04-05;"";2.0;INTERNET MOVEL 2;0.00
2020-04-06;"";2.0;INTERNET MOVEL 2;0.00
2020-04-07;"";5.0;INTERNET MOVEL 2;0.00
2020-04-08;"";2.0;INTERNET MOVEL 2;0.00
2020-04-10;"";2.0;INTERNET MOVEL 2;0.00
2020-04-11;"";2.0;INTERNET MOVEL 2;0.00
2020-04-12;"";2.0;INTERNET MOVEL 2;0.00
2020-04-13;"";5.0;INTERNET MOVEL 2;0.00
2020-04-14;"";1.0;INTERNET MOVEL 2;0.00
2020-04-15;"";3.0;INTERNET MOVEL 2;0.00
2020-04-16;"";3.0;INTERNET MOVEL 2;0.00
2020-04-17;"";3.0;INTERNET MOVEL 2;0.00
2020-04-18;"";1.0;INTERNET MOVEL 2;0.00
2020-04-19;"";2.0;INTERNET MOVEL 2;0.00
2020-04-20;"";3.0;INTERNET MOVEL 2;0.00
2020-04-21;"";1.0;INTERNET MOVEL 2;0.00
2020-04-22;"";2.0;INTERNET MOVEL 2;0.00
2020-04-23;"";1.0;INTERNET MOVEL 2;0.00
2020-04-24;"";3.0;INTERNET MOVEL 2;0.00
2020-04-25;"";1.0;INTERNET MOVEL 2;0.00
2020-04-26;"";1.0;INTERNET MOVEL 2;0.00
2020-04-27;"";3.0;INTERNET MOVEL 2;0.00
2020-04-28;"";3.0;INTERNET MOVEL 2;0.00
2020-04-29;"";5.0;INTERNET MOVEL 2;0.00
2020-04-30;"";4.0;INTERNET MOVEL 2;0.00
