data_hora_inicio;nro_telefone_chamado;duracao_ligacao;desc_categoria;valor_ligacao
2020-04-01 11:42:56;51  32188200;62.0;Para Fixo Vivo;
2020-04-01 11:29:42;51  32188200;127.0;Para Fixo Vivo;
2020-04-01 11:23:45;51  32188200;56.0;Para Fixo Vivo;
2020-04-01 11:14:30;51  32188200;60.0;Para Fixo Vivo;
2020-04-29 15:50:44;93  981265437;17.0;Para Celulares de Outras Operadoras;
2020-04-07 12:24:11;03  001001213;255.0;"";
2020-04-07 12:11:19;03  001001213;66.0;"";
2020-04-23 10:44:56;51  30043003;27.0;Para Fixo de Outras Operadoras;
2020-04-15 10:35:43;51  40040001;35.0;Para Fixo de Outras Operadoras;
2020-04-15 10:35:03;51  40040001;5.0;Para Fixo de Outras Operadoras;
2020-04-14 14:10:59;51  992927322;35.0;Para Celulares de Outras Operadoras;
2020-04-09 10:17:21;51  986460463;92.0;Para Celulares de Outras Operadoras;
2020-04-25 07:37:54;51  999854882;15.0;Para Celulares Vivo;
2020-04-09 09:04:40;51  981841602;39.0;Para Celulares Vivo;
2020-04-09 08:04:49;51  981841602;86.0;Para Celulares Vivo;
2020-04-08 15:14:06;51  991813564;5.0;Para Celulares Vivo;
2020-04-08 11:45:45;51  992592835;10.0;Para Celulares Vivo;
2020-04-01;"";15.0;INTERNET MOVEL 2;0.00
2020-04-02;"";554.0;INTERNET MOVEL 2;0.00
2020-04-03;"";698.0;INTERNET MOVEL 2;0.00
2020-04-04;"";370.0;INTERNET MOVEL 2;0.00
2020-04-05;"";720.0;INTERNET MOVEL 2;0.00
2020-04-06;"";362.0;INTERNET MOVEL 2;0.00
2020-04-07;"";763.0;INTERNET MOVEL 2;0.00
2020-04-08;"";430.0;INTERNET MOVEL 2;0.00
2020-04-09;"";758.0;INTERNET MOVEL 2;0.00
2020-04-10;"";739.0;INTERNET MOVEL 2;0.00
2020-04-11;"";775.0;INTERNET MOVEL 2;0.00
2020-04-12;"";775.0;INTERNET MOVEL 2;0.00
2020-04-13;"";2100.0;INTERNET MOVEL 2;0.00
2020-04-14;"";1392.0;INTERNET MOVEL 2;0.00
2020-04-15;"";810.0;INTERNET MOVEL 2;0.00
2020-04-16;"";691.0;INTERNET MOVEL 2;0.00
2020-04-17;"";1271.0;INTERNET MOVEL 2;0.00
2020-04-18;"";23500.0;INTERNET MOVEL 2;0.00
2020-04-21;"";343.0;INTERNET MOVEL 2;0.00
2020-04-22;"";410.0;INTERNET MOVEL 2;0.00
2020-04-23;"";711.0;INTERNET MOVEL 2;0.00
2020-04-24;"";768.0;INTERNET MOVEL 2;0.00
2020-04-25;"";1788.0;INTERNET MOVEL 2;0.00
2020-04-26;"";396.0;INTERNET MOVEL 2;0.00
2020-04-27;"";760.0;INTERNET MOVEL 2;0.00
2020-04-28;"";766.0;INTERNET MOVEL 2;0.00
2020-04-29;"";835.0;INTERNET MOVEL 2;0.00
2020-04-30;"";749.0;INTERNET MOVEL 2;0.00
2020-05-01;"";60.0;INTERNET MOVEL 2;0.00
