data_hora_inicio;nro_telefone_chamado;duracao_ligacao;desc_categoria;valor_ligacao
2020-03-31;"";387.0;INTERNET MOVEL 2;0.00
2020-04-01;"";79566.7;INTERNET MOVEL 2;0.00
2020-04-02;"";22538.6;INTERNET MOVEL 2;0.00
2020-04-03;"";19578.4;INTERNET MOVEL 2;0.00
2020-04-04;"";17493.3;INTERNET MOVEL 2;0.00
2020-04-05;"";38538.4;INTERNET MOVEL 2;0.00
2020-04-06;"";118979.3;INTERNET MOVEL 2;0.00
2020-04-07;"";49002.4;INTERNET MOVEL 2;0.00
2020-04-08;"";30090.4;INTERNET MOVEL 2;0.00
2020-04-09;"";72797.5;INTERNET MOVEL 2;0.00
2020-04-10;"";7601.8;INTERNET MOVEL 2;0.00
2020-04-11;"";2265.0;INTERNET MOVEL 2;0.00
2020-04-13;"";71257.4;INTERNET MOVEL 2;0.00
2020-04-14;"";29647.4;INTERNET MOVEL 2;0.00
2020-04-15;"";69064.7;INTERNET MOVEL 2;0.00
2020-04-16;"";38937.5;INTERNET MOVEL 2;0.00
2020-04-17;"";57336.2;INTERNET MOVEL 2;0.00
2020-04-18;"";4587.3;INTERNET MOVEL 2;0.00
2020-04-21;"";43529.1;INTERNET MOVEL 2;0.00
2020-04-22;"";95156.1;INTERNET MOVEL 2;0.00
2020-04-23;"";49448.1;INTERNET MOVEL 2;0.00
2020-04-24;"";198045.1;INTERNET MOVEL 2;0.00
2020-04-25;"";27628.8;INTERNET MOVEL 2;0.00
2020-04-26;"";90907.3;INTERNET MOVEL 2;0.00
2020-04-27;"";44298.3;INTERNET MOVEL 2;0.00
2020-04-28;"";46354.0;INTERNET MOVEL 2;0.00
2020-04-29;"";59949.7;INTERNET MOVEL 2;0.00
2020-04-30;"";58442.9;INTERNET MOVEL 2;0.00
2020-05-01;"";1910.0;INTERNET MOVEL 2;0.00
