data_hora_inicio;nro_telefone_chamado;duracao_ligacao;desc_categoria;valor_ligacao
2020-04-01 17:49:39;51  991813564;64.0;Para Celulares Vivo;
2020-04-23 16:36:20;27  32022600;7.0;Para Fixo de Outras Operadoras;
2020-04-09 09:13:56;44  35998190;5.0;Para Fixo de Outras Operadoras;
2020-04-01 10:16:47;44  35998190;122.0;Para Fixo de Outras Operadoras;
2020-04-02 16:38:02;44  999211414;82.0;Para Celulares de Outras Operadoras;
2020-04-28 10:47:23;41  999781311;78.0;Para Celulares Vivo;
2020-04-17 20:45:57;41  999781311;26.0;Para Celulares Vivo;
2020-04-14 10:54:24;92  993002545;107.0;Para Celulares Vivo;
2020-04-14 10:52:17;92  993002545;9.0;Para Celulares Vivo;
2020-04-14 10:41:15;92  993002545;107.0;Para Celulares Vivo;
2020-04-02 14:17:48;92  993002545;28.0;Para Celulares Vivo;
2020-04-24 10:03:25;*5  55;6.0;"";
2020-04-25 13:40:14;51  33143434;55.0;Para Fixo de Outras Operadoras;
2020-04-30 15:29:13;51  991813564;115.0;Para Celulares Vivo;
2020-04-29 16:53:56;51  991813564;36.0;Para Celulares Vivo;
2020-04-29 15:46:54;51  996872609;29.0;Para Celulares Vivo;
2020-04-28 10:39:03;51  991813564;79.0;Para Celulares Vivo;
2020-04-27 16:47:37;51  991813564;44.0;Para Celulares Vivo;
2020-04-25 14:43:25;51  993187854;12.0;Para Celulares Vivo;
2020-04-24 09:31:58;51  993320336;128.0;Para Celulares Vivo;
2020-04-23 14:27:42;51  991813564;187.0;Para Celulares Vivo;
2020-04-20 15:59:02;51  993187854;9.0;Para Celulares Vivo;
2020-04-17 20:43:11;51  991813564;24.0;Para Celulares Vivo;
2020-04-17 17:00:30;51  991813564;21.0;Para Celulares Vivo;
2020-04-16 11:21:39;51  996872609;13.0;Para Celulares Vivo;
2020-04-16 10:16:29;51  991813564;5.0;Para Celulares Vivo;
2020-04-15 18:15:38;51  991813564;86.0;Para Celulares Vivo;
2020-04-15 18:06:57;51  992592817;81.0;Para Celulares Vivo;
2020-04-14 17:05:54;51  991813564;60.0;Para Celulares Vivo;
2020-04-14 10:37:24;51  992067522;30.0;Para Celulares Vivo;
2020-04-13 10:39:47;51  991813564;37.0;Para Celulares Vivo;
2020-04-09 17:28:32;51  991813564;113.0;Para Celulares Vivo;
2020-04-09 10:15:48;51  994054961;13.0;Para Celulares Vivo;
2020-04-09 09:59:41;51  994054961;58.0;Para Celulares Vivo;
2020-04-07 15:53:17;51  991813564;23.0;Para Celulares Vivo;
2020-04-07 15:11:29;51  993320336;29.0;Para Celulares Vivo;
2020-04-07 14:43:56;51  993320336;83.0;Para Celulares Vivo;
2020-04-07 08:01:06;51  991813564;5.0;Para Celulares Vivo;
2020-04-06 17:01:56;51  991813564;7.0;Para Celulares Vivo;
2020-04-06 10:41:55;51  992592752;118.0;Para Celulares Vivo;
2020-04-04 12:07:46;51  991813564;78.0;Para Celulares Vivo;
2020-04-03 16:13:46;51  991813564;41.0;Para Celulares Vivo;
2020-04-03 16:12:00;51  991813564;15.0;Para Celulares Vivo;
2020-04-03 15:12:13;51  991813564;58.0;Para Celulares Vivo;
2020-04-02 15:24:30;51  992067522;5.0;Para Celulares Vivo;
2020-04-02 10:37:30;51  992067522;17.0;Para Celulares Vivo;
2020-04-01;"";259.0;INTERNET MOVEL 2;0.00
2020-04-02;"";920.0;INTERNET MOVEL 2;0.00
2020-04-03;"";3662.3;INTERNET MOVEL 2;0.00
2020-04-04;"";343.0;INTERNET MOVEL 2;0.00
2020-04-05;"";387.0;INTERNET MOVEL 2;0.00
2020-04-06;"";3216.0;INTERNET MOVEL 2;0.00
2020-04-07;"";1880.2;INTERNET MOVEL 2;0.00
2020-04-08;"";1172.0;INTERNET MOVEL 2;0.00
2020-04-09;"";1436.0;INTERNET MOVEL 2;0.00
2020-04-10;"";4196.1;INTERNET MOVEL 2;0.00
2020-04-11;"";298.0;INTERNET MOVEL 2;0.00
2020-04-12;"";371.0;INTERNET MOVEL 2;0.00
2020-04-13;"";290.0;INTERNET MOVEL 2;0.00
2020-04-14;"";428.0;INTERNET MOVEL 2;0.00
2020-04-15;"";344.0;INTERNET MOVEL 2;0.00
2020-04-16;"";330.0;INTERNET MOVEL 2;0.00
2020-04-17;"";699.0;INTERNET MOVEL 2;0.00
2020-04-18;"";292.0;INTERNET MOVEL 2;0.00
2020-04-19;"";6189.8;INTERNET MOVEL 2;0.00
2020-04-20;"";12827.6;INTERNET MOVEL 2;0.00
2020-04-21;"";1719.0;INTERNET MOVEL 2;0.00
2020-04-22;"";1467.9;INTERNET MOVEL 2;0.00
2020-04-23;"";29823.4;INTERNET MOVEL 2;0.00
2020-04-24;"";314.0;INTERNET MOVEL 2;0.00
2020-04-25;"";1924.3;INTERNET MOVEL 2;0.00
2020-04-26;"";417.0;INTERNET MOVEL 2;0.00
2020-04-27;"";408.0;INTERNET MOVEL 2;0.00
2020-04-28;"";379.0;INTERNET MOVEL 2;0.00
2020-04-29;"";454.0;INTERNET MOVEL 2;0.00
2020-04-30;"";923.0;INTERNET MOVEL 2;0.00
2020-05-01;"";27.0;INTERNET MOVEL 2;0.00
