data_hora_inicio;nro_telefone_chamado;duracao_ligacao;desc_categoria;valor_ligacao
2020-04-30 13:39:20;51992518679;1.0;GRATIS-SMS;0.00
2020-04-24 11:54:37;51984111685;1.0;GRATIS-SMS;0.00
2020-04-17 14:18:32;51989028545;1.0;GRATIS-SMS;0.00
2020-04-17 10:43:03;51997300279;1.0;GRATIS-SMS;0.00
2020-04-16 12:40:27;51998062704;1.0;GRATIS-SMS;0.00
2020-04-16 09:58:31;54999933637;1.0;GRATIS-SMS;0.00
2020-04-16 09:57:32;51997284465;1.0;GRATIS-SMS;0.00
2020-04-15 14:09:14;51993385115;1.0;GRATIS-SMS;0.00
2020-04-14 17:36:25;51992592817;1.0;GRATIS-SMS;0.00
2020-04-14 12:24:07;51992592873;1.0;GRATIS-SMS;0.00
2020-04-14 10:56:03;19997449319;1.0;GRATIS-SMS;0.00
2020-04-13 16:29:24;31997649947;1.0;GRATIS-SMS;0.00
2020-04-09 12:12:22;51999681341;1.0;GRATIS-SMS;0.00
2020-04-09 11:27:49;51999244269;1.0;GRATIS-SMS;0.00
2020-04-08 17:43:29;51992592752;1.0;GRATIS-SMS;0.00
2020-04-08 09:05:41;31998265646;1.0;GRATIS-SMS;0.00
2020-04-07 11:28:02;51993701780;1.0;GRATIS-SMS;0.00
2020-04-05 16:50:33;51999015047;1.0;GRATIS-SMS;0.00
2020-04-02 14:06:05;51997702414;1.0;GRATIS-SMS;0.00
2020-04-02 09:10:19;51997702414;1.0;GRATIS-SMS;0.00
2020-04-02 09:04:55;51997702414;1.0;GRATIS-SMS;0.00
2020-04-28 11:32:03;11  35661760;5.0;Para Fixo de Outras Operadoras;
2020-04-02 14:51:09;11  55367000;13.0;Para Fixo de Outras Operadoras;
2020-04-29 15:49:41;11  984396070;32.0;Para Celulares de Outras Operadoras;
2020-04-28 15:47:12;11  954445738;64.0;Para Celulares de Outras Operadoras;
2020-04-23 15:01:10;13  991026348;24.0;Para Celulares de Outras Operadoras;
2020-04-18 11:32:48;41  996613246;261.0;Para Celulares de Outras Operadoras;
2020-04-09 12:31:43;13  991026348;13.0;Para Celulares de Outras Operadoras;
2020-04-09 09:43:23;98  982565076;26.0;Para Celulares de Outras Operadoras;
2020-04-09 09:41:16;98  982565076;5.0;Para Celulares de Outras Operadoras;
2020-04-08 16:25:21;13  991026348;25.0;Para Celulares de Outras Operadoras;
2020-04-07 17:57:38;11  986274744;108.0;Para Celulares de Outras Operadoras;
2020-04-06 19:59:23;31  988931204;102.0;Para Celulares de Outras Operadoras;
2020-04-06 18:53:35;31  988566579;123.0;Para Celulares de Outras Operadoras;
2020-04-29 15:46:40;11  46462500;19.0;Para Fixo Vivo;
2020-04-17 15:55:57;19  34468609;15.0;Para Fixo Vivo;
2020-04-16 16:20:34;11  35395313;81.0;Para Fixo Vivo;
2020-04-08 16:43:35;11  36090241;35.0;Para Fixo Vivo;
2020-04-29 11:42:17;31  998265646;56.0;Para Celulares Vivo;
2020-04-28 15:33:09;31  997964331;39.0;Para Celulares Vivo;
2020-04-22 18:43:03;31  984650130;5.0;Para Celulares Vivo;
2020-04-22 18:41:54;11  987040596;5.0;Para Celulares Vivo;
2020-04-22 18:40:42;11  984719726;8.0;Para Celulares Vivo;
2020-04-17 16:21:41;31  984650130;107.0;Para Celulares Vivo;
2020-04-17 10:23:58;31  984650130;86.0;Para Celulares Vivo;
2020-04-16 09:39:52;31  998265646;151.0;Para Celulares Vivo;
2020-04-11 16:20:25;11  950347943;5.0;Para Celulares Vivo;
2020-04-09 12:07:49;11  950425576;23.0;Para Celulares Vivo;
2020-04-09 10:24:42;31  997649947;97.0;Para Celulares Vivo;
2020-04-08 17:55:45;11  984719721;21.0;Para Celulares Vivo;
2020-04-08 17:54:40;11  984719721;5.0;Para Celulares Vivo;
2020-04-08 17:16:12;31  983934517;10.0;Para Celulares Vivo;
2020-04-08 16:35:48;13  997967212;69.0;Para Celulares Vivo;
2020-04-08 15:47:28;31  998265646;245.0;Para Celulares Vivo;
2020-04-06 19:49:57;31  998265646;5.0;Para Celulares Vivo;
2020-04-06 19:06:31;31  987461501;74.0;Para Celulares Vivo;
2020-04-06 14:29:21;48  991291986;42.0;Para Celulares Vivo;
2020-04-03 14:58:29;47  999832925;67.0;Para Celulares Vivo;
2020-04-03 14:48:48;47  999832925;95.0;Para Celulares Vivo;
2020-04-03 14:04:07;11  984157996;82.0;Para Celulares Vivo;
2020-04-02 18:05:55;31  983934517;43.0;Para Celulares Vivo;
2020-04-02 14:34:39;11  943082156;5.0;Para Celulares Vivo;
2020-04-02 11:07:34;11  943082156;5.0;Para Celulares Vivo;
2020-04-02 11:33:05;54  999370503;171.0;Para Celulares de Outras Operadoras;
2020-04-24 14:05:55;54  999933637;8.0;Para Celulares Vivo;
2020-04-24 12:06:12;54  999933637;11.0;Para Celulares Vivo;
2020-04-17 15:57:56;54  996427654;34.0;Para Celulares Vivo;
2020-04-07 18:08:43;54  999933637;32.0;Para Celulares Vivo;
2020-04-06 19:30:21;54  996530409;92.0;Para Celulares Vivo;
2020-04-02 09:57:50;54  996530409;5.0;Para Celulares Vivo;
2020-04-26 21:21:25;*5  55;7.0;"";
2020-04-18 17:49:12;*5  55;6.0;"";
2020-04-27 14:42:06;51  33667964;71.0;Para Fixo de Outras Operadoras;
2020-04-23 14:24:59;51  24700179;67.0;Para Fixo de Outras Operadoras;
2020-04-23 09:37:49;51  36351432;5.0;Para Fixo de Outras Operadoras;
2020-04-13 16:38:04;51  30747700;15.0;Para Fixo de Outras Operadoras;
2020-04-08 15:02:21;51  35822727;55.0;Para Fixo de Outras Operadoras;
2020-04-06 09:12:36;51  30747700;59.0;Para Fixo de Outras Operadoras;
2020-04-03 09:31:23;51  30267000;17.0;Para Fixo de Outras Operadoras;
2020-04-30 09:39:52;51  991274568;133.0;Para Celulares de Outras Operadoras;
2020-04-29 15:13:43;51  991499779;8.0;Para Celulares de Outras Operadoras;
2020-04-29 14:31:41;51  991499779;21.0;Para Celulares de Outras Operadoras;
2020-04-29 11:43:07;51  993399889;47.0;Para Celulares de Outras Operadoras;
2020-04-29 11:02:31;51  998062704;28.0;Para Celulares de Outras Operadoras;
2020-04-28 14:59:31;51  991140848;27.0;Para Celulares de Outras Operadoras;
2020-04-27 16:56:45;51  982938048;8.0;Para Celulares de Outras Operadoras;
2020-04-27 13:52:36;51  999766752;6.0;Para Celulares de Outras Operadoras;
2020-04-24 15:37:46;51  999766752;5.0;Para Celulares de Outras Operadoras;
2020-04-24 13:32:30;51  999766752;5.0;Para Celulares de Outras Operadoras;
2020-04-23 19:16:29;51  981918910;7.0;Para Celulares de Outras Operadoras;
2020-04-23 19:02:36;51  991274568;5.0;Para Celulares de Outras Operadoras;
2020-04-22 10:11:53;51  993251349;27.0;Para Celulares de Outras Operadoras;
2020-04-21 12:01:53;51  992787284;131.0;Para Celulares de Outras Operadoras;
2020-04-21 11:49:40;51  984042727;28.0;Para Celulares de Outras Operadoras;
2020-04-21 11:48:57;51  984042727;5.0;Para Celulares de Outras Operadoras;
2020-04-21 11:48:18;51  992642818;5.0;Para Celulares de Outras Operadoras;
2020-04-19 16:08:32;51  984066146;62.0;Para Celulares de Outras Operadoras;
2020-04-18 20:14:06;51  991020010;180.0;Para Celulares de Outras Operadoras;
2020-04-18 20:01:47;51  991050318;106.0;Para Celulares de Outras Operadoras;
2020-04-18 11:59:14;51  982938048;23.0;Para Celulares de Outras Operadoras;
2020-04-18 11:22:08;51  982938048;32.0;Para Celulares de Outras Operadoras;
2020-04-17 09:47:10;51  982938048;93.0;Para Celulares de Outras Operadoras;
2020-04-17 09:42:27;51  998062704;26.0;Para Celulares de Outras Operadoras;
2020-04-17 08:04:57;51  991757768;18.0;Para Celulares de Outras Operadoras;
2020-04-16 14:02:36;51  998062704;164.0;Para Celulares de Outras Operadoras;
2020-04-16 12:45:42;51  996264720;13.0;Para Celulares de Outras Operadoras;
2020-04-16 08:43:04;51  993385115;43.0;Para Celulares de Outras Operadoras;
2020-04-15 17:03:02;51  984078580;84.0;Para Celulares de Outras Operadoras;
2020-04-15 14:36:12;51  984886700;57.0;Para Celulares de Outras Operadoras;
2020-04-15 14:32:57;51  984886700;18.0;Para Celulares de Outras Operadoras;
2020-04-15 14:25:29;51  981211690;28.0;Para Celulares de Outras Operadoras;
2020-04-15 14:21:07;51  982938048;28.0;Para Celulares de Outras Operadoras;
2020-04-15 13:56:45;51  981211690;59.0;Para Celulares de Outras Operadoras;
2020-04-15 13:46:48;51  993385115;51.0;Para Celulares de Outras Operadoras;
2020-04-15 10:42:28;51  982938048;41.0;Para Celulares de Outras Operadoras;
2020-04-14 12:12:27;51  997300279;20.0;Para Celulares de Outras Operadoras;
2020-04-14 10:22:59;51  993399889;45.0;Para Celulares de Outras Operadoras;
2020-04-13 18:46:54;51  984066146;46.0;Para Celulares de Outras Operadoras;
2020-04-13 18:39:48;51  996264720;65.0;Para Celulares de Outras Operadoras;
2020-04-13 17:30:35;51  997300279;6.0;Para Celulares de Outras Operadoras;
2020-04-13 08:50:45;51  991987887;80.0;Para Celulares de Outras Operadoras;
2020-04-12 09:38:50;51  984066274;252.0;Para Celulares de Outras Operadoras;
2020-04-10 19:49:55;51  991050318;120.0;Para Celulares de Outras Operadoras;
2020-04-09 17:35:09;51  997300279;223.0;Para Celulares de Outras Operadoras;
2020-04-09 16:15:12;51  997300279;8.0;Para Celulares de Outras Operadoras;
2020-04-09 14:37:00;51  997300279;5.0;Para Celulares de Outras Operadoras;
2020-04-09 12:33:57;51  989064696;8.0;Para Celulares de Outras Operadoras;
2020-04-09 11:13:12;51  997300279;50.0;Para Celulares de Outras Operadoras;
2020-04-08 14:27:03;51  984111685;21.0;Para Celulares de Outras Operadoras;
2020-04-08 13:54:12;51  989208939;57.0;Para Celulares de Outras Operadoras;
2020-04-08 13:00:24;51  981211690;43.0;Para Celulares de Outras Operadoras;
2020-04-07 18:15:50;51  997300279;19.0;Para Celulares de Outras Operadoras;
2020-04-07 17:51:41;51  997300279;32.0;Para Celulares de Outras Operadoras;
2020-04-07 17:08:07;51  997300279;39.0;Para Celulares de Outras Operadoras;
2020-04-07 15:46:44;51  997300279;16.0;Para Celulares de Outras Operadoras;
2020-04-07 10:08:03;51  993399889;5.0;Para Celulares de Outras Operadoras;
2020-04-07 09:58:50;51  993399889;21.0;Para Celulares de Outras Operadoras;
2020-04-07 09:02:48;51  997300279;32.0;Para Celulares de Outras Operadoras;
2020-04-06 19:50:46;51  993399889;71.0;Para Celulares de Outras Operadoras;
2020-04-06 15:56:00;51  997300279;23.0;Para Celulares de Outras Operadoras;
2020-04-06 10:31:12;51  999766752;5.0;Para Celulares de Outras Operadoras;
2020-04-06 10:14:16;51  982938048;6.0;Para Celulares de Outras Operadoras;
2020-04-06 10:09:55;51  999766752;5.0;Para Celulares de Outras Operadoras;
2020-04-06 10:05:50;51  982938048;13.0;Para Celulares de Outras Operadoras;
2020-04-06 10:03:01;51  997300279;20.0;Para Celulares de Outras Operadoras;
2020-04-06 09:01:01;51  997300279;21.0;Para Celulares de Outras Operadoras;
2020-04-05 17:22:20;51  997300279;40.0;Para Celulares de Outras Operadoras;
2020-04-05 10:25:08;51  999766752;5.0;Para Celulares de Outras Operadoras;
2020-04-04 18:09:45;51  992642818;427.0;Para Celulares de Outras Operadoras;
2020-04-04 08:42:10;51  984042727;44.0;Para Celulares de Outras Operadoras;
2020-04-04 08:41:26;51  984042727;5.0;Para Celulares de Outras Operadoras;
2020-04-03 11:45:21;51  993877863;145.0;Para Celulares de Outras Operadoras;
2020-04-03 11:17:03;51  993385115;22.0;Para Celulares de Outras Operadoras;
2020-04-03 11:11:56;51  982938048;45.0;Para Celulares de Outras Operadoras;
2020-04-03 10:37:21;51  982938048;19.0;Para Celulares de Outras Operadoras;
2020-04-03 10:30:20;51  982938048;5.0;Para Celulares de Outras Operadoras;
2020-04-02 10:05:39;51  984886700;9.0;Para Celulares de Outras Operadoras;
2020-04-29 16:48:04;51  39202700;13.0;Para Fixo Vivo;
2020-04-13 16:39:59;51  21313375;8.0;Para Fixo Vivo;
2020-04-13 09:55:08;51  989482653;10.0;Para Fixo Vivo;
2020-04-13 09:25:03;51  21313357;25.0;Para Fixo Vivo;
2020-04-12 09:10:36;51  983014748;5.0;Para Fixo Vivo;
2020-04-09 13:53:21;51  21313339;5.0;Para Fixo Vivo;
2020-04-08 14:59:53;51  992875611;5.0;Para Fixo Vivo;
2020-04-06 11:00:47;51  21313339;6.0;Para Fixo Vivo;
2020-04-05 13:27:52;51  983014748;7.0;Para Fixo Vivo;
2020-04-02 14:30:35;51  33023433;36.0;Para Fixo Vivo;
2020-04-02 12:06:42;51  984468666;5.0;Para Fixo Vivo;
2020-04-30 18:52:23;51  998447472;83.0;Para Celulares Vivo;
2020-04-30 17:37:06;51  995034134;5.0;Para Celulares Vivo;
2020-04-30 16:51:10;51  999246536;30.0;Para Celulares Vivo;
2020-04-30 13:51:38;51  992518679;5.0;Para Celulares Vivo;
2020-04-30 11:56:40;51  999611901;5.0;Para Celulares Vivo;
2020-04-29 17:38:16;51  993096683;5.0;Para Celulares Vivo;
2020-04-29 16:58:15;51  999611901;92.0;Para Celulares Vivo;
2020-04-29 16:57:39;51  995034134;5.0;Para Celulares Vivo;
2020-04-28 09:29:19;51  992592819;107.0;Para Celulares Vivo;
2020-04-27 19:46:21;51  999681341;81.0;Para Celulares Vivo;
2020-04-27 19:13:45;51  998447472;68.0;Para Celulares Vivo;
2020-04-27 18:29:02;51  999681341;441.0;Para Celulares Vivo;
2020-04-27 14:55:13;51  998058819;13.0;Para Celulares Vivo;
2020-04-27 13:27:48;51  995958485;5.0;Para Celulares Vivo;
2020-04-27 11:54:20;51  992592817;117.0;Para Celulares Vivo;
2020-04-27 10:51:23;51  991580245;33.0;Para Celulares Vivo;
2020-04-25 20:03:13;51  996786540;141.0;Para Celulares Vivo;
2020-04-24 11:20:02;51  992592819;123.0;Para Celulares Vivo;
2020-04-23 17:41:47;51  992592819;79.0;Para Celulares Vivo;
2020-04-23 17:38:23;51  992592873;25.0;Para Celulares Vivo;
2020-04-23 17:07:34;51  999266110;139.0;Para Celulares Vivo;
2020-04-22 16:00:52;51  999244269;8.0;Para Celulares Vivo;
2020-04-22 12:25:03;51  992580847;58.0;Para Celulares Vivo;
2020-04-22 10:14:51;51  992592819;5.0;Para Celulares Vivo;
2020-04-22 10:05:34;51  992592819;47.0;Para Celulares Vivo;
2020-04-22 08:06:18;51  999513099;5.0;Para Celulares Vivo;
2020-04-21 19:13:22;51  999141461;6.0;Para Celulares Vivo;
2020-04-21 16:20:07;51  999015047;422.0;Para Celulares Vivo;
2020-04-21 13:24:47;51  998447472;176.0;Para Celulares Vivo;
2020-04-21 11:53:22;51  981767890;55.0;Para Celulares Vivo;
2020-04-21 10:09:36;51  996794840;164.0;Para Celulares Vivo;
2020-04-20 11:25:06;51  981255966;23.0;Para Celulares Vivo;
2020-04-20 10:58:45;51  996474664;53.0;Para Celulares Vivo;
2020-04-20 10:15:59;51  996474664;22.0;Para Celulares Vivo;
2020-04-19 19:31:15;51  981767890;5.0;Para Celulares Vivo;
2020-04-18 21:01:06;51  998851856;208.0;Para Celulares Vivo;
2020-04-18 12:03:39;51  999015047;318.0;Para Celulares Vivo;
2020-04-18 11:06:27;51  981767890;13.0;Para Celulares Vivo;
2020-04-17 16:35:08;51  999816300;40.0;Para Celulares Vivo;
2020-04-17 15:06:56;51  981255966;16.0;Para Celulares Vivo;
2020-04-17 12:22:20;51  981255966;7.0;Para Celulares Vivo;
2020-04-17 11:30:31;51  981255966;97.0;Para Celulares Vivo;
2020-04-16 14:20:45;51  997284465;264.0;Para Celulares Vivo;
2020-04-16 12:29:52;51  980530481;64.0;Para Celulares Vivo;
2020-04-16 08:51:20;51  997284465;5.0;Para Celulares Vivo;
2020-04-15 20:20:24;51  999015047;216.0;Para Celulares Vivo;
2020-04-15 13:52:37;51  999141461;29.0;Para Celulares Vivo;
2020-04-15 10:21:56;51  998447472;107.0;Para Celulares Vivo;
2020-04-15 08:54:16;51  999681341;5.0;Para Celulares Vivo;
2020-04-14 17:43:33;51  992592817;133.0;Para Celulares Vivo;
2020-04-14 14:46:03;51  999244269;11.0;Para Celulares Vivo;
2020-04-14 11:55:20;51  993319514;114.0;Para Celulares Vivo;
2020-04-14 11:54:32;51  992592873;5.0;Para Celulares Vivo;
2020-04-14 11:11:21;51  993096683;5.0;Para Celulares Vivo;
2020-04-13 21:06:20;51  999513099;26.0;Para Celulares Vivo;
2020-04-13 11:18:17;51  997988552;54.0;Para Celulares Vivo;
2020-04-13 08:46:21;51  997303078;5.0;Para Celulares Vivo;
2020-04-13 08:39:41;51  984274504;47.0;Para Celulares Vivo;
2020-04-10 18:55:46;51  999015047;460.0;Para Celulares Vivo;
2020-04-10 18:42:59;51  999938720;102.0;Para Celulares Vivo;
2020-04-10 09:21:58;51  999513099;20.0;Para Celulares Vivo;
2020-04-09 15:15:12;51  992592154;146.0;Para Celulares Vivo;
2020-04-09 12:21:46;51  999681341;74.0;Para Celulares Vivo;
2020-04-09 12:16:46;51  999244269;19.0;Para Celulares Vivo;
2020-04-09 11:10:08;51  992580847;5.0;Para Celulares Vivo;
2020-04-09 10:22:25;51  992592154;5.0;Para Celulares Vivo;
2020-04-09 10:08:05;51  993096683;69.0;Para Celulares Vivo;
2020-04-09 10:04:24;51  992592154;31.0;Para Celulares Vivo;
2020-04-09 09:56:16;51  999244269;72.0;Para Celulares Vivo;
2020-04-08 18:57:34;51  993096683;35.0;Para Celulares Vivo;
2020-04-08 16:51:44;51  999244269;64.0;Para Celulares Vivo;
2020-04-08 15:40:51;51  999097211;19.0;Para Celulares Vivo;
2020-04-01 19:54:33;51  997300279;26.0;Para Celulares de Outras Operadoras;
2020-04-01 16:45:35;51  984042727;120.0;Para Celulares de Outras Operadoras;
2020-04-01 10:17:08;51  993385115;38.0;Para Celulares de Outras Operadoras;
2020-04-01 08:34:02;51  981211690;5.0;Para Celulares de Outras Operadoras;
2020-04-01 10:33:44;51  984468666;30.0;Para Fixo Vivo;
2020-04-01 15:01:01;51  993096683;12.0;Para Celulares Vivo;
2020-04-01 13:03:43;51  998058819;5.0;Para Celulares Vivo;
2020-04-01 11:05:56;51  999244269;238.0;Para Celulares Vivo;
2020-04-08 14:23:17;51  997245051;5.0;Para Celulares Vivo;
2020-04-07 18:47:32;51  980530481;21.0;Para Celulares Vivo;
2020-04-07 18:44:28;51  991026438;26.0;Para Celulares Vivo;
2020-04-07 18:40:55;51  980530481;15.0;Para Celulares Vivo;
2020-04-07 18:18:20;51  991813564;30.0;Para Celulares Vivo;
2020-04-07 14:07:24;51  993096683;9.0;Para Celulares Vivo;
2020-04-07 09:37:39;51  992592817;208.0;Para Celulares Vivo;
2020-04-06 21:18:30;51  999244269;150.0;Para Celulares Vivo;
2020-04-06 18:20:34;51  993096683;67.0;Para Celulares Vivo;
2020-04-06 15:46:58;51  993096683;30.0;Para Celulares Vivo;
2020-04-06 14:34:41;51  997867001;26.0;Para Celulares Vivo;
2020-04-06 11:30:30;51  999244269;43.0;Para Celulares Vivo;
2020-04-05 17:26:56;51  999244269;72.0;Para Celulares Vivo;
2020-04-05 11:56:32;51  980530481;89.0;Para Celulares Vivo;
2020-04-04 11:13:23;51  992592803;116.0;Para Celulares Vivo;
2020-04-03 18:11:01;51  999995108;27.0;Para Celulares Vivo;
2020-04-03 17:01:26;51  999681341;119.0;Para Celulares Vivo;
2020-04-03 15:26:54;51  992592817;5.0;Para Celulares Vivo;
2020-04-03 10:47:15;51  999681341;232.0;Para Celulares Vivo;
2020-04-02 21:14:28;51  999244269;269.0;Para Celulares Vivo;
2020-04-02 20:56:48;51  999015047;173.0;Para Celulares Vivo;
2020-04-02 18:02:19;51  992592870;30.0;Para Celulares Vivo;
2020-04-02 17:31:26;51  992592870;5.0;Para Celulares Vivo;
2020-04-02 15:59:54;51  993299643;42.0;Para Celulares Vivo;
2020-04-02 15:33:09;51  999244269;91.0;Para Celulares Vivo;
2020-04-02 13:45:15;51  998447472;116.0;Para Celulares Vivo;
2020-04-02 11:11:00;51  998350533;50.0;Para Celulares Vivo;
2020-04-02 10:07:21;51  992592873;5.0;Para Celulares Vivo;
2020-04-02 09:35:56;51  992592870;5.0;Para Celulares Vivo;
2020-04-02 09:20:18;51  992592873;103.0;Para Celulares Vivo;
2020-04-02 09:01:56;51  992592752;20.0;Para Celulares Vivo;
2020-03-31;"";31642.2;INTERNET MOVEL 2;0.00
2020-04-01;"";65715.2;INTERNET MOVEL 2;0.00
2020-04-02;"";37230.3;INTERNET MOVEL 2;0.00
2020-04-03;"";146124.7;INTERNET MOVEL 2;0.00
2020-04-04;"";339.0;INTERNET MOVEL 2;0.00
2020-04-05;"";363.0;INTERNET MOVEL 2;0.00
2020-04-06;"";17763.0;INTERNET MOVEL 2;0.00
2020-04-07;"";11454.0;INTERNET MOVEL 2;0.00
2020-04-08;"";509.0;INTERNET MOVEL 2;0.00
2020-04-09;"";847.0;INTERNET MOVEL 2;0.00
2020-04-10;"";661.0;INTERNET MOVEL 2;0.00
2020-04-11;"";726.0;INTERNET MOVEL 2;0.00
2020-04-12;"";47575.0;INTERNET MOVEL 2;0.00
2020-04-13;"";25143.8;INTERNET MOVEL 2;0.00
2020-04-14;"";1020.0;INTERNET MOVEL 2;0.00
2020-04-15;"";22245.0;INTERNET MOVEL 2;0.00
2020-04-16;"";580.0;INTERNET MOVEL 2;0.00
2020-04-17;"";495.0;INTERNET MOVEL 2;0.00
2020-04-18;"";852.0;INTERNET MOVEL 2;0.00
2020-04-19;"";941.0;INTERNET MOVEL 2;0.00
2020-04-20;"";117429.1;INTERNET MOVEL 2;0.00
2020-04-21;"";33946.7;INTERNET MOVEL 2;0.00
2020-04-22;"";139653.4;INTERNET MOVEL 2;0.00
2020-04-23;"";239.0;INTERNET MOVEL 2;0.00
2020-04-24;"";327.0;INTERNET MOVEL 2;0.00
2020-04-25;"";359.0;INTERNET MOVEL 2;0.00
2020-04-26;"";453.0;INTERNET MOVEL 2;0.00
2020-04-27;"";407.0;INTERNET MOVEL 2;0.00
2020-04-28;"";315.0;INTERNET MOVEL 2;0.00
2020-04-29;"";426.0;INTERNET MOVEL 2;0.00
2020-04-30;"";91967.9;INTERNET MOVEL 2;0.00
2020-05-01;"";210.0;INTERNET MOVEL 2;0.00
