data_hora_inicio;nro_telefone_chamado;duracao_ligacao;desc_categoria;valor_ligacao
2020-04-23 08:45:51;49  35417400;59.0;Para Fixo de Outras Operadoras;
2020-04-24 11:53:42;49  991274600;47.0;Para Celulares de Outras Operadoras;
2020-04-20 09:02:52;49  999807880;5.0;Para Celulares de Outras Operadoras;
2020-04-08 14:21:02;41  998229393;144.0;Para Celulares de Outras Operadoras;
2020-04-07 11:15:29;42  999812348;211.0;Para Celulares de Outras Operadoras;
2020-04-28 17:23:19;11  993938170;646.0;Para Celulares Vivo;
2020-04-27 11:45:09;19  999011064;121.0;Para Celulares Vivo;
2020-04-23 11:22:51;85  981526021;766.0;Para Celulares Vivo;
2020-04-08 14:02:58;41  999822047;176.0;Para Celulares Vivo;
2020-04-29 11:52:58;53  997101318;124.0;Para Celulares de Outras Operadoras;
2020-04-30 12:49:46;51  35574779;23.0;Para Fixo de Outras Operadoras;
2020-04-28 14:46:22;51  999592238;438.0;Para Celulares de Outras Operadoras;
2020-04-21 10:16:21;51  981881481;181.0;Para Celulares de Outras Operadoras;
2020-04-09 15:38:17;51  999592238;257.0;Para Celulares de Outras Operadoras;
2020-04-28 11:22:14;51  992592887;38.0;Para Celulares Vivo;
2020-04-28 10:18:22;51  992592887;5.0;Para Celulares Vivo;
2020-04-23 10:29:34;51  995943973;426.0;Para Celulares Vivo;
2020-03-31;"";52.0;INTERNET MOVEL 2;0.00
2020-04-01;"";108.0;INTERNET MOVEL 2;0.00
2020-04-03;"";561.0;INTERNET MOVEL 2;0.00
2020-04-05;"";492.0;INTERNET MOVEL 2;0.00
2020-04-06;"";587.0;INTERNET MOVEL 2;0.00
2020-04-07;"";2115.0;INTERNET MOVEL 2;0.00
2020-04-08;"";449.0;INTERNET MOVEL 2;0.00
2020-04-09;"";100.0;INTERNET MOVEL 2;0.00
2020-04-11;"";307.0;INTERNET MOVEL 2;0.00
2020-04-12;"";234.0;INTERNET MOVEL 2;0.00
2020-04-13;"";1203.0;INTERNET MOVEL 2;0.00
2020-04-14;"";85.0;INTERNET MOVEL 2;0.00
2020-04-15;"";331.0;INTERNET MOVEL 2;0.00
2020-04-16;"";250.0;INTERNET MOVEL 2;0.00
2020-04-17;"";857.0;INTERNET MOVEL 2;0.00
2020-04-18;"";16.0;INTERNET MOVEL 2;0.00
2020-04-20;"";556.0;INTERNET MOVEL 2;0.00
2020-04-21;"";8764.0;INTERNET MOVEL 2;0.00
2020-04-22;"";83.0;INTERNET MOVEL 2;0.00
2020-04-23;"";1092.0;INTERNET MOVEL 2;0.00
2020-04-24;"";1424.0;INTERNET MOVEL 2;0.00
2020-04-25;"";301.0;INTERNET MOVEL 2;0.00
2020-04-26;"";94.0;INTERNET MOVEL 2;0.00
2020-04-27;"";1082.0;INTERNET MOVEL 2;0.00
2020-04-28;"";848.0;INTERNET MOVEL 2;0.00
2020-04-29;"";316.0;INTERNET MOVEL 2;0.00
2020-04-30;"";414.0;INTERNET MOVEL 2;0.00
