data_hora_inicio;nro_telefone_chamado;duracao_ligacao;desc_categoria;valor_ligacao
2020-04-03 16:07:47;42  991473329;37.0;Para Celulares Vivo;
2020-04-20 17:25:14;48  34680022;29.0;Para Fixo de Outras Operadoras;
2020-04-23 11:07:00;91  991584420;16.0;Para Celulares Vivo;
2020-04-17 11:56:32;13  996647927;41.0;Para Celulares Vivo;
2020-04-11 14:49:33;54  999118062;13.0;Para Celulares de Outras Operadoras;
2020-04-08 19:26:10;54  999118062;7.0;Para Celulares de Outras Operadoras;
2020-04-08 10:31:48;54  999342888;12.0;Para Celulares Vivo;
2020-04-30 15:39:26;51  35648300;27.0;Para Fixo de Outras Operadoras;
2020-04-29 11:01:37;51  34586461;64.0;Para Fixo de Outras Operadoras;
2020-04-28 20:39:31;51  30336030;23.0;Para Fixo de Outras Operadoras;
2020-04-28 20:29:07;51  34731059;5.0;Para Fixo de Outras Operadoras;
2020-04-28 19:55:10;51  34740102;14.0;Para Fixo de Outras Operadoras;
2020-04-28 18:51:12;51  34740102;6.0;Para Fixo de Outras Operadoras;
2020-04-28 18:19:29;51  34734203;5.0;Para Fixo de Outras Operadoras;
2020-04-28 11:05:23;51  30803000;284.0;Para Fixo de Outras Operadoras;
2020-04-28 10:35:55;51  30803000;5.0;Para Fixo de Outras Operadoras;
2020-04-28 09:19:55;51  30803000;5.0;Para Fixo de Outras Operadoras;
2020-04-28 08:36:24;51  30803000;20.0;Para Fixo de Outras Operadoras;
2020-04-28 08:00:17;51  30803000;20.0;Para Fixo de Outras Operadoras;
2020-04-28 07:52:04;51  30803000;7.0;Para Fixo de Outras Operadoras;
2020-04-27 22:31:44;51  30803000;8.0;Para Fixo de Outras Operadoras;
2020-04-27 15:25:08;51  30803000;5.0;Para Fixo de Outras Operadoras;
2020-04-27 15:24:28;51  30803000;5.0;Para Fixo de Outras Operadoras;
2020-04-23 13:31:28;51  34996400;42.0;Para Fixo de Outras Operadoras;
2020-04-23 11:43:26;51  34996334;10.0;Para Fixo de Outras Operadoras;
2020-04-23 11:38:42;51  34996300;6.0;Para Fixo de Outras Operadoras;
2020-04-23 11:37:30;51  34996300;9.0;Para Fixo de Outras Operadoras;
2020-04-22 18:37:56;51  34734203;5.0;Para Fixo de Outras Operadoras;
2020-04-22 12:40:23;51  34599247;16.0;Para Fixo de Outras Operadoras;
2020-04-20 12:36:13;51  34273832;5.0;Para Fixo de Outras Operadoras;
2020-04-16 16:56:00;51  33400100;5.0;Para Fixo de Outras Operadoras;
2020-04-16 16:55:11;51  33400100;6.0;Para Fixo de Outras Operadoras;
2020-04-07 14:25:26;51  30803000;27.0;Para Fixo de Outras Operadoras;
2020-04-07 14:24:48;51  30803000;5.0;Para Fixo de Outras Operadoras;
2020-04-22 14:13:36;51  991153364;20.0;Para Celulares de Outras Operadoras;
2020-04-20 13:58:25;51  984259205;9.0;Para Celulares de Outras Operadoras;
2020-04-27 16:54:19;51  34732050;15.0;Para Fixo Vivo;
2020-04-27 16:38:55;51  34732050;36.0;Para Fixo Vivo;
2020-04-27 16:21:01;51  34732050;34.0;Para Fixo Vivo;
2020-04-24 12:59:49;51  34737591;13.0;Para Fixo Vivo;
2020-04-23 16:54:04;51  34737591;15.0;Para Fixo Vivo;
2020-04-22 11:07:43;51  21313375;16.0;Para Fixo Vivo;
2020-04-18 08:48:40;51  34598829;12.0;Para Fixo Vivo;
2020-04-17 15:24:42;51  21313375;24.0;Para Fixo Vivo;
2020-04-29 14:12:36;51  996160301;24.0;Para Celulares Vivo;
2020-04-27 10:02:01;51  996160301;6.0;Para Celulares Vivo;
2020-04-23 10:02:45;51  993119416;31.0;Para Celulares Vivo;
2020-04-23 09:10:41;51  998492841;21.0;Para Celulares Vivo;
2020-04-22 11:04:05;51  993119416;30.0;Para Celulares Vivo;
2020-04-20 18:00:06;51  992592701;21.0;Para Celulares Vivo;
2020-04-17 15:11:17;51  996268732;29.0;Para Celulares Vivo;
2020-04-16 11:07:11;51  996160301;9.0;Para Celulares Vivo;
2020-04-13 09:56:18;51  996160301;22.0;Para Celulares Vivo;
2020-04-09 14:24:55;51  998525944;43.0;Para Celulares Vivo;
2020-04-09 14:20:56;51  993119416;33.0;Para Celulares Vivo;
2020-04-08 10:39:19;51  996160301;9.0;Para Celulares Vivo;
2020-04-07 15:04:24;51  995863683;56.0;Para Celulares Vivo;
2020-04-06 09:09:57;51  996160301;27.0;Para Celulares Vivo;
2020-04-01;"";551.0;INTERNET MOVEL 2;0.00
2020-04-02;"";8518.2;INTERNET MOVEL 2;0.00
2020-04-03;"";38444.7;INTERNET MOVEL 2;0.00
2020-04-04;"";72762.7;INTERNET MOVEL 2;0.00
2020-04-05;"";55889.8;INTERNET MOVEL 2;0.00
2020-04-06;"";54641.3;INTERNET MOVEL 2;0.00
2020-04-07;"";37245.0;INTERNET MOVEL 2;0.00
2020-04-08;"";137544.7;INTERNET MOVEL 2;0.00
2020-04-09;"";62997.4;INTERNET MOVEL 2;0.00
2020-04-10;"";30625.8;INTERNET MOVEL 2;0.00
2020-04-11;"";139218.1;INTERNET MOVEL 2;0.00
2020-04-12;"";128549.8;INTERNET MOVEL 2;0.00
2020-04-13;"";9695.4;INTERNET MOVEL 2;0.00
2020-04-14;"";898.0;INTERNET MOVEL 2;0.00
2020-04-15;"";1986.8;INTERNET MOVEL 2;0.00
2020-04-16;"";15899.3;INTERNET MOVEL 2;0.00
2020-04-17;"";7606.5;INTERNET MOVEL 2;0.00
2020-04-18;"";1063.0;INTERNET MOVEL 2;0.00
2020-04-19;"";5741.7;INTERNET MOVEL 2;0.00
2020-04-20;"";32872.0;INTERNET MOVEL 2;0.00
2020-04-21;"";7447.3;INTERNET MOVEL 2;0.00
2020-04-22;"";18320.8;INTERNET MOVEL 2;0.00
2020-04-23;"";6250.5;INTERNET MOVEL 2;0.00
2020-04-24;"";12751.0;INTERNET MOVEL 2;0.00
2020-04-25;"";35548.7;INTERNET MOVEL 2;0.00
2020-04-26;"";1811.4;INTERNET MOVEL 2;0.00
2020-04-27;"";160719.8;INTERNET MOVEL 2;0.00
2020-04-28;"";50537.2;INTERNET MOVEL 2;0.00
2020-04-29;"";1770.0;INTERNET MOVEL 2;0.00
2020-04-30;"";882.0;INTERNET MOVEL 2;0.00
