data_hora_inicio;nro_telefone_chamado;duracao_ligacao;desc_categoria;valor_ligacao
2020-04-20 15:57:58;51  993113815;27.0;Para Celulares de Outras Operadoras;
2020-04-20 15:49:03;51  998062704;12.0;Para Celulares de Outras Operadoras;
2020-04-20 15:38:32;51  998062704;68.0;Para Celulares de Outras Operadoras;
2020-04-20 15:13:36;51  983414441;24.0;Para Fixo Vivo;
2020-04-29 10:04:37;15  997838810;88.0;Para Celulares Vivo;
2020-04-20 15:45:46;51  991034807;29.0;Para Celulares Vivo;
2020-04-14 10:38:58;94  991657775;22.0;Para Celulares Vivo;
2020-04-03 10:45:59;79  996589040;8.0;Para Celulares Vivo;
2020-04-27 11:35:11;31  21222408;9.0;Para Fixo de Outras Operadoras;
2020-04-27 11:27:11;31  21222408;51.0;Para Fixo de Outras Operadoras;
2020-04-17 10:07:37;31  34953093;106.0;Para Fixo de Outras Operadoras;
2020-04-09 11:17:21;31  34507376;48.0;Para Fixo de Outras Operadoras;
2020-04-08 16:41:01;31  34507376;157.0;Para Fixo de Outras Operadoras;
2020-04-07 16:26:58;31  34507376;99.0;Para Fixo de Outras Operadoras;
2020-04-30 13:56:42;31  984410142;13.0;Para Celulares de Outras Operadoras;
2020-04-30 09:04:36;31  988566579;9.0;Para Celulares de Outras Operadoras;
2020-04-29 17:15:54;31  988566579;5.0;Para Celulares de Outras Operadoras;
2020-04-29 15:44:31;31  987447454;24.0;Para Celulares de Outras Operadoras;
2020-04-29 13:20:42;31  988566579;9.0;Para Celulares de Outras Operadoras;
2020-04-28 15:39:22;31  987661222;34.0;Para Celulares de Outras Operadoras;
2020-04-28 12:07:38;31  999715375;84.0;Para Celulares de Outras Operadoras;
2020-04-27 18:38:20;31  988211505;9.0;Para Celulares de Outras Operadoras;
2020-04-27 18:31:12;31  988211505;47.0;Para Celulares de Outras Operadoras;
2020-04-27 14:52:36;31  988566579;10.0;Para Celulares de Outras Operadoras;
2020-04-25 11:29:52;31  988211505;17.0;Para Celulares de Outras Operadoras;
2020-04-23 15:31:33;31  988566579;7.0;Para Celulares de Outras Operadoras;
2020-04-21 09:03:54;31  988566579;5.0;Para Celulares de Outras Operadoras;
2020-04-20 14:26:58;31  984721338;26.0;Para Celulares de Outras Operadoras;
2020-04-20 11:30:04;31  983273271;160.0;Para Celulares de Outras Operadoras;
2020-04-15 17:13:23;31  983273271;45.0;Para Celulares de Outras Operadoras;
2020-04-15 16:47:10;31  983273271;193.0;Para Celulares de Outras Operadoras;
2020-04-15 14:14:17;31  988566579;14.0;Para Celulares de Outras Operadoras;
2020-04-14 12:38:53;31  998143430;59.0;Para Celulares de Outras Operadoras;
2020-04-13 13:32:17;31  988566579;35.0;Para Celulares de Outras Operadoras;
2020-04-11 14:30:13;31  988211505;21.0;Para Celulares de Outras Operadoras;
2020-04-07 19:33:47;31  988211505;19.0;Para Celulares de Outras Operadoras;
2020-04-07 16:23:45;31  988211505;24.0;Para Celulares de Outras Operadoras;
2020-04-07 16:16:58;31  992566616;35.0;Para Celulares de Outras Operadoras;
2020-04-07 16:15:09;31  988211505;13.0;Para Celulares de Outras Operadoras;
2020-04-06 11:50:27;31  988566579;24.0;Para Celulares de Outras Operadoras;
2020-04-06 10:08:43;31  988566579;12.0;Para Celulares de Outras Operadoras;
2020-04-03 13:07:59;31  988931204;70.0;Para Celulares de Outras Operadoras;
2020-04-02 14:29:01;31  988566579;11.0;Para Celulares de Outras Operadoras;
2020-04-30 09:07:25;31  984410142;29.0;Para Celulares Vivo;
2020-04-29 17:32:31;31  999843611;51.0;Para Celulares Vivo;
2020-04-29 17:14:31;31  996606176;5.0;Para Celulares Vivo;
2020-04-29 16:47:28;31  987461501;23.0;Para Celulares Vivo;
2020-04-29 16:12:06;31  984789159;15.0;Para Celulares Vivo;
2020-04-29 15:42:42;31  984789159;12.0;Para Celulares Vivo;
2020-04-29 12:52:35;31  999843611;9.0;Para Celulares Vivo;
2020-04-29 10:44:34;31  988017993;153.0;Para Celulares Vivo;
2020-04-29 10:29:36;31  988017993;14.0;Para Celulares Vivo;
2020-04-29 10:02:17;31  984789159;14.0;Para Celulares Vivo;
2020-04-29 09:46:39;31  984508215;10.0;Para Celulares Vivo;
2020-04-29 09:44:27;31  988017993;9.0;Para Celulares Vivo;
2020-04-29 09:40:53;31  988017993;17.0;Para Celulares Vivo;
2020-04-29 08:32:44;31  984789159;64.0;Para Celulares Vivo;
2020-04-29 08:24:17;31  984508215;10.0;Para Celulares Vivo;
2020-04-28 17:35:51;31  984789159;5.0;Para Celulares Vivo;
2020-04-28 17:01:14;31  984789159;37.0;Para Celulares Vivo;
2020-04-28 16:42:44;31  984508215;26.0;Para Celulares Vivo;
2020-04-28 16:36:34;31  984789159;24.0;Para Celulares Vivo;
2020-04-28 16:01:20;31  999843611;22.0;Para Celulares Vivo;
2020-04-28 15:43:45;31  984789159;35.0;Para Celulares Vivo;
2020-04-28 14:18:32;31  984789159;93.0;Para Celulares Vivo;
2020-04-28 13:28:52;31  996606176;5.0;Para Celulares Vivo;
2020-04-28 13:16:41;31  997759798;13.0;Para Celulares Vivo;
2020-04-28 12:24:06;31  984789159;9.0;Para Celulares Vivo;
2020-04-28 11:59:28;31  984789159;52.0;Para Celulares Vivo;
2020-04-28 10:47:44;31  984789159;36.0;Para Celulares Vivo;
2020-04-28 09:49:41;31  984789159;26.0;Para Celulares Vivo;
2020-04-28 08:47:14;31  984789159;12.0;Para Celulares Vivo;
2020-04-27 16:50:12;31  984789159;74.0;Para Celulares Vivo;
2020-04-27 15:00:31;31  987991474;23.0;Para Celulares Vivo;
2020-04-27 10:36:56;31  984789159;15.0;Para Celulares Vivo;
2020-04-25 09:56:55;31  988017993;30.0;Para Celulares Vivo;
2020-04-25 08:41:19;31  984789159;15.0;Para Celulares Vivo;
2020-04-24 17:07:19;31  984789159;17.0;Para Celulares Vivo;
2020-04-24 15:00:15;31  984789159;27.0;Para Celulares Vivo;
2020-04-24 14:22:37;31  984789159;29.0;Para Celulares Vivo;
2020-04-24 11:04:43;31  984789159;52.0;Para Celulares Vivo;
2020-04-24 10:20:43;31  987991474;98.0;Para Celulares Vivo;
2020-04-24 10:05:33;31  984789159;29.0;Para Celulares Vivo;
2020-04-23 17:11:15;31  987991474;18.0;Para Celulares Vivo;
2020-04-23 13:25:16;31  984789159;28.0;Para Celulares Vivo;
2020-04-23 09:52:26;31  999749527;104.0;Para Celulares Vivo;
2020-04-23 08:37:41;31  999749527;60.0;Para Celulares Vivo;
2020-04-22 16:06:33;31  984789159;30.0;Para Celulares Vivo;
2020-04-22 14:48:56;31  971459447;50.0;Para Celulares Vivo;
2020-04-22 10:46:05;31  996606176;11.0;Para Celulares Vivo;
2020-04-22 10:26:58;31  984789159;42.0;Para Celulares Vivo;
2020-04-22 09:56:53;31  995788687;55.0;Para Celulares Vivo;
2020-04-20 11:25:46;31  987991474;12.0;Para Celulares Vivo;
2020-04-18 08:13:23;31  984789159;7.0;Para Celulares Vivo;
2020-04-17 19:49:20;31  984789159;8.0;Para Celulares Vivo;
2020-04-17 16:10:00;31  984789159;7.0;Para Celulares Vivo;
2020-04-17 15:36:37;31  984789159;19.0;Para Celulares Vivo;
2020-04-15 11:13:46;31  984789159;29.0;Para Celulares Vivo;
2020-04-14 16:31:17;31  987991474;12.0;Para Celulares Vivo;
2020-04-14 13:14:05;31  984789159;31.0;Para Celulares Vivo;
2020-04-14 10:21:38;31  996185947;13.0;Para Celulares Vivo;
2020-04-14 10:06:15;31  995003381;34.0;Para Celulares Vivo;
2020-04-14 10:01:28;31  998265646;18.0;Para Celulares Vivo;
2020-04-11 15:01:11;31  996064676;48.0;Para Celulares Vivo;
2020-04-11 14:35:32;31  996064676;24.0;Para Celulares Vivo;
2020-04-08 19:08:04;31  984789159;11.0;Para Celulares Vivo;
2020-04-08 13:20:21;31  987461501;99.0;Para Celulares Vivo;
2020-04-08 13:17:55;31  987359107;18.0;Para Celulares Vivo;
2020-04-03 10:42:32;31  996185947;18.0;Para Celulares Vivo;
2020-04-03 09:05:30;31  986210068;54.0;Para Celulares Vivo;
2020-04-02 09:55:19;31  999737334;185.0;Para Celulares Vivo;
2020-04-02 09:39:19;31  996185947;5.0;Para Celulares Vivo;
