data_hora_inicio;nro_telefone_chamado;duracao_ligacao;desc_categoria;valor_ligacao
2020-04-24 11:23:33;31988382345;1.0;GRATIS-SMS;0.00
2020-04-11 10:11:01;11950140821;1.0;GRATIS-SMS;0.00
2020-04-30 11:39:21;51  991196669;18.0;Para Celulares de Outras Operadoras;
2020-04-24 12:16:55;31  988382345;27.0;Para Celulares de Outras Operadoras;
2020-04-29 22:49:20;55  35481247;5.0;Para Fixo de Outras Operadoras;
2020-04-05 10:45:59;51  30037242;5.0;Para Fixo de Outras Operadoras;
2020-04-05 10:44:57;51  30037242;5.0;Para Fixo de Outras Operadoras;
2020-04-28 11:29:17;51  30371692;17.0;Para Fixo Vivo;
2020-04-27 17:09:42;51  30371692;5.0;Para Fixo Vivo;
2020-04-13 15:40:55;51  30371692;24.0;Para Fixo Vivo;
2020-04-02 11:06:40;51  981148539;17.0;Para Fixo Vivo;
2020-04-14 15:21:47;51  991810752;6.0;Para Celulares Vivo;
2020-04-03 17:00:46;51  984274504;132.0;Para Celulares Vivo;
2020-03-31;"";286.0;INTERNET MOVEL 2;0.00
2020-04-01;"";916.0;INTERNET MOVEL 2;0.00
2020-04-02;"";1196.0;INTERNET MOVEL 2;0.00
2020-04-03;"";6519.2;INTERNET MOVEL 2;0.00
2020-04-04;"";4352.0;INTERNET MOVEL 2;0.00
2020-04-05;"";44929.6;INTERNET MOVEL 2;0.00
2020-04-06;"";114270.0;INTERNET MOVEL 2;0.00
2020-04-07;"";4419.4;INTERNET MOVEL 2;0.00
2020-04-08;"";2074.0;INTERNET MOVEL 2;0.00
2020-04-09;"";750.0;INTERNET MOVEL 2;0.00
2020-04-10;"";2131.0;INTERNET MOVEL 2;0.00
2020-04-11;"";45314.0;INTERNET MOVEL 2;0.00
2020-04-12;"";1579.0;INTERNET MOVEL 2;0.00
2020-04-13;"";911.0;INTERNET MOVEL 2;0.00
2020-04-14;"";6521.0;INTERNET MOVEL 2;0.00
2020-04-15;"";686.0;INTERNET MOVEL 2;0.00
2020-04-16;"";4071.3;INTERNET MOVEL 2;0.00
2020-04-17;"";20177.6;INTERNET MOVEL 2;0.00
2020-04-18;"";1814.0;INTERNET MOVEL 2;0.00
2020-04-19;"";16708.5;INTERNET MOVEL 2;0.00
2020-04-20;"";3924.8;INTERNET MOVEL 2;0.00
2020-04-21;"";18422.4;INTERNET MOVEL 2;0.00
2020-04-22;"";11210.8;INTERNET MOVEL 2;0.00
2020-04-23;"";8131.5;INTERNET MOVEL 2;0.00
2020-04-24;"";42210.4;INTERNET MOVEL 2;0.00
2020-04-25;"";8321.4;INTERNET MOVEL 2;0.00
2020-04-26;"";15923.9;INTERNET MOVEL 2;0.00
2020-04-27;"";80043.0;INTERNET MOVEL 2;0.00
2020-04-28;"";17591.8;INTERNET MOVEL 2;0.00
2020-04-29;"";141371.7;INTERNET MOVEL 2;0.00
2020-04-30;"";7217.0;INTERNET MOVEL 2;0.00
2020-05-01;"";69.0;INTERNET MOVEL 2;0.00
