data_hora_inicio;nro_telefone_chamado;duracao_ligacao;desc_categoria;valor_ligacao
2020-04-23 15:15:17;51  981002747;13.0;Para Celulares de Outras Operadoras;
2020-04-23 11:17:09;51  996264720;9.0;Para Celulares de Outras Operadoras;
2020-04-13 11:50:53;51  21313333;23.0;Para Fixo Vivo;
2020-04-16 07:36:15;*5  55;7.0;"";
2020-04-22 19:25:34;31  33874731;5.0;Para Fixo de Outras Operadoras;
2020-04-22 19:23:17;31  33874731;18.0;Para Fixo de Outras Operadoras;
2020-04-17 19:44:28;31  35113340;5.0;Para Fixo de Outras Operadoras;
2020-04-13 13:09:30;31  32985151;77.0;Para Fixo de Outras Operadoras;
2020-04-17 17:30:02;31  991511076;58.0;Para Celulares de Outras Operadoras;
2020-04-08 07:58:34;31  975986555;12.0;Para Celulares de Outras Operadoras;
2020-04-29 19:26:56;31  984253090;5.0;Para Celulares Vivo;
2020-04-27 09:07:13;31  998206236;5.0;Para Celulares Vivo;
2020-04-25 17:32:53;31  988922818;5.0;Para Celulares Vivo;
2020-04-23 20:39:00;31  998499315;14.0;Para Celulares Vivo;
2020-04-23 19:06:59;31  984253090;5.0;Para Celulares Vivo;
2020-04-22 19:00:14;31  984253090;6.0;Para Celulares Vivo;
2020-04-22 13:02:08;31  998206236;6.0;Para Celulares Vivo;
2020-04-22 09:49:45;31  998206236;7.0;Para Celulares Vivo;
2020-04-18 16:35:32;31  984253090;6.0;Para Celulares Vivo;
2020-04-13 13:20:36;31  997649947;33.0;Para Celulares Vivo;
2020-04-07 18:50:10;31  997940460;37.0;Para Celulares Vivo;
2020-04-01;"";154090.1;INTERNET MOVEL 2;0.00
2020-04-04;"";198.0;INTERNET MOVEL 2;0.00
2020-04-08;"";76327.4;INTERNET MOVEL 2;0.00
2020-04-09;"";136.0;INTERNET MOVEL 2;0.00
2020-04-10;"";416.0;INTERNET MOVEL 2;0.00
2020-04-11;"";13051.6;INTERNET MOVEL 2;0.00
2020-04-12;"";436.0;INTERNET MOVEL 2;0.00
2020-04-13;"";38.0;INTERNET MOVEL 2;0.00
2020-04-16;"";44913.3;INTERNET MOVEL 2;0.00
2020-04-17;"";171.0;INTERNET MOVEL 2;0.00
2020-04-18;"";81636.8;INTERNET MOVEL 2;0.00
2020-04-19;"";1019.0;INTERNET MOVEL 2;0.00
2020-04-20;"";13985.1;INTERNET MOVEL 2;0.00
2020-04-21;"";60807.6;INTERNET MOVEL 2;0.00
2020-04-22;"";6295.9;INTERNET MOVEL 2;0.00
2020-04-23;"";32841.5;INTERNET MOVEL 2;0.00
2020-04-24;"";38909.5;INTERNET MOVEL 2;0.00
2020-04-25;"";241.0;INTERNET MOVEL 2;0.00
2020-04-26;"";339.0;INTERNET MOVEL 2;0.00
2020-04-27;"";37503.3;INTERNET MOVEL 2;0.00
2020-04-28;"";18144.7;INTERNET MOVEL 2;0.00
2020-04-29;"";5912.8;INTERNET MOVEL 2;0.00
2020-04-30;"";43304.8;INTERNET MOVEL 2;0.00
2020-05-01;"";31.0;INTERNET MOVEL 2;0.00
