data_hora_inicio;nro_telefone_chamado;duracao_ligacao;desc_categoria;valor_ligacao
2020-04-01 15:41:09;"";1.0;ADICIONAL;0.00
2020-04-20 14:37:04;"";1.0;ADICIONAL;0.00
2020-04-20 14:27:35;"";1.0;ADICIONAL;0.00
2020-04-20 14:25:35;"";1.0;ADICIONAL;0.00
2020-04-15 20:01:44;"";1.0;ADICIONAL;0.00
2020-04-14 16:09:33;5140617861;1.0;ADICIONAL;0.00
2020-04-14 14:09:41;4730849400;1.0;ADICIONAL;0.00
2020-04-07 09:39:17;"";1.0;ADICIONAL;0.00
2020-04-08 14:51:29;51  992592629;43.0;Para Celulares Vivo;
2020-04-07 10:06:29;51  994057331;9.0;Para Celulares Vivo;
2020-04-06 11:14:25;54  999771006;39.0;Para Celulares Vivo;
2020-04-08 14:51:29;51  992592629;0.0;Adicional por Ligacoes Realizadas;
2020-04-07 10:06:29;51  994057331;0.0;Adicional por Ligacoes Realizadas;
2020-04-06 11:14:25;54  999771006;0.0;Adicional por Ligacoes Realizadas;
2020-04-20 14:37:04;    ;14.0;Chamadas de Longa Distancia para Outros Estados;
2020-04-20 14:27:35;    ;93.0;Chamadas de Longa Distancia para Outros Estados;
2020-04-20 14:25:35;    ;18.0;Chamadas de Longa Distancia para Outros Estados;
2020-04-15 20:01:44;    ;5.0;Chamadas de Longa Distancia para Outros Estados;
2020-04-14 16:09:33;51  40617861;88.0;Chamadas de Longa Distancia para Outros Estados;
2020-04-14 14:09:41;47  30849400;5.0;Chamadas de Longa Distancia para Outros Estados;
2020-04-07 09:39:17;    ;42.0;Chamadas de Longa Distancia para Outros Estados;
2020-04-01 15:41:09;    ;31.0;Chamadas de Longa Distancia para Outros Estados;
