data_hora_inicio;nro_telefone_chamado;duracao_ligacao;desc_categoria;valor_ligacao
2020-04-20 16:52:22;5140901682;1.0;ADICIONAL;0.00
2020-04-20 14:37:30;5140901698;1.0;ADICIONAL;0.00
2020-04-20 13:27:59;5140901677;1.0;ADICIONAL;0.00
2020-04-20 11:03:51;5140208839;1.0;ADICIONAL;0.00
2020-04-20 16:52:22;51  40901682;5.0;Chamadas de Longa Distancia para Outros Estados;
2020-04-20 14:37:30;51  40901698;5.0;Chamadas de Longa Distancia para Outros Estados;
2020-04-20 13:27:59;51  40901677;5.0;Chamadas de Longa Distancia para Outros Estados;
2020-04-20 11:03:51;51  40208839;5.0;Chamadas de Longa Distancia para Outros Estados;
2020-04-17;"";2.0;INTERNET MOVEL 2;0.00
