data_hora_inicio;nro_telefone_chamado;duracao_ligacao;desc_categoria;valor_ligacao
2020-04-12 00:18:15;11950140822;1.0;GRATIS-SMS;0.00
2020-04-01 11:09:47;51  999289348;15.0;Para Celulares Vivo;
2020-04-03 16:29:10;13  996839500;12.0;Para Celulares Vivo;
2020-04-29 22:41:29;*5  55;7.0;"";
2020-04-25 19:13:33;51  34752877;118.0;Para Fixo de Outras Operadoras;
2020-04-15 21:30:26;51  34752877;57.0;Para Fixo de Outras Operadoras;
2020-04-14 11:00:46;51  33641922;20.0;Para Fixo de Outras Operadoras;
2020-04-13 11:00:24;51  33641922;29.0;Para Fixo de Outras Operadoras;
2020-04-05 20:00:28;51  34752877;45.0;Para Fixo de Outras Operadoras;
2020-04-03 09:46:05;51  34706913;5.0;Para Fixo de Outras Operadoras;
2020-04-02 20:10:38;51  34752877;29.0;Para Fixo de Outras Operadoras;
2020-04-11 19:38:14;51  34699919;5.0;Para Fixo Vivo;
2020-04-16 10:19:30;51  999620078;49.0;Para Celulares Vivo;
2020-03-31;"";26932.9;INTERNET MOVEL 2;0.00
2020-04-01;"";263.0;INTERNET MOVEL 2;0.00
2020-04-02;"";1419.0;INTERNET MOVEL 2;0.00
2020-04-03;"";3311.4;INTERNET MOVEL 2;0.00
2020-04-04;"";7991.4;INTERNET MOVEL 2;0.00
2020-04-05;"";6690.1;INTERNET MOVEL 2;0.00
2020-04-06;"";3236.2;INTERNET MOVEL 2;0.00
2020-04-07;"";12918.4;INTERNET MOVEL 2;0.00
2020-04-08;"";9542.6;INTERNET MOVEL 2;0.00
2020-04-09;"";5401.1;INTERNET MOVEL 2;0.00
2020-04-10;"";976.0;INTERNET MOVEL 2;0.00
2020-04-11;"";2450.0;INTERNET MOVEL 2;0.00
2020-04-12;"";223.0;INTERNET MOVEL 2;0.00
2020-04-13;"";1654.0;INTERNET MOVEL 2;0.00
2020-04-14;"";13011.0;INTERNET MOVEL 2;0.00
2020-04-15;"";9414.9;INTERNET MOVEL 2;0.00
2020-04-16;"";8185.0;INTERNET MOVEL 2;0.00
2020-04-17;"";8711.5;INTERNET MOVEL 2;0.00
2020-04-18;"";2244.0;INTERNET MOVEL 2;0.00
2020-04-19;"";1124.0;INTERNET MOVEL 2;0.00
2020-04-20;"";1200.0;INTERNET MOVEL 2;0.00
2020-04-21;"";10847.9;INTERNET MOVEL 2;0.00
2020-04-22;"";1770.0;INTERNET MOVEL 2;0.00
2020-04-23;"";5082.0;INTERNET MOVEL 2;0.00
2020-04-24;"";4612.8;INTERNET MOVEL 2;0.00
2020-04-25;"";2802.0;INTERNET MOVEL 2;0.00
2020-04-26;"";5791.9;INTERNET MOVEL 2;0.00
2020-04-27;"";4515.5;INTERNET MOVEL 2;0.00
2020-04-28;"";4553.9;INTERNET MOVEL 2;0.00
2020-04-29;"";9811.6;INTERNET MOVEL 2;0.00
2020-04-30;"";8634.2;INTERNET MOVEL 2;0.00
2020-05-01;"";387.0;INTERNET MOVEL 2;0.00
