data_hora_inicio;nro_telefone_chamado;duracao_ligacao;desc_categoria;valor_ligacao
2020-04-01 15:03:08;5131019292;1.0;ADICIONAL;0.00
2020-04-28 11:31:57;"";1.0;ADICIONAL;0.00
2020-04-27 17:19:16;1132019500;1.0;ADICIONAL;0.00
2020-04-27 13:22:45;1121609180;1.0;ADICIONAL;0.00
2020-04-24 16:08:06;1121616681;1.0;ADICIONAL;0.00
2020-04-24 12:46:49;1121590011;1.0;ADICIONAL;0.00
2020-04-24 08:53:05;"";1.0;ADICIONAL;0.00
2020-04-22 15:25:22;1132500206;1.0;ADICIONAL;0.00
2020-04-22 11:16:01;"";1.0;ADICIONAL;0.00
2020-04-20 12:45:05;1121609180;1.0;ADICIONAL;0.00
2020-04-20 09:28:45;"";1.0;ADICIONAL;0.00
2020-04-15 11:39:09;1121462804;1.0;ADICIONAL;0.00
2020-04-14 10:06:51;"";1.0;ADICIONAL;0.00
2020-04-13 10:01:29;"";1.0;ADICIONAL;0.00
2020-04-11 10:38:27;"";1.0;ADICIONAL;0.00
2020-04-09 09:49:10;1121462803;1.0;ADICIONAL;0.00
2020-04-02 15:15:53;1121050089;1.0;ADICIONAL;0.00
2020-04-01 14:44:52;46  984067401;0.0;Adicional por Ligacoes Realizadas;
2020-04-01 09:43:57;51  995863683;0.0;Adicional por Ligacoes Realizadas;
2020-04-01 09:36:56;45  32241521;0.0;Adicional por Ligacoes Realizadas;
2020-04-01 08:59:23;51  21313333;0.0;Adicional por Ligacoes Realizadas;
2020-04-01 08:17:32;46  999720808;0.0;Adicional por Ligacoes Realizadas;
2020-04-01 08:14:52;46  35241520;0.0;Adicional por Ligacoes Realizadas;
2020-04-01 14:44:52;46  984067401;6.0;Para Celulares de Outras Operadoras;
2020-04-01 08:59:23;51  21313333;175.0;Para Fixo Vivo;
2020-04-01 08:14:52;46  35241520;5.0;Para Fixo Vivo;
2020-04-01 08:17:32;46  999720808;6.0;Para Celulares Vivo;
2020-04-06 08:55:20;45  32241521;6.0;Para Fixo Vivo;
2020-04-01 09:36:56;45  32241521;16.0;Para Fixo Vivo;
2020-04-17 15:48:07;51  995863683;57.0;Para Celulares Vivo;
2020-04-17 15:37:50;51  995863683;99.0;Para Celulares Vivo;
2020-04-16 15:19:59;51  991561376;201.0;Para Celulares Vivo;
2020-04-16 11:25:01;51  992592842;294.0;Para Celulares Vivo;
2020-04-16 10:50:21;51  993319478;143.0;Para Celulares Vivo;
2020-04-16 10:36:10;51  992592970;138.0;Para Celulares Vivo;
2020-04-13 10:31:03;51  995863683;242.0;Para Celulares Vivo;
2020-04-06 08:26:13;51  995863683;27.0;Para Celulares Vivo;
2020-04-05 11:54:01;66  999130237;84.0;Para Celulares Vivo;
2020-04-01 09:43:57;51  995863683;144.0;Para Celulares Vivo;
2020-04-28 17:01:50;46  984067401;0.0;Adicional por Ligacoes Realizadas;
2020-04-28 14:14:09;08  007702917;0.0;Adicional por Ligacoes Realizadas;
2020-04-28 11:12:35;46  999212629;0.0;Adicional por Ligacoes Realizadas;
2020-04-25 11:43:13;46  984067401;0.0;Adicional por Ligacoes Realizadas;
2020-04-25 10:50:37;46  984067401;0.0;Adicional por Ligacoes Realizadas;
2020-04-24 11:01:39;08  007702917;0.0;Adicional por Ligacoes Realizadas;
2020-04-21 09:16:12;46  999230896;0.0;Adicional por Ligacoes Realizadas;
2020-04-20 09:56:58;46  35233864;0.0;Adicional por Ligacoes Realizadas;
2020-04-17 16:34:16;08  007702917;0.0;Adicional por Ligacoes Realizadas;
2020-04-17 16:22:42;46  35241520;0.0;Adicional por Ligacoes Realizadas;
2020-04-17 15:48:07;51  995863683;0.0;Adicional por Ligacoes Realizadas;
2020-04-17 15:37:50;51  995863683;0.0;Adicional por Ligacoes Realizadas;
2020-04-17 15:16:32;08  007702917;0.0;Adicional por Ligacoes Realizadas;
2020-04-17 13:22:23;08  007702917;0.0;Adicional por Ligacoes Realizadas;
2020-04-17 13:18:32;08  007702917;0.0;Adicional por Ligacoes Realizadas;
2020-04-17 13:07:19;08  007702917;0.0;Adicional por Ligacoes Realizadas;
2020-04-17 13:04:12;08  007702917;0.0;Adicional por Ligacoes Realizadas;
2020-04-17 11:47:52;08  007702917;0.0;Adicional por Ligacoes Realizadas;
2020-04-17 10:46:02;08  007702917;0.0;Adicional por Ligacoes Realizadas;
2020-04-17 10:40:03;08  007702917;0.0;Adicional por Ligacoes Realizadas;
2020-04-17 09:23:34;08  007702917;0.0;Adicional por Ligacoes Realizadas;
2020-04-16 17:57:11;08  007702917;0.0;Adicional por Ligacoes Realizadas;
2020-04-16 17:20:07;08  007702917;0.0;Adicional por Ligacoes Realizadas;
2020-04-16 17:14:08;08  007702917;0.0;Adicional por Ligacoes Realizadas;
2020-04-16 17:09:49;08  007702917;0.0;Adicional por Ligacoes Realizadas;
2020-04-16 15:19:59;51  991561376;0.0;Adicional por Ligacoes Realizadas;
2020-04-16 14:43:51;08  007702917;0.0;Adicional por Ligacoes Realizadas;
2020-04-16 14:13:37;08  007702917;0.0;Adicional por Ligacoes Realizadas;
2020-04-16 11:25:01;51  992592842;0.0;Adicional por Ligacoes Realizadas;
2020-04-16 11:13:57;08  007702917;0.0;Adicional por Ligacoes Realizadas;
2020-04-16 10:50:21;51  993319478;0.0;Adicional por Ligacoes Realizadas;
2020-04-16 10:36:10;51  992592970;0.0;Adicional por Ligacoes Realizadas;
2020-04-16 09:04:43;51  21313333;0.0;Adicional por Ligacoes Realizadas;
2020-04-14 08:48:17;51  21313333;0.0;Adicional por Ligacoes Realizadas;
2020-04-14 08:47:25;51  21313333;0.0;Adicional por Ligacoes Realizadas;
2020-04-13 14:08:13;51  21313333;0.0;Adicional por Ligacoes Realizadas;
2020-04-13 10:31:03;51  995863683;0.0;Adicional por Ligacoes Realizadas;
2020-04-13 09:41:23;51  21313333;0.0;Adicional por Ligacoes Realizadas;
2020-04-08 17:27:23;46  991102522;0.0;Adicional por Ligacoes Realizadas;
2020-04-08 09:20:09;51  21313333;0.0;Adicional por Ligacoes Realizadas;
2020-04-06 09:43:28;51  21313333;0.0;Adicional por Ligacoes Realizadas;
2020-04-06 09:25:54;46  984067401;0.0;Adicional por Ligacoes Realizadas;
2020-04-06 08:55:20;45  32241521;0.0;Adicional por Ligacoes Realizadas;
2020-04-06 08:26:13;51  995863683;0.0;Adicional por Ligacoes Realizadas;
2020-04-06 08:22:26;46  35241520;0.0;Adicional por Ligacoes Realizadas;
2020-04-06 08:20:32;08  008788128;0.0;Adicional por Ligacoes Realizadas;
2020-04-05 11:54:01;66  999130237;0.0;Adicional por Ligacoes Realizadas;
2020-04-02 14:35:39;46  984067401;0.0;Adicional por Ligacoes Realizadas;
2020-04-02 11:09:43;46  984067401;0.0;Adicional por Ligacoes Realizadas;
2020-04-16 09:04:43;51  21313333;123.0;Para Fixo Vivo;
2020-04-14 08:48:17;51  21313333;39.0;Para Fixo Vivo;
2020-04-14 08:47:25;51  21313333;6.0;Para Fixo Vivo;
2020-04-13 14:08:13;51  21313333;43.0;Para Fixo Vivo;
2020-04-13 09:41:23;51  21313333;19.0;Para Fixo Vivo;
2020-04-08 09:20:09;51  21313333;16.0;Para Fixo Vivo;
2020-04-06 09:43:28;51  21313333;137.0;Para Fixo Vivo;
2020-04-28 14:14:09;08  007702917;12.0;"";
2020-04-24 11:01:39;08  007702917;42.0;"";
2020-04-17 16:34:16;08  007702917;15.0;"";
2020-04-17 15:16:32;08  007702917;15.0;"";
2020-04-17 13:22:23;08  007702917;37.0;"";
2020-04-17 13:18:32;08  007702917;27.0;"";
2020-04-17 13:07:19;08  007702917;31.0;"";
2020-04-17 13:04:12;08  007702917;22.0;"";
2020-04-17 11:47:52;08  007702917;20.0;"";
2020-04-17 10:46:02;08  007702917;5.0;"";
2020-04-17 10:40:03;08  007702917;53.0;"";
2020-04-17 09:23:34;08  007702917;60.0;"";
2020-04-16 17:57:11;08  007702917;25.0;"";
2020-04-16 17:20:07;08  007702917;48.0;"";
2020-04-16 17:14:08;08  007702917;25.0;"";
2020-04-16 17:09:49;08  007702917;32.0;"";
2020-04-16 14:43:51;08  007702917;170.0;"";
2020-04-16 14:13:37;08  007702917;10.0;"";
2020-04-16 11:13:57;08  007702917;70.0;"";
2020-04-06 08:20:32;08  008788128;5.0;"";
2020-04-28 11:31:57;    ;110.0;Chamadas de Longa Distancia para Outros Estados;
2020-04-27 17:19:16;11  32019500;5.0;Chamadas de Longa Distancia para Outros Estados;
2020-04-27 13:22:45;11  21609180;5.0;Chamadas de Longa Distancia para Outros Estados;
2020-04-24 16:08:06;11  21616681;45.0;Chamadas de Longa Distancia para Outros Estados;
2020-04-24 12:46:49;11  21590011;5.0;Chamadas de Longa Distancia para Outros Estados;
2020-04-24 08:53:05;    ;148.0;Chamadas de Longa Distancia para Outros Estados;
2020-04-22 15:25:22;11  32500206;13.0;Chamadas de Longa Distancia para Outros Estados;
2020-04-22 11:16:01;    ;54.0;Chamadas de Longa Distancia para Outros Estados;
2020-04-20 12:45:05;11  21609180;5.0;Chamadas de Longa Distancia para Outros Estados;
2020-04-20 09:28:45;    ;238.0;Chamadas de Longa Distancia para Outros Estados;
2020-04-15 11:39:09;11  21462804;7.0;Chamadas de Longa Distancia para Outros Estados;
2020-04-14 10:06:51;    ;44.0;Chamadas de Longa Distancia para Outros Estados;
2020-04-13 10:01:29;    ;247.0;Chamadas de Longa Distancia para Outros Estados;
2020-04-11 10:38:27;    ;5.0;Chamadas de Longa Distancia para Outros Estados;
2020-04-09 09:49:10;11  21462803;5.0;Chamadas de Longa Distancia para Outros Estados;
2020-04-02 15:15:53;11  21050089;5.0;Chamadas de Longa Distancia para Outros Estados;
2020-04-01 15:03:08;51  31019292;63.0;Chamadas de Longa Distancia para Outros Estados;
2020-04-20 09:56:58;46  35233864;9.0;Para Fixo de Outras Operadoras;
2020-04-28 17:01:50;46  984067401;8.0;Para Celulares de Outras Operadoras;
2020-04-28 11:12:35;46  999212629;83.0;Para Celulares de Outras Operadoras;
2020-04-25 11:43:13;46  984067401;5.0;Para Celulares de Outras Operadoras;
2020-04-25 10:50:37;46  984067401;8.0;Para Celulares de Outras Operadoras;
2020-04-21 09:16:12;46  999230896;13.0;Para Celulares de Outras Operadoras;
2020-04-06 09:25:54;46  984067401;44.0;Para Celulares de Outras Operadoras;
2020-04-02 14:35:39;46  984067401;18.0;Para Celulares de Outras Operadoras;
2020-04-02 11:09:43;46  984067401;5.0;Para Celulares de Outras Operadoras;
2020-04-17 16:22:42;46  35241520;11.0;Para Fixo Vivo;
2020-04-06 08:22:26;46  35241520;26.0;Para Fixo Vivo;
2020-04-08 17:27:23;46  991102522;132.0;Para Celulares Vivo;
2020-04-01;"";46232.5;INTERNET MOVEL 2;0.00
2020-04-02;"";9721.6;INTERNET MOVEL 2;0.00
2020-04-03;"";4557.0;INTERNET MOVEL 2;0.00
2020-04-04;"";3144.4;INTERNET MOVEL 2;0.00
2020-04-06;"";15991.4;INTERNET MOVEL 2;0.00
2020-04-07;"";36201.8;INTERNET MOVEL 2;0.00
2020-04-08;"";28216.7;INTERNET MOVEL 2;0.00
2020-04-09;"";7553.3;INTERNET MOVEL 2;0.00
2020-04-10;"";6013.1;INTERNET MOVEL 2;0.00
2020-04-11;"";1317.0;INTERNET MOVEL 2;0.00
2020-04-13;"";3080.8;INTERNET MOVEL 2;0.00
2020-04-14;"";48190.0;INTERNET MOVEL 2;0.00
2020-04-15;"";122067.7;INTERNET MOVEL 2;0.00
2020-04-16;"";793.0;INTERNET MOVEL 2;0.00
2020-04-17;"";167961.1;INTERNET MOVEL 2;0.00
2020-04-18;"";13878.6;INTERNET MOVEL 2;0.00
2020-04-21;"";973.0;INTERNET MOVEL 2;0.00
2020-04-22;"";48294.5;INTERNET MOVEL 2;0.00
2020-04-23;"";3059.3;INTERNET MOVEL 2;0.00
2020-04-25;"";8515.6;INTERNET MOVEL 2;0.00
2020-04-26;"";2835.7;INTERNET MOVEL 2;0.00
2020-04-27;"";14348.3;INTERNET MOVEL 2;0.00
2020-04-28;"";91497.3;INTERNET MOVEL 2;0.00
2020-04-29;"";34684.1;INTERNET MOVEL 2;0.00
2020-04-30;"";57241.6;INTERNET MOVEL 2;0.00
2020-05-01;"";981.0;INTERNET MOVEL 2;0.00
