data_hora_inicio;nro_telefone_chamado;duracao_ligacao;desc_categoria;valor_ligacao
2020-03-31;"";370.0;INTERNET MOVEL 2;0.00
2020-04-01;"";2509.6;INTERNET MOVEL 2;0.00
2020-04-02;"";12305.6;INTERNET MOVEL 2;0.00
2020-04-03;"";95467.4;INTERNET MOVEL 2;0.00
2020-04-04;"";20901.7;INTERNET MOVEL 2;0.00
2020-04-05;"";26148.3;INTERNET MOVEL 2;0.00
2020-04-06;"";9513.3;INTERNET MOVEL 2;0.00
2020-04-07;"";22804.5;INTERNET MOVEL 2;0.00
2020-04-08;"";52572.1;INTERNET MOVEL 2;0.00
2020-04-09;"";7485.4;INTERNET MOVEL 2;0.00
2020-04-10;"";79431.6;INTERNET MOVEL 2;0.00
2020-04-11;"";98797.4;INTERNET MOVEL 2;0.00
2020-04-12;"";6140.8;INTERNET MOVEL 2;0.00
2020-04-13;"";16609.2;INTERNET MOVEL 2;0.00
2020-04-14;"";14064.6;INTERNET MOVEL 2;0.00
2020-04-15;"";10793.8;INTERNET MOVEL 2;0.00
2020-04-16;"";19945.1;INTERNET MOVEL 2;0.00
2020-04-17;"";95170.5;INTERNET MOVEL 2;0.00
2020-04-18;"";15615.2;INTERNET MOVEL 2;0.00
2020-04-19;"";1177.0;INTERNET MOVEL 2;0.00
2020-04-20;"";12119.6;INTERNET MOVEL 2;0.00
2020-04-21;"";3986.7;INTERNET MOVEL 2;0.00
2020-04-22;"";92846.0;INTERNET MOVEL 2;0.00
2020-04-23;"";69275.3;INTERNET MOVEL 2;0.00
2020-04-24;"";1955.9;INTERNET MOVEL 2;0.00
2020-04-25;"";8201.7;INTERNET MOVEL 2;0.00
2020-04-26;"";3051.8;INTERNET MOVEL 2;0.00
2020-04-27;"";5360.5;INTERNET MOVEL 2;0.00
2020-04-28;"";2723.0;INTERNET MOVEL 2;0.00
2020-04-29;"";3524.8;INTERNET MOVEL 2;0.00
2020-04-30;"";5225.1;INTERNET MOVEL 2;0.00
