data_hora_inicio;nro_telefone_chamado;duracao_ligacao;desc_categoria;valor_ligacao
2020-04-28 08:26:46;51  35898101;12.0;Para Fixo de Outras Operadoras;
2020-04-18 16:54:35;51  37832013;29.0;Para Fixo de Outras Operadoras;
2020-04-28 11:31:30;51  30371540;27.0;Para Fixo Vivo;
2020-04-27 11:15:03;51  30371540;17.0;Para Fixo Vivo;
2020-04-23 16:05:55;51  30371692;26.0;Para Fixo Vivo;
2020-04-20 15:35:45;51  30371540;15.0;Para Fixo Vivo;
2020-04-18 11:17:19;51  35799500;66.0;Para Fixo Vivo;
2020-04-13 10:59:19;51  30371540;39.0;Para Fixo Vivo;
2020-04-06 10:42:32;51  35929020;6.0;Para Fixo Vivo;
2020-04-03 20:37:41;51  999694289;25.0;Para Celulares Vivo;
2020-04-03 19:20:03;51  999916359;16.0;Para Celulares Vivo;
2020-04-01;"";438.0;INTERNET MOVEL 2;0.00
2020-04-02;"";18585.4;INTERNET MOVEL 2;0.00
2020-04-03;"";3113.4;INTERNET MOVEL 2;0.00
2020-04-04;"";923.0;INTERNET MOVEL 2;0.00
2020-04-05;"";1940.4;INTERNET MOVEL 2;0.00
2020-04-06;"";690.0;INTERNET MOVEL 2;0.00
2020-04-07;"";541.0;INTERNET MOVEL 2;0.00
2020-04-08;"";598.0;INTERNET MOVEL 2;0.00
2020-04-09;"";903.0;INTERNET MOVEL 2;0.00
2020-04-10;"";2287.7;INTERNET MOVEL 2;0.00
2020-04-11;"";2546.8;INTERNET MOVEL 2;0.00
2020-04-12;"";2154.8;INTERNET MOVEL 2;0.00
2020-04-13;"";1002.0;INTERNET MOVEL 2;0.00
2020-04-14;"";706.0;INTERNET MOVEL 2;0.00
2020-04-15;"";620.0;INTERNET MOVEL 2;0.00
2020-04-16;"";660.0;INTERNET MOVEL 2;0.00
2020-04-17;"";947.0;INTERNET MOVEL 2;0.00
2020-04-18;"";1438.2;INTERNET MOVEL 2;0.00
2020-04-19;"";689.0;INTERNET MOVEL 2;0.00
2020-04-20;"";915.0;INTERNET MOVEL 2;0.00
2020-04-21;"";846.0;INTERNET MOVEL 2;0.00
2020-04-22;"";836.0;INTERNET MOVEL 2;0.00
2020-04-23;"";925.0;INTERNET MOVEL 2;0.00
2020-04-24;"";688.0;INTERNET MOVEL 2;0.00
2020-04-25;"";727.0;INTERNET MOVEL 2;0.00
2020-04-26;"";646.0;INTERNET MOVEL 2;0.00
2020-04-27;"";807.0;INTERNET MOVEL 2;0.00
2020-04-28;"";871.0;INTERNET MOVEL 2;0.00
2020-04-29;"";5053.8;INTERNET MOVEL 2;0.00
2020-04-30;"";1455.0;INTERNET MOVEL 2;0.00
2020-05-01;"";96.0;INTERNET MOVEL 2;0.00
