data_hora_inicio;nro_telefone_chamado;duracao_ligacao;desc_categoria;valor_ligacao
2020-04-01;"";85196.5;INTERNET MOVEL 2;0.00
2020-04-02;"";13486.0;INTERNET MOVEL 2;0.00
2020-04-03;"";17827.8;INTERNET MOVEL 2;0.00
2020-04-04;"";97904.6;INTERNET MOVEL 2;0.00
2020-04-05;"";11212.8;INTERNET MOVEL 2;0.00
2020-04-06;"";77946.8;INTERNET MOVEL 2;0.00
2020-04-07;"";14970.8;INTERNET MOVEL 2;0.00
2020-04-08;"";105072.6;INTERNET MOVEL 2;0.00
2020-04-09;"";42332.1;INTERNET MOVEL 2;0.00
2020-04-10;"";131114.7;INTERNET MOVEL 2;0.00
2020-04-11;"";41562.0;INTERNET MOVEL 2;0.00
2020-04-12;"";11118.5;INTERNET MOVEL 2;0.00
2020-04-13;"";49203.2;INTERNET MOVEL 2;0.00
2020-04-14;"";67563.5;INTERNET MOVEL 2;0.00
2020-04-15;"";81172.4;INTERNET MOVEL 2;0.00
2020-04-16;"";27668.4;INTERNET MOVEL 2;0.00
2020-04-17;"";17636.3;INTERNET MOVEL 2;0.00
2020-04-18;"";70779.8;INTERNET MOVEL 2;0.00
2020-04-19;"";246590.8;INTERNET MOVEL 2;0.00
2020-04-20;"";77209.6;INTERNET MOVEL 2;0.00
2020-04-21;"";67872.7;INTERNET MOVEL 2;0.00
2020-04-22;"";54030.0;INTERNET MOVEL 2;0.00
2020-04-23;"";22958.0;INTERNET MOVEL 2;0.00
2020-04-24;"";47491.8;INTERNET MOVEL 2;0.00
2020-04-25;"";91503.4;INTERNET MOVEL 2;0.00
2020-04-26;"";216376.3;INTERNET MOVEL 2;0.00
2020-04-27;"";70328.3;INTERNET MOVEL 2;0.00
2020-04-28;"";22616.0;INTERNET MOVEL 2;0.00
2020-04-29;"";143503.3;INTERNET MOVEL 2;0.00
