data_hora_inicio;nro_telefone_chamado;duracao_ligacao;desc_categoria;valor_ligacao
2020-04-29 17:24:06;1630900271;1.0;ADICIONAL;0.00
2020-04-22 10:23:36;"";1.0;ADICIONAL;0.00
2020-04-22 08:56:14;"";1.0;ADICIONAL;0.00
2020-04-16 20:42:48;"";1.0;ADICIONAL;0.00
2020-04-12 17:57:41;"";1.0;ADICIONAL;0.00
2020-04-11 20:18:11;"";1.0;ADICIONAL;0.00
2020-04-05 13:58:18;"";1.0;ADICIONAL;0.00
2020-04-03 19:30:34;"";1.0;ADICIONAL;0.00
2020-04-22 21:48:12;54999972987;1.0;GRATIS-SMS;0.00
2020-04-05 09:33:23;54999972987;1.0;GRATIS-SMS;0.00
2020-04-25 21:32:31;51  993397269;65.0;Para Celulares de Outras Operadoras;
2020-04-29 16:32:35;51  992592845;9.0;Para Celulares Vivo;
2020-04-28 15:25:14;53  999557168;87.0;Para Celulares Vivo;
2020-04-28 15:10:36;51  995520713;117.0;Para Celulares Vivo;
2020-04-22 10:29:06;51  992592845;5.0;Para Celulares Vivo;
2020-04-18 10:03:08;53  999557168;57.0;Para Celulares Vivo;
2020-04-18 09:57:47;53  999375261;49.0;Para Celulares Vivo;
2020-04-13 11:08:43;53  999557168;10.0;Para Celulares Vivo;
2020-04-13 11:08:03;53  999557168;5.0;Para Celulares Vivo;
2020-04-11 20:26:01;53  997061797;6.0;Para Celulares Vivo;
2020-04-11 20:18:34;53  997061797;61.0;Para Celulares Vivo;
2020-04-05 13:59:12;53  999557168;92.0;Para Celulares Vivo;
2020-04-29 16:32:35;51  992592845;0.0;Adicional por Ligacoes Realizadas;
2020-04-28 15:25:14;53  999557168;0.0;Adicional por Ligacoes Realizadas;
2020-04-28 15:10:36;51  995520713;0.0;Adicional por Ligacoes Realizadas;
2020-04-25 21:32:31;51  993397269;0.0;Adicional por Ligacoes Realizadas;
2020-04-22 10:29:06;51  992592845;0.0;Adicional por Ligacoes Realizadas;
2020-04-18 10:03:08;53  999557168;0.0;Adicional por Ligacoes Realizadas;
2020-04-18 09:57:47;53  999375261;0.0;Adicional por Ligacoes Realizadas;
2020-04-13 11:08:43;53  999557168;0.0;Adicional por Ligacoes Realizadas;
2020-04-13 11:08:03;53  999557168;0.0;Adicional por Ligacoes Realizadas;
2020-04-11 20:26:01;53  997061797;0.0;Adicional por Ligacoes Realizadas;
2020-04-11 20:18:34;53  997061797;0.0;Adicional por Ligacoes Realizadas;
2020-04-05 14:08:59;*5  55;0.0;Adicional por Ligacoes Realizadas;
2020-04-05 13:59:12;53  999557168;0.0;Adicional por Ligacoes Realizadas;
2020-04-02 18:30:13;91  981687105;0.0;Adicional por Ligacoes Realizadas;
2020-04-29 17:24:06;16  30900271;10.0;Chamadas de Longa Distancia para Outros Estados;
2020-04-22 10:23:36;    ;12.0;Chamadas de Longa Distancia para Outros Estados;
2020-04-22 08:56:14;    ;36.0;Chamadas de Longa Distancia para Outros Estados;
2020-04-16 20:42:48;    ;83.0;Chamadas de Longa Distancia para Outros Estados;
2020-04-12 17:57:41;    ;52.0;Chamadas de Longa Distancia para Outros Estados;
2020-04-11 20:18:11;    ;5.0;Chamadas de Longa Distancia para Outros Estados;
2020-04-05 13:58:18;    ;5.0;Chamadas de Longa Distancia para Outros Estados;
2020-04-03 19:30:34;    ;58.0;Chamadas de Longa Distancia para Outros Estados;
2020-04-05 14:08:59;*5  55;7.0;"";
2020-04-02 18:30:13;91  981687105;7.0;Para Celulares de Outras Operadoras;
