data_hora_inicio;nro_telefone_chamado;duracao_ligacao;desc_categoria;valor_ligacao
2020-04-01 13:57:41;51  31084826;49.0;Para Fixo Vivo;
2020-04-04 23:57:36;51  984788705;7.0;Para Celulares de Outras Operadoras;
2020-04-04 21:56:33;51  984788705;26.0;Para Celulares de Outras Operadoras;
2020-04-30 18:51:20;67  30278000;97.0;Para Fixo Vivo;
2020-04-30 10:09:32;67  30278000;100.0;Para Fixo Vivo;
2020-04-17 10:17:38;53  32254648;12.0;Para Fixo de Outras Operadoras;
2020-04-15 16:37:24;53  32254648;16.0;Para Fixo de Outras Operadoras;
2020-04-15 15:06:18;53  32254648;12.0;Para Fixo de Outras Operadoras;
2020-04-15 14:10:43;53  32254648;10.0;Para Fixo de Outras Operadoras;
2020-04-15 16:55:29;53  991513490;37.0;Para Celulares de Outras Operadoras;
2020-04-15 14:34:52;53  991513490;31.0;Para Celulares de Outras Operadoras;
2020-04-14 18:30:36;53  991513490;115.0;Para Celulares de Outras Operadoras;
2020-04-10 09:20:14;53  991513490;5.0;Para Celulares de Outras Operadoras;
2020-04-08 16:18:41;53  991513490;98.0;Para Celulares de Outras Operadoras;
2020-04-06 16:34:11;53  991513490;110.0;Para Celulares de Outras Operadoras;
2020-04-03 22:31:49;53  991513490;40.0;Para Celulares de Outras Operadoras;
2020-04-12 15:57:25;53  991513490;5.0;Para Celulares de Outras Operadoras;
2020-04-11 10:46:31;53  991513490;6.0;Para Celulares de Outras Operadoras;
2020-04-10 12:23:21;53  991513490;5.0;Para Celulares de Outras Operadoras;
2020-04-05 18:15:54;53  991513490;28.0;Para Celulares de Outras Operadoras;
2020-04-05 12:11:36;53  991513490;35.0;Para Celulares de Outras Operadoras;
2020-04-04 21:37:11;53  991513490;52.0;Para Celulares de Outras Operadoras;
2020-04-04 19:53:30;53  991513490;11.0;Para Celulares de Outras Operadoras;
2020-04-27 15:54:54;*5  55;5.0;"";
2020-04-17 15:53:59;*5  55;10.0;"";
2020-04-27 15:02:22;51  30036124;19.0;Para Fixo de Outras Operadoras;
2020-04-27 11:16:02;51  30036124;26.0;Para Fixo de Outras Operadoras;
2020-04-22 15:20:39;51  32668448;9.0;Para Fixo de Outras Operadoras;
2020-04-16 12:14:23;51  30041104;5.0;Para Fixo de Outras Operadoras;
2020-04-15 19:00:29;51  30041105;12.0;Para Fixo de Outras Operadoras;
2020-04-08 18:23:34;51  40041112;12.0;Para Fixo de Outras Operadoras;
2020-04-30 17:34:03;51  984788705;18.0;Para Celulares de Outras Operadoras;
2020-04-28 16:40:01;51  984788705;7.0;Para Celulares de Outras Operadoras;
2020-04-28 15:09:30;51  984788705;5.0;Para Celulares de Outras Operadoras;
2020-04-20 18:36:47;51  985819680;5.0;Para Celulares de Outras Operadoras;
2020-04-20 17:42:50;51  985819680;5.0;Para Celulares de Outras Operadoras;
2020-04-15 09:52:21;51  984788705;21.0;Para Celulares de Outras Operadoras;
2020-04-14 16:04:39;51  984788705;10.0;Para Celulares de Outras Operadoras;
2020-04-10 09:21:35;51  984788705;16.0;Para Celulares de Outras Operadoras;
2020-04-09 23:11:49;51  984788705;8.0;Para Celulares de Outras Operadoras;
2020-04-08 18:37:00;51  984788705;11.0;Para Celulares de Outras Operadoras;
2020-04-07 20:54:56;51  984788705;7.0;Para Celulares de Outras Operadoras;
2020-04-06 21:01:52;51  984788705;5.0;Para Celulares de Outras Operadoras;
2020-04-03 22:24:49;51  984788705;17.0;Para Celulares de Outras Operadoras;
2020-04-03 21:40:00;51  984788705;5.0;Para Celulares de Outras Operadoras;
2020-04-03 12:52:21;51  984788705;18.0;Para Celulares de Outras Operadoras;
2020-04-02 18:06:27;51  984788705;16.0;Para Celulares de Outras Operadoras;
2020-04-02 17:31:47;51  984788705;35.0;Para Celulares de Outras Operadoras;
2020-04-02 14:37:30;51  984788705;5.0;Para Celulares de Outras Operadoras;
2020-04-10 09:29:40;51  31084826;41.0;Para Fixo Vivo;
2020-04-30 18:11:46;51  984274504;5.0;Para Celulares Vivo;
2020-04-30 18:04:29;51  992592729;37.0;Para Celulares Vivo;
2020-04-30 15:19:32;51  992592729;70.0;Para Celulares Vivo;
2020-04-30 10:57:02;51  992592729;61.0;Para Celulares Vivo;
2020-04-30 09:31:28;51  992592729;174.0;Para Celulares Vivo;
2020-04-29 16:30:20;51  992592729;62.0;Para Celulares Vivo;
2020-04-29 16:15:44;51  992592955;30.0;Para Celulares Vivo;
2020-04-28 16:41:05;51  992592955;12.0;Para Celulares Vivo;
2020-04-27 14:20:31;51  992592729;160.0;Para Celulares Vivo;
2020-04-24 09:27:46;51  992592729;19.0;Para Celulares Vivo;
2020-04-23 11:59:14;51  992592729;228.0;Para Celulares Vivo;
2020-04-22 16:26:22;51  992592729;22.0;Para Celulares Vivo;
2020-04-22 15:04:30;51  992592729;13.0;Para Celulares Vivo;
2020-04-22 11:38:46;51  992592729;123.0;Para Celulares Vivo;
2020-04-22 08:53:49;51  995855549;73.0;Para Celulares Vivo;
2020-04-20 11:36:09;51  989028545;5.0;Para Celulares Vivo;
2020-04-17 15:46:54;51  996268732;39.0;Para Celulares Vivo;
2020-04-17 15:06:00;51  996268732;23.0;Para Celulares Vivo;
2020-04-15 20:49:11;51  992592729;64.0;Para Celulares Vivo;
2020-04-15 20:20:51;51  995855549;72.0;Para Celulares Vivo;
2020-04-15 16:32:50;51  996900806;5.0;Para Celulares Vivo;
2020-04-15 15:25:35;51  984274504;26.0;Para Celulares Vivo;
2020-04-14 15:05:30;51  992592955;5.0;Para Celulares Vivo;
2020-04-14 15:04:21;51  992592955;10.0;Para Celulares Vivo;
2020-04-13 08:50:59;51  995855549;115.0;Para Celulares Vivo;
2020-04-13 08:31:30;51  995855549;136.0;Para Celulares Vivo;
2020-04-09 09:47:12;51  996268732;85.0;Para Celulares Vivo;
2020-04-09 09:35:59;51  984274504;91.0;Para Celulares Vivo;
2020-04-09 09:06:56;51  992592729;177.0;Para Celulares Vivo;
2020-04-06 16:24:28;51  992592729;79.0;Para Celulares Vivo;
2020-04-06 09:20:47;51  992592729;139.0;Para Celulares Vivo;
2020-04-03 16:17:49;51  992592955;9.0;Para Celulares Vivo;
2020-03-31;"";64.0;INTERNET MOVEL 2;0.00
2020-04-01;"";1422.0;INTERNET MOVEL 2;0.00
2020-04-02;"";2614.0;INTERNET MOVEL 2;0.00
2020-04-03;"";2315.3;INTERNET MOVEL 2;0.00
2020-04-04;"";12414.5;INTERNET MOVEL 2;0.00
2020-04-05;"";7061.9;INTERNET MOVEL 2;0.00
2020-04-06;"";5930.8;INTERNET MOVEL 2;0.00
2020-04-07;"";911.0;INTERNET MOVEL 2;0.00
2020-04-08;"";3564.5;INTERNET MOVEL 2;0.00
2020-04-09;"";1463.8;INTERNET MOVEL 2;0.00
2020-04-10;"";9092.0;INTERNET MOVEL 2;0.00
2020-04-11;"";8905.0;INTERNET MOVEL 2;0.00
2020-04-12;"";14828.1;INTERNET MOVEL 2;0.00
2020-04-13;"";2797.0;INTERNET MOVEL 2;0.00
2020-04-14;"";1277.0;INTERNET MOVEL 2;0.00
2020-04-15;"";1067.0;INTERNET MOVEL 2;0.00
2020-04-16;"";388.0;INTERNET MOVEL 2;0.00
2020-04-17;"";1845.7;INTERNET MOVEL 2;0.00
2020-04-18;"";985.0;INTERNET MOVEL 2;0.00
2020-04-19;"";1322.4;INTERNET MOVEL 2;0.00
2020-04-20;"";4285.5;INTERNET MOVEL 2;0.00
2020-04-21;"";1448.0;INTERNET MOVEL 2;0.00
2020-04-22;"";1009.0;INTERNET MOVEL 2;0.00
2020-04-23;"";2403.6;INTERNET MOVEL 2;0.00
2020-04-24;"";778.0;INTERNET MOVEL 2;0.00
2020-04-25;"";720.0;INTERNET MOVEL 2;0.00
2020-04-26;"";2078.2;INTERNET MOVEL 2;0.00
2020-04-27;"";2059.0;INTERNET MOVEL 2;0.00
2020-04-28;"";978.0;INTERNET MOVEL 2;0.00
2020-04-29;"";3006.2;INTERNET MOVEL 2;0.00
2020-04-30;"";2471.3;INTERNET MOVEL 2;0.00
