data_hora_inicio;nro_telefone_chamado;duracao_ligacao;desc_categoria;valor_ligacao
2020-04-01 16:57:50;"";1.0;ADICIONAL;0.00
2020-04-01 15:57:21;"";1.0;ADICIONAL;0.00
2020-04-01 12:46:32;"";1.0;ADICIONAL;0.00
2020-04-01 08:36:31;"";1.0;ADICIONAL;0.00
2020-04-01 08:04:29;"";1.0;ADICIONAL;0.00
2020-04-01 17:12:06;66984280891;1.0;GRATIS-SMS;0.00
2020-04-01 15:26:17;66984280891;1.0;GRATIS-SMS;0.00
2020-04-30 11:53:25;4134204900;1.0;ADICIONAL;0.00
2020-04-30 11:27:36;4134204900;1.0;ADICIONAL;0.00
2020-04-30 11:06:06;4134204900;1.0;ADICIONAL;0.00
2020-04-28 08:53:45;1126787193;1.0;ADICIONAL;0.00
2020-04-23 10:08:39;"";1.0;ADICIONAL;0.00
2020-04-23 07:06:56;"";1.0;ADICIONAL;0.00
2020-04-18 15:56:27;"";1.0;ADICIONAL;0.00
2020-04-17 07:25:56;"";1.0;ADICIONAL;0.00
2020-04-16 08:43:17;"";1.0;ADICIONAL;0.00
2020-04-14 14:16:24;"";1.0;ADICIONAL;0.00
2020-04-14 13:42:06;"";1.0;ADICIONAL;0.00
2020-04-13 14:57:15;"";1.0;ADICIONAL;0.00
2020-04-09 16:45:28;"";1.0;ADICIONAL;0.00
2020-04-08 10:56:56;"";1.0;ADICIONAL;0.00
2020-04-04 10:32:09;"";1.0;ADICIONAL;0.00
2020-04-04 09:26:40;"";1.0;ADICIONAL;0.00
2020-04-03 16:15:25;"";1.0;ADICIONAL;0.00
2020-04-03 15:18:19;"";1.0;ADICIONAL;0.00
2020-04-03 09:08:32;"";1.0;ADICIONAL;0.00
2020-04-03 08:49:21;"";1.0;ADICIONAL;0.00
2020-04-02 17:47:13;"";1.0;ADICIONAL;0.00
2020-04-02 15:19:11;"";1.0;ADICIONAL;0.00
2020-04-02 14:07:27;"";1.0;ADICIONAL;0.00
2020-04-02 08:01:26;"";1.0;ADICIONAL;0.00
2020-04-30 20:15:16;41999784242;1.0;GRATIS-SMS;0.00
2020-04-30 20:14:38;41999784242;1.0;GRATIS-SMS;0.00
2020-04-30 20:09:32;41999784242;1.0;GRATIS-SMS;0.00
2020-04-30 20:08:55;41999784242;1.0;GRATIS-SMS;0.00
2020-04-30 20:08:03;41999784242;1.0;GRATIS-SMS;0.00
2020-04-30 20:05:55;41999784242;1.0;GRATIS-SMS;0.00
2020-04-16 09:10:29;51996781699;1.0;GRATIS-SMS;0.00
2020-04-03 21:30:57;41984265543;1.0;GRATIS-SMS;0.00
2020-04-01 16:41:37;41  999118733;0.0;Adicional por Ligacoes Realizadas;
2020-04-01 16:39:37;41  999118733;0.0;Adicional por Ligacoes Realizadas;
2020-04-01 15:32:47;51  991813564;0.0;Adicional por Ligacoes Realizadas;
2020-04-01 15:00:17;66  984280891;0.0;Adicional por Ligacoes Realizadas;
2020-04-01 14:40:59;51  991813564;0.0;Adicional por Ligacoes Realizadas;
2020-04-01 14:38:52;41  34201226;0.0;Adicional por Ligacoes Realizadas;
2020-04-01 14:37:14;66  984280891;0.0;Adicional por Ligacoes Realizadas;
2020-04-01 14:34:54;41  34201226;0.0;Adicional por Ligacoes Realizadas;
2020-04-01 14:33:59;41  34201385;0.0;Adicional por Ligacoes Realizadas;
2020-04-01 13:55:04;13  988744479;0.0;Adicional por Ligacoes Realizadas;
2020-04-01 13:49:56;98  987346022;0.0;Adicional por Ligacoes Realizadas;
2020-04-01 10:46:23;51  995598942;0.0;Adicional por Ligacoes Realizadas;
2020-04-01 10:35:44;51  994057331;0.0;Adicional por Ligacoes Realizadas;
2020-04-01 10:21:51;41  34201385;0.0;Adicional por Ligacoes Realizadas;
2020-04-01 10:20:09;41  34201226;0.0;Adicional por Ligacoes Realizadas;
2020-04-01 10:08:45;98  987346022;0.0;Adicional por Ligacoes Realizadas;
2020-04-01 10:06:56;67  981281323;0.0;Adicional por Ligacoes Realizadas;
2020-04-01 10:00:02;51  993394636;0.0;Adicional por Ligacoes Realizadas;
2020-04-01 09:14:31;51  996781699;0.0;Adicional por Ligacoes Realizadas;
2020-04-01 08:09:29;41  34201226;0.0;Adicional por Ligacoes Realizadas;
2020-04-01 07:56:50;54  991170298;0.0;Adicional por Ligacoes Realizadas;
2020-04-01 07:42:19;41  34201226;0.0;Adicional por Ligacoes Realizadas;
2020-04-01 14:38:52;41  34201226;17.0;Para Fixo de Outras Operadoras;
2020-04-01 14:34:54;41  34201226;7.0;Para Fixo de Outras Operadoras;
2020-04-01 14:33:59;41  34201385;5.0;Para Fixo de Outras Operadoras;
2020-04-01 10:21:51;41  34201385;55.0;Para Fixo de Outras Operadoras;
2020-04-01 10:20:09;41  34201226;8.0;Para Fixo de Outras Operadoras;
2020-04-01 08:09:29;41  34201226;17.0;Para Fixo de Outras Operadoras;
2020-04-01 07:42:19;41  34201226;68.0;Para Fixo de Outras Operadoras;
2020-04-01 16:41:37;41  999118733;5.0;Para Celulares de Outras Operadoras;
2020-04-01 16:39:37;41  999118733;18.0;Para Celulares de Outras Operadoras;
2020-04-27 10:48:51;13  981423431;12.0;Para Celulares de Outras Operadoras;
2020-04-18 10:38:29;98  987346022;5.0;Para Celulares de Outras Operadoras;
2020-04-13 09:38:01;13  988744479;5.0;Para Celulares de Outras Operadoras;
2020-04-08 09:50:31;13  988744479;5.0;Para Celulares de Outras Operadoras;
2020-04-03 16:29:58;13  988744479;9.0;Para Celulares de Outras Operadoras;
2020-04-03 08:48:41;13  988744479;7.0;Para Celulares de Outras Operadoras;
2020-04-02 10:09:55;66  984280891;5.0;Para Celulares de Outras Operadoras;
2020-04-02 09:56:51;66  984280891;6.0;Para Celulares de Outras Operadoras;
2020-04-02 09:23:42;66  984280891;5.0;Para Celulares de Outras Operadoras;
2020-04-02 09:16:25;13  988744479;5.0;Para Celulares de Outras Operadoras;
2020-04-02 09:09:47;66  984280891;23.0;Para Celulares de Outras Operadoras;
2020-04-02 09:08:44;98  987346022;5.0;Para Celulares de Outras Operadoras;
2020-04-02 08:00:42;66  984280891;5.0;Para Celulares de Outras Operadoras;
2020-04-02 07:51:19;66  984280891;7.0;Para Celulares de Outras Operadoras;
2020-04-01 15:00:17;66  984280891;7.0;Para Celulares de Outras Operadoras;
2020-04-01 14:37:14;66  984280891;5.0;Para Celulares de Outras Operadoras;
2020-04-01 13:55:04;13  988744479;5.0;Para Celulares de Outras Operadoras;
2020-04-01 13:49:56;98  987346022;5.0;Para Celulares de Outras Operadoras;
2020-04-01 10:08:45;98  987346022;5.0;Para Celulares de Outras Operadoras;
2020-04-01 10:06:56;67  981281323;5.0;Para Celulares de Outras Operadoras;
2020-04-29 13:52:45;51  994057331;5.0;Para Celulares Vivo;
2020-04-29 10:14:55;51  993394636;5.0;Para Celulares Vivo;
2020-04-25 08:57:52;51  991813564;7.0;Para Celulares Vivo;
2020-04-23 09:22:15;51  994057331;5.0;Para Celulares Vivo;
2020-04-22 16:29:04;51  994057331;9.0;Para Celulares Vivo;
2020-04-20 09:18:27;51  993394636;5.0;Para Celulares Vivo;
2020-04-17 06:53:16;51  991813564;17.0;Para Celulares Vivo;
2020-04-16 09:22:27;51  996781699;5.0;Para Celulares Vivo;
2020-04-13 09:39:04;51  996781699;5.0;Para Celulares Vivo;
2020-04-09 18:06:51;51  994057331;5.0;Para Celulares Vivo;
2020-04-09 16:36:47;51  994057331;5.0;Para Celulares Vivo;
2020-04-09 10:29:59;51  996781699;5.0;Para Celulares Vivo;
2020-04-08 17:19:22;51  994057331;5.0;Para Celulares Vivo;
2020-04-06 11:04:56;51  991813564;22.0;Para Celulares Vivo;
2020-04-06 08:32:26;51  991813564;5.0;Para Celulares Vivo;
2020-04-03 15:43:52;51  994057331;6.0;Para Celulares Vivo;
2020-04-03 08:43:07;51  994057331;5.0;Para Celulares Vivo;
2020-04-03 08:03:16;51  993394636;5.0;Para Celulares Vivo;
2020-04-03 07:51:21;51  994057331;8.0;Para Celulares Vivo;
2020-04-03 06:22:17;51  994057331;5.0;Para Celulares Vivo;
2020-04-02 15:09:24;51  991813564;8.0;Para Celulares Vivo;
2020-04-02 15:08:48;51  994057331;5.0;Para Celulares Vivo;
2020-04-02 14:10:21;51  994057331;9.0;Para Celulares Vivo;
2020-04-02 09:26:14;51  991813564;5.0;Para Celulares Vivo;
2020-04-02 09:18:08;51  995598942;5.0;Para Celulares Vivo;
2020-04-01 15:32:47;51  991813564;14.0;Para Celulares Vivo;
2020-04-01 14:40:59;51  991813564;9.0;Para Celulares Vivo;
2020-04-01 10:46:23;51  995598942;5.0;Para Celulares Vivo;
2020-04-01 10:35:44;51  994057331;5.0;Para Celulares Vivo;
2020-04-01 10:00:02;51  993394636;5.0;Para Celulares Vivo;
2020-04-01 09:14:31;51  996781699;5.0;Para Celulares Vivo;
2020-04-01 07:56:50;54  991170298;14.0;Para Celulares Vivo;
2020-04-30 11:26:31;41  34204914;0.0;Adicional por Ligacoes Realizadas;
2020-04-30 10:07:40;41  34204914;0.0;Adicional por Ligacoes Realizadas;
2020-04-30 09:43:24;41  34204400;0.0;Adicional por Ligacoes Realizadas;
2020-04-30 06:36:15;41  995987397;0.0;Adicional por Ligacoes Realizadas;
2020-04-29 19:31:13;41  991561997;0.0;Adicional por Ligacoes Realizadas;
2020-04-29 13:52:45;51  994057331;0.0;Adicional por Ligacoes Realizadas;
2020-04-29 10:14:55;51  993394636;0.0;Adicional por Ligacoes Realizadas;
2020-04-29 07:59:39;41  988467735;0.0;Adicional por Ligacoes Realizadas;
2020-04-28 20:10:39;41  34259165;0.0;Adicional por Ligacoes Realizadas;
2020-04-28 18:38:07;41  34227796;0.0;Adicional por Ligacoes Realizadas;
2020-04-28 10:32:48;41  32321000;0.0;Adicional por Ligacoes Realizadas;
2020-04-28 10:16:08;41  35145183;0.0;Adicional por Ligacoes Realizadas;
2020-04-28 06:40:21;41  995987397;0.0;Adicional por Ligacoes Realizadas;
2020-04-27 16:19:48;41  988467735;0.0;Adicional por Ligacoes Realizadas;
2020-04-27 10:48:51;13  981423431;0.0;Adicional por Ligacoes Realizadas;
2020-04-26 20:37:22;41  998099985;0.0;Adicional por Ligacoes Realizadas;
2020-04-25 14:46:49;41  991561997;0.0;Adicional por Ligacoes Realizadas;
2020-04-25 09:42:57;41  991911727;0.0;Adicional por Ligacoes Realizadas;
2020-04-25 08:57:52;51  991813564;0.0;Adicional por Ligacoes Realizadas;
2020-04-24 08:32:45;41  984745314;0.0;Adicional por Ligacoes Realizadas;
2020-04-24 06:28:27;41  995987397;0.0;Adicional por Ligacoes Realizadas;
2020-04-24 06:27:38;41  995987397;0.0;Adicional por Ligacoes Realizadas;
2020-04-23 09:22:15;51  994057331;0.0;Adicional por Ligacoes Realizadas;
2020-04-23 08:30:06;41  34231516;0.0;Adicional por Ligacoes Realizadas;
2020-04-23 08:27:52;41  34234344;0.0;Adicional por Ligacoes Realizadas;
2020-04-23 06:44:31;41  995987397;0.0;Adicional por Ligacoes Realizadas;
2020-04-23 06:35:04;41  995987397;0.0;Adicional por Ligacoes Realizadas;
2020-04-22 16:29:04;51  994057331;0.0;Adicional por Ligacoes Realizadas;
2020-04-22 15:29:01;41  998597051;0.0;Adicional por Ligacoes Realizadas;
2020-04-22 11:49:46;41  34201143;0.0;Adicional por Ligacoes Realizadas;
2020-04-22 11:44:02;41  34201143;0.0;Adicional por Ligacoes Realizadas;
2020-04-22 06:37:06;41  995987397;0.0;Adicional por Ligacoes Realizadas;
2020-04-20 09:18:27;51  993394636;0.0;Adicional por Ligacoes Realizadas;
2020-04-20 07:59:07;41  995987397;0.0;Adicional por Ligacoes Realizadas;
2020-04-18 10:38:29;98  987346022;0.0;Adicional por Ligacoes Realizadas;
2020-04-18 06:35:01;41  995987397;0.0;Adicional por Ligacoes Realizadas;
2020-04-17 16:50:16;41  984341235;0.0;Adicional por Ligacoes Realizadas;
2020-04-17 16:03:42;41  34201154;0.0;Adicional por Ligacoes Realizadas;
2020-04-17 16:02:19;41  999936432;0.0;Adicional por Ligacoes Realizadas;
2020-04-17 15:36:12;41  991561997;0.0;Adicional por Ligacoes Realizadas;
2020-04-17 13:45:35;41  985260380;0.0;Adicional por Ligacoes Realizadas;
2020-04-17 10:55:31;41  985260380;0.0;Adicional por Ligacoes Realizadas;
2020-04-17 06:53:16;51  991813564;0.0;Adicional por Ligacoes Realizadas;
2020-04-17 06:36:59;41  995987397;0.0;Adicional por Ligacoes Realizadas;
2020-04-16 13:02:10;41  34238926;0.0;Adicional por Ligacoes Realizadas;
2020-04-16 13:00:35;41  34238926;0.0;Adicional por Ligacoes Realizadas;
2020-04-16 12:57:28;41  991561997;0.0;Adicional por Ligacoes Realizadas;
2020-04-16 11:56:39;41  34250333;0.0;Adicional por Ligacoes Realizadas;
2020-04-13 11:43:11;41  40044828;0.0;Adicional por Ligacoes Realizadas;
2020-04-13 10:21:00;41  40044828;0.0;Adicional por Ligacoes Realizadas;
2020-04-13 10:16:57;08  009704828;0.0;Adicional por Ligacoes Realizadas;
2020-04-13 09:39:04;51  996781699;0.0;Adicional por Ligacoes Realizadas;
2020-04-13 09:38:01;13  988744479;0.0;Adicional por Ligacoes Realizadas;
2020-04-13 09:24:06;41  99198511;0.0;Adicional por Ligacoes Realizadas;
2020-04-12 12:33:29;41  991561997;0.0;Adicional por Ligacoes Realizadas;
2020-04-11 14:36:52;41  998597051;0.0;Adicional por Ligacoes Realizadas;
2020-04-10 18:48:39;41  998597051;0.0;Adicional por Ligacoes Realizadas;
2020-04-09 18:06:51;51  994057331;0.0;Adicional por Ligacoes Realizadas;
2020-04-09 16:36:47;51  994057331;0.0;Adicional por Ligacoes Realizadas;
2020-04-09 12:43:33;41  991911727;0.0;Adicional por Ligacoes Realizadas;
2020-04-09 10:29:59;51  996781699;0.0;Adicional por Ligacoes Realizadas;
2020-04-08 19:32:39;41  991112714;0.0;Adicional por Ligacoes Realizadas;
2020-04-08 17:19:22;51  994057331;0.0;Adicional por Ligacoes Realizadas;
2020-04-08 14:26:35;41  991561997;0.0;Adicional por Ligacoes Realizadas;
2020-04-08 09:50:31;13  988744479;0.0;Adicional por Ligacoes Realizadas;
2020-04-08 06:31:41;41  34228628;0.0;Adicional por Ligacoes Realizadas;
2020-04-07 18:27:34;41  985260380;0.0;Adicional por Ligacoes Realizadas;
2020-04-07 17:01:42;41  984341235;0.0;Adicional por Ligacoes Realizadas;
2020-04-07 13:40:13;41  34231019;0.0;Adicional por Ligacoes Realizadas;
2020-04-07 10:51:56;41  37213100;0.0;Adicional por Ligacoes Realizadas;
2020-04-07 10:38:08;41  37213100;0.0;Adicional por Ligacoes Realizadas;
2020-04-06 18:04:09;41  985260380;0.0;Adicional por Ligacoes Realizadas;
2020-04-06 11:04:56;51  991813564;0.0;Adicional por Ligacoes Realizadas;
2020-04-06 08:32:26;51  991813564;0.0;Adicional por Ligacoes Realizadas;
2020-04-06 06:33:42;41  34228628;0.0;Adicional por Ligacoes Realizadas;
2020-04-04 12:22:13;41  991911727;0.0;Adicional por Ligacoes Realizadas;
2020-04-03 18:15:49;41  991561997;0.0;Adicional por Ligacoes Realizadas;
2020-04-03 17:44:42;41  991561997;0.0;Adicional por Ligacoes Realizadas;
2020-04-03 17:14:12;41  991561997;0.0;Adicional por Ligacoes Realizadas;
2020-04-03 16:32:59;41  991551243;0.0;Adicional por Ligacoes Realizadas;
2020-04-03 16:29:58;13  988744479;0.0;Adicional por Ligacoes Realizadas;
2020-04-03 16:27:58;41  991551243;0.0;Adicional por Ligacoes Realizadas;
2020-04-03 16:27:07;41  984588404;0.0;Adicional por Ligacoes Realizadas;
2020-04-03 16:18:40;41  991551243;0.0;Adicional por Ligacoes Realizadas;
2020-04-03 16:14:26;41  984588404;0.0;Adicional por Ligacoes Realizadas;
2020-04-03 15:43:52;51  994057331;0.0;Adicional por Ligacoes Realizadas;
2020-04-03 15:40:40;41  984588404;0.0;Adicional por Ligacoes Realizadas;
2020-04-03 15:10:09;41  984588404;0.0;Adicional por Ligacoes Realizadas;
2020-04-03 09:27:37;41  30383420;0.0;Adicional por Ligacoes Realizadas;
2020-04-03 08:49:47;41  999371945;0.0;Adicional por Ligacoes Realizadas;
2020-04-03 08:48:41;13  988744479;0.0;Adicional por Ligacoes Realizadas;
2020-04-03 08:43:07;51  994057331;0.0;Adicional por Ligacoes Realizadas;
2020-04-03 08:03:16;51  993394636;0.0;Adicional por Ligacoes Realizadas;
2020-04-03 07:51:21;51  994057331;0.0;Adicional por Ligacoes Realizadas;
2020-04-03 06:22:17;51  994057331;0.0;Adicional por Ligacoes Realizadas;
2020-04-02 18:21:00;41  991561997;0.0;Adicional por Ligacoes Realizadas;
2020-04-02 17:39:20;41  30383420;0.0;Adicional por Ligacoes Realizadas;
2020-04-02 17:18:43;41  34223411;0.0;Adicional por Ligacoes Realizadas;
2020-04-02 17:16:57;41  34234144;0.0;Adicional por Ligacoes Realizadas;
2020-04-02 17:16:06;41  34322658;0.0;Adicional por Ligacoes Realizadas;
2020-04-02 17:11:29;41  40040103;0.0;Adicional por Ligacoes Realizadas;
2020-04-02 15:09:24;51  991813564;0.0;Adicional por Ligacoes Realizadas;
2020-04-02 15:08:48;51  994057331;0.0;Adicional por Ligacoes Realizadas;
2020-04-02 14:10:21;51  994057331;0.0;Adicional por Ligacoes Realizadas;
2020-04-02 12:40:09;41  34223086;0.0;Adicional por Ligacoes Realizadas;
2020-04-02 12:03:06;41  991561997;0.0;Adicional por Ligacoes Realizadas;
2020-04-02 11:24:20;41  991911727;0.0;Adicional por Ligacoes Realizadas;
2020-04-02 10:35:27;41  991911727;0.0;Adicional por Ligacoes Realizadas;
2020-04-02 10:09:55;66  984280891;0.0;Adicional por Ligacoes Realizadas;
2020-04-02 10:07:25;41  984789757;0.0;Adicional por Ligacoes Realizadas;
2020-04-02 09:56:51;66  984280891;0.0;Adicional por Ligacoes Realizadas;
2020-04-02 09:26:14;51  991813564;0.0;Adicional por Ligacoes Realizadas;
2020-04-02 09:23:42;66  984280891;0.0;Adicional por Ligacoes Realizadas;
2020-04-02 09:18:08;51  995598942;0.0;Adicional por Ligacoes Realizadas;
2020-04-02 09:16:25;13  988744479;0.0;Adicional por Ligacoes Realizadas;
2020-04-02 09:12:47;41  34201323;0.0;Adicional por Ligacoes Realizadas;
2020-04-02 09:09:47;66  984280891;0.0;Adicional por Ligacoes Realizadas;
2020-04-02 09:08:44;98  987346022;0.0;Adicional por Ligacoes Realizadas;
2020-04-02 08:29:09;41  984588404;0.0;Adicional por Ligacoes Realizadas;
2020-04-02 08:00:42;66  984280891;0.0;Adicional por Ligacoes Realizadas;
2020-04-02 07:51:19;66  984280891;0.0;Adicional por Ligacoes Realizadas;
2020-04-13 10:16:57;08  009704828;5.0;"";
2020-04-30 11:53:25;41  34204900;6.0;Chamadas de Longa Distancia para Outros Estados;
2020-04-30 11:27:36;41  34204900;5.0;Chamadas de Longa Distancia para Outros Estados;
2020-04-30 11:06:06;41  34204900;5.0;Chamadas de Longa Distancia para Outros Estados;
2020-04-28 08:53:45;11  26787193;42.0;Chamadas de Longa Distancia para Outros Estados;
2020-04-23 10:08:39;    ;5.0;Chamadas de Longa Distancia para Outros Estados;
2020-04-23 07:06:56;    ;5.0;Chamadas de Longa Distancia para Outros Estados;
2020-04-18 15:56:27;    ;5.0;Chamadas de Longa Distancia para Outros Estados;
2020-04-17 07:25:56;    ;6.0;Chamadas de Longa Distancia para Outros Estados;
2020-04-16 08:43:17;    ;6.0;Chamadas de Longa Distancia para Outros Estados;
2020-04-14 14:16:24;    ;5.0;Chamadas de Longa Distancia para Outros Estados;
2020-04-14 13:42:06;    ;5.0;Chamadas de Longa Distancia para Outros Estados;
2020-04-13 14:57:15;    ;14.0;Chamadas de Longa Distancia para Outros Estados;
2020-04-09 16:45:28;    ;6.0;Chamadas de Longa Distancia para Outros Estados;
2020-04-08 10:56:56;    ;5.0;Chamadas de Longa Distancia para Outros Estados;
2020-04-04 10:32:09;    ;11.0;Chamadas de Longa Distancia para Outros Estados;
2020-04-04 09:26:40;    ;14.0;Chamadas de Longa Distancia para Outros Estados;
2020-04-03 16:15:25;    ;8.0;Chamadas de Longa Distancia para Outros Estados;
2020-04-03 15:18:19;    ;5.0;Chamadas de Longa Distancia para Outros Estados;
2020-04-03 09:08:32;    ;8.0;Chamadas de Longa Distancia para Outros Estados;
2020-04-03 08:49:21;    ;5.0;Chamadas de Longa Distancia para Outros Estados;
2020-04-02 17:47:13;    ;5.0;Chamadas de Longa Distancia para Outros Estados;
2020-04-02 15:19:11;    ;8.0;Chamadas de Longa Distancia para Outros Estados;
2020-04-02 14:07:27;    ;10.0;Chamadas de Longa Distancia para Outros Estados;
2020-04-02 08:01:26;    ;5.0;Chamadas de Longa Distancia para Outros Estados;
2020-04-01 16:57:50;    ;7.0;Chamadas de Longa Distancia para Outros Estados;
2020-04-01 15:57:21;    ;22.0;Chamadas de Longa Distancia para Outros Estados;
2020-04-01 12:46:32;    ;6.0;Chamadas de Longa Distancia para Outros Estados;
2020-04-01 08:36:31;    ;33.0;Chamadas de Longa Distancia para Outros Estados;
2020-04-01 08:04:29;    ;5.0;Chamadas de Longa Distancia para Outros Estados;
2020-04-30 11:26:31;41  34204914;6.0;Para Fixo de Outras Operadoras;
2020-04-30 10:07:40;41  34204914;24.0;Para Fixo de Outras Operadoras;
2020-04-30 09:43:24;41  34204400;14.0;Para Fixo de Outras Operadoras;
2020-04-28 20:10:39;41  34259165;14.0;Para Fixo de Outras Operadoras;
2020-04-28 18:38:07;41  34227796;5.0;Para Fixo de Outras Operadoras;
2020-04-28 10:16:08;41  35145183;12.0;Para Fixo de Outras Operadoras;
2020-04-23 08:30:06;41  34231516;6.0;Para Fixo de Outras Operadoras;
2020-04-23 08:27:52;41  34234344;5.0;Para Fixo de Outras Operadoras;
2020-04-22 11:49:46;41  34201143;19.0;Para Fixo de Outras Operadoras;
2020-04-22 11:44:02;41  34201143;21.0;Para Fixo de Outras Operadoras;
2020-04-17 16:03:42;41  34201154;11.0;Para Fixo de Outras Operadoras;
2020-04-16 13:02:10;41  34238926;5.0;Para Fixo de Outras Operadoras;
2020-04-16 13:00:35;41  34238926;7.0;Para Fixo de Outras Operadoras;
2020-04-16 11:56:39;41  34250333;5.0;Para Fixo de Outras Operadoras;
2020-04-08 06:31:41;41  34228628;5.0;Para Fixo de Outras Operadoras;
2020-04-07 13:40:13;41  34231019;9.0;Para Fixo de Outras Operadoras;
2020-04-07 10:51:56;41  37213100;5.0;Para Fixo de Outras Operadoras;
2020-04-07 10:38:08;41  37213100;7.0;Para Fixo de Outras Operadoras;
2020-04-06 06:33:42;41  34228628;5.0;Para Fixo de Outras Operadoras;
2020-04-03 09:27:37;41  30383420;14.0;Para Fixo de Outras Operadoras;
2020-04-02 17:39:20;41  30383420;17.0;Para Fixo de Outras Operadoras;
2020-04-02 17:18:43;41  34223411;5.0;Para Fixo de Outras Operadoras;
2020-04-02 17:16:57;41  34234144;5.0;Para Fixo de Outras Operadoras;
2020-04-02 17:16:06;41  34322658;5.0;Para Fixo de Outras Operadoras;
2020-04-02 17:11:29;41  40040103;29.0;Para Fixo de Outras Operadoras;
2020-04-02 12:40:09;41  34223086;5.0;Para Fixo de Outras Operadoras;
2020-04-02 09:12:47;41  34201323;28.0;Para Fixo de Outras Operadoras;
2020-04-30 06:36:15;41  995987397;7.0;Para Celulares de Outras Operadoras;
2020-04-29 19:31:13;41  991561997;5.0;Para Celulares de Outras Operadoras;
2020-04-28 06:40:21;41  995987397;5.0;Para Celulares de Outras Operadoras;
2020-04-26 20:37:22;41  998099985;9.0;Para Celulares de Outras Operadoras;
2020-04-25 14:46:49;41  991561997;6.0;Para Celulares de Outras Operadoras;
2020-04-24 08:32:45;41  984745314;6.0;Para Celulares de Outras Operadoras;
2020-04-24 06:28:27;41  995987397;5.0;Para Celulares de Outras Operadoras;
2020-04-24 06:27:38;41  995987397;6.0;Para Celulares de Outras Operadoras;
2020-04-23 06:44:31;41  995987397;6.0;Para Celulares de Outras Operadoras;
2020-04-23 06:35:04;41  995987397;5.0;Para Celulares de Outras Operadoras;
2020-04-22 15:29:01;41  998597051;10.0;Para Celulares de Outras Operadoras;
2020-04-22 06:37:06;41  995987397;5.0;Para Celulares de Outras Operadoras;
2020-04-20 07:59:07;41  995987397;5.0;Para Celulares de Outras Operadoras;
2020-04-18 06:35:01;41  995987397;5.0;Para Celulares de Outras Operadoras;
2020-04-17 16:50:16;41  984341235;33.0;Para Celulares de Outras Operadoras;
2020-04-17 16:02:19;41  999936432;5.0;Para Celulares de Outras Operadoras;
2020-04-17 15:36:12;41  991561997;65.0;Para Celulares de Outras Operadoras;
2020-04-17 13:45:35;41  985260380;6.0;Para Celulares de Outras Operadoras;
2020-04-17 10:55:31;41  985260380;33.0;Para Celulares de Outras Operadoras;
2020-04-17 06:36:59;41  995987397;5.0;Para Celulares de Outras Operadoras;
2020-04-16 12:57:28;41  991561997;7.0;Para Celulares de Outras Operadoras;
2020-04-16 06:39:45;41  995987397;5.0;Para Celulares de Outras Operadoras;
2020-04-15 18:05:54;41  991561997;5.0;Para Celulares de Outras Operadoras;
2020-04-15 18:01:29;41  991561997;5.0;Para Celulares de Outras Operadoras;
2020-04-12 12:33:29;41  991561997;10.0;Para Celulares de Outras Operadoras;
2020-04-11 14:36:52;41  998597051;6.0;Para Celulares de Outras Operadoras;
2020-04-10 18:48:39;41  998597051;6.0;Para Celulares de Outras Operadoras;
2020-04-16 09:22:27;51  996781699;0.0;Adicional por Ligacoes Realizadas;
2020-04-16 06:39:45;41  995987397;0.0;Adicional por Ligacoes Realizadas;
2020-04-15 18:05:54;41  991561997;0.0;Adicional por Ligacoes Realizadas;
2020-04-15 18:01:29;41  991561997;0.0;Adicional por Ligacoes Realizadas;
2020-04-08 14:26:35;41  991561997;35.0;Para Celulares de Outras Operadoras;
2020-04-07 18:27:34;41  985260380;8.0;Para Celulares de Outras Operadoras;
2020-04-07 17:01:42;41  984341235;17.0;Para Celulares de Outras Operadoras;
2020-04-06 18:04:09;41  985260380;5.0;Para Celulares de Outras Operadoras;
2020-04-03 18:15:49;41  991561997;5.0;Para Celulares de Outras Operadoras;
2020-04-03 17:44:42;41  991561997;9.0;Para Celulares de Outras Operadoras;
2020-04-03 17:14:12;41  991561997;15.0;Para Celulares de Outras Operadoras;
2020-04-03 16:27:07;41  984588404;5.0;Para Celulares de Outras Operadoras;
2020-04-03 16:14:26;41  984588404;5.0;Para Celulares de Outras Operadoras;
2020-04-03 15:40:40;41  984588404;7.0;Para Celulares de Outras Operadoras;
2020-04-03 15:10:09;41  984588404;19.0;Para Celulares de Outras Operadoras;
2020-04-03 08:49:47;41  999371945;11.0;Para Celulares de Outras Operadoras;
2020-04-02 18:21:00;41  991561997;19.0;Para Celulares de Outras Operadoras;
2020-04-02 12:03:06;41  991561997;14.0;Para Celulares de Outras Operadoras;
2020-04-02 10:07:25;41  984789757;21.0;Para Celulares de Outras Operadoras;
2020-04-02 08:29:09;41  984588404;5.0;Para Celulares de Outras Operadoras;
2020-04-28 10:32:48;41  32321000;6.0;Para Fixo Vivo;
2020-04-13 11:43:11;41  40044828;393.0;Para Fixo Vivo;
2020-04-13 10:21:00;41  40044828;228.0;Para Fixo Vivo;
2020-04-29 07:59:39;41  988467735;5.0;Para Celulares Vivo;
2020-04-27 16:19:48;41  988467735;6.0;Para Celulares Vivo;
2020-04-25 09:42:57;41  991911727;5.0;Para Celulares Vivo;
2020-04-13 09:24:06;41  99198511;7.0;Para Celulares Vivo;
2020-04-09 12:43:33;41  991911727;5.0;Para Celulares Vivo;
2020-04-08 19:32:39;41  991112714;5.0;Para Celulares Vivo;
2020-04-04 12:22:13;41  991911727;9.0;Para Celulares Vivo;
2020-04-03 16:32:59;41  991551243;7.0;Para Celulares Vivo;
2020-04-03 16:27:58;41  991551243;14.0;Para Celulares Vivo;
2020-04-03 16:18:40;41  991551243;10.0;Para Celulares Vivo;
2020-04-02 11:24:20;41  991911727;12.0;Para Celulares Vivo;
2020-04-02 10:35:27;41  991911727;8.0;Para Celulares Vivo;
