data_hora_inicio;nro_telefone_chamado;duracao_ligacao;desc_categoria;valor_ligacao
2020-04-01 21:06:15;51981697505;1.0;GRATIS-SMS;0.00
2020-04-01 01:02:44;*5  55;7.0;"";
2020-04-01 17:24:55;51  32145000;14.0;Para Fixo de Outras Operadoras;
2020-04-07 22:56:15;51  989022933;135.0;Para Celulares de Outras Operadoras;
2020-04-04 16:24:39;51  989022933;25.0;Para Celulares de Outras Operadoras;
2020-04-03 15:11:12;51  21313333;41.0;Para Fixo Vivo;
2020-04-29 22:27:38;51  997360949;98.0;Para Celulares Vivo;
2020-04-26 19:06:26;51  980522512;7.0;Para Celulares Vivo;
2020-04-24 11:11:42;51  995075357;164.0;Para Celulares Vivo;
2020-04-24 10:58:27;51  995075357;131.0;Para Celulares Vivo;
2020-04-23 19:09:41;51  980522512;5.0;Para Celulares Vivo;
2020-04-20 21:24:55;51  996970188;541.0;Para Celulares Vivo;
2020-04-20 18:11:24;51  996970188;295.0;Para Celulares Vivo;
2020-04-20 18:06:27;51  985074884;36.0;Para Celulares Vivo;
2020-04-15 17:25:01;51  985074884;242.0;Para Celulares Vivo;
2020-04-15 17:21:33;51  984274504;26.0;Para Celulares Vivo;
2020-04-14 15:59:21;51  984274504;5.0;Para Celulares Vivo;
2020-04-13 17:32:43;51  980522512;5.0;Para Celulares Vivo;
2020-03-31;"";211.0;INTERNET MOVEL 2;0.00
2020-04-01;"";44774.2;INTERNET MOVEL 2;0.00
2020-04-02;"";77025.8;INTERNET MOVEL 2;0.00
2020-04-03;"";37329.4;INTERNET MOVEL 2;0.00
2020-04-04;"";148830.2;INTERNET MOVEL 2;0.00
2020-04-05;"";25254.1;INTERNET MOVEL 2;0.00
2020-04-06;"";154875.8;INTERNET MOVEL 2;0.00
2020-04-07;"";143934.2;INTERNET MOVEL 2;0.00
2020-04-08;"";60168.1;INTERNET MOVEL 2;0.00
2020-04-09;"";64895.8;INTERNET MOVEL 2;0.00
2020-04-10;"";82079.7;INTERNET MOVEL 2;0.00
2020-04-11;"";254217.7;INTERNET MOVEL 2;0.00
2020-04-12;"";20294.1;INTERNET MOVEL 2;0.00
2020-04-13;"";191802.5;INTERNET MOVEL 2;0.00
2020-04-14;"";132196.5;INTERNET MOVEL 2;0.00
2020-04-15;"";36053.5;INTERNET MOVEL 2;0.00
2020-04-16;"";124371.7;INTERNET MOVEL 2;0.00
2020-04-17;"";156872.1;INTERNET MOVEL 2;0.00
2020-04-18;"";152378.1;INTERNET MOVEL 2;0.00
2020-04-19;"";126332.2;INTERNET MOVEL 2;0.00
2020-04-20;"";52744.3;INTERNET MOVEL 2;0.00
2020-04-21;"";5551.6;INTERNET MOVEL 2;0.00
2020-04-22;"";76563.6;INTERNET MOVEL 2;0.00
2020-04-23;"";72126.4;INTERNET MOVEL 2;0.00
2020-04-24;"";118241.0;INTERNET MOVEL 2;0.00
2020-04-25;"";176461.8;INTERNET MOVEL 2;0.00
2020-04-26;"";123108.0;INTERNET MOVEL 2;0.00
2020-04-27;"";168616.4;INTERNET MOVEL 2;0.00
2020-04-28;"";198536.6;INTERNET MOVEL 2;0.00
2020-04-29;"";125531.9;INTERNET MOVEL 2;0.00
2020-04-30;"";50896.8;INTERNET MOVEL 2;0.00
2020-05-01;"";25280.2;INTERNET MOVEL 2;0.00
