data_hora_inicio;nro_telefone_chamado;duracao_ligacao;desc_categoria;valor_ligacao
2020-04-01 22:21:14;51  999523098;11.0;Para Celulares de Outras Operadoras;
2020-04-01 14:32:33;51  981242372;91.0;Para Celulares de Outras Operadoras;
2020-04-01 14:24:33;51  992592835;73.0;Para Celulares Vivo;
2020-04-27 09:20:14;41  21523693;31.0;Para Fixo de Outras Operadoras;
2020-04-24 14:05:10;66  999101751;30.0;Para Celulares Vivo;
2020-04-13 11:11:41;51  32897245;23.0;Para Fixo de Outras Operadoras;
2020-04-03 15:34:04;51  33670652;13.0;Para Fixo de Outras Operadoras;
2020-04-03 11:23:12;51  30041105;5.0;Para Fixo de Outras Operadoras;
2020-04-03 11:15:03;51  30041105;20.0;Para Fixo de Outras Operadoras;
2020-04-03 11:06:46;51  30041105;11.0;Para Fixo de Outras Operadoras;
2020-04-30 07:02:39;51  999523098;5.0;Para Celulares de Outras Operadoras;
2020-04-26 12:03:25;51  999523098;15.0;Para Celulares de Outras Operadoras;
2020-04-23 08:55:11;51  999523098;5.0;Para Celulares de Outras Operadoras;
2020-04-23 08:15:02;51  981242372;85.0;Para Celulares de Outras Operadoras;
2020-04-15 19:40:47;51  999523098;5.0;Para Celulares de Outras Operadoras;
2020-04-13 16:09:16;51  984617220;12.0;Para Celulares de Outras Operadoras;
2020-04-13 10:29:10;51  993918152;7.0;Para Celulares de Outras Operadoras;
2020-04-09 16:00:14;51  981242372;81.0;Para Celulares de Outras Operadoras;
2020-04-05 11:17:37;51  989043094;14.0;Para Celulares de Outras Operadoras;
2020-04-13 10:27:41;51  33415501;12.0;Para Fixo Vivo;
2020-04-08 14:20:46;51  980121865;8.0;Para Celulares Vivo;
2020-04-06 15:00:18;51  993119416;5.0;Para Celulares Vivo;
2020-03-31;"";62.0;INTERNET MOVEL 2;0.00
2020-04-01;"";2053.9;INTERNET MOVEL 2;0.00
2020-04-02;"";1619.0;INTERNET MOVEL 2;0.00
2020-04-03;"";50035.1;INTERNET MOVEL 2;0.00
2020-04-04;"";24070.2;INTERNET MOVEL 2;0.00
2020-04-05;"";8885.6;INTERNET MOVEL 2;0.00
2020-04-06;"";56543.3;INTERNET MOVEL 2;0.00
2020-04-07;"";3875.8;INTERNET MOVEL 2;0.00
2020-04-08;"";52732.9;INTERNET MOVEL 2;0.00
2020-04-09;"";1464.0;INTERNET MOVEL 2;0.00
2020-04-10;"";2224.8;INTERNET MOVEL 2;0.00
2020-04-11;"";3765.6;INTERNET MOVEL 2;0.00
2020-04-12;"";28802.9;INTERNET MOVEL 2;0.00
2020-04-13;"";2873.2;INTERNET MOVEL 2;0.00
2020-04-14;"";66951.2;INTERNET MOVEL 2;0.00
2020-04-15;"";16712.4;INTERNET MOVEL 2;0.00
2020-04-16;"";7112.1;INTERNET MOVEL 2;0.00
2020-04-17;"";4245.0;INTERNET MOVEL 2;0.00
2020-04-18;"";1542.0;INTERNET MOVEL 2;0.00
2020-04-19;"";7059.0;INTERNET MOVEL 2;0.00
2020-04-20;"";3501.0;INTERNET MOVEL 2;0.00
2020-04-21;"";35086.5;INTERNET MOVEL 2;0.00
2020-04-22;"";1410.0;INTERNET MOVEL 2;0.00
2020-04-23;"";21550.7;INTERNET MOVEL 2;0.00
2020-04-24;"";825.0;INTERNET MOVEL 2;0.00
2020-04-25;"";87285.3;INTERNET MOVEL 2;0.00
2020-04-26;"";1596.0;INTERNET MOVEL 2;0.00
2020-04-27;"";7451.7;INTERNET MOVEL 2;0.00
2020-04-28;"";2462.0;INTERNET MOVEL 2;0.00
2020-04-29;"";26073.8;INTERNET MOVEL 2;0.00
2020-04-30;"";2852.4;INTERNET MOVEL 2;0.00
2020-05-01;"";272.0;INTERNET MOVEL 2;0.00
