data_hora_inicio;nro_telefone_chamado;duracao_ligacao;desc_categoria;valor_ligacao
2020-04-01 19:56:05;41  34231801;0.0;Adicional por Ligacoes Realizadas;
2020-04-01 19:55:02;41  999239349;0.0;Adicional por Ligacoes Realizadas;
2020-04-01 19:54:35;41  999239349;0.0;Adicional por Ligacoes Realizadas;
2020-04-01 19:56:05;41  34231801;25.0;Para Fixo de Outras Operadoras;
2020-04-01 19:55:02;41  999239349;5.0;Para Celulares de Outras Operadoras;
2020-04-01 19:54:35;41  999239349;5.0;Para Celulares de Outras Operadoras;
2020-04-25 19:00:28;31  36428948;173.0;Para Fixo de Outras Operadoras;
2020-04-25 12:32:06;31  36428948;6.0;Para Fixo de Outras Operadoras;
2020-04-25 11:23:33;31  36428948;29.0;Para Fixo de Outras Operadoras;
2020-04-23 19:39:22;31  36428948;15.0;Para Fixo de Outras Operadoras;
2020-04-23 19:12:59;31  36428948;261.0;Para Fixo de Outras Operadoras;
2020-04-23 19:12:22;31  36428948;5.0;Para Fixo de Outras Operadoras;
2020-04-23 19:11:19;31  36428948;7.0;Para Fixo de Outras Operadoras;
2020-04-23 13:46:32;31  36428948;51.0;Para Fixo de Outras Operadoras;
2020-04-23 10:00:50;31  36428948;179.0;Para Fixo de Outras Operadoras;
2020-04-23 09:58:21;31  36428948;10.0;Para Fixo de Outras Operadoras;
2020-04-14 21:02:57;31  36428948;153.0;Para Fixo de Outras Operadoras;
2020-04-08 19:02:41;31  36428948;5.0;Para Fixo de Outras Operadoras;
2020-04-30 17:33:06;31  988627570;21.0;Para Celulares de Outras Operadoras;
2020-04-29 12:15:55;21  990386515;6.0;Para Celulares de Outras Operadoras;
2020-04-28 15:45:24;31  983273271;5.0;Para Celulares de Outras Operadoras;
2020-04-27 20:11:39;31  988259377;90.0;Para Celulares de Outras Operadoras;
2020-04-21 20:16:43;31  988259377;398.0;Para Celulares de Outras Operadoras;
2020-04-20 21:04:57;31  988259377;133.0;Para Celulares de Outras Operadoras;
2020-04-16 22:18:34;31  988259377;125.0;Para Celulares de Outras Operadoras;
2020-04-16 19:47:24;31  988259377;470.0;Para Celulares de Outras Operadoras;
2020-04-15 20:31:12;31  988259377;177.0;Para Celulares de Outras Operadoras;
2020-04-07 20:48:37;31  988259377;121.0;Para Celulares de Outras Operadoras;
2020-04-07 19:18:09;31  988627570;43.0;Para Celulares de Outras Operadoras;
2020-04-06 18:01:48;31  988259377;134.0;Para Celulares de Outras Operadoras;
2020-04-05 20:24:56;31  988259377;72.0;Para Celulares de Outras Operadoras;
2020-04-03 09:50:12;98  982053919;20.0;Para Celulares de Outras Operadoras;
2020-04-02 09:37:35;31  982696278;20.0;Para Celulares de Outras Operadoras;
2020-04-24 10:25:44;31  984526147;137.0;Para Celulares Vivo;
2020-04-23 09:17:17;11  950425576;38.0;Para Celulares Vivo;
2020-04-22 08:51:59;31  987948050;35.0;Para Celulares Vivo;
2020-04-17 15:28:36;51  991813564;12.0;Para Celulares Vivo;
2020-04-30 19:31:54;41  34231801;0.0;Adicional por Ligacoes Realizadas;
2020-04-30 17:33:06;31  988627570;0.0;Adicional por Ligacoes Realizadas;
2020-04-29 12:15:55;21  990386515;0.0;Adicional por Ligacoes Realizadas;
2020-04-28 18:28:35;41  34231801;0.0;Adicional por Ligacoes Realizadas;
2020-04-28 15:45:24;31  983273271;0.0;Adicional por Ligacoes Realizadas;
2020-04-27 20:11:39;31  988259377;0.0;Adicional por Ligacoes Realizadas;
2020-04-25 11:23:33;31  36428948;0.0;Adicional por Ligacoes Realizadas;
2020-04-24 10:25:44;31  984526147;0.0;Adicional por Ligacoes Realizadas;
2020-04-23 19:39:22;31  36428948;0.0;Adicional por Ligacoes Realizadas;
2020-04-23 19:12:59;31  36428948;0.0;Adicional por Ligacoes Realizadas;
2020-04-23 19:12:22;31  36428948;0.0;Adicional por Ligacoes Realizadas;
2020-04-23 19:11:19;31  36428948;0.0;Adicional por Ligacoes Realizadas;
2020-04-23 13:46:32;31  36428948;0.0;Adicional por Ligacoes Realizadas;
2020-04-23 10:00:50;31  36428948;0.0;Adicional por Ligacoes Realizadas;
2020-04-23 09:58:21;31  36428948;0.0;Adicional por Ligacoes Realizadas;
2020-04-23 09:17:17;11  950425576;0.0;Adicional por Ligacoes Realizadas;
2020-04-22 19:25:19;41  34231801;0.0;Adicional por Ligacoes Realizadas;
2020-04-22 08:51:59;31  987948050;0.0;Adicional por Ligacoes Realizadas;
2020-04-21 20:16:43;31  988259377;0.0;Adicional por Ligacoes Realizadas;
2020-04-21 13:19:57;41  34231801;0.0;Adicional por Ligacoes Realizadas;
2020-04-20 21:04:57;31  988259377;0.0;Adicional por Ligacoes Realizadas;
2020-04-20 19:18:31;41  34231801;0.0;Adicional por Ligacoes Realizadas;
2020-04-19 13:19:31;41  34231801;0.0;Adicional por Ligacoes Realizadas;
2020-04-17 19:52:49;41  34231801;0.0;Adicional por Ligacoes Realizadas;
2020-04-17 15:28:36;51  991813564;0.0;Adicional por Ligacoes Realizadas;
2020-04-16 22:18:34;31  988259377;0.0;Adicional por Ligacoes Realizadas;
2020-04-16 19:47:24;31  988259377;0.0;Adicional por Ligacoes Realizadas;
2020-04-15 20:31:12;31  988259377;0.0;Adicional por Ligacoes Realizadas;
2020-04-14 21:02:57;31  36428948;0.0;Adicional por Ligacoes Realizadas;
2020-04-13 19:19:47;41  34231801;0.0;Adicional por Ligacoes Realizadas;
2020-04-12 13:13:00;41  34231801;0.0;Adicional por Ligacoes Realizadas;
2020-04-11 12:54:30;41  34231801;0.0;Adicional por Ligacoes Realizadas;
2020-04-10 14:14:55;41  34231801;0.0;Adicional por Ligacoes Realizadas;
2020-04-09 19:03:21;41  34231801;0.0;Adicional por Ligacoes Realizadas;
2020-04-08 19:02:41;31  36428948;0.0;Adicional por Ligacoes Realizadas;
2020-04-08 18:58:46;41  34231801;0.0;Adicional por Ligacoes Realizadas;
2020-04-07 20:48:37;31  988259377;0.0;Adicional por Ligacoes Realizadas;
2020-04-07 19:44:29;41  34237272;0.0;Adicional por Ligacoes Realizadas;
2020-04-07 19:18:09;31  988627570;0.0;Adicional por Ligacoes Realizadas;
2020-04-06 18:17:37;41  34231801;0.0;Adicional por Ligacoes Realizadas;
2020-04-06 18:01:48;31  988259377;0.0;Adicional por Ligacoes Realizadas;
2020-04-05 20:24:56;31  988259377;0.0;Adicional por Ligacoes Realizadas;
2020-04-05 19:39:54;41  34231801;0.0;Adicional por Ligacoes Realizadas;
2020-04-04 19:35:30;41  34231801;0.0;Adicional por Ligacoes Realizadas;
2020-04-03 19:24:55;41  34231801;0.0;Adicional por Ligacoes Realizadas;
2020-04-03 09:50:12;98  982053919;0.0;Adicional por Ligacoes Realizadas;
2020-04-02 19:00:40;41  34231801;0.0;Adicional por Ligacoes Realizadas;
2020-04-02 09:37:35;31  982696278;0.0;Adicional por Ligacoes Realizadas;
2020-04-27 16:55:51;    ;5.0;Chamadas de Longa Distancia para Outros Estados;
2020-04-27 16:52:30;    ;5.0;Chamadas de Longa Distancia para Outros Estados;
2020-04-01 10:46:23;"";1.0;ADICIONAL;0.00
2020-04-27 16:55:51;"";1.0;ADICIONAL;0.00
2020-04-27 16:52:30;"";1.0;ADICIONAL;0.00
2020-04-24 15:04:04;"";1.0;ADICIONAL;0.00
2020-04-22 14:51:13;"";1.0;ADICIONAL;0.00
2020-04-22 09:49:55;"";1.0;ADICIONAL;0.00
2020-04-22 09:46:41;"";1.0;ADICIONAL;0.00
2020-04-17 15:31:36;"";1.0;ADICIONAL;0.00
2020-04-07 19:23:12;"";1.0;ADICIONAL;0.00
2020-04-03 09:52:42;"";1.0;ADICIONAL;0.00
2020-04-02 12:19:49;"";1.0;ADICIONAL;0.00
2020-04-02 09:18:07;"";1.0;ADICIONAL;0.00
2020-04-26 12:31:48;41  34231801;0.0;Adicional por Ligacoes Realizadas;
2020-04-25 19:00:28;31  36428948;0.0;Adicional por Ligacoes Realizadas;
2020-04-25 12:37:49;41  34231801;0.0;Adicional por Ligacoes Realizadas;
2020-04-25 12:32:06;31  36428948;0.0;Adicional por Ligacoes Realizadas;
2020-04-24 15:04:04;    ;11.0;Chamadas de Longa Distancia para Outros Estados;
2020-04-22 14:51:13;    ;18.0;Chamadas de Longa Distancia para Outros Estados;
2020-04-22 09:49:55;    ;72.0;Chamadas de Longa Distancia para Outros Estados;
2020-04-22 09:46:41;    ;28.0;Chamadas de Longa Distancia para Outros Estados;
2020-04-17 15:31:36;    ;5.0;Chamadas de Longa Distancia para Outros Estados;
2020-04-07 19:23:12;    ;34.0;Chamadas de Longa Distancia para Outros Estados;
2020-04-03 09:52:42;    ;41.0;Chamadas de Longa Distancia para Outros Estados;
2020-04-02 12:19:49;    ;170.0;Chamadas de Longa Distancia para Outros Estados;
2020-04-02 09:18:07;    ;5.0;Chamadas de Longa Distancia para Outros Estados;
2020-04-01 10:46:23;    ;5.0;Chamadas de Longa Distancia para Outros Estados;
2020-04-30 19:31:54;41  34231801;6.0;Para Fixo de Outras Operadoras;
2020-04-28 18:28:35;41  34231801;23.0;Para Fixo de Outras Operadoras;
2020-04-26 12:31:48;41  34231801;6.0;Para Fixo de Outras Operadoras;
2020-04-25 12:37:49;41  34231801;10.0;Para Fixo de Outras Operadoras;
2020-04-22 19:25:19;41  34231801;8.0;Para Fixo de Outras Operadoras;
2020-04-21 13:19:57;41  34231801;6.0;Para Fixo de Outras Operadoras;
2020-04-20 19:18:31;41  34231801;18.0;Para Fixo de Outras Operadoras;
2020-04-19 13:19:31;41  34231801;11.0;Para Fixo de Outras Operadoras;
2020-04-17 19:52:49;41  34231801;9.0;Para Fixo de Outras Operadoras;
2020-04-13 19:19:47;41  34231801;18.0;Para Fixo de Outras Operadoras;
2020-04-12 13:13:00;41  34231801;19.0;Para Fixo de Outras Operadoras;
2020-04-11 12:54:30;41  34231801;10.0;Para Fixo de Outras Operadoras;
2020-04-10 14:14:55;41  34231801;13.0;Para Fixo de Outras Operadoras;
2020-04-09 19:03:21;41  34231801;30.0;Para Fixo de Outras Operadoras;
2020-04-08 18:58:46;41  34231801;14.0;Para Fixo de Outras Operadoras;
2020-04-07 19:44:29;41  34237272;39.0;Para Fixo de Outras Operadoras;
2020-04-06 18:17:37;41  34231801;9.0;Para Fixo de Outras Operadoras;
2020-04-05 19:39:54;41  34231801;21.0;Para Fixo de Outras Operadoras;
2020-04-04 19:35:30;41  34231801;33.0;Para Fixo de Outras Operadoras;
2020-04-03 19:24:55;41  34231801;19.0;Para Fixo de Outras Operadoras;
2020-04-02 19:00:40;41  34231801;16.0;Para Fixo de Outras Operadoras;
2020-03-31;"";2854.5;INTERNET MOVEL 2;0.00
2020-04-01;"";55301.8;INTERNET MOVEL 2;0.00
2020-04-02;"";2428.5;INTERNET MOVEL 2;0.00
2020-04-03;"";11859.8;INTERNET MOVEL 2;0.00
2020-04-04;"";38971.1;INTERNET MOVEL 2;0.00
2020-04-05;"";15069.4;INTERNET MOVEL 2;0.00
2020-04-06;"";121687.4;INTERNET MOVEL 2;0.00
2020-04-07;"";3205.6;INTERNET MOVEL 2;0.00
2020-04-08;"";71158.8;INTERNET MOVEL 2;0.00
2020-04-09;"";5380.8;INTERNET MOVEL 2;0.00
2020-04-10;"";313.0;INTERNET MOVEL 2;0.00
2020-04-11;"";376.0;INTERNET MOVEL 2;0.00
2020-04-12;"";305.0;INTERNET MOVEL 2;0.00
2020-04-13;"";61714.8;INTERNET MOVEL 2;0.00
2020-04-14;"";27289.1;INTERNET MOVEL 2;0.00
2020-04-15;"";53271.5;INTERNET MOVEL 2;0.00
2020-04-16;"";2169.0;INTERNET MOVEL 2;0.00
2020-04-17;"";6659.8;INTERNET MOVEL 2;0.00
2020-04-18;"";330.0;INTERNET MOVEL 2;0.00
2020-04-19;"";432.0;INTERNET MOVEL 2;0.00
2020-04-20;"";4864.8;INTERNET MOVEL 2;0.00
2020-04-21;"";64665.6;INTERNET MOVEL 2;0.00
2020-04-22;"";17050.2;INTERNET MOVEL 2;0.00
2020-04-23;"";33966.6;INTERNET MOVEL 2;0.00
2020-04-24;"";17270.0;INTERNET MOVEL 2;0.00
2020-04-25;"";345.0;INTERNET MOVEL 2;0.00
2020-04-26;"";418.0;INTERNET MOVEL 2;0.00
2020-04-27;"";16169.7;INTERNET MOVEL 2;0.00
2020-04-28;"";2260.9;INTERNET MOVEL 2;0.00
2020-04-29;"";24276.5;INTERNET MOVEL 2;0.00
2020-04-30;"";24114.9;INTERNET MOVEL 2;0.00
