data_hora_inicio;nro_telefone_chamado;duracao_ligacao;desc_categoria;valor_ligacao
2020-04-22 15:43:31;31987759645;1.0;GRATIS-SMS;0.00
2020-04-15 11:28:45;31  988943641;25.0;Para Celulares de Outras Operadoras;
2020-04-07 10:35:17;31  32015088;17.0;Para Fixo Vivo;
2020-04-30 17:06:12;31  987759645;6.0;Para Celulares Vivo;
2020-04-30 17:00:13;31  987759645;43.0;Para Celulares Vivo;
2020-04-30 12:18:29;31  987759645;60.0;Para Celulares Vivo;
2020-04-30 09:06:25;31  987759645;5.0;Para Celulares Vivo;
2020-04-30 08:15:50;31  987759645;105.0;Para Celulares Vivo;
2020-04-29 15:15:26;31  999583126;42.0;Para Celulares Vivo;
2020-04-28 17:10:42;31  987759645;5.0;Para Celulares Vivo;
2020-04-28 17:07:11;31  987759645;5.0;Para Celulares Vivo;
2020-04-28 15:17:15;31  987759645;25.0;Para Celulares Vivo;
2020-04-27 16:10:44;31  987759645;5.0;Para Celulares Vivo;
2020-04-24 10:20:08;31  987759645;25.0;Para Celulares Vivo;
2020-04-23 15:54:12;31  987759645;81.0;Para Celulares Vivo;
2020-04-23 10:38:44;31  987759645;86.0;Para Celulares Vivo;
2020-04-20 10:49:57;31  987759645;35.0;Para Celulares Vivo;
2020-04-17 10:32:49;31  987759645;9.0;Para Celulares Vivo;
2020-04-16 18:07:50;31  987759645;24.0;Para Celulares Vivo;
2020-04-16 14:28:32;31  987759645;10.0;Para Celulares Vivo;
2020-04-15 12:51:33;31  987759645;54.0;Para Celulares Vivo;
2020-04-15 11:39:00;31  987759645;5.0;Para Celulares Vivo;
2020-04-15 11:31:42;31  987759645;9.0;Para Celulares Vivo;
2020-04-13 14:46:23;31  987759645;45.0;Para Celulares Vivo;
2020-04-13 12:08:04;31  987759645;23.0;Para Celulares Vivo;
2020-04-13 10:35:58;31  987759645;41.0;Para Celulares Vivo;
2020-04-13 10:27:28;31  987577966;42.0;Para Celulares Vivo;
2020-04-13 08:45:37;31  992391255;17.0;Para Celulares Vivo;
2020-04-13 08:26:41;31  987759645;5.0;Para Celulares Vivo;
2020-04-13 08:21:46;31  987759645;35.0;Para Celulares Vivo;
2020-04-09 10:11:32;31  987759645;96.0;Para Celulares Vivo;
2020-04-09 09:44:14;31  987759645;5.0;Para Celulares Vivo;
2020-04-08 15:47:58;31  987759645;40.0;Para Celulares Vivo;
2020-04-08 09:51:55;31  987759645;66.0;Para Celulares Vivo;
2020-04-07 15:47:45;31  987759645;28.0;Para Celulares Vivo;
2020-04-06 10:59:53;31  987759645;5.0;Para Celulares Vivo;
2020-04-06 08:52:00;31  987759645;29.0;Para Celulares Vivo;
2020-04-06 08:44:34;31  987759645;5.0;Para Celulares Vivo;
2020-04-04 19:43:25;31  987759645;172.0;Para Celulares Vivo;
2020-04-03 16:44:46;31  987759645;25.0;Para Celulares Vivo;
2020-04-03 16:35:54;31  987759645;5.0;Para Celulares Vivo;
2020-04-03 16:25:01;31  987759645;44.0;Para Celulares Vivo;
2020-04-03 16:11:19;31  987759645;26.0;Para Celulares Vivo;
2020-04-03 15:25:03;31  987759645;74.0;Para Celulares Vivo;
2020-04-03 11:29:00;31  987759645;35.0;Para Celulares Vivo;
2020-04-03 10:53:30;31  987759645;79.0;Para Celulares Vivo;
2020-04-03 09:30:19;31  987759645;26.0;Para Celulares Vivo;
