data_hora_inicio;nro_telefone_chamado;duracao_ligacao;desc_categoria;valor_ligacao
2020-04-03 14:32:33;51992531081;1.0;GRATIS-SMS;0.00
2020-04-03 14:32:26;51992531081;1.0;GRATIS-SMS;0.00
2020-04-03 14:32:17;51992531081;1.0;GRATIS-SMS;0.00
2020-04-03 14:28:49;19  21184000;5.0;Para Fixo de Outras Operadoras;
2020-04-03 14:26:58;19  21184000;9.0;Para Fixo de Outras Operadoras;
2020-04-03 11:06:17;31  39156310;9.0;Para Fixo de Outras Operadoras;
2020-04-28 09:02:33;61  991191468;107.0;Para Celulares de Outras Operadoras;
2020-04-28 15:31:51;51  31031883;36.0;Para Fixo de Outras Operadoras;
2020-04-28 15:28:41;51  31031883;31.0;Para Fixo de Outras Operadoras;
2020-04-08 16:29:42;51  31031883;20.0;Para Fixo de Outras Operadoras;
2020-04-03 08:58:42;51  30414160;5.0;Para Fixo de Outras Operadoras;
2020-04-09 18:50:16;51  991052271;5.0;Para Celulares de Outras Operadoras;
2020-04-28 14:43:53;51  981599818;50.0;Para Celulares Vivo;
