data_hora_inicio;nro_telefone_chamado;duracao_ligacao;desc_categoria;valor_ligacao
2020-04-30 13:49:19;1121677155;1.0;ADICIONAL;0.00
2020-04-29 19:34:30;1121677155;1.0;ADICIONAL;0.00
2020-04-28 16:29:25;1121677155;1.0;ADICIONAL;0.00
2020-04-27 12:44:31;"";1.0;ADICIONAL;0.00
2020-04-27 09:21:09;"";1.0;ADICIONAL;0.00
2020-04-24 19:09:38;1121677000;1.0;ADICIONAL;0.00
2020-04-24 09:56:24;5137231899;1.0;ADICIONAL;0.00
2020-04-23 15:43:42;"";1.0;ADICIONAL;0.00
2020-04-27 12:45:15;51  996922316;7.0;Para Celulares Vivo;
2020-04-23 14:43:52;51  996820018;8.0;Para Celulares Vivo;
2020-04-27 12:45:15;51  996922316;0.0;Adicional por Ligacoes Realizadas;
2020-04-23 14:43:52;51  996820018;0.0;Adicional por Ligacoes Realizadas;
2020-04-30 13:49:19;11  21677155;5.0;Chamadas de Longa Distancia para Outros Estados;
2020-04-29 19:34:30;11  21677155;5.0;Chamadas de Longa Distancia para Outros Estados;
2020-04-28 16:29:25;11  21677155;5.0;Chamadas de Longa Distancia para Outros Estados;
2020-04-27 12:44:31;    ;5.0;Chamadas de Longa Distancia para Outros Estados;
2020-04-27 09:21:09;    ;17.0;Chamadas de Longa Distancia para Outros Estados;
2020-04-24 19:09:38;11  21677000;5.0;Chamadas de Longa Distancia para Outros Estados;
2020-04-24 09:56:24;51  37231899;7.0;Chamadas de Longa Distancia para Outros Estados;
2020-04-23 15:43:42;    ;7.0;Chamadas de Longa Distancia para Outros Estados;
2020-04-23;"";5.0;INTERNET MOVEL 2;0.00
2020-04-27;"";1.0;INTERNET MOVEL 2;0.00
