data_hora_inicio;nro_telefone_chamado;duracao_ligacao;desc_categoria;valor_ligacao
2020-04-21 12:19:39;51991219034;1.0;GRATIS-SMS;0.00
2020-04-01 13:04:12;51  35156250;5.0;Para Fixo de Outras Operadoras;
2020-04-01 22:03:41;51  992255947;5.0;Para Celulares de Outras Operadoras;
2020-04-01 18:06:51;51  992255947;21.0;Para Celulares de Outras Operadoras;
2020-04-01 09:35:23;51  992255947;5.0;Para Celulares de Outras Operadoras;
2020-04-01 18:16:24;51  999856858;15.0;Para Celulares Vivo;
2020-04-01 15:32:00;51  999856858;5.0;Para Celulares Vivo;
2020-04-01 14:59:52;51  999402284;14.0;Para Celulares Vivo;
2020-04-15 14:02:23;54  30259300;42.0;"";
2020-04-15 14:01:55;54  30259300;5.0;"";
2020-04-20 09:40:09;47  996287462;28.0;Para Celulares de Outras Operadoras;
2020-04-20 09:39:37;47  996287462;5.0;Para Celulares de Outras Operadoras;
2020-04-28 16:44:54;54  984328189;17.0;Para Celulares de Outras Operadoras;
2020-04-06 11:59:14;53  991266971;69.0;Para Celulares de Outras Operadoras;
2020-04-19 12:52:32;55  997051005;28.0;Para Celulares Vivo;
2020-04-24 12:13:52;51  41009494;12.0;Para Fixo de Outras Operadoras;
2020-04-30 16:54:30;51  999774440;28.0;Para Celulares de Outras Operadoras;
2020-04-30 15:29:28;51  993242655;17.0;Para Celulares de Outras Operadoras;
2020-04-30 11:03:09;51  991169498;21.0;Para Celulares de Outras Operadoras;
2020-04-29 19:03:23;51  999774440;9.0;Para Celulares de Outras Operadoras;
2020-04-29 15:57:50;51  991694329;342.0;Para Celulares de Outras Operadoras;
2020-04-29 15:54:16;51  992255947;5.0;Para Celulares de Outras Operadoras;
2020-04-29 12:51:31;51  992255947;7.0;Para Celulares de Outras Operadoras;
2020-04-28 10:03:52;51  993005137;16.0;Para Celulares de Outras Operadoras;
2020-04-27 14:01:32;51  993360778;5.0;Para Celulares de Outras Operadoras;
2020-04-27 13:43:27;51  992255947;5.0;Para Celulares de Outras Operadoras;
2020-04-26 22:55:37;51  992255947;81.0;Para Celulares de Outras Operadoras;
2020-04-26 21:58:54;51  992255947;158.0;Para Celulares de Outras Operadoras;
2020-04-24 14:55:35;51  992255947;19.0;Para Celulares de Outras Operadoras;
2020-04-24 12:42:13;51  984477007;9.0;Para Celulares de Outras Operadoras;
2020-04-23 22:00:21;51  992255947;5.0;Para Celulares de Outras Operadoras;
2020-04-23 19:46:29;51  992255947;5.0;Para Celulares de Outras Operadoras;
2020-04-23 19:15:21;51  984477007;79.0;Para Celulares de Outras Operadoras;
2020-04-23 18:51:43;51  992255947;20.0;Para Celulares de Outras Operadoras;
2020-04-23 15:49:17;51  992255947;5.0;Para Celulares de Outras Operadoras;
2020-04-23 15:34:57;51  992255947;5.0;Para Celulares de Outras Operadoras;
2020-04-22 14:52:07;51  984477007;14.0;Para Celulares de Outras Operadoras;
2020-04-22 13:27:38;51  985988884;157.0;Para Celulares de Outras Operadoras;
2020-04-22 11:48:19;51  991477774;15.0;Para Celulares de Outras Operadoras;
2020-04-21 14:59:39;51  992255947;7.0;Para Celulares de Outras Operadoras;
2020-04-21 12:14:57;51  992255947;5.0;Para Celulares de Outras Operadoras;
2020-04-21 12:08:46;51  992255947;38.0;Para Celulares de Outras Operadoras;
2020-04-20 23:19:36;51  992255947;34.0;Para Celulares de Outras Operadoras;
2020-04-20 22:31:24;51  992255947;8.0;Para Celulares de Outras Operadoras;
2020-04-20 22:00:53;51  991795010;263.0;Para Celulares de Outras Operadoras;
2020-04-20 18:50:54;51  992255947;5.0;Para Celulares de Outras Operadoras;
2020-04-20 18:45:14;51  982376215;51.0;Para Celulares de Outras Operadoras;
2020-04-20 18:25:53;51  992255947;8.0;Para Celulares de Outras Operadoras;
2020-04-20 12:19:15;51  992255947;6.0;Para Celulares de Outras Operadoras;
2020-04-19 11:12:22;51  992255947;14.0;Para Celulares de Outras Operadoras;
2020-04-18 23:38:15;51  992255947;509.0;Para Celulares de Outras Operadoras;
2020-04-17 17:55:14;51  992255947;5.0;Para Celulares de Outras Operadoras;
2020-04-17 16:04:33;51  992255947;7.0;Para Celulares de Outras Operadoras;
2020-04-16 08:50:38;51  992255947;6.0;Para Celulares de Outras Operadoras;
2020-04-15 14:07:43;51  999774440;5.0;Para Celulares de Outras Operadoras;
2020-04-15 14:07:22;51  999774440;5.0;Para Celulares de Outras Operadoras;
2020-04-15 12:27:59;51  992255947;8.0;Para Celulares de Outras Operadoras;
2020-04-15 12:22:38;51  991694329;6.0;Para Celulares de Outras Operadoras;
2020-04-15 10:26:17;51  992255947;5.0;Para Celulares de Outras Operadoras;
2020-04-15 10:05:17;51  993344162;41.0;Para Celulares de Outras Operadoras;
2020-04-15 09:41:35;51  992255947;55.0;Para Celulares de Outras Operadoras;
2020-04-14 16:32:12;51  991477774;6.0;Para Celulares de Outras Operadoras;
2020-04-14 15:48:56;51  992255947;230.0;Para Celulares de Outras Operadoras;
2020-04-13 21:26:35;51  991694329;74.0;Para Celulares de Outras Operadoras;
2020-04-11 22:26:58;51  991694329;228.0;Para Celulares de Outras Operadoras;
2020-04-11 22:24:48;51  991694329;16.0;Para Celulares de Outras Operadoras;
2020-04-11 17:52:43;51  991694329;8.0;Para Celulares de Outras Operadoras;
2020-04-11 12:26:56;51  992255947;102.0;Para Celulares de Outras Operadoras;
2020-04-10 12:42:04;51  991694329;156.0;Para Celulares de Outras Operadoras;
2020-04-09 18:34:19;51  991477774;27.0;Para Celulares de Outras Operadoras;
2020-04-07 16:40:06;51  991440521;9.0;Para Celulares de Outras Operadoras;
2020-04-06 13:09:52;51  992255947;73.0;Para Celulares de Outras Operadoras;
2020-04-06 12:11:51;51  992255947;11.0;Para Celulares de Outras Operadoras;
2020-04-05 12:23:48;51  992255947;14.0;Para Celulares de Outras Operadoras;
2020-04-05 12:06:32;51  992255947;19.0;Para Celulares de Outras Operadoras;
2020-04-03 21:32:47;51  992255947;72.0;Para Celulares de Outras Operadoras;
2020-04-02 19:26:36;51  992255947;6.0;Para Celulares de Outras Operadoras;
2020-04-02 15:50:58;51  991440521;17.0;Para Celulares de Outras Operadoras;
2020-04-02 12:42:12;51  992255947;7.0;Para Celulares de Outras Operadoras;
2020-04-02 12:11:24;51  991694329;249.0;Para Celulares de Outras Operadoras;
2020-04-29 11:51:40;51  33289027;5.0;Para Fixo Vivo;
2020-04-27 15:37:14;51  30625589;11.0;Para Fixo Vivo;
2020-04-24 10:42:46;51  30857500;15.0;Para Fixo Vivo;
2020-04-23 14:28:04;51  30857500;28.0;Para Fixo Vivo;
2020-04-23 13:11:46;51  30212121;56.0;Para Fixo Vivo;
2020-04-22 14:55:57;51  30857500;5.0;Para Fixo Vivo;
2020-04-15 10:31:54;51  33336444;5.0;Para Fixo Vivo;
2020-04-14 11:12:26;51  33336444;19.0;Para Fixo Vivo;
2020-04-03 09:48:40;51  981081685;26.0;Para Fixo Vivo;
2020-04-30 22:20:16;51  992518679;15.0;Para Celulares Vivo;
2020-04-30 16:09:07;51  996715946;8.0;Para Celulares Vivo;
2020-04-30 14:56:33;51  999856858;8.0;Para Celulares Vivo;
2020-04-30 12:58:04;51  995703191;5.0;Para Celulares Vivo;
2020-04-30 12:23:04;51  999856858;251.0;Para Celulares Vivo;
2020-04-29 20:37:20;51  999402284;272.0;Para Celulares Vivo;
2020-04-29 20:20:11;51  999856858;132.0;Para Celulares Vivo;
2020-04-29 17:24:54;51  980649878;38.0;Para Celulares Vivo;
2020-04-29 00:02:19;51  984471177;193.0;Para Celulares Vivo;
2020-04-28 23:58:19;51  984471177;14.0;Para Celulares Vivo;
2020-04-28 19:43:03;51  999402284;9.0;Para Celulares Vivo;
2020-04-28 19:07:19;51  999856858;7.0;Para Celulares Vivo;
2020-04-28 18:59:26;51  999688096;76.0;Para Celulares Vivo;
2020-04-28 18:56:38;51  999856858;22.0;Para Celulares Vivo;
2020-04-28 18:11:41;51  999856858;352.0;Para Celulares Vivo;
2020-04-28 17:14:44;51  999856858;18.0;Para Celulares Vivo;
2020-04-28 16:49:47;51  999856858;95.0;Para Celulares Vivo;
2020-04-28 15:17:04;51  999856858;27.0;Para Celulares Vivo;
2020-04-28 15:12:47;51  999402284;36.0;Para Celulares Vivo;
2020-04-28 15:07:04;51  999749655;55.0;Para Celulares Vivo;
2020-04-28 15:05:12;51  999402284;13.0;Para Celulares Vivo;
2020-04-28 09:34:51;51  999856858;32.0;Para Celulares Vivo;
2020-04-27 21:10:19;51  999402284;234.0;Para Celulares Vivo;
2020-04-27 18:15:47;51  999402284;210.0;Para Celulares Vivo;
2020-04-27 15:33:50;51  984471177;5.0;Para Celulares Vivo;
2020-04-27 15:30:42;51  984471177;5.0;Para Celulares Vivo;
2020-04-27 15:22:26;51  999402284;51.0;Para Celulares Vivo;
2020-04-24 19:18:38;51  992518679;5.0;Para Celulares Vivo;
2020-04-24 10:50:43;51  999856858;111.0;Para Celulares Vivo;
2020-04-23 21:49:25;51  992518679;5.0;Para Celulares Vivo;
2020-04-23 19:25:33;51  992518679;6.0;Para Celulares Vivo;
2020-04-22 17:34:19;51  999856858;36.0;Para Celulares Vivo;
2020-04-22 12:32:06;51  999856858;37.0;Para Celulares Vivo;
2020-04-22 11:41:18;51  999856858;10.0;Para Celulares Vivo;
2020-04-21 11:11:33;51  992518679;8.0;Para Celulares Vivo;
2020-04-20 22:55:27;51  992518679;15.0;Para Celulares Vivo;
2020-04-20 12:20:09;51  992518679;17.0;Para Celulares Vivo;
2020-04-19 12:29:12;51  992518679;5.0;Para Celulares Vivo;
2020-04-18 22:16:33;51  984471177;30.0;Para Celulares Vivo;
2020-04-18 19:02:20;51  992518679;6.0;Para Celulares Vivo;
2020-04-18 12:02:20;51  992518679;5.0;Para Celulares Vivo;
2020-04-17 21:42:21;51  992518679;5.0;Para Celulares Vivo;
2020-04-17 16:14:57;51  992518679;29.0;Para Celulares Vivo;
2020-04-17 11:16:18;51  999856858;14.0;Para Celulares Vivo;
2020-04-17 10:53:05;51  999892312;15.0;Para Celulares Vivo;
2020-04-16 18:37:48;51  984471177;668.0;Para Celulares Vivo;
2020-04-16 16:29:11;51  984471177;236.0;Para Celulares Vivo;
2020-04-16 15:10:04;51  992518679;17.0;Para Celulares Vivo;
2020-04-16 10:01:16;51  992518679;6.0;Para Celulares Vivo;
2020-04-15 17:50:35;51  995703191;9.0;Para Celulares Vivo;
2020-04-15 14:09:20;51  999856858;33.0;Para Celulares Vivo;
2020-04-14 19:07:23;51  984471177;306.0;Para Celulares Vivo;
2020-04-14 18:19:07;51  999402284;5.0;Para Celulares Vivo;
2020-04-14 17:27:33;51  999712890;7.0;Para Celulares Vivo;
2020-04-14 17:16:14;51  999688096;34.0;Para Celulares Vivo;
2020-04-14 16:17:01;51  999856858;5.0;Para Celulares Vivo;
2020-04-14 16:12:17;51  999856858;5.0;Para Celulares Vivo;
2020-04-14 15:43:10;51  992518679;5.0;Para Celulares Vivo;
2020-04-14 15:26:26;51  992518679;5.0;Para Celulares Vivo;
2020-04-14 13:09:30;51  984471177;34.0;Para Celulares Vivo;
2020-04-14 12:58:42;51  992518679;21.0;Para Celulares Vivo;
2020-04-14 12:31:40;51  984471177;187.0;Para Celulares Vivo;
2020-04-14 10:28:13;51  999402284;5.0;Para Celulares Vivo;
2020-04-13 19:43:37;51  999402284;428.0;Para Celulares Vivo;
2020-04-13 18:37:52;51  999856858;132.0;Para Celulares Vivo;
2020-04-13 18:26:25;51  999856858;21.0;Para Celulares Vivo;
2020-04-13 18:18:41;51  999856858;76.0;Para Celulares Vivo;
2020-04-13 12:14:27;51  999402284;5.0;Para Celulares Vivo;
2020-04-11 20:33:58;51  984471177;5.0;Para Celulares Vivo;
2020-04-11 20:30:19;51  992518679;12.0;Para Celulares Vivo;
2020-04-10 23:02:56;51  992518679;14.0;Para Celulares Vivo;
2020-04-10 12:39:45;51  992518679;19.0;Para Celulares Vivo;
2020-04-09 17:41:16;51  999402284;99.0;Para Celulares Vivo;
2020-04-09 15:38:28;51  992518679;5.0;Para Celulares Vivo;
2020-04-09 15:26:55;51  999402284;78.0;Para Celulares Vivo;
2020-04-09 12:41:53;51  992518679;10.0;Para Celulares Vivo;
2020-04-08 16:47:28;51  995463231;19.0;Para Celulares Vivo;
2020-04-08 12:12:41;51  995463231;157.0;Para Celulares Vivo;
2020-04-07 23:03:43;51  992518679;25.0;Para Celulares Vivo;
2020-04-07 18:40:34;51  999688096;5.0;Para Celulares Vivo;
2020-04-07 18:10:57;51  999688096;278.0;Para Celulares Vivo;
2020-04-07 17:49:57;51  999688096;51.0;Para Celulares Vivo;
2020-04-07 17:16:16;51  999688096;329.0;Para Celulares Vivo;
2020-04-07 10:15:16;51  999402284;7.0;Para Celulares Vivo;
2020-04-06 23:23:28;51  992518679;135.0;Para Celulares Vivo;
2020-04-06 18:54:12;51  999402284;294.0;Para Celulares Vivo;
2020-04-06 18:53:05;51  999402284;6.0;Para Celulares Vivo;
2020-04-06 18:52:31;51  999402284;5.0;Para Celulares Vivo;
2020-04-06 18:45:51;51  999402284;65.0;Para Celulares Vivo;
2020-04-06 11:40:03;51  992518679;12.0;Para Celulares Vivo;
2020-04-05 18:27:54;51  992518679;8.0;Para Celulares Vivo;
2020-04-05 12:09:06;51  992518679;29.0;Para Celulares Vivo;
2020-04-04 18:33:34;51  992518679;5.0;Para Celulares Vivo;
2020-04-04 17:38:57;51  992518679;10.0;Para Celulares Vivo;
2020-04-04 14:00:55;51  984471177;147.0;Para Celulares Vivo;
2020-04-04 13:50:03;51  992518679;41.0;Para Celulares Vivo;
2020-04-03 17:21:09;51  992518679;9.0;Para Celulares Vivo;
2020-04-03 09:40:10;51  999856858;20.0;Para Celulares Vivo;
2020-04-02 20:48:46;51  992518679;32.0;Para Celulares Vivo;
2020-04-02 16:13:39;51  999856858;81.0;Para Celulares Vivo;
2020-04-02 11:53:27;51  992518679;12.0;Para Celulares Vivo;
2020-04-02 11:36:24;51  992518679;5.0;Para Celulares Vivo;
2020-04-02 10:50:47;51  999402284;18.0;Para Celulares Vivo;
2020-03-31;"";49.0;INTERNET MOVEL 2;0.00
2020-04-01;"";121439.5;INTERNET MOVEL 2;0.00
2020-04-02;"";2486.5;INTERNET MOVEL 2;0.00
2020-04-03;"";350.0;INTERNET MOVEL 2;0.00
2020-04-04;"";14591.5;INTERNET MOVEL 2;0.00
2020-04-05;"";6868.0;INTERNET MOVEL 2;0.00
2020-04-06;"";2761.6;INTERNET MOVEL 2;0.00
2020-04-07;"";422.0;INTERNET MOVEL 2;0.00
2020-04-08;"";37352.4;INTERNET MOVEL 2;0.00
2020-04-09;"";92625.6;INTERNET MOVEL 2;0.00
2020-04-10;"";30619.1;INTERNET MOVEL 2;0.00
2020-04-11;"";10521.1;INTERNET MOVEL 2;0.00
2020-04-12;"";1163.0;INTERNET MOVEL 2;0.00
2020-04-13;"";142053.4;INTERNET MOVEL 2;0.00
2020-04-14;"";15023.2;INTERNET MOVEL 2;0.00
2020-04-15;"";106227.1;INTERNET MOVEL 2;0.00
2020-04-16;"";170337.4;INTERNET MOVEL 2;0.00
2020-04-17;"";52555.7;INTERNET MOVEL 2;0.00
2020-04-18;"";15420.3;INTERNET MOVEL 2;0.00
2020-04-19;"";488.0;INTERNET MOVEL 2;0.00
2020-04-20;"";23919.8;INTERNET MOVEL 2;0.00
2020-04-21;"";583.0;INTERNET MOVEL 2;0.00
2020-04-22;"";361.0;INTERNET MOVEL 2;0.00
2020-04-23;"";35334.9;INTERNET MOVEL 2;0.00
2020-04-24;"";106345.5;INTERNET MOVEL 2;0.00
2020-04-25;"";5585.7;INTERNET MOVEL 2;0.00
2020-04-26;"";484.0;INTERNET MOVEL 2;0.00
2020-04-27;"";56328.1;INTERNET MOVEL 2;0.00
2020-04-28;"";57761.1;INTERNET MOVEL 2;0.00
2020-04-29;"";57935.6;INTERNET MOVEL 2;0.00
2020-04-30;"";65975.4;INTERNET MOVEL 2;0.00
2020-05-01;"";86.0;INTERNET MOVEL 2;0.00
