data_hora_inicio;nro_telefone_chamado;duracao_ligacao;desc_categoria;valor_ligacao
2020-04-01 08:12:47;"";1.0;ADICIONAL;0.00
2020-04-30 16:10:01;"";1.0;ADICIONAL;0.00
2020-04-30 09:54:45;"";1.0;ADICIONAL;0.00
2020-04-30 09:34:00;"";1.0;ADICIONAL;0.00
2020-04-29 13:17:16;"";1.0;ADICIONAL;0.00
2020-04-27 16:23:21;"";1.0;ADICIONAL;0.00
2020-04-27 14:26:56;"";1.0;ADICIONAL;0.00
2020-04-24 11:45:39;"";1.0;ADICIONAL;0.00
2020-04-24 10:41:49;"";1.0;ADICIONAL;0.00
2020-04-23 11:51:10;"";1.0;ADICIONAL;0.00
2020-04-23 11:37:38;"";1.0;ADICIONAL;0.00
2020-04-23 10:16:18;"";1.0;ADICIONAL;0.00
2020-04-23 10:15:42;"";1.0;ADICIONAL;0.00
2020-04-23 09:20:01;"";1.0;ADICIONAL;0.00
2020-04-23 07:57:39;"";1.0;ADICIONAL;0.00
2020-04-16 13:29:30;"";1.0;ADICIONAL;0.00
2020-04-16 09:01:32;"";1.0;ADICIONAL;0.00
2020-04-15 18:07:06;"";1.0;ADICIONAL;0.00
2020-04-15 11:55:59;"";1.0;ADICIONAL;0.00
2020-04-15 09:58:47;"";1.0;ADICIONAL;0.00
2020-04-14 13:58:23;"";1.0;ADICIONAL;0.00
2020-04-14 11:47:32;"";1.0;ADICIONAL;0.00
2020-04-14 11:36:20;"";1.0;ADICIONAL;0.00
2020-04-14 11:23:17;"";1.0;ADICIONAL;0.00
2020-04-14 08:37:45;"";1.0;ADICIONAL;0.00
2020-04-13 15:56:13;"";1.0;ADICIONAL;0.00
2020-04-13 13:26:40;"";1.0;ADICIONAL;0.00
2020-04-09 16:36:56;"";1.0;ADICIONAL;0.00
2020-04-09 09:15:49;"";1.0;ADICIONAL;0.00
2020-04-08 14:05:06;"";1.0;ADICIONAL;0.00
2020-04-08 08:55:59;"";1.0;ADICIONAL;0.00
2020-04-02 17:04:42;"";1.0;ADICIONAL;0.00
2020-04-30 13:20:52;51  981861609;5.0;Para Celulares Vivo;
2020-04-23 09:16:54;51  991223844;26.0;Para Celulares Vivo;
2020-04-17 07:18:25;51  996820018;5.0;Para Celulares Vivo;
2020-04-16 13:04:42;51  981861609;5.0;Para Celulares Vivo;
2020-04-15 18:37:01;51  996922316;5.0;Para Celulares Vivo;
2020-04-15 17:40:45;51  996922316;43.0;Para Celulares Vivo;
2020-04-13 16:50:37;51  991223844;17.0;Para Celulares Vivo;
2020-04-09 12:39:20;51  981861609;7.0;Para Celulares Vivo;
2020-04-30 13:20:52;51  981861609;0.0;Adicional por Ligacoes Realizadas;
2020-04-23 09:16:54;51  991223844;0.0;Adicional por Ligacoes Realizadas;
2020-04-17 07:18:25;51  996820018;0.0;Adicional por Ligacoes Realizadas;
2020-04-16 13:04:42;51  981861609;0.0;Adicional por Ligacoes Realizadas;
2020-04-15 18:37:01;51  996922316;0.0;Adicional por Ligacoes Realizadas;
2020-04-15 17:40:45;51  996922316;0.0;Adicional por Ligacoes Realizadas;
2020-04-13 16:50:37;51  991223844;0.0;Adicional por Ligacoes Realizadas;
2020-04-09 12:39:20;51  981861609;0.0;Adicional por Ligacoes Realizadas;
2020-04-30 16:10:01;    ;8.0;Chamadas de Longa Distancia para Outros Estados;
2020-04-30 09:54:45;    ;15.0;Chamadas de Longa Distancia para Outros Estados;
2020-04-30 09:34:00;    ;21.0;Chamadas de Longa Distancia para Outros Estados;
2020-04-29 13:17:16;    ;8.0;Chamadas de Longa Distancia para Outros Estados;
2020-04-27 16:23:21;    ;41.0;Chamadas de Longa Distancia para Outros Estados;
2020-04-27 14:26:56;    ;12.0;Chamadas de Longa Distancia para Outros Estados;
2020-04-24 11:45:39;    ;5.0;Chamadas de Longa Distancia para Outros Estados;
2020-04-24 10:41:49;    ;6.0;Chamadas de Longa Distancia para Outros Estados;
2020-04-23 11:51:10;    ;6.0;Chamadas de Longa Distancia para Outros Estados;
2020-04-23 11:37:38;    ;39.0;Chamadas de Longa Distancia para Outros Estados;
2020-04-23 10:16:18;    ;6.0;Chamadas de Longa Distancia para Outros Estados;
2020-04-23 10:15:42;    ;5.0;Chamadas de Longa Distancia para Outros Estados;
2020-04-23 09:20:01;    ;5.0;Chamadas de Longa Distancia para Outros Estados;
2020-04-23 07:57:39;    ;24.0;Chamadas de Longa Distancia para Outros Estados;
2020-04-23 07:57:39;    ;38.0;Chamadas de Longa Distancia para Outros Estados;
2020-04-16 13:29:30;    ;55.0;Chamadas de Longa Distancia para Outros Estados;
2020-04-16 09:01:32;    ;41.0;Chamadas de Longa Distancia para Outros Estados;
2020-04-15 18:07:06;    ;16.0;Chamadas de Longa Distancia para Outros Estados;
2020-04-15 11:55:59;    ;5.0;Chamadas de Longa Distancia para Outros Estados;
2020-04-15 09:58:47;    ;57.0;Chamadas de Longa Distancia para Outros Estados;
2020-04-14 13:58:23;    ;12.0;Chamadas de Longa Distancia para Outros Estados;
2020-04-14 11:47:32;    ;5.0;Chamadas de Longa Distancia para Outros Estados;
2020-04-14 11:36:20;    ;6.0;Chamadas de Longa Distancia para Outros Estados;
2020-04-14 11:23:17;    ;11.0;Chamadas de Longa Distancia para Outros Estados;
2020-04-14 08:37:45;    ;5.0;Chamadas de Longa Distancia para Outros Estados;
2020-04-13 15:56:13;    ;123.0;Chamadas de Longa Distancia para Outros Estados;
2020-04-13 13:26:40;    ;18.0;Chamadas de Longa Distancia para Outros Estados;
2020-04-09 16:36:56;    ;9.0;Chamadas de Longa Distancia para Outros Estados;
2020-04-09 09:15:49;    ;14.0;Chamadas de Longa Distancia para Outros Estados;
2020-04-08 14:05:06;    ;36.0;Chamadas de Longa Distancia para Outros Estados;
2020-04-08 08:55:59;    ;10.0;Chamadas de Longa Distancia para Outros Estados;
2020-04-02 17:04:42;    ;7.0;Chamadas de Longa Distancia para Outros Estados;
2020-04-01 08:12:47;    ;28.0;Chamadas de Longa Distancia para Outros Estados;
