data_hora_inicio;nro_telefone_chamado;duracao_ligacao;desc_categoria;valor_ligacao
2020-04-01 12:41:42;51  992592824;8.0;Para Celulares Vivo;
2020-04-01 09:58:29;51  993189630;192.0;Para Celulares Vivo;
2020-04-26 08:59:36;51  33475675;6.0;Para Fixo de Outras Operadoras;
2020-04-19 09:00:46;51  33475675;10.0;Para Fixo de Outras Operadoras;
2020-04-12 08:58:13;51  33475675;5.0;Para Fixo de Outras Operadoras;
2020-04-05 18:13:17;51  33475675;21.0;Para Fixo de Outras Operadoras;
2020-04-05 09:00:16;51  33475675;5.0;Para Fixo de Outras Operadoras;
2020-04-05 08:59:03;51  33475675;5.0;Para Fixo de Outras Operadoras;
2020-04-30 17:38:43;51  991722020;222.0;Para Celulares de Outras Operadoras;
2020-04-22 18:17:17;51  989040077;106.0;Para Celulares de Outras Operadoras;
2020-04-17 11:40:24;51  989040077;21.0;Para Celulares de Outras Operadoras;
2020-04-16 18:30:54;51  991722020;204.0;Para Celulares de Outras Operadoras;
2020-04-16 18:02:45;51  989040077;171.0;Para Celulares de Outras Operadoras;
2020-04-13 15:01:30;51  981675493;172.0;Para Celulares de Outras Operadoras;
2020-04-03 10:56:38;51  991722020;14.0;Para Celulares de Outras Operadoras;
2020-04-03 10:41:30;51  989040077;141.0;Para Celulares de Outras Operadoras;
2020-04-02 17:50:54;51  991722020;281.0;Para Celulares de Outras Operadoras;
2020-04-16 08:09:50;51  21313333;10.0;Para Fixo Vivo;
2020-04-16 08:08:38;51  21313333;7.0;Para Fixo Vivo;
2020-04-16 08:07:06;51  21313333;5.0;Para Fixo Vivo;
2020-04-19 18:54:59;51  992592824;7.0;Para Celulares Vivo;
2020-04-19 17:57:04;51  992592824;13.0;Para Celulares Vivo;
2020-04-19 17:07:32;51  992592824;11.0;Para Celulares Vivo;
2020-04-08 16:48:43;51  992592824;5.0;Para Celulares Vivo;
2020-04-06 11:48:54;51  984274504;5.0;Para Celulares Vivo;
2020-04-06 11:42:29;51  984274504;58.0;Para Celulares Vivo;
2020-04-05 18:27:47;51  992592824;7.0;Para Celulares Vivo;
2020-04-05 18:10:49;51  992592824;12.0;Para Celulares Vivo;
2020-04-05 18:08:43;51  992592824;16.0;Para Celulares Vivo;
2020-04-03 16:28:02;51  984274504;57.0;Para Celulares Vivo;
2020-04-02 17:14:50;51  992592824;10.0;Para Celulares Vivo;
2020-03-31;"";84224.4;INTERNET MOVEL 2;0.00
2020-04-01;"";69660.6;INTERNET MOVEL 2;0.00
2020-04-02;"";225057.4;INTERNET MOVEL 2;0.00
2020-04-03;"";32847.9;INTERNET MOVEL 2;0.00
2020-04-04;"";28318.7;INTERNET MOVEL 2;0.00
2020-04-05;"";94604.7;INTERNET MOVEL 2;0.00
2020-04-06;"";28872.8;INTERNET MOVEL 2;0.00
2020-04-07;"";85808.6;INTERNET MOVEL 2;0.00
2020-04-08;"";64727.2;INTERNET MOVEL 2;0.00
2020-04-09;"";164392.4;INTERNET MOVEL 2;0.00
2020-04-10;"";169606.2;INTERNET MOVEL 2;0.00
2020-04-11;"";78300.1;INTERNET MOVEL 2;0.00
2020-04-12;"";89336.2;INTERNET MOVEL 2;0.00
2020-04-13;"";89031.5;INTERNET MOVEL 2;0.00
2020-04-14;"";54358.4;INTERNET MOVEL 2;0.00
2020-04-15;"";147269.3;INTERNET MOVEL 2;0.00
2020-04-16;"";94327.3;INTERNET MOVEL 2;0.00
2020-04-17;"";114747.8;INTERNET MOVEL 2;0.00
2020-04-18;"";43779.8;INTERNET MOVEL 2;0.00
2020-04-19;"";148565.3;INTERNET MOVEL 2;0.00
2020-04-20;"";75787.0;INTERNET MOVEL 2;0.00
2020-04-21;"";36562.6;INTERNET MOVEL 2;0.00
2020-04-22;"";63311.6;INTERNET MOVEL 2;0.00
2020-04-23;"";140528.5;INTERNET MOVEL 2;0.00
2020-04-24;"";81311.2;INTERNET MOVEL 2;0.00
2020-04-25;"";95277.0;INTERNET MOVEL 2;0.00
2020-04-26;"";203476.5;INTERNET MOVEL 2;0.00
2020-04-27;"";63283.7;INTERNET MOVEL 2;0.00
2020-04-28;"";78083.2;INTERNET MOVEL 2;0.00
2020-04-29;"";16561.6;INTERNET MOVEL 2;0.00
2020-04-30;"";70052.3;INTERNET MOVEL 2;0.00
2020-05-01;"";87.0;INTERNET MOVEL 2;0.00
