data_hora_inicio;nro_telefone_chamado;duracao_ligacao;desc_categoria;valor_ligacao
2020-04-15 14:42:39;53  21288304;76.0;Para Fixo de Outras Operadoras;
2020-04-13 20:19:41;53  32733947;54.0;Para Fixo de Outras Operadoras;
2020-04-07 19:27:48;53  32733947;125.0;Para Fixo de Outras Operadoras;
2020-04-06 20:17:17;53  21288304;38.0;Para Fixo de Outras Operadoras;
2020-04-06 18:28:11;53  21288304;9.0;Para Fixo de Outras Operadoras;
2020-04-06 00:00:25;53  21288304;12.0;Para Fixo de Outras Operadoras;
2020-04-04 06:47:30;53  21288304;8.0;Para Fixo de Outras Operadoras;
2020-04-03 22:11:21;53  21288304;28.0;Para Fixo de Outras Operadoras;
2020-04-11 12:08:10;53  32733947;20.0;Para Fixo de Outras Operadoras;
2020-04-04 10:59:51;53  991841061;5.0;Para Celulares de Outras Operadoras;
2020-04-20 14:50:06;51  33522758;79.0;Para Fixo de Outras Operadoras;
2020-04-17 21:09:54;51  35088586;9.0;Para Fixo de Outras Operadoras;
2020-04-14 13:40:10;51  33522758;30.0;Para Fixo de Outras Operadoras;
2020-04-13 14:56:15;51  33522758;500.0;Para Fixo de Outras Operadoras;
2020-04-08 15:41:42;51  33522758;339.0;Para Fixo de Outras Operadoras;
2020-04-06 15:01:42;51  32167400;11.0;Para Fixo de Outras Operadoras;
2020-04-02 09:27:44;51  33341324;20.0;Para Fixo de Outras Operadoras;
2020-04-27 15:38:26;51  993591312;16.0;Para Celulares de Outras Operadoras;
2020-04-20 17:29:46;51  985819680;5.0;Para Celulares de Outras Operadoras;
2020-04-16 11:33:24;51  985819680;5.0;Para Celulares de Outras Operadoras;
2020-04-12 22:49:43;51  984788705;5.0;Para Celulares de Outras Operadoras;
2020-04-09 20:58:21;51  984788705;13.0;Para Celulares de Outras Operadoras;
2020-04-09 20:57:20;51  984788705;5.0;Para Celulares de Outras Operadoras;
2020-04-08 12:53:04;51  984788705;16.0;Para Celulares de Outras Operadoras;
2020-04-07 10:24:02;51  985880186;28.0;Para Celulares de Outras Operadoras;
2020-04-03 12:06:16;51  984788705;9.0;Para Celulares de Outras Operadoras;
2020-04-02 20:06:22;51  985819680;122.0;Para Celulares de Outras Operadoras;
2020-04-02 12:32:53;51  984788705;5.0;Para Celulares de Outras Operadoras;
2020-04-29 13:50:41;51  30196130;5.0;Para Fixo Vivo;
2020-04-06 15:50:46;51  30199346;7.0;Para Fixo Vivo;
2020-04-27 19:18:59;51  996822723;120.0;Para Celulares Vivo;
2020-04-20 17:23:37;51  992592847;5.0;Para Celulares Vivo;
2020-04-13 20:16:40;51  998211160;6.0;Para Celulares Vivo;
2020-04-13 10:35:22;51  996985680;26.0;Para Celulares Vivo;
2020-04-13 10:29:16;51  998151878;7.0;Para Celulares Vivo;
2020-04-13 10:11:36;51  998211160;8.0;Para Celulares Vivo;
2020-04-07 10:21:55;51  998364171;7.0;Para Celulares Vivo;
2020-04-02 14:24:42;51  992592847;5.0;Para Celulares Vivo;
2020-03-31;"";88.0;INTERNET MOVEL 2;0.00
2020-04-01;"";692.0;INTERNET MOVEL 2;0.00
2020-04-02;"";1656.0;INTERNET MOVEL 2;0.00
2020-04-03;"";903.0;INTERNET MOVEL 2;0.00
2020-04-04;"";18485.4;INTERNET MOVEL 2;0.00
2020-04-05;"";3810.0;INTERNET MOVEL 2;0.00
2020-04-06;"";2103.0;INTERNET MOVEL 2;0.00
2020-04-07;"";1311.0;INTERNET MOVEL 2;0.00
2020-04-08;"";1959.0;INTERNET MOVEL 2;0.00
2020-04-09;"";932.0;INTERNET MOVEL 2;0.00
2020-04-10;"";14205.0;INTERNET MOVEL 2;0.00
2020-04-11;"";1683.0;INTERNET MOVEL 2;0.00
2020-04-12;"";11057.7;INTERNET MOVEL 2;0.00
2020-04-13;"";2389.0;INTERNET MOVEL 2;0.00
2020-04-14;"";2813.9;INTERNET MOVEL 2;0.00
2020-04-15;"";872.0;INTERNET MOVEL 2;0.00
2020-04-16;"";1174.0;INTERNET MOVEL 2;0.00
2020-04-17;"";13694.4;INTERNET MOVEL 2;0.00
2020-04-18;"";1047.0;INTERNET MOVEL 2;0.00
2020-04-19;"";875.0;INTERNET MOVEL 2;0.00
2020-04-20;"";2288.2;INTERNET MOVEL 2;0.00
2020-04-21;"";1485.0;INTERNET MOVEL 2;0.00
2020-04-22;"";1049.0;INTERNET MOVEL 2;0.00
2020-04-23;"";890.0;INTERNET MOVEL 2;0.00
2020-04-24;"";847.0;INTERNET MOVEL 2;0.00
2020-04-25;"";23406.1;INTERNET MOVEL 2;0.00
2020-04-26;"";2585.0;INTERNET MOVEL 2;0.00
2020-04-27;"";819.0;INTERNET MOVEL 2;0.00
2020-04-28;"";2545.8;INTERNET MOVEL 2;0.00
2020-04-29;"";4443.0;INTERNET MOVEL 2;0.00
2020-04-30;"";557.0;INTERNET MOVEL 2;0.00
