data_hora_inicio;nro_telefone_chamado;duracao_ligacao;desc_categoria;valor_ligacao
2020-04-01 09:22:50;53  32711134;5.0;Para Fixo de Outras Operadoras;
2020-04-24 15:58:36;51  32242103;5.0;Para Fixo de Outras Operadoras;
2020-04-08 15:44:40;11  21785777;29.0;Para Fixo de Outras Operadoras;
2020-04-09 20:59:10;51  996642542;5.0;Para Celulares de Outras Operadoras;
2020-04-24 09:42:37;11  55826396;25.0;Para Fixo Vivo;
2020-04-06 10:04:29;51  32270607;128.0;Para Fixo Vivo;
2020-04-23 16:52:46;51  998427333;71.0;Para Celulares Vivo;
2020-04-20 15:35:42;51  998427333;38.0;Para Celulares Vivo;
2020-04-20 13:38:39;51  998427333;37.0;Para Celulares Vivo;
2020-04-20 13:31:09;51  998427333;60.0;Para Celulares Vivo;
2020-04-18 19:51:21;51  998427333;85.0;Para Celulares Vivo;
2020-04-18 19:49:37;51  998427333;15.0;Para Celulares Vivo;
2020-04-17 22:41:09;51  998427333;5.0;Para Celulares Vivo;
2020-04-12 21:12:37;51  998427333;5.0;Para Celulares Vivo;
2020-04-08 22:24:12;51  998427333;23.0;Para Celulares Vivo;
2020-04-07 19:16:35;51  998427333;26.0;Para Celulares Vivo;
2020-04-04 21:02:17;51  998427333;5.0;Para Celulares Vivo;
2020-04-03 21:10:19;51  998427333;5.0;Para Celulares Vivo;
2020-04-03 19:08:26;51  995112038;136.0;Para Celulares Vivo;
2020-04-03 11:08:37;51  992592817;5.0;Para Celulares Vivo;
2020-04-03 10:30:23;51  984274504;5.0;Para Celulares Vivo;
2020-04-07 12:43:56;17  639994300;10.0;"";
2020-04-02 11:38:21;54  9116275393;127.0;"";
2020-04-25 18:31:13;53  32711134;5.0;Para Fixo de Outras Operadoras;
2020-04-25 18:28:29;53  32711134;24.0;Para Fixo de Outras Operadoras;
2020-04-25 10:16:50;53  32711134;44.0;Para Fixo de Outras Operadoras;
2020-04-24 19:45:46;53  32711134;5.0;Para Fixo de Outras Operadoras;
2020-04-26 12:08:00;03  001157007;304.0;"";
2020-04-26 12:06:38;03  001157007;6.0;"";
2020-04-26 11:35:30;03  001157007;308.0;"";
2020-04-20 20:22:12;53  32281499;11.0;Para Fixo de Outras Operadoras;
2020-04-20 20:17:46;53  32281499;5.0;Para Fixo de Outras Operadoras;
2020-04-10 11:59:36;53  32711134;5.0;Para Fixo de Outras Operadoras;
2020-04-08 16:09:44;53  40048282;25.0;Para Fixo de Outras Operadoras;
2020-04-08 15:39:10;53  40048282;47.0;Para Fixo de Outras Operadoras;
2020-04-08 15:31:20;53  40048282;61.0;Para Fixo de Outras Operadoras;
2020-04-02 09:22:05;53  32711134;11.0;Para Fixo de Outras Operadoras;
2020-04-24 09:12:24;53  984013754;6.0;Para Celulares de Outras Operadoras;
2020-04-01;"";72455.7;INTERNET MOVEL 2;0.00
2020-04-02;"";169276.0;INTERNET MOVEL 2;0.00
2020-04-03;"";69570.3;INTERNET MOVEL 2;0.00
2020-04-04;"";71126.5;INTERNET MOVEL 2;0.00
2020-04-05;"";146703.4;INTERNET MOVEL 2;0.00
2020-04-06;"";92667.6;INTERNET MOVEL 2;0.00
2020-04-07;"";60404.5;INTERNET MOVEL 2;0.00
2020-04-08;"";100490.4;INTERNET MOVEL 2;0.00
2020-04-09;"";172466.9;INTERNET MOVEL 2;0.00
2020-04-10;"";71316.1;INTERNET MOVEL 2;0.00
2020-04-11;"";163984.8;INTERNET MOVEL 2;0.00
2020-04-12;"";99742.2;INTERNET MOVEL 2;0.00
2020-04-13;"";136972.2;INTERNET MOVEL 2;0.00
2020-04-14;"";51174.9;INTERNET MOVEL 2;0.00
2020-04-15;"";84844.2;INTERNET MOVEL 2;0.00
2020-04-16;"";80427.4;INTERNET MOVEL 2;0.00
2020-04-17;"";58829.9;INTERNET MOVEL 2;0.00
2020-04-18;"";111697.8;INTERNET MOVEL 2;0.00
2020-04-19;"";100325.9;INTERNET MOVEL 2;0.00
2020-04-20;"";217933.0;INTERNET MOVEL 2;0.00
2020-04-21;"";128383.9;INTERNET MOVEL 2;0.00
2020-04-22;"";273605.3;INTERNET MOVEL 2;0.00
2020-04-23;"";62418.3;INTERNET MOVEL 2;0.00
2020-04-24;"";213284.1;INTERNET MOVEL 2;0.00
2020-04-25;"";24339.5;INTERNET MOVEL 2;0.00
2020-04-26;"";56509.3;INTERNET MOVEL 2;0.00
2020-04-27;"";26880.9;INTERNET MOVEL 2;0.00
2020-04-28;"";47876.7;INTERNET MOVEL 2;0.00
2020-04-29;"";107612.5;INTERNET MOVEL 2;0.00
2020-04-30;"";26400.2;INTERNET MOVEL 2;0.00
