data_hora_inicio;nro_telefone_chamado;duracao_ligacao;desc_categoria;valor_ligacao
2020-04-01 15:52:20;51  996314131;8.0;Para Celulares de Outras Operadoras;
2020-04-01 10:49:58;51  994610494;75.0;Para Celulares de Outras Operadoras;
2020-04-01 16:41:16;51  998311708;5.0;Para Celulares Vivo;
2020-04-01 16:04:07;51  993360720;5.0;Para Celulares Vivo;
2020-04-01 13:31:48;51  993360720;9.0;Para Celulares Vivo;
2020-04-23 13:31:31;*5  55;6.0;"";
2020-04-23 13:30:25;*5  55;5.0;"";
2020-04-23 13:29:07;*5  55;8.0;"";
2020-04-14 17:23:34;*5  55;8.0;"";
2020-04-14 17:22:44;*5  55;5.0;"";
2020-04-14 15:14:18;*5  55;5.0;"";
2020-04-09 18:59:45;*5  55;7.0;"";
2020-04-09 18:58:50;*5  55;5.0;"";
2020-04-03 18:07:41;*5  55;5.0;"";
2020-04-06 12:20:00;51  30045858;5.0;Para Fixo de Outras Operadoras;
2020-04-06 10:45:29;51  34691095;10.0;Para Fixo de Outras Operadoras;
2020-04-28 15:20:41;51  996314131;5.0;Para Celulares de Outras Operadoras;
2020-04-27 13:15:01;51  984929259;5.0;Para Celulares de Outras Operadoras;
2020-04-27 13:13:10;51  984929259;5.0;Para Celulares de Outras Operadoras;
2020-04-27 10:56:52;51  984929259;5.0;Para Celulares de Outras Operadoras;
2020-04-23 09:03:09;51  985666828;5.0;Para Celulares de Outras Operadoras;
2020-04-15 12:32:35;51  981371136;28.0;Para Celulares de Outras Operadoras;
2020-04-08 12:00:21;51  993106634;8.0;Para Celulares de Outras Operadoras;
2020-04-07 08:56:22;51  991854580;5.0;Para Celulares de Outras Operadoras;
2020-04-21 14:34:56;51  30033030;32.0;Para Fixo Vivo;
2020-04-21 14:31:49;51  30033030;24.0;Para Fixo Vivo;
2020-04-17 13:15:43;51  30422013;14.0;Para Fixo Vivo;
2020-04-04 12:35:51;51  34889449;12.0;Para Fixo Vivo;
2020-04-30 08:43:37;51  991026438;5.0;Para Celulares Vivo;
2020-04-28 08:55:55;51  995105815;5.0;Para Celulares Vivo;
2020-04-27 09:46:30;51  991943334;5.0;Para Celulares Vivo;
2020-04-27 08:56:15;51  991943334;5.0;Para Celulares Vivo;
2020-04-27 08:06:56;51  991026438;5.0;Para Celulares Vivo;
2020-04-24 09:42:50;51  991026438;5.0;Para Celulares Vivo;
2020-04-24 08:21:46;51  991943334;5.0;Para Celulares Vivo;
2020-04-23 10:43:56;51  991026438;5.0;Para Celulares Vivo;
2020-04-22 11:19:01;51  991026438;5.0;Para Celulares Vivo;
2020-04-22 07:58:02;51  991026438;5.0;Para Celulares Vivo;
2020-04-22 07:46:18;51  991026438;5.0;Para Celulares Vivo;
2020-04-17 10:01:31;51  995105815;7.0;Para Celulares Vivo;
2020-04-16 15:53:16;51  995105815;7.0;Para Celulares Vivo;
2020-04-16 10:48:30;51  991026438;5.0;Para Celulares Vivo;
2020-04-16 09:18:10;51  995105815;5.0;Para Celulares Vivo;
2020-04-15 16:01:42;51  995105815;5.0;Para Celulares Vivo;
2020-04-14 08:42:24;51  995105815;6.0;Para Celulares Vivo;
2020-04-13 14:26:36;51  995105815;5.0;Para Celulares Vivo;
2020-04-12 22:15:21;51  996440471;5.0;Para Celulares Vivo;
2020-04-12 22:02:32;51  996440471;5.0;Para Celulares Vivo;
2020-04-09 16:23:03;51  995105815;5.0;Para Celulares Vivo;
2020-04-09 15:20:11;51  989251967;7.0;Para Celulares Vivo;
2020-04-09 13:42:57;51  995105815;16.0;Para Celulares Vivo;
2020-04-08 07:15:25;51  991026438;5.0;Para Celulares Vivo;
2020-04-07 14:43:00;51  995105815;13.0;Para Celulares Vivo;
2020-04-07 13:01:21;51  995105815;5.0;Para Celulares Vivo;
2020-04-07 11:01:09;51  991026438;5.0;Para Celulares Vivo;
2020-04-06 15:41:25;51  995105815;5.0;Para Celulares Vivo;
2020-04-06 13:29:07;51  995105815;7.0;Para Celulares Vivo;
2020-04-06 13:15:56;51  991026438;5.0;Para Celulares Vivo;
2020-04-06 12:01:45;51  992120419;5.0;Para Celulares Vivo;
2020-04-06 11:21:45;51  995105815;5.0;Para Celulares Vivo;
2020-04-03 15:30:00;51  991026438;6.0;Para Celulares Vivo;
2020-04-03 15:29:04;51  989251967;5.0;Para Celulares Vivo;
2020-04-03 13:12:57;51  991026438;5.0;Para Celulares Vivo;
2020-04-03 08:34:09;51  991026438;5.0;Para Celulares Vivo;
2020-04-03 07:48:30;51  991026438;5.0;Para Celulares Vivo;
2020-04-02 14:16:09;51  991026438;5.0;Para Celulares Vivo;
2020-04-02 07:32:46;51  998311708;5.0;Para Celulares Vivo;
2020-03-31;"";252.0;INTERNET MOVEL 2;0.00
2020-04-01;"";590.0;INTERNET MOVEL 2;0.00
2020-04-02;"";768.0;INTERNET MOVEL 2;0.00
2020-04-03;"";44602.2;INTERNET MOVEL 2;0.00
2020-04-04;"";80677.4;INTERNET MOVEL 2;0.00
2020-04-05;"";987.0;INTERNET MOVEL 2;0.00
2020-04-06;"";89027.8;INTERNET MOVEL 2;0.00
2020-04-07;"";33151.1;INTERNET MOVEL 2;0.00
2020-04-08;"";761.0;INTERNET MOVEL 2;0.00
2020-04-09;"";828.0;INTERNET MOVEL 2;0.00
2020-04-10;"";668.0;INTERNET MOVEL 2;0.00
2020-04-11;"";762.0;INTERNET MOVEL 2;0.00
2020-04-12;"";614.0;INTERNET MOVEL 2;0.00
2020-04-13;"";872.0;INTERNET MOVEL 2;0.00
2020-04-14;"";844.0;INTERNET MOVEL 2;0.00
2020-04-15;"";718.0;INTERNET MOVEL 2;0.00
2020-04-16;"";780.0;INTERNET MOVEL 2;0.00
2020-04-17;"";18182.8;INTERNET MOVEL 2;0.00
2020-04-18;"";814.0;INTERNET MOVEL 2;0.00
2020-04-19;"";8545.2;INTERNET MOVEL 2;0.00
2020-04-20;"";85135.2;INTERNET MOVEL 2;0.00
2020-04-21;"";1131.0;INTERNET MOVEL 2;0.00
2020-04-22;"";104588.1;INTERNET MOVEL 2;0.00
2020-04-23;"";33699.8;INTERNET MOVEL 2;0.00
2020-04-24;"";790.0;INTERNET MOVEL 2;0.00
2020-04-25;"";1197.0;INTERNET MOVEL 2;0.00
2020-04-26;"";893.0;INTERNET MOVEL 2;0.00
2020-04-27;"";862.0;INTERNET MOVEL 2;0.00
2020-04-28;"";726.0;INTERNET MOVEL 2;0.00
2020-04-29;"";1168.0;INTERNET MOVEL 2;0.00
2020-04-30;"";1269.0;INTERNET MOVEL 2;0.00
