data_hora_inicio;nro_telefone_chamado;duracao_ligacao;desc_categoria;valor_ligacao
2020-04-28 10:52:41;11984719726;1.0;ADICIONAL;0.00
2020-04-23 09:18:25;"";1.0;ADICIONAL;0.00
2020-04-15 13:47:44;"";1.0;ADICIONAL;0.00
2020-04-15 13:27:13;11984719726;1.0;ADICIONAL;0.00
2020-04-15 10:21:50;"";1.0;ADICIONAL;0.00
2020-04-14 15:29:53;11984719726;1.0;ADICIONAL;0.00
2020-04-10 15:07:34;"";1.0;ADICIONAL;0.00
2020-04-07 13:38:49;11984719726;1.0;ADICIONAL;0.00
2020-04-03 12:57:08;"";1.0;ADICIONAL;0.00
2020-04-01 10:06:03;94  999726000;0.0;Adicional por Ligacoes Realizadas;
2020-04-01 10:06:03;94  999726000;17.0;Para Celulares Vivo;
2020-04-27 14:33:15;11  984719726;14.0;Para Celulares Vivo;
2020-04-23 09:10:33;31  971299534;44.0;Para Celulares Vivo;
2020-04-15 13:21:11;31  996322112;7.0;Para Celulares Vivo;
2020-04-15 12:45:50;31  983934517;83.0;Para Celulares Vivo;
2020-04-15 10:04:33;31  983934517;5.0;Para Celulares Vivo;
2020-04-13 14:28:24;31  996632990;5.0;Para Celulares Vivo;
2020-04-04 13:58:11;31  996632990;7.0;Para Celulares Vivo;
2020-04-02 08:19:13;31  983934517;47.0;Para Celulares Vivo;
2020-04-27 14:33:15;11  984719726;0.0;Adicional por Ligacoes Realizadas;
2020-04-23 09:10:33;31  971299534;0.0;Adicional por Ligacoes Realizadas;
2020-04-15 13:21:11;31  996322112;0.0;Adicional por Ligacoes Realizadas;
2020-04-15 13:18:58;94  991703268;0.0;Adicional por Ligacoes Realizadas;
2020-04-15 12:45:50;31  983934517;0.0;Adicional por Ligacoes Realizadas;
2020-04-15 10:17:24;94  991703268;0.0;Adicional por Ligacoes Realizadas;
2020-04-15 10:04:33;31  983934517;0.0;Adicional por Ligacoes Realizadas;
2020-04-14 15:58:13;94  991286598;0.0;Adicional por Ligacoes Realizadas;
2020-04-13 14:28:24;31  996632990;0.0;Adicional por Ligacoes Realizadas;
2020-04-04 13:58:11;31  996632990;0.0;Adicional por Ligacoes Realizadas;
2020-04-02 08:19:13;31  983934517;0.0;Adicional por Ligacoes Realizadas;
2020-04-15 13:18:58;94  991703268;8.0;Para Celulares Vivo;
2020-04-15 10:17:24;94  991703268;30.0;Para Celulares Vivo;
2020-04-14 15:58:13;94  991286598;17.0;Para Celulares Vivo;
