data_hora_inicio;nro_telefone_chamado;duracao_ligacao;desc_categoria;valor_ligacao
2020-04-28 08:40:06;51999244269;1.0;GRATIS-SMS;0.00
2020-04-24 18:07:09;51981211690;1.0;GRATIS-SMS;0.00
2020-04-01 18:36:45;51  981211690;22.0;Para Celulares de Outras Operadoras;
2020-04-01 16:02:49;51  981211690;5.0;Para Celulares de Outras Operadoras;
2020-04-27 11:02:49;51  34734757;7.0;Para Fixo de Outras Operadoras;
2020-04-25 13:41:46;51  34730291;19.0;Para Fixo de Outras Operadoras;
2020-04-25 10:41:59;51  34595756;29.0;Para Fixo de Outras Operadoras;
2020-04-23 17:28:16;51  34532030;23.0;Para Fixo de Outras Operadoras;
2020-04-23 17:26:57;51  34532030;7.0;Para Fixo de Outras Operadoras;
2020-04-17 18:47:03;51  34732233;18.0;Para Fixo de Outras Operadoras;
2020-04-12 12:13:53;51  34515555;7.0;Para Fixo de Outras Operadoras;
2020-04-27 11:45:35;51  991455582;5.0;Para Celulares de Outras Operadoras;
2020-04-27 11:30:39;51  991455582;5.0;Para Celulares de Outras Operadoras;
2020-04-24 18:28:26;51  981211690;62.0;Para Celulares de Outras Operadoras;
2020-04-21 11:39:52;51  991455582;5.0;Para Celulares de Outras Operadoras;
2020-04-19 09:41:51;51  981211690;36.0;Para Celulares de Outras Operadoras;
2020-04-14 10:10:25;51  991237419;10.0;Para Celulares de Outras Operadoras;
2020-04-14 10:08:22;51  991455582;18.0;Para Celulares de Outras Operadoras;
2020-04-11 19:19:31;51  991237419;26.0;Para Celulares de Outras Operadoras;
2020-04-06 12:26:06;51  991455582;68.0;Para Celulares de Outras Operadoras;
2020-04-03 17:42:44;51  991237419;12.0;Para Celulares de Outras Operadoras;
2020-04-23 17:45:31;51  30602121;15.0;Para Fixo Vivo;
2020-04-22 11:15:25;51  34732843;31.0;Para Fixo Vivo;
2020-04-15 09:25:24;51  981141770;5.0;Para Fixo Vivo;
2020-04-15 09:24:48;51  981141770;5.0;Para Fixo Vivo;
2020-04-30 16:58:03;51  993189630;119.0;Para Celulares Vivo;
2020-04-22 14:46:09;51  999482226;16.0;Para Celulares Vivo;
2020-04-18 11:30:57;51  992592803;10.0;Para Celulares Vivo;
2020-04-14 12:09:59;51  992592757;11.0;Para Celulares Vivo;
2020-04-14 12:08:23;51  992592757;5.0;Para Celulares Vivo;
2020-04-01;"";120.0;INTERNET MOVEL 2;0.00
2020-04-02;"";742.0;INTERNET MOVEL 2;0.00
2020-04-03;"";66550.2;INTERNET MOVEL 2;0.00
2020-04-04;"";511.0;INTERNET MOVEL 2;0.00
2020-04-05;"";1202.0;INTERNET MOVEL 2;0.00
2020-04-06;"";66969.1;INTERNET MOVEL 2;0.00
2020-04-07;"";171.0;INTERNET MOVEL 2;0.00
2020-04-08;"";21927.6;INTERNET MOVEL 2;0.00
2020-04-09;"";369.0;INTERNET MOVEL 2;0.00
2020-04-10;"";526.0;INTERNET MOVEL 2;0.00
2020-04-11;"";1057.0;INTERNET MOVEL 2;0.00
2020-04-12;"";426.0;INTERNET MOVEL 2;0.00
2020-04-13;"";651.0;INTERNET MOVEL 2;0.00
2020-04-14;"";4752.0;INTERNET MOVEL 2;0.00
2020-04-15;"";60867.4;INTERNET MOVEL 2;0.00
2020-04-16;"";78123.1;INTERNET MOVEL 2;0.00
2020-04-17;"";1058.0;INTERNET MOVEL 2;0.00
2020-04-18;"";7930.5;INTERNET MOVEL 2;0.00
2020-04-19;"";508.0;INTERNET MOVEL 2;0.00
2020-04-20;"";2297.0;INTERNET MOVEL 2;0.00
2020-04-21;"";179.0;INTERNET MOVEL 2;0.00
2020-04-22;"";3016.4;INTERNET MOVEL 2;0.00
2020-04-23;"";436.0;INTERNET MOVEL 2;0.00
2020-04-24;"";741.0;INTERNET MOVEL 2;0.00
2020-04-25;"";31197.0;INTERNET MOVEL 2;0.00
2020-04-26;"";9099.5;INTERNET MOVEL 2;0.00
2020-04-27;"";183660.4;INTERNET MOVEL 2;0.00
2020-04-28;"";27416.0;INTERNET MOVEL 2;0.00
2020-04-29;"";184.0;INTERNET MOVEL 2;0.00
2020-04-30;"";70.0;INTERNET MOVEL 2;0.00
2020-05-01;"";6.0;INTERNET MOVEL 2;0.00
