data_hora_inicio;nro_telefone_chamado;duracao_ligacao;desc_categoria;valor_ligacao
2020-04-01;"";144.0;INTERNET MOVEL 2;0.00
2020-04-03;"";13549.4;INTERNET MOVEL 2;0.00
2020-04-04;"";6743.0;INTERNET MOVEL 2;0.00
2020-04-05;"";2031.0;INTERNET MOVEL 2;0.00
2020-04-06;"";6386.0;INTERNET MOVEL 2;0.00
2020-04-08;"";1.0;INTERNET MOVEL 2;0.00
2020-04-10;"";6790.6;INTERNET MOVEL 2;0.00
2020-04-11;"";24.0;INTERNET MOVEL 2;0.00
2020-04-12;"";153.0;INTERNET MOVEL 2;0.00
2020-04-13;"";3814.0;INTERNET MOVEL 2;0.00
2020-04-14;"";11974.0;INTERNET MOVEL 2;0.00
2020-04-15;"";8111.4;INTERNET MOVEL 2;0.00
2020-04-16;"";118.0;INTERNET MOVEL 2;0.00
2020-04-17;"";13015.4;INTERNET MOVEL 2;0.00
2020-04-18;"";46422.2;INTERNET MOVEL 2;0.00
2020-04-19;"";212.0;INTERNET MOVEL 2;0.00
2020-04-20;"";6598.6;INTERNET MOVEL 2;0.00
2020-04-23;"";18516.9;INTERNET MOVEL 2;0.00
2020-04-25;"";33.0;INTERNET MOVEL 2;0.00
2020-04-26;"";121.0;INTERNET MOVEL 2;0.00
2020-04-27;"";37.0;INTERNET MOVEL 2;0.00
2020-04-29;"";1391.0;INTERNET MOVEL 2;0.00
2020-04-30;"";61.0;INTERNET MOVEL 2;0.00
