data_hora_inicio;nro_telefone_chamado;duracao_ligacao;desc_categoria;valor_ligacao
2020-04-01 15:41:01;"";1.0;ADICIONAL;0.00
2020-04-01 08:07:24;"";1.0;ADICIONAL;0.00
2020-04-30 14:48:44;"";1.0;ADICIONAL;0.00
2020-04-30 12:03:21;"";1.0;ADICIONAL;0.00
2020-04-30 11:48:01;"";1.0;ADICIONAL;0.00
2020-04-30 11:34:25;"";1.0;ADICIONAL;0.00
2020-04-30 11:20:48;"";1.0;ADICIONAL;0.00
2020-04-30 11:16:08;"";1.0;ADICIONAL;0.00
2020-04-30 10:02:31;"";1.0;ADICIONAL;0.00
2020-04-30 09:43:57;"";1.0;ADICIONAL;0.00
2020-04-30 09:31:34;"";1.0;ADICIONAL;0.00
2020-04-30 09:14:37;"";1.0;ADICIONAL;0.00
2020-04-30 09:00:47;"";1.0;ADICIONAL;0.00
2020-04-28 17:02:16;"";1.0;ADICIONAL;0.00
2020-04-28 16:51:19;"";1.0;ADICIONAL;0.00
2020-04-28 16:48:47;"";1.0;ADICIONAL;0.00
2020-04-28 16:05:34;1143696569;1.0;ADICIONAL;0.00
2020-04-28 14:02:36;"";1.0;ADICIONAL;0.00
2020-04-27 14:53:59;"";1.0;ADICIONAL;0.00
2020-04-27 14:19:36;"";1.0;ADICIONAL;0.00
2020-04-27 11:37:47;"";1.0;ADICIONAL;0.00
2020-04-27 10:56:58;"";1.0;ADICIONAL;0.00
2020-04-03 08:12:02;"";1.0;ADICIONAL;0.00
2020-04-02 16:40:07;"";1.0;ADICIONAL;0.00
2020-04-02 08:24:10;"";1.0;ADICIONAL;0.00
2020-04-02 07:52:19;"";1.0;ADICIONAL;0.00
2020-04-02 07:25:29;"";1.0;ADICIONAL;0.00
2020-04-30 11:16:08;    ;9.0;Chamadas de Longa Distancia para Outros Estados;
2020-04-30 10:02:31;    ;13.0;Chamadas de Longa Distancia para Outros Estados;
2020-04-30 09:43:57;    ;7.0;Chamadas de Longa Distancia para Outros Estados;
2020-04-30 09:31:34;    ;20.0;Chamadas de Longa Distancia para Outros Estados;
2020-04-30 09:14:37;    ;8.0;Chamadas de Longa Distancia para Outros Estados;
2020-04-30 09:00:47;    ;45.0;Chamadas de Longa Distancia para Outros Estados;
2020-04-28 17:02:16;    ;9.0;Chamadas de Longa Distancia para Outros Estados;
2020-04-28 16:51:19;    ;32.0;Chamadas de Longa Distancia para Outros Estados;
2020-04-28 16:48:47;    ;21.0;Chamadas de Longa Distancia para Outros Estados;
2020-04-28 16:05:34;11  43696569;5.0;Chamadas de Longa Distancia para Outros Estados;
2020-04-28 14:02:36;    ;32.0;Chamadas de Longa Distancia para Outros Estados;
2020-04-27 14:53:59;    ;177.0;Chamadas de Longa Distancia para Outros Estados;
2020-04-27 14:19:36;    ;36.0;Chamadas de Longa Distancia para Outros Estados;
2020-04-27 11:37:47;    ;5.0;Chamadas de Longa Distancia para Outros Estados;
2020-04-27 10:56:58;    ;50.0;Chamadas de Longa Distancia para Outros Estados;
2020-04-24 17:19:18;    ;9.0;Chamadas de Longa Distancia para Outros Estados;
2020-04-24 17:10:01;    ;8.0;Chamadas de Longa Distancia para Outros Estados;
2020-04-24 14:06:20;    ;7.0;Chamadas de Longa Distancia para Outros Estados;
2020-04-24 11:49:53;    ;6.0;Chamadas de Longa Distancia para Outros Estados;
2020-04-24 11:30:34;    ;6.0;Chamadas de Longa Distancia para Outros Estados;
2020-04-24 10:28:52;    ;216.0;Chamadas de Longa Distancia para Outros Estados;
2020-04-24 09:52:05;    ;6.0;Chamadas de Longa Distancia para Outros Estados;
2020-04-24 08:38:41;    ;64.0;Chamadas de Longa Distancia para Outros Estados;
2020-04-23 16:53:18;    ;6.0;Chamadas de Longa Distancia para Outros Estados;
2020-04-23 14:48:26;    ;5.0;Chamadas de Longa Distancia para Outros Estados;
2020-04-23 14:43:52;    ;9.0;Chamadas de Longa Distancia para Outros Estados;
2020-04-22 18:06:56;    ;6.0;Chamadas de Longa Distancia para Outros Estados;
2020-04-22 17:25:18;    ;8.0;Chamadas de Longa Distancia para Outros Estados;
2020-04-22 13:02:24;62  40014300;5.0;Chamadas de Longa Distancia para Outros Estados;
2020-04-20 14:12:53;    ;15.0;Chamadas de Longa Distancia para Outros Estados;
2020-04-20 11:44:43;    ;69.0;Chamadas de Longa Distancia para Outros Estados;
2020-04-20 11:21:10;    ;26.0;Chamadas de Longa Distancia para Outros Estados;
2020-04-20 11:18:25;    ;8.0;Chamadas de Longa Distancia para Outros Estados;
2020-04-20 07:33:44;    ;14.0;Chamadas de Longa Distancia para Outros Estados;
2020-04-17 16:10:42;    ;50.0;Chamadas de Longa Distancia para Outros Estados;
2020-04-17 15:53:17;    ;6.0;Chamadas de Longa Distancia para Outros Estados;
2020-04-17 10:38:20;    ;19.0;Chamadas de Longa Distancia para Outros Estados;
2020-04-17 09:13:27;    ;23.0;Chamadas de Longa Distancia para Outros Estados;
2020-04-17 07:36:33;    ;21.0;Chamadas de Longa Distancia para Outros Estados;
2020-04-17 07:18:25;    ;5.0;Chamadas de Longa Distancia para Outros Estados;
2020-04-17 07:10:51;    ;7.0;Chamadas de Longa Distancia para Outros Estados;
2020-04-16 16:45:58;    ;13.0;Chamadas de Longa Distancia para Outros Estados;
2020-04-16 16:12:07;    ;25.0;Chamadas de Longa Distancia para Outros Estados;
2020-04-16 14:03:51;    ;83.0;Chamadas de Longa Distancia para Outros Estados;
2020-04-16 13:50:35;    ;23.0;Chamadas de Longa Distancia para Outros Estados;
2020-04-16 11:46:03;    ;7.0;Chamadas de Longa Distancia para Outros Estados;
2020-04-16 11:45:07;    ;7.0;Chamadas de Longa Distancia para Outros Estados;
2020-04-16 11:36:38;    ;7.0;Chamadas de Longa Distancia para Outros Estados;
2020-04-15 20:01:01;    ;5.0;Chamadas de Longa Distancia para Outros Estados;
2020-04-15 17:04:52;    ;8.0;Chamadas de Longa Distancia para Outros Estados;
2020-04-15 16:31:20;    ;50.0;Chamadas de Longa Distancia para Outros Estados;
2020-04-15 16:17:46;    ;13.0;Chamadas de Longa Distancia para Outros Estados;
2020-04-15 15:40:43;    ;18.0;Chamadas de Longa Distancia para Outros Estados;
2020-04-15 11:44:53;    ;5.0;Chamadas de Longa Distancia para Outros Estados;
2020-04-15 10:03:37;    ;28.0;Chamadas de Longa Distancia para Outros Estados;
2020-04-15 06:18:14;    ;5.0;Chamadas de Longa Distancia para Outros Estados;
2020-04-14 15:33:21;    ;12.0;Chamadas de Longa Distancia para Outros Estados;
2020-04-14 08:32:20;    ;13.0;Chamadas de Longa Distancia para Outros Estados;
2020-04-13 18:00:05;    ;7.0;Chamadas de Longa Distancia para Outros Estados;
2020-04-13 14:47:29;    ;9.0;Chamadas de Longa Distancia para Outros Estados;
2020-04-13 12:21:25;    ;26.0;Chamadas de Longa Distancia para Outros Estados;
2020-04-09 14:57:12;    ;5.0;Chamadas de Longa Distancia para Outros Estados;
2020-04-09 14:39:00;    ;5.0;Chamadas de Longa Distancia para Outros Estados;
2020-04-09 12:04:35;    ;9.0;Chamadas de Longa Distancia para Outros Estados;
2020-04-09 10:38:09;    ;31.0;Chamadas de Longa Distancia para Outros Estados;
2020-04-09 09:53:51;    ;26.0;Chamadas de Longa Distancia para Outros Estados;
2020-04-09 07:03:13;    ;28.0;Chamadas de Longa Distancia para Outros Estados;
2020-04-08 15:06:35;    ;6.0;Chamadas de Longa Distancia para Outros Estados;
2020-04-08 14:40:13;    ;134.0;Chamadas de Longa Distancia para Outros Estados;
2020-04-08 08:52:37;    ;73.0;Chamadas de Longa Distancia para Outros Estados;
2020-04-08 08:36:20;    ;15.0;Chamadas de Longa Distancia para Outros Estados;
2020-04-07 15:11:58;    ;14.0;Chamadas de Longa Distancia para Outros Estados;
2020-04-06 11:27:36;    ;17.0;Chamadas de Longa Distancia para Outros Estados;
2020-04-06 10:08:31;    ;64.0;Chamadas de Longa Distancia para Outros Estados;
2020-04-06 09:21:32;    ;11.0;Chamadas de Longa Distancia para Outros Estados;
2020-04-06 08:55:55;    ;15.0;Chamadas de Longa Distancia para Outros Estados;
2020-04-06 08:14:34;    ;60.0;Chamadas de Longa Distancia para Outros Estados;
2020-04-03 09:13:15;    ;13.0;Chamadas de Longa Distancia para Outros Estados;
2020-04-03 08:58:07;    ;10.0;Chamadas de Longa Distancia para Outros Estados;
2020-04-24 17:19:18;"";1.0;ADICIONAL;0.00
2020-04-24 17:10:01;"";1.0;ADICIONAL;0.00
2020-04-24 14:06:20;"";1.0;ADICIONAL;0.00
2020-04-24 11:49:53;"";1.0;ADICIONAL;0.00
2020-04-24 11:30:34;"";1.0;ADICIONAL;0.00
2020-04-24 10:28:52;"";1.0;ADICIONAL;0.00
2020-04-24 09:52:05;"";1.0;ADICIONAL;0.00
2020-04-24 08:38:41;"";1.0;ADICIONAL;0.00
2020-04-23 16:53:18;"";1.0;ADICIONAL;0.00
2020-04-23 14:48:26;"";1.0;ADICIONAL;0.00
2020-04-23 14:43:52;"";1.0;ADICIONAL;0.00
2020-04-22 18:06:56;"";1.0;ADICIONAL;0.00
2020-04-22 17:25:18;"";1.0;ADICIONAL;0.00
2020-04-22 13:02:24;6240014300;1.0;ADICIONAL;0.00
2020-04-20 14:12:53;"";1.0;ADICIONAL;0.00
2020-04-20 11:44:43;"";1.0;ADICIONAL;0.00
2020-04-20 11:21:10;"";1.0;ADICIONAL;0.00
2020-04-20 11:18:25;"";1.0;ADICIONAL;0.00
2020-04-20 07:33:44;"";1.0;ADICIONAL;0.00
2020-04-17 16:10:42;"";1.0;ADICIONAL;0.00
2020-04-17 15:53:17;"";1.0;ADICIONAL;0.00
2020-04-17 10:38:20;"";1.0;ADICIONAL;0.00
2020-04-17 09:13:27;"";1.0;ADICIONAL;0.00
2020-04-17 07:36:33;"";1.0;ADICIONAL;0.00
2020-04-17 07:18:25;"";1.0;ADICIONAL;0.00
2020-04-17 07:10:51;"";1.0;ADICIONAL;0.00
2020-04-16 16:45:58;"";1.0;ADICIONAL;0.00
2020-04-16 16:12:07;"";1.0;ADICIONAL;0.00
2020-04-16 14:03:51;"";1.0;ADICIONAL;0.00
2020-04-16 13:50:35;"";1.0;ADICIONAL;0.00
2020-04-16 11:46:03;"";1.0;ADICIONAL;0.00
2020-04-16 11:45:07;"";1.0;ADICIONAL;0.00
2020-04-16 11:36:38;"";1.0;ADICIONAL;0.00
2020-04-15 20:01:01;"";1.0;ADICIONAL;0.00
2020-04-15 17:04:52;"";1.0;ADICIONAL;0.00
2020-04-15 16:31:20;"";1.0;ADICIONAL;0.00
2020-04-15 16:17:46;"";1.0;ADICIONAL;0.00
2020-04-15 15:40:43;"";1.0;ADICIONAL;0.00
2020-04-15 11:44:53;"";1.0;ADICIONAL;0.00
2020-04-15 10:03:37;"";1.0;ADICIONAL;0.00
2020-04-15 06:18:14;"";1.0;ADICIONAL;0.00
2020-04-14 15:33:21;"";1.0;ADICIONAL;0.00
2020-04-14 08:32:20;"";1.0;ADICIONAL;0.00
2020-04-13 18:00:05;"";1.0;ADICIONAL;0.00
2020-04-13 14:47:29;"";1.0;ADICIONAL;0.00
2020-04-13 12:21:25;"";1.0;ADICIONAL;0.00
2020-04-09 14:57:12;"";1.0;ADICIONAL;0.00
2020-04-09 14:39:00;"";1.0;ADICIONAL;0.00
2020-04-09 12:04:35;"";1.0;ADICIONAL;0.00
2020-04-09 10:38:09;"";1.0;ADICIONAL;0.00
2020-04-09 09:53:51;"";1.0;ADICIONAL;0.00
2020-04-09 07:03:13;"";1.0;ADICIONAL;0.00
2020-04-08 15:06:35;"";1.0;ADICIONAL;0.00
2020-04-08 14:40:13;"";1.0;ADICIONAL;0.00
2020-04-08 08:52:37;"";1.0;ADICIONAL;0.00
2020-04-08 08:36:20;"";1.0;ADICIONAL;0.00
2020-04-07 15:11:58;"";1.0;ADICIONAL;0.00
2020-04-06 11:27:36;"";1.0;ADICIONAL;0.00
2020-04-06 10:08:31;"";1.0;ADICIONAL;0.00
2020-04-06 09:21:32;"";1.0;ADICIONAL;0.00
2020-04-06 08:55:55;"";1.0;ADICIONAL;0.00
2020-04-06 08:14:34;"";1.0;ADICIONAL;0.00
2020-04-03 09:13:15;"";1.0;ADICIONAL;0.00
2020-04-03 08:58:07;"";1.0;ADICIONAL;0.00
2020-04-01 16:08:34;98  984708070;0.0;Adicional por Ligacoes Realizadas;
2020-04-01 11:31:09;51  992592959;0.0;Adicional por Ligacoes Realizadas;
2020-04-01 10:38:17;51  21313333;0.0;Adicional por Ligacoes Realizadas;
2020-04-01 09:27:49;51  21313333;0.0;Adicional por Ligacoes Realizadas;
2020-04-01 16:08:34;98  984708070;24.0;Para Celulares de Outras Operadoras;
2020-04-01 10:38:17;51  21313333;42.0;Para Fixo Vivo;
2020-04-01 09:27:49;51  21313333;125.0;Para Fixo Vivo;
2020-04-28 16:30:58;51  981271920;108.0;Para Celulares de Outras Operadoras;
2020-04-28 16:13:07;51  986111794;37.0;Para Celulares de Outras Operadoras;
2020-04-28 14:06:47;51  986111794;52.0;Para Celulares de Outras Operadoras;
2020-04-28 13:32:30;51  993542151;73.0;Para Celulares de Outras Operadoras;
2020-04-27 08:39:35;51  986111794;24.0;Para Celulares de Outras Operadoras;
2020-04-27 08:07:38;13  981997920;12.0;Para Celulares de Outras Operadoras;
2020-04-24 16:17:01;51  986111794;37.0;Para Celulares de Outras Operadoras;
2020-04-24 11:03:59;51  986111794;159.0;Para Celulares de Outras Operadoras;
2020-04-23 14:40:38;31  991859308;7.0;Para Celulares de Outras Operadoras;
2020-04-17 08:51:21;51  997907511;116.0;Para Celulares de Outras Operadoras;
2020-04-16 10:18:56;51  993542151;6.0;Para Celulares de Outras Operadoras;
2020-04-16 08:34:33;13  981997920;13.0;Para Celulares de Outras Operadoras;
2020-04-15 15:22:44;51  981111669;108.0;Para Celulares de Outras Operadoras;
2020-04-13 15:58:49;51  981271920;83.0;Para Celulares de Outras Operadoras;
2020-04-13 08:59:36;51  981111669;130.0;Para Celulares de Outras Operadoras;
2020-04-08 10:40:45;51  981111669;45.0;Para Celulares de Outras Operadoras;
2020-04-07 16:21:32;51  981111669;151.0;Para Celulares de Outras Operadoras;
2020-04-07 15:42:52;13  981997920;5.0;Para Celulares de Outras Operadoras;
2020-04-06 08:11:52;51  981271920;16.0;Para Celulares de Outras Operadoras;
2020-04-06 07:54:25;51  981271920;61.0;Para Celulares de Outras Operadoras;
2020-04-03 13:44:12;51  997907511;45.0;Para Celulares de Outras Operadoras;
2020-04-03 08:15:08;51  989252383;63.0;Para Celulares de Outras Operadoras;
2020-04-03 08:03:52;51  981271920;25.0;Para Celulares de Outras Operadoras;
2020-04-02 16:46:53;51  993542151;7.0;Para Celulares de Outras Operadoras;
2020-04-02 10:45:00;51  981271920;32.0;Para Celulares de Outras Operadoras;
2020-04-29 14:35:08;51  984468666;73.0;Para Fixo Vivo;
2020-04-28 16:26:07;51  984468666;6.0;Para Fixo Vivo;
2020-04-07 14:51:24;51  984468666;33.0;Para Fixo Vivo;
2020-04-30 15:11:12;51  998331892;27.0;Para Celulares Vivo;
2020-04-28 14:14:33;54  999328183;72.0;Para Celulares Vivo;
2020-04-28 13:44:27;51  995838788;30.0;Para Celulares Vivo;
2020-04-27 15:12:14;51  992592752;20.0;Para Celulares Vivo;
2020-04-27 14:04:50;51  991223844;66.0;Para Celulares Vivo;
2020-04-27 10:41:20;51  992067522;27.0;Para Celulares Vivo;
2020-04-27 10:11:28;51  992592956;179.0;Para Celulares Vivo;
2020-04-24 11:21:30;31  992228609;161.0;Para Celulares Vivo;
2020-04-23 15:43:43;51  995595192;7.0;Para Celulares Vivo;
2020-04-23 15:09:23;51  991223844;5.0;Para Celulares Vivo;
2020-04-23 14:45:16;51  991223844;8.0;Para Celulares Vivo;
2020-04-20 12:57:13;51  981861609;5.0;Para Celulares Vivo;
2020-04-20 10:58:33;51  991223844;46.0;Para Celulares Vivo;
2020-04-20 10:47:32;51  991223844;16.0;Para Celulares Vivo;
2020-04-18 11:45:42;51  981861609;5.0;Para Celulares Vivo;
2020-04-18 11:40:44;51  981861609;5.0;Para Celulares Vivo;
2020-04-17 08:18:39;51  995838788;63.0;Para Celulares Vivo;
2020-04-16 16:48:47;51  981861609;5.0;Para Celulares Vivo;
2020-04-15 21:01:41;51  996922316;17.0;Para Celulares Vivo;
2020-04-15 21:00:30;51  981861609;6.0;Para Celulares Vivo;
2020-04-15 15:12:15;51  989028545;32.0;Para Celulares Vivo;
2020-04-14 17:58:35;51  991223844;6.0;Para Celulares Vivo;
2020-04-14 08:14:12;51  991223844;14.0;Para Celulares Vivo;
2020-04-13 15:16:00;51  991223844;5.0;Para Celulares Vivo;
2020-04-09 14:45:03;51  996922316;5.0;Para Celulares Vivo;
2020-04-09 14:42:34;51  991223844;5.0;Para Celulares Vivo;
2020-04-08 15:13:03;51  991223844;15.0;Para Celulares Vivo;
2020-04-08 10:48:39;51  991223844;5.0;Para Celulares Vivo;
2020-04-08 09:03:09;51  991223844;5.0;Para Celulares Vivo;
2020-04-08 09:01:26;51  991223844;5.0;Para Celulares Vivo;
2020-04-07 15:24:19;51  992592959;9.0;Para Celulares Vivo;
2020-04-07 15:21:19;51  996922316;20.0;Para Celulares Vivo;
2020-04-02 16:42:03;51  992592959;7.0;Para Celulares Vivo;
2020-04-02 16:34:50;51  996922316;24.0;Para Celulares Vivo;
2020-04-02 16:30:58;51  991223844;11.0;Para Celulares Vivo;
2020-04-01 11:31:09;51  992592959;5.0;Para Celulares Vivo;
2020-04-30 15:11:12;51  998331892;0.0;Adicional por Ligacoes Realizadas;
2020-04-30 11:23:01;98  992177575;0.0;Adicional por Ligacoes Realizadas;
2020-04-29 14:35:08;51  984468666;0.0;Adicional por Ligacoes Realizadas;
2020-04-28 16:30:58;51  981271920;0.0;Adicional por Ligacoes Realizadas;
2020-04-28 16:26:07;51  984468666;0.0;Adicional por Ligacoes Realizadas;
2020-04-28 16:13:07;51  986111794;0.0;Adicional por Ligacoes Realizadas;
2020-04-28 14:14:33;54  999328183;0.0;Adicional por Ligacoes Realizadas;
2020-04-28 14:06:47;51  986111794;0.0;Adicional por Ligacoes Realizadas;
2020-04-28 13:44:27;51  995838788;0.0;Adicional por Ligacoes Realizadas;
2020-04-28 13:32:30;51  993542151;0.0;Adicional por Ligacoes Realizadas;
2020-04-27 17:50:19;98  988219102;0.0;Adicional por Ligacoes Realizadas;
2020-04-27 15:12:14;51  992592752;0.0;Adicional por Ligacoes Realizadas;
2020-04-27 14:04:50;51  991223844;0.0;Adicional por Ligacoes Realizadas;
2020-04-27 10:41:20;51  992067522;0.0;Adicional por Ligacoes Realizadas;
2020-04-27 10:11:28;51  992592956;0.0;Adicional por Ligacoes Realizadas;
2020-04-27 08:39:35;51  986111794;0.0;Adicional por Ligacoes Realizadas;
2020-04-27 08:07:38;13  981997920;0.0;Adicional por Ligacoes Realizadas;
2020-04-27 08:06:11;98  999684362;0.0;Adicional por Ligacoes Realizadas;
2020-04-24 16:17:01;51  986111794;0.0;Adicional por Ligacoes Realizadas;
2020-04-24 11:21:30;31  992228609;0.0;Adicional por Ligacoes Realizadas;
2020-04-24 11:03:59;51  986111794;0.0;Adicional por Ligacoes Realizadas;
2020-04-23 16:42:29;98  32466788;0.0;Adicional por Ligacoes Realizadas;
2020-04-23 15:43:43;51  995595192;0.0;Adicional por Ligacoes Realizadas;
2020-04-23 15:09:23;51  991223844;0.0;Adicional por Ligacoes Realizadas;
2020-04-23 14:45:16;51  991223844;0.0;Adicional por Ligacoes Realizadas;
2020-04-23 14:40:38;31  991859308;0.0;Adicional por Ligacoes Realizadas;
2020-04-23 14:01:11;98  32580445;0.0;Adicional por Ligacoes Realizadas;
2020-04-23 13:53:26;98  32131800;0.0;Adicional por Ligacoes Realizadas;
2020-04-23 13:49:00;98  32120050;0.0;Adicional por Ligacoes Realizadas;
2020-04-23 13:41:09;98  32438094;0.0;Adicional por Ligacoes Realizadas;
2020-04-22 12:46:26;98  981308654;0.0;Adicional por Ligacoes Realizadas;
2020-04-20 12:57:13;51  981861609;0.0;Adicional por Ligacoes Realizadas;
2020-04-20 10:58:33;51  991223844;0.0;Adicional por Ligacoes Realizadas;
2020-04-20 10:47:32;51  991223844;0.0;Adicional por Ligacoes Realizadas;
2020-04-18 11:45:42;51  981861609;0.0;Adicional por Ligacoes Realizadas;
2020-04-18 11:40:44;51  981861609;0.0;Adicional por Ligacoes Realizadas;
2020-04-17 08:51:21;51  997907511;0.0;Adicional por Ligacoes Realizadas;
2020-04-17 08:18:39;51  995838788;0.0;Adicional por Ligacoes Realizadas;
2020-04-17 07:39:27;98  984708070;0.0;Adicional por Ligacoes Realizadas;
2020-04-16 16:48:47;51  981861609;0.0;Adicional por Ligacoes Realizadas;
2020-04-16 10:18:56;51  993542151;0.0;Adicional por Ligacoes Realizadas;
2020-04-16 08:34:33;13  981997920;0.0;Adicional por Ligacoes Realizadas;
2020-04-15 21:01:41;51  996922316;0.0;Adicional por Ligacoes Realizadas;
2020-04-15 21:00:30;51  981861609;0.0;Adicional por Ligacoes Realizadas;
2020-04-15 16:54:55;51  21313333;0.0;Adicional por Ligacoes Realizadas;
2020-04-15 16:10:11;98  984708070;0.0;Adicional por Ligacoes Realizadas;
2020-04-15 15:22:44;51  981111669;0.0;Adicional por Ligacoes Realizadas;
2020-04-15 15:15:51;51  21313333;0.0;Adicional por Ligacoes Realizadas;
2020-04-15 15:12:15;51  989028545;0.0;Adicional por Ligacoes Realizadas;
2020-04-14 17:58:35;51  991223844;0.0;Adicional por Ligacoes Realizadas;
2020-04-14 08:58:26;51  21313333;0.0;Adicional por Ligacoes Realizadas;
2020-04-14 08:14:12;51  991223844;0.0;Adicional por Ligacoes Realizadas;
2020-04-13 15:58:49;51  981271920;0.0;Adicional por Ligacoes Realizadas;
2020-04-13 15:25:54;98  984198591;0.0;Adicional por Ligacoes Realizadas;
2020-04-13 15:20:11;98  984198591;0.0;Adicional por Ligacoes Realizadas;
2020-04-13 15:16:00;51  991223844;0.0;Adicional por Ligacoes Realizadas;
2020-04-13 13:07:51;98  988640062;0.0;Adicional por Ligacoes Realizadas;
2020-04-13 12:02:05;98  21086464;0.0;Adicional por Ligacoes Realizadas;
2020-04-13 12:01:04;98  32367630;0.0;Adicional por Ligacoes Realizadas;
2020-04-13 11:59:01;98  33123472;0.0;Adicional por Ligacoes Realizadas;
2020-04-13 11:54:38;98  21086464;0.0;Adicional por Ligacoes Realizadas;
2020-04-13 08:59:36;51  981111669;0.0;Adicional por Ligacoes Realizadas;
2020-04-13 07:46:58;98  999684362;0.0;Adicional por Ligacoes Realizadas;
2020-04-09 14:45:03;51  996922316;0.0;Adicional por Ligacoes Realizadas;
2020-04-09 14:42:34;51  991223844;0.0;Adicional por Ligacoes Realizadas;
2020-04-08 15:13:03;51  991223844;0.0;Adicional por Ligacoes Realizadas;
2020-04-08 10:48:39;51  991223844;0.0;Adicional por Ligacoes Realizadas;
2020-04-08 10:40:45;51  981111669;0.0;Adicional por Ligacoes Realizadas;
2020-04-08 09:03:09;51  991223844;0.0;Adicional por Ligacoes Realizadas;
2020-04-08 09:01:26;51  991223844;0.0;Adicional por Ligacoes Realizadas;
2020-04-07 16:46:11;98  991730576;0.0;Adicional por Ligacoes Realizadas;
2020-04-07 16:21:32;51  981111669;0.0;Adicional por Ligacoes Realizadas;
2020-04-07 15:42:52;13  981997920;0.0;Adicional por Ligacoes Realizadas;
2020-04-07 15:24:19;51  992592959;0.0;Adicional por Ligacoes Realizadas;
2020-04-07 15:21:19;51  996922316;0.0;Adicional por Ligacoes Realizadas;
2020-04-07 14:51:24;51  984468666;0.0;Adicional por Ligacoes Realizadas;
2020-04-06 08:11:52;51  981271920;0.0;Adicional por Ligacoes Realizadas;
2020-04-06 07:54:25;51  981271920;0.0;Adicional por Ligacoes Realizadas;
2020-04-03 13:44:12;51  997907511;0.0;Adicional por Ligacoes Realizadas;
2020-04-03 13:07:16;98  992139079;0.0;Adicional por Ligacoes Realizadas;
2020-04-03 08:23:48;51  21313333;0.0;Adicional por Ligacoes Realizadas;
2020-04-03 08:15:08;51  989252383;0.0;Adicional por Ligacoes Realizadas;
2020-04-03 08:03:52;51  981271920;0.0;Adicional por Ligacoes Realizadas;
2020-04-02 16:46:53;51  993542151;0.0;Adicional por Ligacoes Realizadas;
2020-04-02 16:45:06;98  989066215;0.0;Adicional por Ligacoes Realizadas;
2020-04-02 16:43:33;98  987504748;0.0;Adicional por Ligacoes Realizadas;
2020-04-02 16:42:03;51  992592959;0.0;Adicional por Ligacoes Realizadas;
2020-04-02 16:38:51;98  996029477;0.0;Adicional por Ligacoes Realizadas;
2020-04-02 16:34:50;51  996922316;0.0;Adicional por Ligacoes Realizadas;
2020-04-02 16:30:58;51  991223844;0.0;Adicional por Ligacoes Realizadas;
2020-04-02 10:45:00;51  981271920;0.0;Adicional por Ligacoes Realizadas;
2020-04-15 16:54:55;51  21313333;25.0;Para Fixo Vivo;
2020-04-15 15:15:51;51  21313333;34.0;Para Fixo Vivo;
2020-04-14 08:58:26;51  21313333;178.0;Para Fixo Vivo;
2020-04-03 08:23:48;51  21313333;37.0;Para Fixo Vivo;
2020-04-30 14:48:44;    ;131.0;Chamadas de Longa Distancia para Outros Estados;
2020-04-30 12:03:21;    ;7.0;Chamadas de Longa Distancia para Outros Estados;
2020-04-30 11:48:01;    ;51.0;Chamadas de Longa Distancia para Outros Estados;
2020-04-30 11:34:25;    ;20.0;Chamadas de Longa Distancia para Outros Estados;
2020-04-30 11:20:48;    ;14.0;Chamadas de Longa Distancia para Outros Estados;
2020-04-03 08:12:02;    ;19.0;Chamadas de Longa Distancia para Outros Estados;
2020-04-02 16:40:07;    ;13.0;Chamadas de Longa Distancia para Outros Estados;
2020-04-02 08:24:10;    ;27.0;Chamadas de Longa Distancia para Outros Estados;
2020-04-02 07:52:19;    ;17.0;Chamadas de Longa Distancia para Outros Estados;
2020-04-02 07:25:29;    ;10.0;Chamadas de Longa Distancia para Outros Estados;
2020-04-01 15:41:01;    ;16.0;Chamadas de Longa Distancia para Outros Estados;
2020-04-01 08:07:24;    ;54.0;Chamadas de Longa Distancia para Outros Estados;
2020-04-23 16:42:29;98  32466788;5.0;Para Fixo de Outras Operadoras;
2020-04-23 14:01:11;98  32580445;7.0;Para Fixo de Outras Operadoras;
2020-04-23 13:53:26;98  32131800;5.0;Para Fixo de Outras Operadoras;
2020-04-23 13:49:00;98  32120050;5.0;Para Fixo de Outras Operadoras;
2020-04-23 13:41:09;98  32438094;5.0;Para Fixo de Outras Operadoras;
2020-04-13 12:02:05;98  21086464;93.0;Para Fixo de Outras Operadoras;
2020-04-13 12:01:04;98  32367630;5.0;Para Fixo de Outras Operadoras;
2020-04-13 11:59:01;98  33123472;7.0;Para Fixo de Outras Operadoras;
2020-04-13 11:54:38;98  21086464;20.0;Para Fixo de Outras Operadoras;
2020-04-30 11:23:01;98  992177575;11.0;Para Celulares de Outras Operadoras;
2020-04-27 17:50:19;98  988219102;8.0;Para Celulares de Outras Operadoras;
2020-04-27 08:06:11;98  999684362;9.0;Para Celulares de Outras Operadoras;
2020-04-22 12:46:26;98  981308654;7.0;Para Celulares de Outras Operadoras;
2020-04-17 07:39:27;98  984708070;28.0;Para Celulares de Outras Operadoras;
2020-04-15 16:10:11;98  984708070;20.0;Para Celulares de Outras Operadoras;
2020-04-13 15:25:54;98  984198591;7.0;Para Celulares de Outras Operadoras;
2020-04-13 15:20:11;98  984198591;5.0;Para Celulares de Outras Operadoras;
2020-04-13 13:07:51;98  988640062;41.0;Para Celulares de Outras Operadoras;
2020-04-13 07:46:58;98  999684362;10.0;Para Celulares de Outras Operadoras;
2020-04-02 16:45:06;98  989066215;13.0;Para Celulares de Outras Operadoras;
2020-04-02 16:43:33;98  987504748;6.0;Para Celulares de Outras Operadoras;
2020-04-02 16:38:51;98  996029477;13.0;Para Celulares de Outras Operadoras;
2020-04-07 16:46:11;98  991730576;19.0;Para Celulares Vivo;
2020-04-03 13:07:16;98  992139079;22.0;Para Celulares Vivo;
2020-04-01;"";272.0;INTERNET MOVEL 2;0.00
2020-04-02;"";482.0;INTERNET MOVEL 2;0.00
2020-04-03;"";304.0;INTERNET MOVEL 2;0.00
2020-04-04;"";357.0;INTERNET MOVEL 2;0.00
2020-04-05;"";420.0;INTERNET MOVEL 2;0.00
2020-04-06;"";281.0;INTERNET MOVEL 2;0.00
2020-04-07;"";343.0;INTERNET MOVEL 2;0.00
2020-04-08;"";941.0;INTERNET MOVEL 2;0.00
2020-04-09;"";407.0;INTERNET MOVEL 2;0.00
2020-04-10;"";448.0;INTERNET MOVEL 2;0.00
2020-04-11;"";293.0;INTERNET MOVEL 2;0.00
2020-04-12;"";348.0;INTERNET MOVEL 2;0.00
2020-04-13;"";403.0;INTERNET MOVEL 2;0.00
2020-04-14;"";328.0;INTERNET MOVEL 2;0.00
2020-04-15;"";383.0;INTERNET MOVEL 2;0.00
2020-04-16;"";342.0;INTERNET MOVEL 2;0.00
2020-04-17;"";465.0;INTERNET MOVEL 2;0.00
2020-04-18;"";184.0;INTERNET MOVEL 2;0.00
2020-04-20;"";274.0;INTERNET MOVEL 2;0.00
2020-04-21;"";152.0;INTERNET MOVEL 2;0.00
2020-04-22;"";469.0;INTERNET MOVEL 2;0.00
2020-04-23;"";330.0;INTERNET MOVEL 2;0.00
2020-04-24;"";345.0;INTERNET MOVEL 2;0.00
2020-04-27;"";359.0;INTERNET MOVEL 2;0.00
2020-04-28;"";308.0;INTERNET MOVEL 2;0.00
2020-04-29;"";455.0;INTERNET MOVEL 2;0.00
2020-04-30;"";343.0;INTERNET MOVEL 2;0.00
