data_hora_inicio;nro_telefone_chamado;duracao_ligacao;desc_categoria;valor_ligacao
2020-04-01 08:42:53;"";1.0;ADICIONAL;0.00
2020-04-28 18:40:51;"";1.0;ADICIONAL;0.00
2020-04-27 17:25:16;"";1.0;ADICIONAL;0.00
2020-04-17 16:28:47;"";1.0;ADICIONAL;0.00
2020-04-16 15:26:01;"";1.0;ADICIONAL;0.00
2020-04-16 15:12:47;"";1.0;ADICIONAL;0.00
2020-04-16 14:04:57;"";1.0;ADICIONAL;0.00
2020-04-15 18:35:03;"";1.0;ADICIONAL;0.00
2020-04-15 18:33:32;"";1.0;ADICIONAL;0.00
2020-04-15 11:07:01;"";1.0;ADICIONAL;0.00
2020-04-15 09:01:16;"";1.0;ADICIONAL;0.00
2020-04-14 11:38:34;"";1.0;ADICIONAL;0.00
2020-04-08 11:14:06;"";1.0;ADICIONAL;0.00
2020-04-08 09:48:46;"";1.0;ADICIONAL;0.00
2020-04-08 09:10:31;"";1.0;ADICIONAL;0.00
2020-04-03 09:15:41;"";1.0;ADICIONAL;0.00
2020-04-03 09:08:42;"";1.0;ADICIONAL;0.00
2020-04-03 08:19:59;"";1.0;ADICIONAL;0.00
2020-04-01 12:25:30;51  995568278;0.0;Adicional por Ligacoes Realizadas;
2020-04-20 13:47:40;51  998115641;21.0;Para Celulares Vivo;
2020-04-16 08:10:05;51  998115641;5.0;Para Celulares Vivo;
2020-04-15 18:36:38;51  998115641;5.0;Para Celulares Vivo;
2020-04-15 16:53:00;51  998115641;6.0;Para Celulares Vivo;
2020-04-15 10:43:10;51  998115641;17.0;Para Celulares Vivo;
2020-04-15 09:44:48;51  998115641;5.0;Para Celulares Vivo;
2020-04-14 08:41:09;51  998115641;29.0;Para Celulares Vivo;
2020-04-13 15:01:34;51  998115641;5.0;Para Celulares Vivo;
2020-04-07 15:55:31;51  998115641;5.0;Para Celulares Vivo;
2020-04-07 15:45:09;51  998115641;8.0;Para Celulares Vivo;
2020-04-07 11:47:03;51  998115641;5.0;Para Celulares Vivo;
2020-04-03 09:18:38;51  998115641;5.0;Para Celulares Vivo;
2020-04-03 09:18:06;51  998115641;5.0;Para Celulares Vivo;
2020-04-03 09:13:31;51  998115641;6.0;Para Celulares Vivo;
2020-04-03 08:56:19;51  998115641;5.0;Para Celulares Vivo;
2020-04-03 06:12:21;51  995568278;5.0;Para Celulares Vivo;
2020-04-01 12:25:30;51  995568278;6.0;Para Celulares Vivo;
2020-04-20 13:47:40;51  998115641;0.0;Adicional por Ligacoes Realizadas;
2020-04-16 08:10:05;51  998115641;0.0;Adicional por Ligacoes Realizadas;
2020-04-15 18:36:38;51  998115641;0.0;Adicional por Ligacoes Realizadas;
2020-04-15 18:32:20;98  987768469;0.0;Adicional por Ligacoes Realizadas;
2020-04-15 16:53:00;51  998115641;0.0;Adicional por Ligacoes Realizadas;
2020-04-15 10:43:10;51  998115641;0.0;Adicional por Ligacoes Realizadas;
2020-04-15 09:44:48;51  998115641;0.0;Adicional por Ligacoes Realizadas;
2020-04-14 17:56:12;98  987768469;0.0;Adicional por Ligacoes Realizadas;
2020-04-14 08:41:09;51  998115641;0.0;Adicional por Ligacoes Realizadas;
2020-04-13 17:34:27;98  984064687;0.0;Adicional por Ligacoes Realizadas;
2020-04-13 17:34:03;98  984064687;0.0;Adicional por Ligacoes Realizadas;
2020-04-13 15:01:34;51  998115641;0.0;Adicional por Ligacoes Realizadas;
2020-04-07 15:55:31;51  998115641;0.0;Adicional por Ligacoes Realizadas;
2020-04-07 15:45:09;51  998115641;0.0;Adicional por Ligacoes Realizadas;
2020-04-07 11:47:03;51  998115641;0.0;Adicional por Ligacoes Realizadas;
2020-04-03 18:46:02;98  987768469;0.0;Adicional por Ligacoes Realizadas;
2020-04-03 16:06:20;98  988219102;0.0;Adicional por Ligacoes Realizadas;
2020-04-03 09:18:38;51  998115641;0.0;Adicional por Ligacoes Realizadas;
2020-04-03 09:18:06;51  998115641;0.0;Adicional por Ligacoes Realizadas;
2020-04-03 09:13:31;51  998115641;0.0;Adicional por Ligacoes Realizadas;
2020-04-03 08:56:19;51  998115641;0.0;Adicional por Ligacoes Realizadas;
2020-04-03 06:12:21;51  995568278;0.0;Adicional por Ligacoes Realizadas;
2020-04-28 18:40:51;    ;8.0;Chamadas de Longa Distancia para Outros Estados;
2020-04-27 17:25:16;    ;39.0;Chamadas de Longa Distancia para Outros Estados;
2020-04-17 16:28:47;    ;5.0;Chamadas de Longa Distancia para Outros Estados;
2020-04-16 15:26:01;    ;5.0;Chamadas de Longa Distancia para Outros Estados;
2020-04-16 15:12:47;    ;10.0;Chamadas de Longa Distancia para Outros Estados;
2020-04-16 14:04:57;    ;5.0;Chamadas de Longa Distancia para Outros Estados;
2020-04-15 18:35:03;    ;5.0;Chamadas de Longa Distancia para Outros Estados;
2020-04-15 18:33:32;    ;26.0;Chamadas de Longa Distancia para Outros Estados;
2020-04-15 11:07:01;    ;5.0;Chamadas de Longa Distancia para Outros Estados;
2020-04-15 09:01:16;    ;6.0;Chamadas de Longa Distancia para Outros Estados;
2020-04-14 11:38:34;    ;5.0;Chamadas de Longa Distancia para Outros Estados;
2020-04-08 11:14:06;    ;7.0;Chamadas de Longa Distancia para Outros Estados;
2020-04-08 09:48:46;    ;5.0;Chamadas de Longa Distancia para Outros Estados;
2020-04-08 09:10:31;    ;5.0;Chamadas de Longa Distancia para Outros Estados;
2020-04-03 09:15:41;    ;6.0;Chamadas de Longa Distancia para Outros Estados;
2020-04-03 09:08:42;    ;13.0;Chamadas de Longa Distancia para Outros Estados;
2020-04-03 08:19:59;    ;7.0;Chamadas de Longa Distancia para Outros Estados;
2020-04-01 08:42:53;    ;23.0;Chamadas de Longa Distancia para Outros Estados;
2020-04-15 18:32:20;98  987768469;5.0;Para Celulares de Outras Operadoras;
2020-04-14 17:56:12;98  987768469;12.0;Para Celulares de Outras Operadoras;
2020-04-13 17:34:27;98  984064687;65.0;Para Celulares de Outras Operadoras;
2020-04-13 17:34:03;98  984064687;5.0;Para Celulares de Outras Operadoras;
2020-04-03 18:46:02;98  987768469;21.0;Para Celulares de Outras Operadoras;
2020-04-03 16:06:20;98  988219102;10.0;Para Celulares de Outras Operadoras;
2020-03-31;"";2683.9;INTERNET MOVEL 2;0.00
2020-04-01;"";8071.6;INTERNET MOVEL 2;0.00
2020-04-02;"";18049.0;INTERNET MOVEL 2;0.00
2020-04-03;"";7690.3;INTERNET MOVEL 2;0.00
2020-04-04;"";12342.0;INTERNET MOVEL 2;0.00
2020-04-05;"";13008.0;INTERNET MOVEL 2;0.00
2020-04-06;"";3196.0;INTERNET MOVEL 2;0.00
2020-04-07;"";4957.8;INTERNET MOVEL 2;0.00
2020-04-08;"";6733.7;INTERNET MOVEL 2;0.00
2020-04-09;"";10955.8;INTERNET MOVEL 2;0.00
2020-04-10;"";13080.4;INTERNET MOVEL 2;0.00
2020-04-11;"";7189.8;INTERNET MOVEL 2;0.00
2020-04-12;"";933.0;INTERNET MOVEL 2;0.00
2020-04-13;"";12927.1;INTERNET MOVEL 2;0.00
2020-04-14;"";11807.0;INTERNET MOVEL 2;0.00
2020-04-15;"";8623.7;INTERNET MOVEL 2;0.00
2020-04-16;"";18198.6;INTERNET MOVEL 2;0.00
2020-04-17;"";35082.4;INTERNET MOVEL 2;0.00
2020-04-18;"";6844.8;INTERNET MOVEL 2;0.00
2020-04-19;"";952.0;INTERNET MOVEL 2;0.00
2020-04-20;"";7500.4;INTERNET MOVEL 2;0.00
2020-04-21;"";36830.0;INTERNET MOVEL 2;0.00
2020-04-22;"";7063.7;INTERNET MOVEL 2;0.00
2020-04-23;"";12929.6;INTERNET MOVEL 2;0.00
2020-04-24;"";256.0;INTERNET MOVEL 2;0.00
2020-04-25;"";2957.6;INTERNET MOVEL 2;0.00
2020-04-26;"";6076.5;INTERNET MOVEL 2;0.00
2020-04-27;"";6019.7;INTERNET MOVEL 2;0.00
2020-04-28;"";11410.8;INTERNET MOVEL 2;0.00
2020-04-29;"";6854.0;INTERNET MOVEL 2;0.00
2020-04-30;"";5005.8;INTERNET MOVEL 2;0.00
2020-05-01;"";313.0;INTERNET MOVEL 2;0.00
