data_hora_inicio;nro_telefone_chamado;duracao_ligacao;desc_categoria;valor_ligacao
2020-04-28 09:17:00;51993163397;1.0;GRATIS-SMS;0.00
2020-04-02 11:22:46;51991014112;1.0;GRATIS-SMS;0.00
2020-04-04 21:51:54;51  33284499;20.0;Para Fixo de Outras Operadoras;
2020-04-04 20:37:20;51  33284499;51.0;Para Fixo de Outras Operadoras;
2020-04-30 07:45:55;51  991987887;12.0;Para Celulares de Outras Operadoras;
2020-04-29 14:40:58;51  991899959;49.0;Para Celulares de Outras Operadoras;
2020-04-29 14:24:54;51  991899959;154.0;Para Celulares de Outras Operadoras;
2020-04-28 09:10:07;51  991261761;59.0;Para Celulares de Outras Operadoras;
2020-04-27 20:18:20;51  992382887;47.0;Para Celulares de Outras Operadoras;
2020-04-25 17:17:19;51  991899959;82.0;Para Celulares de Outras Operadoras;
2020-04-22 10:01:59;51  991931287;10.0;Para Celulares de Outras Operadoras;
2020-04-22 08:24:03;51  981251600;228.0;Para Celulares de Outras Operadoras;
2020-04-19 15:14:07;51  992382887;87.0;Para Celulares de Outras Operadoras;
2020-04-17 17:27:12;51  991253936;132.0;Para Celulares de Outras Operadoras;
2020-04-17 15:15:14;51  991931287;96.0;Para Celulares de Outras Operadoras;
2020-04-16 10:27:23;51  991899959;512.0;Para Celulares de Outras Operadoras;
2020-04-15 13:07:32;51  991234755;82.0;Para Celulares de Outras Operadoras;
2020-04-15 13:02:17;51  991234755;12.0;Para Celulares de Outras Operadoras;
2020-04-14 11:39:05;51  999968833;60.0;Para Celulares de Outras Operadoras;
2020-04-13 18:11:38;51  991899959;297.0;Para Celulares de Outras Operadoras;
2020-04-13 18:03:59;51  991899959;5.0;Para Celulares de Outras Operadoras;
2020-04-09 14:43:27;51  992516074;32.0;Para Celulares de Outras Operadoras;
2020-04-06 10:57:18;51  981211690;5.0;Para Celulares de Outras Operadoras;
2020-04-04 18:13:44;51  991237481;44.0;Para Celulares de Outras Operadoras;
2020-04-30 19:33:02;51  992592819;44.0;Para Celulares Vivo;
2020-04-30 13:50:55;51  992592816;80.0;Para Celulares Vivo;
2020-04-29 15:28:13;51  993319514;76.0;Para Celulares Vivo;
2020-04-29 14:40:37;51  982870505;53.0;Para Celulares Vivo;
2020-04-29 14:24:19;51  982870505;160.0;Para Celulares Vivo;
2020-04-29 09:33:51;51  992592716;69.0;Para Celulares Vivo;
2020-04-28 14:53:11;51  991034807;58.0;Para Celulares Vivo;
2020-04-28 14:35:54;51  991014112;8.0;Para Celulares Vivo;
2020-04-28 14:01:37;51  991014112;17.0;Para Celulares Vivo;
2020-04-28 07:18:46;51  999610772;111.0;Para Celulares Vivo;
2020-04-28 07:18:05;51  999610772;5.0;Para Celulares Vivo;
2020-04-27 10:36:41;51  991014112;21.0;Para Celulares Vivo;
2020-04-27 10:34:21;51  992592848;16.0;Para Celulares Vivo;
2020-04-27 10:33:35;51  992592716;5.0;Para Celulares Vivo;
2020-04-27 10:31:38;51  992592148;14.0;Para Celulares Vivo;
2020-04-25 17:17:52;51  997693375;77.0;Para Celulares Vivo;
2020-04-25 10:51:57;51  984220483;5.0;Para Celulares Vivo;
2020-04-24 14:02:06;51  998058819;49.0;Para Celulares Vivo;
2020-04-24 09:40:18;51  992592873;57.0;Para Celulares Vivo;
2020-04-24 08:39:06;51  999719892;13.0;Para Celulares Vivo;
2020-04-24 08:30:06;51  997044763;43.0;Para Celulares Vivo;
2020-04-23 14:09:50;51  992592848;9.0;Para Celulares Vivo;
2020-04-23 10:47:36;51  980132433;88.0;Para Celulares Vivo;
2020-04-22 17:18:54;51  992592716;14.0;Para Celulares Vivo;
2020-04-22 12:55:24;51  996732270;45.0;Para Celulares Vivo;
2020-04-22 10:00:11;51  984274504;13.0;Para Celulares Vivo;
2020-04-22 09:54:53;51  992592843;5.0;Para Celulares Vivo;
2020-04-22 09:54:10;51  992592504;5.0;Para Celulares Vivo;
2020-04-21 20:26:11;51  992592848;6.0;Para Celulares Vivo;
2020-04-21 20:17:12;51  992592504;9.0;Para Celulares Vivo;
2020-04-21 16:55:43;51  992592716;5.0;Para Celulares Vivo;
2020-04-21 16:51:58;51  992592716;12.0;Para Celulares Vivo;
2020-04-20 18:47:23;51  992592848;5.0;Para Celulares Vivo;
2020-04-20 11:59:00;51  992592848;5.0;Para Celulares Vivo;
2020-04-19 20:31:57;51  992592716;47.0;Para Celulares Vivo;
2020-04-19 20:28:18;51  992592818;32.0;Para Celulares Vivo;
2020-04-19 15:28:36;51  991222800;15.0;Para Celulares Vivo;
2020-04-19 12:55:13;51  992592843;13.0;Para Celulares Vivo;
2020-04-19 11:22:19;51  991222800;19.0;Para Celulares Vivo;
2020-04-18 19:12:43;51  991222800;5.0;Para Celulares Vivo;
2020-04-17 15:05:46;51  992592818;35.0;Para Celulares Vivo;
2020-04-17 08:30:55;51  991222800;122.0;Para Celulares Vivo;
2020-04-16 10:55:45;51  982870505;200.0;Para Celulares Vivo;
2020-04-16 10:26:34;51  997693375;520.0;Para Celulares Vivo;
2020-04-15 20:45:36;51  998630950;7.0;Para Celulares Vivo;
2020-04-15 20:37:36;51  992592873;77.0;Para Celulares Vivo;
2020-04-15 20:35:21;51  997044763;8.0;Para Celulares Vivo;
2020-04-14 17:30:45;51  993319514;51.0;Para Celulares Vivo;
2020-04-14 11:59:32;51  992592873;71.0;Para Celulares Vivo;
2020-04-14 11:54:27;51  992592873;49.0;Para Celulares Vivo;
2020-04-14 11:52:33;51  991034807;15.0;Para Celulares Vivo;
2020-04-14 11:45:33;51  991034807;68.0;Para Celulares Vivo;
2020-04-01 19:58:05;51  33259185;247.0;Para Fixo de Outras Operadoras;
2020-04-01 21:33:14;51  992592716;16.0;Para Celulares Vivo;
2020-04-01 11:07:01;51  992592716;11.0;Para Celulares Vivo;
2020-04-03 11:29:00;52  5579493561;10.0;"";
2020-04-29 15:22:45;61  992156611;49.0;Para Celulares de Outras Operadoras;
2020-04-22 16:04:13;11  971902771;6.0;Para Celulares de Outras Operadoras;
2020-04-29 07:39:55;31  997649947;239.0;Para Celulares Vivo;
2020-04-25 18:38:33;21  998667759;76.0;Para Celulares Vivo;
2020-04-22 14:51:22;11  999558977;6.0;Para Celulares Vivo;
2020-04-22 13:21:29;11  999558977;43.0;Para Celulares Vivo;
2020-04-22 08:55:19;11  984719726;57.0;Para Celulares Vivo;
2020-04-21 16:53:55;21  998667759;14.0;Para Celulares Vivo;
2020-04-14 11:08:58;11  950468666;92.0;Para Celulares Vivo;
2020-04-14 09:08:30;11  984719726;8.0;Para Celulares Vivo;
2020-04-14 08:57:48;11  984719726;103.0;Para Celulares Vivo;
2020-04-04 21:42:15;21  998667759;32.0;Para Celulares Vivo;
2020-04-02 16:26:32;11  950425576;194.0;Para Celulares Vivo;
2020-04-02 08:16:48;11  984719726;190.0;Para Celulares Vivo;
2020-04-02 08:16:17;11  984719726;5.0;Para Celulares Vivo;
2020-04-14 10:56:03;54  996530409;103.0;Para Celulares Vivo;
2020-04-22 20:52:06;*5  55;9.0;"";
2020-04-21 21:40:14;*5  55;10.0;"";
2020-04-17 13:29:53;*5  55;5.0;"";
2020-04-09 20:14:27;*5  55;5.0;"";
2020-04-09 13:52:59;*5  55;5.0;"";
2020-04-07 21:20:12;*5  55;5.0;"";
2020-04-06 16:32:58;*5  55;5.0;"";
2020-04-05 22:02:51;*5  55;5.0;"";
2020-04-02 13:32:51;*5  55;5.0;"";
2020-04-02 13:31:36;*5  55;9.0;"";
2020-04-02 10:01:41;*5  55;7.0;"";
2020-04-02 10:00:30;*5  55;11.0;"";
2020-04-22 17:18:21;51  30031425;5.0;Para Fixo de Outras Operadoras;
2020-04-21 20:18:30;51  33335533;58.0;Para Fixo de Outras Operadoras;
2020-04-20 18:31:05;51  32881401;5.0;Para Fixo de Outras Operadoras;
2020-04-14 10:10:10;51  33641922;85.0;Para Fixo de Outras Operadoras;
2020-04-05 09:21:42;51  32895070;5.0;Para Fixo de Outras Operadoras;
2020-04-14 11:26:49;51  999355302;75.0;Para Celulares Vivo;
2020-04-14 11:22:22;51  993319514;10.0;Para Celulares Vivo;
2020-04-14 11:07:04;51  993319514;13.0;Para Celulares Vivo;
2020-04-14 10:19:57;51  991728623;5.0;Para Celulares Vivo;
2020-04-14 09:10:34;51  992592817;210.0;Para Celulares Vivo;
2020-04-12 18:20:36;51  992592716;8.0;Para Celulares Vivo;
2020-04-09 16:55:56;51  992592819;10.0;Para Celulares Vivo;
2020-04-07 21:20:55;51  992592818;46.0;Para Celulares Vivo;
2020-04-07 10:01:19;51  992592716;121.0;Para Celulares Vivo;
2020-04-07 10:00:29;51  992592716;5.0;Para Celulares Vivo;
2020-04-06 21:05:21;51  992592716;43.0;Para Celulares Vivo;
2020-04-06 20:56:51;51  998058819;79.0;Para Celulares Vivo;
2020-04-06 16:34:10;51  992592818;40.0;Para Celulares Vivo;
2020-04-06 13:29:52;51  992592819;6.0;Para Celulares Vivo;
2020-04-06 12:41:23;51  992592819;7.0;Para Celulares Vivo;
2020-04-05 17:12:58;51  999671930;261.0;Para Celulares Vivo;
2020-04-05 13:52:50;51  992592504;7.0;Para Celulares Vivo;
2020-04-04 13:12:55;51  981253886;19.0;Para Celulares Vivo;
2020-04-04 09:14:09;51  998630950;154.0;Para Celulares Vivo;
2020-04-04 09:06:51;51  998630950;67.0;Para Celulares Vivo;
2020-04-03 18:33:03;51  999671930;25.0;Para Celulares Vivo;
2020-04-03 17:40:20;51  984274504;13.0;Para Celulares Vivo;
2020-04-03 17:37:08;51  984274504;28.0;Para Celulares Vivo;
2020-04-02 20:30:55;51  992592716;120.0;Para Celulares Vivo;
2020-04-02 20:27:43;51  984188335;25.0;Para Celulares Vivo;
2020-04-02 16:49:26;51  992592817;134.0;Para Celulares Vivo;
2020-04-02 15:53:19;51  996072559;11.0;Para Celulares Vivo;
2020-04-02 15:46:45;51  992592818;56.0;Para Celulares Vivo;
2020-04-02 11:30:55;51  991014112;52.0;Para Celulares Vivo;
2020-04-02 08:37:09;51  992592148;9.0;Para Celulares Vivo;
2020-04-02 08:36:29;51  992592148;5.0;Para Celulares Vivo;
2020-03-31;"";86691.7;INTERNET MOVEL 2;0.00
2020-04-01;"";61675.5;INTERNET MOVEL 2;0.00
2020-04-02;"";74658.3;INTERNET MOVEL 2;0.00
2020-04-03;"";17511.6;INTERNET MOVEL 2;0.00
2020-04-04;"";7268.9;INTERNET MOVEL 2;0.00
2020-04-05;"";178174.3;INTERNET MOVEL 2;0.00
2020-04-06;"";25631.0;INTERNET MOVEL 2;0.00
2020-04-07;"";42859.4;INTERNET MOVEL 2;0.00
2020-04-08;"";81841.7;INTERNET MOVEL 2;0.00
2020-04-09;"";153799.8;INTERNET MOVEL 2;0.00
2020-04-10;"";163377.6;INTERNET MOVEL 2;0.00
2020-04-11;"";116099.3;INTERNET MOVEL 2;0.00
2020-04-12;"";82880.2;INTERNET MOVEL 2;0.00
2020-04-13;"";37855.7;INTERNET MOVEL 2;0.00
2020-04-14;"";149373.3;INTERNET MOVEL 2;0.00
2020-04-15;"";58241.3;INTERNET MOVEL 2;0.00
2020-04-16;"";232435.7;INTERNET MOVEL 2;0.00
2020-04-17;"";104581.6;INTERNET MOVEL 2;0.00
2020-04-18;"";144145.9;INTERNET MOVEL 2;0.00
2020-04-19;"";246788.7;INTERNET MOVEL 2;0.00
2020-04-20;"";186355.8;INTERNET MOVEL 2;0.00
2020-04-21;"";38302.2;INTERNET MOVEL 2;0.00
2020-04-22;"";40130.6;INTERNET MOVEL 2;0.00
2020-04-23;"";191811.2;INTERNET MOVEL 2;0.00
2020-04-24;"";86612.7;INTERNET MOVEL 2;0.00
2020-04-25;"";124644.5;INTERNET MOVEL 2;0.00
2020-04-26;"";36410.4;INTERNET MOVEL 2;0.00
2020-04-27;"";145021.9;INTERNET MOVEL 2;0.00
2020-04-28;"";200268.6;INTERNET MOVEL 2;0.00
2020-04-29;"";70398.3;INTERNET MOVEL 2;0.00
2020-04-30;"";188351.6;INTERNET MOVEL 2;0.00
