data_hora_inicio;nro_telefone_chamado;duracao_ligacao;desc_categoria;valor_ligacao
2020-04-29 15:01:54;13  988744479;17.0;Para Celulares de Outras Operadoras;
2020-04-23 16:59:15;31  33856009;110.0;Para Fixo Vivo;
2020-04-30 12:23:26;51  994591670;8.0;Para Celulares de Outras Operadoras;
2020-04-29 14:15:42;51  984226569;11.0;Para Celulares de Outras Operadoras;
2020-04-27 20:58:52;51  984187073;5.0;Para Celulares de Outras Operadoras;
2020-04-20 17:55:08;51  981082142;33.0;Para Celulares de Outras Operadoras;
2020-04-20 17:52:03;51  981082142;25.0;Para Celulares de Outras Operadoras;
2020-04-16 16:25:31;51  994487793;68.0;Para Celulares de Outras Operadoras;
2020-04-16 10:20:09;51  981221470;74.0;Para Celulares de Outras Operadoras;
2020-04-16 10:12:05;51  993596530;59.0;Para Celulares de Outras Operadoras;
2020-04-13 20:33:46;51  994591670;5.0;Para Celulares de Outras Operadoras;
2020-04-13 17:21:09;51  994591670;5.0;Para Celulares de Outras Operadoras;
2020-04-13 15:19:29;51  993596530;37.0;Para Celulares de Outras Operadoras;
2020-04-09 18:35:41;51  994591670;5.0;Para Celulares de Outras Operadoras;
2020-04-07 09:04:51;51  984226569;18.0;Para Celulares de Outras Operadoras;
2020-04-04 19:29:52;51  984226569;20.0;Para Celulares de Outras Operadoras;
2020-04-04 18:55:24;51  984226569;9.0;Para Celulares de Outras Operadoras;
2020-04-03 16:02:16;51  989312000;9.0;Para Celulares de Outras Operadoras;
2020-04-26 13:56:54;51  981666572;10.0;Para Fixo Vivo;
2020-04-24 09:32:30;51  30416533;5.0;Para Fixo Vivo;
2020-04-21 14:37:30;51  981666572;8.0;Para Fixo Vivo;
2020-04-19 19:51:04;51  981666572;6.0;Para Fixo Vivo;
2020-04-07 20:32:19;51  981666572;7.0;Para Fixo Vivo;
2020-04-02 11:11:42;51  984468666;12.0;Para Fixo Vivo;
2020-04-30 16:39:22;51  996046828;69.0;Para Celulares Vivo;
2020-04-24 17:13:42;51  996046828;48.0;Para Celulares Vivo;
2020-04-22 16:01:05;51  993320336;8.0;Para Celulares Vivo;
2020-04-17 13:48:11;51  996046828;53.0;Para Celulares Vivo;
2020-04-17 10:26:32;51  996781699;80.0;Para Celulares Vivo;
2020-04-13 17:08:45;51  996781699;116.0;Para Celulares Vivo;
2020-04-10 19:27:18;51  996781699;5.0;Para Celulares Vivo;
2020-04-10 19:06:27;51  998029564;127.0;Para Celulares Vivo;
2020-04-10 11:38:34;51  998883434;6.0;Para Celulares Vivo;
2020-04-09 18:29:01;51  999296479;15.0;Para Celulares Vivo;
2020-04-07 15:52:24;51  999296479;5.0;Para Celulares Vivo;
2020-04-07 12:54:01;51  999296479;32.0;Para Celulares Vivo;
2020-04-07 10:23:23;51  996046828;44.0;Para Celulares Vivo;
2020-04-05 11:34:29;51  984426579;108.0;Para Celulares Vivo;
2020-03-31;"";180.0;INTERNET MOVEL 2;0.00
2020-04-01;"";425.0;INTERNET MOVEL 2;0.00
2020-04-02;"";27390.4;INTERNET MOVEL 2;0.00
2020-04-03;"";1052.0;INTERNET MOVEL 2;0.00
2020-04-04;"";4067.7;INTERNET MOVEL 2;0.00
2020-04-05;"";4349.7;INTERNET MOVEL 2;0.00
2020-04-06;"";139509.6;INTERNET MOVEL 2;0.00
2020-04-07;"";35722.0;INTERNET MOVEL 2;0.00
2020-04-08;"";14339.0;INTERNET MOVEL 2;0.00
2020-04-09;"";69706.7;INTERNET MOVEL 2;0.00
2020-04-10;"";8992.1;INTERNET MOVEL 2;0.00
2020-04-11;"";109191.0;INTERNET MOVEL 2;0.00
2020-04-12;"";97157.8;INTERNET MOVEL 2;0.00
2020-04-13;"";8729.3;INTERNET MOVEL 2;0.00
2020-04-14;"";3056.5;INTERNET MOVEL 2;0.00
2020-04-15;"";249.0;INTERNET MOVEL 2;0.00
2020-04-16;"";480.0;INTERNET MOVEL 2;0.00
2020-04-17;"";3384.6;INTERNET MOVEL 2;0.00
2020-04-18;"";227.0;INTERNET MOVEL 2;0.00
2020-04-19;"";8288.2;INTERNET MOVEL 2;0.00
2020-04-20;"";32006.2;INTERNET MOVEL 2;0.00
2020-04-21;"";796.0;INTERNET MOVEL 2;0.00
2020-04-22;"";132560.0;INTERNET MOVEL 2;0.00
2020-04-23;"";222.0;INTERNET MOVEL 2;0.00
2020-04-24;"";1165.0;INTERNET MOVEL 2;0.00
2020-04-25;"";30957.0;INTERNET MOVEL 2;0.00
2020-04-26;"";59974.4;INTERNET MOVEL 2;0.00
2020-04-27;"";1435.0;INTERNET MOVEL 2;0.00
2020-04-28;"";2076.0;INTERNET MOVEL 2;0.00
2020-04-29;"";517.0;INTERNET MOVEL 2;0.00
2020-04-30;"";1371.0;INTERNET MOVEL 2;0.00
2020-05-01;"";24.0;INTERNET MOVEL 2;0.00
