data_hora_inicio;nro_telefone_chamado;duracao_ligacao;desc_categoria;valor_ligacao
2020-04-01 17:01:43;"";1.0;ADICIONAL;0.00
2020-04-01 15:46:58;"";1.0;ADICIONAL;0.00
2020-04-29 10:25:31;"";1.0;ADICIONAL;0.00
2020-04-29 09:19:46;"";1.0;ADICIONAL;0.00
2020-04-27 16:08:36;"";1.0;ADICIONAL;0.00
2020-04-27 14:04:50;"";1.0;ADICIONAL;0.00
2020-04-24 16:43:36;"";1.0;ADICIONAL;0.00
2020-04-24 12:52:30;"";1.0;ADICIONAL;0.00
2020-04-24 09:18:53;"";1.0;ADICIONAL;0.00
2020-04-24 08:20:48;"";1.0;ADICIONAL;0.00
2020-04-23 15:09:22;"";1.0;ADICIONAL;0.00
2020-04-23 14:45:16;"";1.0;ADICIONAL;0.00
2020-04-23 12:10:27;"";1.0;ADICIONAL;0.00
2020-04-23 11:55:03;"";1.0;ADICIONAL;0.00
2020-04-23 10:48:25;"";1.0;ADICIONAL;0.00
2020-04-23 10:00:04;"";1.0;ADICIONAL;0.00
2020-04-23 09:26:35;"";1.0;ADICIONAL;0.00
2020-04-23 09:16:53;"";1.0;ADICIONAL;0.00
2020-04-22 16:08:22;"";1.0;ADICIONAL;0.00
2020-04-22 15:26:43;"";1.0;ADICIONAL;0.00
2020-04-22 11:11:14;"";1.0;ADICIONAL;0.00
2020-04-22 10:41:41;"";1.0;ADICIONAL;0.00
2020-04-22 09:52:45;"";1.0;ADICIONAL;0.00
2020-04-20 13:59:52;"";1.0;ADICIONAL;0.00
2020-04-20 13:51:06;"";1.0;ADICIONAL;0.00
2020-04-20 10:58:32;"";1.0;ADICIONAL;0.00
2020-04-20 10:47:31;"";1.0;ADICIONAL;0.00
2020-04-20 10:04:57;"";1.0;ADICIONAL;0.00
2020-04-16 11:27:16;"";1.0;ADICIONAL;0.00
2020-04-16 11:05:06;"";1.0;ADICIONAL;0.00
2020-04-15 07:32:06;"";1.0;ADICIONAL;0.00
2020-04-14 17:58:35;"";1.0;ADICIONAL;0.00
2020-04-14 11:14:17;"";1.0;ADICIONAL;0.00
2020-04-14 10:25:53;"";1.0;ADICIONAL;0.00
2020-04-14 08:14:12;"";1.0;ADICIONAL;0.00
2020-04-13 16:50:37;"";1.0;ADICIONAL;0.00
2020-04-13 15:16:00;"";1.0;ADICIONAL;0.00
2020-04-13 11:23:59;"";1.0;ADICIONAL;0.00
2020-04-09 16:43:13;"";1.0;ADICIONAL;0.00
2020-04-09 14:42:34;"";1.0;ADICIONAL;0.00
2020-04-08 15:25:16;"";1.0;ADICIONAL;0.00
2020-04-08 15:13:02;"";1.0;ADICIONAL;0.00
2020-04-08 10:48:39;"";1.0;ADICIONAL;0.00
2020-04-08 10:16:24;"";1.0;ADICIONAL;0.00
2020-04-08 09:03:09;"";1.0;ADICIONAL;0.00
2020-04-08 09:01:26;"";1.0;ADICIONAL;0.00
2020-04-07 13:53:35;"";1.0;ADICIONAL;0.00
2020-04-07 13:33:57;"";1.0;ADICIONAL;0.00
2020-04-06 14:55:48;"";1.0;ADICIONAL;0.00
2020-04-06 13:12:20;"";1.0;ADICIONAL;0.00
2020-04-06 11:01:00;"";1.0;ADICIONAL;0.00
2020-04-03 17:12:59;"";1.0;ADICIONAL;0.00
2020-04-02 16:30:57;"";1.0;ADICIONAL;0.00
2020-04-13 14:47:30;51  996820018;8.0;Para Celulares Vivo;
2020-04-13 12:21:25;51  996820018;26.0;Para Celulares Vivo;
2020-04-09 16:02:48;51  998115641;7.0;Para Celulares Vivo;
2020-04-09 14:39:00;51  996820018;5.0;Para Celulares Vivo;
2020-04-08 09:48:46;51  992545119;5.0;Para Celulares Vivo;
2020-04-08 09:10:32;51  992545119;5.0;Para Celulares Vivo;
2020-04-08 09:06:10;51  992592959;10.0;Para Celulares Vivo;
2020-04-08 08:55:59;51  991225756;10.0;Para Celulares Vivo;
2020-04-06 11:02:57;51  981861609;27.0;Para Celulares Vivo;
2020-04-06 09:21:33;51  996820018;11.0;Para Celulares Vivo;
2020-04-03 15:22:41;51  998115641;17.0;Para Celulares Vivo;
2020-04-02 16:43:37;51  992592959;10.0;Para Celulares Vivo;
2020-04-02 16:40:07;51  996820018;13.0;Para Celulares Vivo;
2020-04-30 17:11:26;51  998115641;0.0;Adicional por Ligacoes Realizadas;
2020-04-30 16:01:41;51  992592629;0.0;Adicional por Ligacoes Realizadas;
2020-04-30 13:38:28;98  985650646;0.0;Adicional por Ligacoes Realizadas;
2020-04-30 12:03:22;51  996820018;0.0;Adicional por Ligacoes Realizadas;
2020-04-30 09:54:45;51  991225756;0.0;Adicional por Ligacoes Realizadas;
2020-04-30 09:34:00;51  991225756;0.0;Adicional por Ligacoes Realizadas;
2020-04-30 09:31:34;51  996820018;0.0;Adicional por Ligacoes Realizadas;
2020-04-30 09:28:52;51  999447583;0.0;Adicional por Ligacoes Realizadas;
2020-04-30 08:13:28;51  998115641;0.0;Adicional por Ligacoes Realizadas;
2020-04-29 13:17:16;51  991225756;0.0;Adicional por Ligacoes Realizadas;
2020-04-29 10:29:56;98  33111580;0.0;Adicional por Ligacoes Realizadas;
2020-04-29 10:23:47;98  33111580;0.0;Adicional por Ligacoes Realizadas;
2020-04-29 09:38:24;51  992592959;0.0;Adicional por Ligacoes Realizadas;
2020-04-28 17:43:28;51  992592959;0.0;Adicional por Ligacoes Realizadas;
2020-04-28 09:33:19;51  992592959;0.0;Adicional por Ligacoes Realizadas;
2020-04-27 16:23:21;51  991225756;0.0;Adicional por Ligacoes Realizadas;
2020-04-27 14:26:57;51  991225756;0.0;Adicional por Ligacoes Realizadas;
2020-04-27 14:19:36;51  996820018;0.0;Adicional por Ligacoes Realizadas;
2020-04-24 16:55:25;51  992592752;0.0;Adicional por Ligacoes Realizadas;
2020-04-24 11:30:34;51  996820018;0.0;Adicional por Ligacoes Realizadas;
2020-04-24 09:52:06;51  996820018;0.0;Adicional por Ligacoes Realizadas;
2020-04-24 09:32:33;51  992592959;0.0;Adicional por Ligacoes Realizadas;
2020-04-24 09:12:36;51  981861609;0.0;Adicional por Ligacoes Realizadas;
2020-04-23 16:53:18;51  996820018;0.0;Adicional por Ligacoes Realizadas;
2020-04-23 14:48:26;51  996820018;0.0;Adicional por Ligacoes Realizadas;
2020-04-23 11:58:31;51  998115641;0.0;Adicional por Ligacoes Realizadas;
2020-04-23 11:37:39;51  991225756;0.0;Adicional por Ligacoes Realizadas;
2020-04-23 11:19:23;51  992592629;0.0;Adicional por Ligacoes Realizadas;
2020-04-23 10:16:19;51  991225756;0.0;Adicional por Ligacoes Realizadas;
2020-04-23 10:15:43;51  991225756;0.0;Adicional por Ligacoes Realizadas;
2020-04-23 09:20:01;51  991225756;0.0;Adicional por Ligacoes Realizadas;
2020-04-23 08:53:04;51  998115641;0.0;Adicional por Ligacoes Realizadas;
2020-04-23 07:57:39;51  991225756;0.0;Adicional por Ligacoes Realizadas;
2020-04-22 18:09:20;51  998115641;0.0;Adicional por Ligacoes Realizadas;
2020-04-22 18:06:56;51  996820018;0.0;Adicional por Ligacoes Realizadas;
2020-04-22 17:25:18;51  996820018;0.0;Adicional por Ligacoes Realizadas;
2020-04-22 16:16:17;98  32420242;0.0;Adicional por Ligacoes Realizadas;
2020-04-22 14:33:28;31  25192928;0.0;Adicional por Ligacoes Realizadas;
2020-04-22 14:32:21;31  25192928;0.0;Adicional por Ligacoes Realizadas;
2020-04-22 10:42:51;51  998115641;0.0;Adicional por Ligacoes Realizadas;
2020-04-22 10:32:58;51  998115641;0.0;Adicional por Ligacoes Realizadas;
2020-04-22 10:04:16;51  998115641;0.0;Adicional por Ligacoes Realizadas;
2020-04-20 14:12:53;51  996820018;0.0;Adicional por Ligacoes Realizadas;
2020-04-20 11:21:11;51  996820018;0.0;Adicional por Ligacoes Realizadas;
2020-04-16 09:41:10;51  993555430;0.0;Adicional por Ligacoes Realizadas;
2020-04-14 15:45:06;51  998115641;0.0;Adicional por Ligacoes Realizadas;
2020-04-14 15:33:21;51  996820018;0.0;Adicional por Ligacoes Realizadas;
2020-04-14 13:58:24;51  991225756;0.0;Adicional por Ligacoes Realizadas;
2020-04-14 08:32:21;51  996820018;0.0;Adicional por Ligacoes Realizadas;
2020-04-13 18:00:05;51  996820018;0.0;Adicional por Ligacoes Realizadas;
2020-04-13 15:59:03;51  999971088;0.0;Adicional por Ligacoes Realizadas;
2020-04-13 14:47:30;51  996820018;0.0;Adicional por Ligacoes Realizadas;
2020-04-13 12:21:25;51  996820018;0.0;Adicional por Ligacoes Realizadas;
2020-04-09 16:02:48;51  998115641;0.0;Adicional por Ligacoes Realizadas;
2020-04-09 14:39:00;51  996820018;0.0;Adicional por Ligacoes Realizadas;
2020-04-09 08:28:47;98  33111580;0.0;Adicional por Ligacoes Realizadas;
2020-04-09 07:29:31;98  33111580;0.0;Adicional por Ligacoes Realizadas;
2020-04-08 09:48:46;51  992545119;0.0;Adicional por Ligacoes Realizadas;
2020-04-08 09:10:32;51  992545119;0.0;Adicional por Ligacoes Realizadas;
2020-04-08 09:06:10;51  992592959;0.0;Adicional por Ligacoes Realizadas;
2020-04-08 08:55:59;51  991225756;0.0;Adicional por Ligacoes Realizadas;
2020-04-06 11:02:57;51  981861609;0.0;Adicional por Ligacoes Realizadas;
2020-04-06 09:21:33;51  996820018;0.0;Adicional por Ligacoes Realizadas;
2020-04-03 15:22:41;51  998115641;0.0;Adicional por Ligacoes Realizadas;
2020-04-02 16:43:37;51  992592959;0.0;Adicional por Ligacoes Realizadas;
2020-04-02 16:40:07;51  996820018;0.0;Adicional por Ligacoes Realizadas;
2020-04-02 15:16:28;98  32446776;0.0;Adicional por Ligacoes Realizadas;
2020-04-29 10:25:31;    ;9.0;Chamadas de Longa Distancia para Outros Estados;
2020-04-29 09:19:46;    ;38.0;Chamadas de Longa Distancia para Outros Estados;
2020-04-27 16:08:36;    ;16.0;Chamadas de Longa Distancia para Outros Estados;
2020-04-27 14:04:50;    ;66.0;Chamadas de Longa Distancia para Outros Estados;
2020-04-24 16:43:36;    ;44.0;Chamadas de Longa Distancia para Outros Estados;
2020-04-24 12:52:30;    ;5.0;Chamadas de Longa Distancia para Outros Estados;
2020-04-24 09:18:53;    ;6.0;Chamadas de Longa Distancia para Outros Estados;
2020-04-24 08:20:48;    ;5.0;Chamadas de Longa Distancia para Outros Estados;
2020-04-23 15:09:22;    ;5.0;Chamadas de Longa Distancia para Outros Estados;
2020-04-23 14:45:16;    ;8.0;Chamadas de Longa Distancia para Outros Estados;
2020-04-23 12:10:27;    ;10.0;Chamadas de Longa Distancia para Outros Estados;
2020-04-23 11:55:03;    ;23.0;Chamadas de Longa Distancia para Outros Estados;
2020-04-23 10:48:25;    ;69.0;Chamadas de Longa Distancia para Outros Estados;
2020-04-23 10:00:04;    ;9.0;Chamadas de Longa Distancia para Outros Estados;
2020-04-23 09:26:35;    ;5.0;Chamadas de Longa Distancia para Outros Estados;
2020-04-23 09:16:53;    ;28.0;Chamadas de Longa Distancia para Outros Estados;
2020-04-22 16:08:22;    ;10.0;Chamadas de Longa Distancia para Outros Estados;
2020-04-22 15:26:43;    ;15.0;Chamadas de Longa Distancia para Outros Estados;
2020-04-22 11:11:14;    ;7.0;Chamadas de Longa Distancia para Outros Estados;
2020-04-22 10:41:41;    ;5.0;Chamadas de Longa Distancia para Outros Estados;
2020-04-22 09:52:45;    ;98.0;Chamadas de Longa Distancia para Outros Estados;
2020-04-20 13:59:52;    ;5.0;Chamadas de Longa Distancia para Outros Estados;
2020-04-20 13:51:06;    ;13.0;Chamadas de Longa Distancia para Outros Estados;
2020-04-20 10:58:32;    ;46.0;Chamadas de Longa Distancia para Outros Estados;
2020-04-20 10:47:31;    ;17.0;Chamadas de Longa Distancia para Outros Estados;
2020-04-20 10:04:57;    ;34.0;Chamadas de Longa Distancia para Outros Estados;
2020-04-16 11:27:16;    ;24.0;Chamadas de Longa Distancia para Outros Estados;
2020-04-16 11:05:06;    ;35.0;Chamadas de Longa Distancia para Outros Estados;
2020-04-15 07:32:06;    ;5.0;Chamadas de Longa Distancia para Outros Estados;
2020-04-01 10:52:13;98  32446776;0.0;Adicional por Ligacoes Realizadas;
2020-04-01 10:48:10;98  32585266;0.0;Adicional por Ligacoes Realizadas;
2020-04-01 08:53:28;85  32751507;0.0;Adicional por Ligacoes Realizadas;
2020-04-01 10:52:13;98  32446776;58.0;Para Fixo de Outras Operadoras;
2020-04-01 10:48:10;98  32585266;35.0;Para Fixo de Outras Operadoras;
2020-04-22 14:33:28;31  25192928;16.0;Para Fixo de Outras Operadoras;
2020-04-22 14:32:21;31  25192928;9.0;Para Fixo de Outras Operadoras;
2020-04-01 08:53:28;85  32751507;27.0;Para Fixo de Outras Operadoras;
2020-04-30 09:28:52;51  999447583;23.0;Para Celulares de Outras Operadoras;
2020-04-16 09:41:10;51  993555430;47.0;Para Celulares de Outras Operadoras;
2020-04-30 17:11:26;51  998115641;5.0;Para Celulares Vivo;
2020-04-30 16:01:41;51  992592629;22.0;Para Celulares Vivo;
2020-04-30 12:03:22;51  996820018;7.0;Para Celulares Vivo;
2020-04-30 09:54:45;51  991225756;15.0;Para Celulares Vivo;
2020-04-30 09:34:00;51  991225756;21.0;Para Celulares Vivo;
2020-04-30 09:31:34;51  996820018;20.0;Para Celulares Vivo;
2020-04-30 08:13:28;51  998115641;5.0;Para Celulares Vivo;
2020-04-29 13:17:16;51  991225756;8.0;Para Celulares Vivo;
2020-04-29 09:38:24;51  992592959;22.0;Para Celulares Vivo;
2020-04-28 17:43:28;51  992592959;5.0;Para Celulares Vivo;
2020-04-28 09:33:19;51  992592959;15.0;Para Celulares Vivo;
2020-04-27 16:23:21;51  991225756;41.0;Para Celulares Vivo;
2020-04-27 14:26:57;51  991225756;12.0;Para Celulares Vivo;
2020-04-27 14:19:36;51  996820018;35.0;Para Celulares Vivo;
2020-04-24 16:55:25;51  992592752;27.0;Para Celulares Vivo;
2020-04-24 11:30:34;51  996820018;6.0;Para Celulares Vivo;
2020-04-24 09:52:06;51  996820018;5.0;Para Celulares Vivo;
2020-04-24 09:32:33;51  992592959;11.0;Para Celulares Vivo;
2020-04-24 09:12:36;51  981861609;63.0;Para Celulares Vivo;
2020-04-23 16:53:18;51  996820018;6.0;Para Celulares Vivo;
2020-04-23 14:48:26;51  996820018;5.0;Para Celulares Vivo;
2020-04-23 11:58:31;51  998115641;38.0;Para Celulares Vivo;
2020-04-23 11:37:39;51  991225756;38.0;Para Celulares Vivo;
2020-04-23 11:19:23;51  992592629;145.0;Para Celulares Vivo;
2020-04-23 10:16:19;51  991225756;6.0;Para Celulares Vivo;
2020-04-23 10:15:43;51  991225756;5.0;Para Celulares Vivo;
2020-04-23 09:20:01;51  991225756;5.0;Para Celulares Vivo;
2020-04-23 08:53:04;51  998115641;66.0;Para Celulares Vivo;
2020-04-23 07:57:39;51  991225756;62.0;Para Celulares Vivo;
2020-04-22 18:09:20;51  998115641;13.0;Para Celulares Vivo;
2020-04-22 18:06:56;51  996820018;6.0;Para Celulares Vivo;
2020-04-22 17:25:18;51  996820018;8.0;Para Celulares Vivo;
2020-04-22 10:42:51;51  998115641;33.0;Para Celulares Vivo;
2020-04-22 10:32:58;51  998115641;21.0;Para Celulares Vivo;
2020-04-22 10:04:16;51  998115641;109.0;Para Celulares Vivo;
2020-04-20 14:12:53;51  996820018;15.0;Para Celulares Vivo;
2020-04-20 11:21:11;51  996820018;25.0;Para Celulares Vivo;
2020-04-14 15:45:06;51  998115641;5.0;Para Celulares Vivo;
2020-04-14 15:33:21;51  996820018;12.0;Para Celulares Vivo;
2020-04-14 13:58:24;51  991225756;12.0;Para Celulares Vivo;
2020-04-14 08:32:21;51  996820018;13.0;Para Celulares Vivo;
2020-04-13 18:00:05;51  996820018;7.0;Para Celulares Vivo;
2020-04-13 15:59:03;51  999971088;11.0;Para Celulares Vivo;
2020-04-14 17:58:35;    ;6.0;Chamadas de Longa Distancia para Outros Estados;
2020-04-14 11:14:17;    ;6.0;Chamadas de Longa Distancia para Outros Estados;
2020-04-14 10:25:53;    ;14.0;Chamadas de Longa Distancia para Outros Estados;
2020-04-14 08:14:12;    ;14.0;Chamadas de Longa Distancia para Outros Estados;
2020-04-13 16:50:37;    ;18.0;Chamadas de Longa Distancia para Outros Estados;
2020-04-13 15:16:00;    ;5.0;Chamadas de Longa Distancia para Outros Estados;
2020-04-13 11:23:59;    ;5.0;Chamadas de Longa Distancia para Outros Estados;
2020-04-09 16:43:13;    ;5.0;Chamadas de Longa Distancia para Outros Estados;
2020-04-09 14:42:34;    ;5.0;Chamadas de Longa Distancia para Outros Estados;
2020-04-08 15:25:16;    ;62.0;Chamadas de Longa Distancia para Outros Estados;
2020-04-08 15:13:02;    ;15.0;Chamadas de Longa Distancia para Outros Estados;
2020-04-08 10:48:39;    ;5.0;Chamadas de Longa Distancia para Outros Estados;
2020-04-08 10:16:24;    ;18.0;Chamadas de Longa Distancia para Outros Estados;
2020-04-08 09:03:09;    ;5.0;Chamadas de Longa Distancia para Outros Estados;
2020-04-08 09:01:26;    ;5.0;Chamadas de Longa Distancia para Outros Estados;
2020-04-07 13:53:35;    ;45.0;Chamadas de Longa Distancia para Outros Estados;
2020-04-07 13:33:57;    ;44.0;Chamadas de Longa Distancia para Outros Estados;
2020-04-06 14:55:48;    ;41.0;Chamadas de Longa Distancia para Outros Estados;
2020-04-06 13:12:20;    ;5.0;Chamadas de Longa Distancia para Outros Estados;
2020-04-06 11:01:00;    ;17.0;Chamadas de Longa Distancia para Outros Estados;
2020-04-03 17:12:59;    ;9.0;Chamadas de Longa Distancia para Outros Estados;
2020-04-02 16:30:57;    ;11.0;Chamadas de Longa Distancia para Outros Estados;
2020-04-01 17:01:43;    ;39.0;Chamadas de Longa Distancia para Outros Estados;
2020-04-01 15:46:58;    ;45.0;Chamadas de Longa Distancia para Outros Estados;
2020-04-29 10:29:56;98  33111580;10.0;Para Fixo de Outras Operadoras;
2020-04-29 10:23:47;98  33111580;15.0;Para Fixo de Outras Operadoras;
2020-04-22 16:16:17;98  32420242;7.0;Para Fixo de Outras Operadoras;
2020-04-09 08:28:47;98  33111580;56.0;Para Fixo de Outras Operadoras;
2020-04-09 07:29:31;98  33111580;38.0;Para Fixo de Outras Operadoras;
2020-04-02 15:16:28;98  32446776;38.0;Para Fixo de Outras Operadoras;
2020-04-30 13:38:28;98  985650646;5.0;Para Celulares de Outras Operadoras;
