data_hora_inicio;nro_telefone_chamado;duracao_ligacao;desc_categoria;valor_ligacao
2020-04-01 20:17:55;"";1.0;ADICIONAL;0.00
2020-04-01 16:02:45;"";1.0;ADICIONAL;0.00
2020-04-01 10:00:57;"";1.0;ADICIONAL;0.00
2020-04-28 10:04:48;"";1.0;ADICIONAL;0.00
2020-04-27 10:11:27;"";1.0;ADICIONAL;0.00
2020-04-26 11:04:57;"";1.0;ADICIONAL;0.00
2020-04-25 10:38:45;"";1.0;ADICIONAL;0.00
2020-04-24 18:34:45;"";1.0;ADICIONAL;0.00
2020-04-22 11:21:56;"";1.0;ADICIONAL;0.00
2020-04-20 10:36:22;"";1.0;ADICIONAL;0.00
2020-04-17 17:18:14;"";1.0;ADICIONAL;0.00
2020-04-16 14:05:08;"";1.0;ADICIONAL;0.00
2020-04-16 09:30:05;"";1.0;ADICIONAL;0.00
2020-04-14 11:07:36;"";1.0;ADICIONAL;0.00
2020-04-12 12:59:12;"";1.0;ADICIONAL;0.00
2020-04-12 11:37:51;"";1.0;ADICIONAL;0.00
2020-04-12 10:51:17;"";1.0;ADICIONAL;0.00
2020-04-08 12:29:51;5141185334;1.0;ADICIONAL;0.00
2020-04-30 18:09:28;55  999475057;345.0;Para Celulares Vivo;
2020-04-22 09:05:32;51  992592845;68.0;Para Celulares Vivo;
2020-04-17 14:29:39;51  992592845;5.0;Para Celulares Vivo;
2020-04-16 09:08:55;51  992592845;120.0;Para Celulares Vivo;
2020-04-12 11:00:36;27  997916636;192.0;Para Celulares Vivo;
2020-04-09 10:56:45;51  996922316;332.0;Para Celulares Vivo;
2020-04-08 15:25:16;51  991223844;62.0;Para Celulares Vivo;
2020-04-30 18:09:28;55  999475057;0.0;Adicional por Ligacoes Realizadas;
2020-04-25 09:55:15;91  32317225;0.0;Adicional por Ligacoes Realizadas;
2020-04-23 19:01:29;91  32317225;0.0;Adicional por Ligacoes Realizadas;
2020-04-22 09:05:32;51  992592845;0.0;Adicional por Ligacoes Realizadas;
2020-04-20 10:55:18;91  32317225;0.0;Adicional por Ligacoes Realizadas;
2020-04-17 14:29:39;51  992592845;0.0;Adicional por Ligacoes Realizadas;
2020-04-16 09:08:55;51  992592845;0.0;Adicional por Ligacoes Realizadas;
2020-04-12 11:00:36;27  997916636;0.0;Adicional por Ligacoes Realizadas;
2020-04-12 09:36:16;91  32317225;0.0;Adicional por Ligacoes Realizadas;
2020-04-09 10:56:45;51  996922316;0.0;Adicional por Ligacoes Realizadas;
2020-04-08 15:25:16;51  991223844;0.0;Adicional por Ligacoes Realizadas;
2020-04-02 07:59:51;91  32317225;0.0;Adicional por Ligacoes Realizadas;
2020-04-28 10:04:48;    ;71.0;Chamadas de Longa Distancia para Outros Estados;
2020-04-27 10:11:27;    ;179.0;Chamadas de Longa Distancia para Outros Estados;
2020-04-26 11:04:57;    ;151.0;Chamadas de Longa Distancia para Outros Estados;
2020-04-25 10:38:45;    ;24.0;Chamadas de Longa Distancia para Outros Estados;
2020-04-24 18:34:45;    ;82.0;Chamadas de Longa Distancia para Outros Estados;
2020-04-22 11:21:56;    ;206.0;Chamadas de Longa Distancia para Outros Estados;
2020-04-20 10:36:22;    ;111.0;Chamadas de Longa Distancia para Outros Estados;
2020-04-17 17:18:14;    ;10.0;Chamadas de Longa Distancia para Outros Estados;
2020-04-16 14:05:08;    ;274.0;Chamadas de Longa Distancia para Outros Estados;
2020-04-16 09:30:05;    ;5.0;Chamadas de Longa Distancia para Outros Estados;
2020-04-14 11:07:36;    ;280.0;Chamadas de Longa Distancia para Outros Estados;
2020-04-12 12:59:12;    ;107.0;Chamadas de Longa Distancia para Outros Estados;
2020-04-12 11:37:51;    ;231.0;Chamadas de Longa Distancia para Outros Estados;
2020-04-12 10:51:17;    ;82.0;Chamadas de Longa Distancia para Outros Estados;
2020-04-08 12:29:51;51  41185334;5.0;Chamadas de Longa Distancia para Outros Estados;
2020-04-01 20:17:55;    ;136.0;Chamadas de Longa Distancia para Outros Estados;
2020-04-01 16:02:45;    ;57.0;Chamadas de Longa Distancia para Outros Estados;
2020-04-01 10:00:57;    ;668.0;Chamadas de Longa Distancia para Outros Estados;
2020-04-25 09:55:15;91  32317225;5.0;Para Fixo de Outras Operadoras;
2020-04-23 19:01:29;91  32317225;5.0;Para Fixo de Outras Operadoras;
2020-04-20 10:55:18;91  32317225;5.0;Para Fixo de Outras Operadoras;
2020-04-12 09:36:16;91  32317225;6.0;Para Fixo de Outras Operadoras;
2020-04-02 07:59:51;91  32317225;5.0;Para Fixo de Outras Operadoras;
