data_hora_inicio;nro_telefone_chamado;duracao_ligacao;desc_categoria;valor_ligacao
2020-03-31;"";7843.8;INTERNET MOVEL 2;0.00
2020-04-01;"";18365.3;INTERNET MOVEL 2;0.00
2020-04-02;"";8785.1;INTERNET MOVEL 2;0.00
2020-04-03;"";31974.8;INTERNET MOVEL 2;0.00
2020-04-04;"";30148.9;INTERNET MOVEL 2;0.00
2020-04-05;"";11433.9;INTERNET MOVEL 2;0.00
2020-04-06;"";20299.9;INTERNET MOVEL 2;0.00
2020-04-07;"";11562.2;INTERNET MOVEL 2;0.00
2020-04-08;"";56420.0;INTERNET MOVEL 2;0.00
2020-04-09;"";26843.4;INTERNET MOVEL 2;0.00
2020-04-10;"";15122.5;INTERNET MOVEL 2;0.00
2020-04-11;"";54557.3;INTERNET MOVEL 2;0.00
2020-04-12;"";82872.7;INTERNET MOVEL 2;0.00
2020-04-13;"";53926.9;INTERNET MOVEL 2;0.00
2020-04-14;"";8087.0;INTERNET MOVEL 2;0.00
2020-04-15;"";6444.7;INTERNET MOVEL 2;0.00
2020-04-16;"";13541.1;INTERNET MOVEL 2;0.00
2020-04-17;"";28884.2;INTERNET MOVEL 2;0.00
2020-04-18;"";23653.2;INTERNET MOVEL 2;0.00
2020-04-19;"";30981.1;INTERNET MOVEL 2;0.00
2020-04-20;"";7192.1;INTERNET MOVEL 2;0.00
2020-04-21;"";15314.8;INTERNET MOVEL 2;0.00
2020-04-22;"";2214.7;INTERNET MOVEL 2;0.00
2020-04-23;"";7330.8;INTERNET MOVEL 2;0.00
2020-04-24;"";18411.1;INTERNET MOVEL 2;0.00
2020-04-25;"";31560.2;INTERNET MOVEL 2;0.00
2020-04-26;"";32546.5;INTERNET MOVEL 2;0.00
2020-04-27;"";3598.7;INTERNET MOVEL 2;0.00
2020-04-28;"";101497.8;INTERNET MOVEL 2;0.00
2020-04-29;"";25690.5;INTERNET MOVEL 2;0.00
2020-04-30;"";31956.5;INTERNET MOVEL 2;0.00
2020-05-01;"";19.0;INTERNET MOVEL 2;0.00
