data_hora_inicio;nro_telefone_chamado;duracao_ligacao;desc_categoria;valor_ligacao
2020-04-01 19:14:41;51  992545559;90.0;Para Celulares de Outras Operadoras;
2020-04-27 23:16:43;*5  55;5.0;"";
2020-04-28 10:34:30;51  40040001;153.0;Para Fixo de Outras Operadoras;
2020-04-28 10:08:14;51  40040001;45.0;Para Fixo de Outras Operadoras;
2020-04-17 21:14:49;51  34537646;5.0;Para Fixo de Outras Operadoras;
2020-04-17 21:14:18;51  34537646;5.0;Para Fixo de Outras Operadoras;
2020-04-11 11:41:48;51  34537646;18.0;Para Fixo de Outras Operadoras;
2020-04-30 12:53:53;51  989473241;46.0;Para Celulares de Outras Operadoras;
2020-04-29 19:52:23;51  989473241;5.0;Para Celulares de Outras Operadoras;
2020-04-25 18:26:06;51  989473241;16.0;Para Celulares de Outras Operadoras;
2020-04-19 18:59:38;51  989473241;5.0;Para Celulares de Outras Operadoras;
2020-04-18 13:07:01;51  989473241;10.0;Para Celulares de Outras Operadoras;
2020-04-17 17:30:18;51  981211690;5.0;Para Celulares de Outras Operadoras;
2020-04-17 16:16:26;51  981211690;6.0;Para Celulares de Outras Operadoras;
2020-04-17 10:52:35;51  981211690;16.0;Para Celulares de Outras Operadoras;
2020-04-16 17:29:39;51  993173269;61.0;Para Celulares de Outras Operadoras;
2020-04-15 11:09:59;51  983309882;13.0;Para Celulares de Outras Operadoras;
2020-04-02 11:58:43;51  989473241;47.0;Para Celulares de Outras Operadoras;
2020-04-30 08:36:21;51  30795005;179.0;Para Fixo Vivo;
2020-04-28 12:36:09;51  30795005;28.0;Para Fixo Vivo;
2020-04-30 14:44:04;51  999482226;121.0;Para Celulares Vivo;
2020-04-30 14:16:16;51  991400926;21.0;Para Celulares Vivo;
2020-04-29 16:00:29;51  999727384;36.0;Para Celulares Vivo;
2020-04-28 20:18:05;51  998625568;130.0;Para Celulares Vivo;
2020-04-26 10:12:42;51  996090146;11.0;Para Celulares Vivo;
2020-04-22 09:04:46;51  996090146;22.0;Para Celulares Vivo;
2020-04-19 18:54:59;51  980300749;5.0;Para Celulares Vivo;
2020-04-16 15:53:05;51  999482226;40.0;Para Celulares Vivo;
2020-04-11 19:09:03;51  980300749;5.0;Para Celulares Vivo;
2020-04-07 15:50:44;51  980507855;5.0;Para Celulares Vivo;
2020-04-07 14:09:49;51  980507855;31.0;Para Celulares Vivo;
2020-04-07 12:20:42;51  993189322;8.0;Para Celulares Vivo;
2020-04-07 12:00:30;51  993189322;25.0;Para Celulares Vivo;
2020-04-07 11:34:53;51  993189322;165.0;Para Celulares Vivo;
2020-04-04 10:03:17;51  980300749;5.0;Para Celulares Vivo;
2020-03-31;"";742.0;INTERNET MOVEL 2;0.00
2020-04-01;"";635.0;INTERNET MOVEL 2;0.00
2020-04-02;"";17896.8;INTERNET MOVEL 2;0.00
2020-04-03;"";3157.5;INTERNET MOVEL 2;0.00
2020-04-04;"";4496.1;INTERNET MOVEL 2;0.00
2020-04-05;"";490.0;INTERNET MOVEL 2;0.00
2020-04-06;"";84621.1;INTERNET MOVEL 2;0.00
2020-04-07;"";330.0;INTERNET MOVEL 2;0.00
2020-04-08;"";7540.2;INTERNET MOVEL 2;0.00
2020-04-09;"";464.0;INTERNET MOVEL 2;0.00
2020-04-10;"";1254.0;INTERNET MOVEL 2;0.00
2020-04-11;"";4856.2;INTERNET MOVEL 2;0.00
2020-04-12;"";336.0;INTERNET MOVEL 2;0.00
2020-04-13;"";393.0;INTERNET MOVEL 2;0.00
2020-04-14;"";2939.4;INTERNET MOVEL 2;0.00
2020-04-15;"";417.0;INTERNET MOVEL 2;0.00
2020-04-16;"";876.0;INTERNET MOVEL 2;0.00
2020-04-17;"";2235.0;INTERNET MOVEL 2;0.00
2020-04-18;"";3884.4;INTERNET MOVEL 2;0.00
2020-04-19;"";8339.5;INTERNET MOVEL 2;0.00
2020-04-20;"";48327.1;INTERNET MOVEL 2;0.00
2020-04-21;"";520.0;INTERNET MOVEL 2;0.00
2020-04-22;"";3485.8;INTERNET MOVEL 2;0.00
2020-04-23;"";457.0;INTERNET MOVEL 2;0.00
2020-04-24;"";12079.2;INTERNET MOVEL 2;0.00
2020-04-25;"";2534.6;INTERNET MOVEL 2;0.00
2020-04-26;"";939.0;INTERNET MOVEL 2;0.00
2020-04-27;"";64393.0;INTERNET MOVEL 2;0.00
2020-04-28;"";470.0;INTERNET MOVEL 2;0.00
2020-04-29;"";1370.0;INTERNET MOVEL 2;0.00
2020-04-30;"";14807.9;INTERNET MOVEL 2;0.00
2020-05-01;"";8.0;INTERNET MOVEL 2;0.00
