data_hora_inicio;nro_telefone_chamado;duracao_ligacao;desc_categoria;valor_ligacao
2020-04-01 11:25:46;51  991263773;47.0;Para Celulares de Outras Operadoras;
2020-04-01 11:43:50;51  992592754;11.0;Para Celulares Vivo;
2020-04-01 11:14:05;51  998208076;110.0;Para Celulares Vivo;
2020-04-01 11:06:58;51  992592869;66.0;Para Celulares Vivo;
2020-04-01 10:39:38;51  998208076;269.0;Para Celulares Vivo;
2020-04-29 13:48:57;51  993542151;130.0;Para Celulares de Outras Operadoras;
2020-04-28 11:05:28;51  993542151;45.0;Para Celulares de Outras Operadoras;
2020-04-28 08:19:46;51  993542151;19.0;Para Celulares de Outras Operadoras;
2020-04-22 11:40:38;51  981111669;23.0;Para Celulares de Outras Operadoras;
2020-04-22 11:14:05;51  993542151;10.0;Para Celulares de Outras Operadoras;
2020-04-22 10:56:08;51  993542151;72.0;Para Celulares de Outras Operadoras;
2020-04-02 12:14:01;51  981111669;5.0;Para Celulares de Outras Operadoras;
2020-04-02 12:03:06;51  981111669;10.0;Para Celulares de Outras Operadoras;
2020-04-28 16:47:00;51  995838788;12.0;Para Celulares Vivo;
2020-04-28 15:01:36;51  992592845;5.0;Para Celulares Vivo;
2020-04-28 14:26:37;51  992592845;5.0;Para Celulares Vivo;
2020-04-28 11:03:20;51  991813564;15.0;Para Celulares Vivo;
2020-04-27 09:30:13;51  992592752;64.0;Para Celulares Vivo;
2020-04-24 13:45:22;51  994037351;58.0;Para Celulares Vivo;
2020-04-17 11:10:18;51  996872609;5.0;Para Celulares Vivo;
2020-04-08 15:17:02;51  992592845;8.0;Para Celulares Vivo;
2020-04-07 09:32:00;51  992592752;5.0;Para Celulares Vivo;
2020-04-03 14:45:18;51  993320342;10.0;Para Celulares Vivo;
2020-04-02 17:12:17;51  992592754;6.0;Para Celulares Vivo;
2020-04-02 12:23:18;51  998208076;91.0;Para Celulares Vivo;
