data_hora_inicio;nro_telefone_chamado;duracao_ligacao;desc_categoria;valor_ligacao
2020-04-08 11:45:13;54  999992950;5.0;Para Celulares Vivo;
2020-04-27 15:31:23;51  35911122;73.0;Para Fixo de Outras Operadoras;
2020-04-27 08:47:48;51  35911122;48.0;Para Fixo de Outras Operadoras;
2020-04-27 08:44:52;51  35911122;6.0;Para Fixo de Outras Operadoras;
2020-04-27 08:44:36;51  35911122;5.0;Para Fixo de Outras Operadoras;
2020-04-27 08:43:11;51  35911122;10.0;Para Fixo de Outras Operadoras;
2020-04-25 13:50:20;51  32189000;9.0;Para Fixo de Outras Operadoras;
2020-04-17 12:31:04;51  35911122;27.0;Para Fixo de Outras Operadoras;
2020-04-17 11:50:08;51  35911122;68.0;Para Fixo de Outras Operadoras;
2020-04-23 09:57:44;51  992433321;209.0;Para Celulares de Outras Operadoras;
2020-04-20 14:24:26;51  992433321;600.0;Para Celulares de Outras Operadoras;
2020-04-15 10:36:28;51  999581651;159.0;Para Celulares de Outras Operadoras;
2020-04-08 13:03:09;51  984334432;193.0;Para Celulares de Outras Operadoras;
2020-04-06 11:59:12;51  992433321;130.0;Para Celulares de Outras Operadoras;
2020-04-20 15:43:37;51  992592869;28.0;Para Celulares Vivo;
2020-04-13 16:45:11;51  999666016;140.0;Para Celulares Vivo;
2020-03-31;"";1627.9;INTERNET MOVEL 2;0.00
2020-04-01;"";1118.0;INTERNET MOVEL 2;0.00
2020-04-02;"";4452.8;INTERNET MOVEL 2;0.00
2020-04-03;"";4860.8;INTERNET MOVEL 2;0.00
2020-04-04;"";4768.8;INTERNET MOVEL 2;0.00
2020-04-05;"";2222.1;INTERNET MOVEL 2;0.00
2020-04-06;"";4426.4;INTERNET MOVEL 2;0.00
2020-04-07;"";5014.9;INTERNET MOVEL 2;0.00
2020-04-08;"";1818.0;INTERNET MOVEL 2;0.00
2020-04-09;"";5859.8;INTERNET MOVEL 2;0.00
2020-04-10;"";2522.1;INTERNET MOVEL 2;0.00
2020-04-11;"";2743.2;INTERNET MOVEL 2;0.00
2020-04-12;"";2844.1;INTERNET MOVEL 2;0.00
2020-04-13;"";2933.9;INTERNET MOVEL 2;0.00
2020-04-14;"";9409.2;INTERNET MOVEL 2;0.00
2020-04-15;"";3277.8;INTERNET MOVEL 2;0.00
2020-04-16;"";3427.0;INTERNET MOVEL 2;0.00
2020-04-17;"";4488.0;INTERNET MOVEL 2;0.00
2020-04-18;"";1450.0;INTERNET MOVEL 2;0.00
2020-04-19;"";5020.3;INTERNET MOVEL 2;0.00
2020-04-20;"";88258.2;INTERNET MOVEL 2;0.00
2020-04-21;"";5098.6;INTERNET MOVEL 2;0.00
2020-04-22;"";6520.6;INTERNET MOVEL 2;0.00
2020-04-23;"";35760.4;INTERNET MOVEL 2;0.00
2020-04-24;"";8659.9;INTERNET MOVEL 2;0.00
2020-04-25;"";2998.6;INTERNET MOVEL 2;0.00
2020-04-26;"";5502.1;INTERNET MOVEL 2;0.00
2020-04-27;"";2822.5;INTERNET MOVEL 2;0.00
2020-04-28;"";3193.2;INTERNET MOVEL 2;0.00
2020-04-29;"";5473.5;INTERNET MOVEL 2;0.00
2020-04-30;"";3773.5;INTERNET MOVEL 2;0.00
2020-05-01;"";85.0;INTERNET MOVEL 2;0.00
