data_hora_inicio;nro_telefone_chamado;duracao_ligacao;desc_categoria;valor_ligacao
2020-04-01;"";18.0;INTERNET MOVEL 2;0.00
2020-04-02;"";20.0;INTERNET MOVEL 2;0.00
2020-04-03;"";196.0;INTERNET MOVEL 2;0.00
2020-04-04;"";62.0;INTERNET MOVEL 2;0.00
2020-04-05;"";73.0;INTERNET MOVEL 2;0.00
2020-04-06;"";6.0;INTERNET MOVEL 2;0.00
2020-04-07;"";21.0;INTERNET MOVEL 2;0.00
2020-04-08;"";60.0;INTERNET MOVEL 2;0.00
2020-04-09;"";26.0;INTERNET MOVEL 2;0.00
2020-04-10;"";40.0;INTERNET MOVEL 2;0.00
2020-04-11;"";16.0;INTERNET MOVEL 2;0.00
2020-04-13;"";18.0;INTERNET MOVEL 2;0.00
2020-04-14;"";20.0;INTERNET MOVEL 2;0.00
2020-04-15;"";5.0;INTERNET MOVEL 2;0.00
2020-04-16;"";1.0;INTERNET MOVEL 2;0.00
2020-04-17;"";14.0;INTERNET MOVEL 2;0.00
2020-04-18;"";18.0;INTERNET MOVEL 2;0.00
2020-04-19;"";71.0;INTERNET MOVEL 2;0.00
2020-04-20;"";19.0;INTERNET MOVEL 2;0.00
2020-04-21;"";31.0;INTERNET MOVEL 2;0.00
2020-04-22;"";38.0;INTERNET MOVEL 2;0.00
2020-04-23;"";18.0;INTERNET MOVEL 2;0.00
2020-04-24;"";1.0;INTERNET MOVEL 2;0.00
2020-04-25;"";11.0;INTERNET MOVEL 2;0.00
2020-04-26;"";29.0;INTERNET MOVEL 2;0.00
2020-04-27;"";56.0;INTERNET MOVEL 2;0.00
2020-04-28;"";113.0;INTERNET MOVEL 2;0.00
2020-04-29;"";64.0;INTERNET MOVEL 2;0.00
2020-04-30;"";42.0;INTERNET MOVEL 2;0.00
2020-05-01;"";32.0;INTERNET MOVEL 2;0.00
