data_hora_inicio;nro_telefone_chamado;duracao_ligacao;desc_categoria;valor_ligacao
2020-04-29 08:07:20;54996503436;1.0;GRATIS-SMS;0.00
2020-04-23 13:55:40;54996503436;1.0;GRATIS-SMS;0.00
2020-04-06 14:43:21;54996503436;1.0;GRATIS-SMS;0.00
2020-04-03 15:28:58;54996503436;1.0;GRATIS-SMS;0.00
2020-04-03 11:39:00;54996503436;1.0;GRATIS-SMS;0.00
2020-04-03 11:38:58;54996503436;1.0;GRATIS-SMS;0.00
2020-04-17 08:08:07;13  981188560;250.0;Para Celulares Vivo;
2020-04-24 08:52:11;54  996503436;10.0;Para Celulares Vivo;
2020-04-24 08:15:11;54  996503436;7.0;Para Celulares Vivo;
2020-04-23 14:56:03;54  996503436;588.0;Para Celulares Vivo;
2020-04-23 14:51:34;54  996870308;633.0;Para Celulares Vivo;
2020-04-17 13:23:32;54  996503436;49.0;Para Celulares Vivo;
2020-04-06 15:33:52;54  996503436;8.0;Para Celulares Vivo;
2020-04-06 11:07:00;54  996503436;28.0;Para Celulares Vivo;
2020-04-03 17:26:49;54  996503436;118.0;Para Celulares Vivo;
2020-04-18 19:10:18;51  34796270;5.0;Para Fixo de Outras Operadoras;
2020-04-15 13:58:15;51  34624700;5.0;Para Fixo de Outras Operadoras;
2020-04-14 09:37:02;51  30253020;11.0;Para Fixo de Outras Operadoras;
2020-04-30 15:14:45;51  991922095;10.0;Para Celulares de Outras Operadoras;
2020-04-29 15:11:59;51  993555430;33.0;Para Celulares de Outras Operadoras;
2020-04-29 13:31:47;51  993555430;10.0;Para Celulares de Outras Operadoras;
2020-04-29 08:18:25;51  991922095;16.0;Para Celulares de Outras Operadoras;
2020-04-29 08:06:32;51  993555430;39.0;Para Celulares de Outras Operadoras;
2020-04-28 17:38:46;51  993555430;29.0;Para Celulares de Outras Operadoras;
2020-04-28 14:25:09;51  993555430;62.0;Para Celulares de Outras Operadoras;
2020-04-28 08:16:56;51  991922095;19.0;Para Celulares de Outras Operadoras;
2020-04-27 14:21:16;51  993399889;22.0;Para Celulares de Outras Operadoras;
2020-04-27 08:22:01;51  993399889;48.0;Para Celulares de Outras Operadoras;
2020-04-24 17:05:03;51  993555430;8.0;Para Celulares de Outras Operadoras;
2020-04-23 14:38:48;51  991922095;28.0;Para Celulares de Outras Operadoras;
2020-04-23 11:20:19;51  991922095;34.0;Para Celulares de Outras Operadoras;
2020-04-21 12:50:00;51  985635575;9.0;Para Celulares de Outras Operadoras;
2020-04-17 15:37:40;51  981201434;5.0;Para Celulares de Outras Operadoras;
2020-04-14 09:06:27;51  991922095;5.0;Para Celulares de Outras Operadoras;
2020-04-09 14:30:14;51  993555430;44.0;Para Celulares de Outras Operadoras;
2020-04-08 08:25:48;51  993555430;102.0;Para Celulares de Outras Operadoras;
2020-04-07 09:11:22;51  991922095;148.0;Para Celulares de Outras Operadoras;
2020-04-02 11:07:01;51  991922095;5.0;Para Celulares de Outras Operadoras;
2020-04-30 16:25:56;51  21313340;28.0;Para Fixo Vivo;
2020-04-28 13:38:32;51  21313333;12.0;Para Fixo Vivo;
2020-04-28 11:03:19;51  35000018;6.0;Para Fixo Vivo;
2020-04-28 09:52:49;51  21313340;8.0;Para Fixo Vivo;
2020-04-02 13:01:29;51  21313375;5.0;Para Fixo Vivo;
2020-04-30 08:45:57;51  996922316;121.0;Para Celulares Vivo;
2020-04-29 09:19:46;51  991223844;38.0;Para Celulares Vivo;
2020-04-29 08:11:43;51  996922316;54.0;Para Celulares Vivo;
2020-04-28 16:31:44;51  996922316;18.0;Para Celulares Vivo;
2020-04-28 14:51:50;51  994037351;22.0;Para Celulares Vivo;
2020-04-28 14:50:30;51  996922316;5.0;Para Celulares Vivo;
2020-04-28 14:27:06;51  991200777;42.0;Para Celulares Vivo;
2020-04-28 10:12:20;51  991200777;47.0;Para Celulares Vivo;
2020-04-28 10:04:49;51  992592956;71.0;Para Celulares Vivo;
2020-04-28 10:00:19;51  991200777;15.0;Para Celulares Vivo;
2020-04-28 08:19:04;51  992592845;5.0;Para Celulares Vivo;
2020-04-28 08:13:01;51  994037351;35.0;Para Celulares Vivo;
2020-04-28 08:04:35;51  996922316;62.0;Para Celulares Vivo;
2020-04-28 07:37:16;51  991200777;5.0;Para Celulares Vivo;
2020-04-27 18:23:27;51  992592845;47.0;Para Celulares Vivo;
2020-04-27 18:09:07;51  991200777;29.0;Para Celulares Vivo;
2020-04-27 17:57:39;51  994037351;111.0;Para Celulares Vivo;
2020-04-27 17:53:44;51  996922316;18.0;Para Celulares Vivo;
2020-04-27 17:47:23;51  996922316;44.0;Para Celulares Vivo;
2020-04-27 15:14:59;51  992592845;108.0;Para Celulares Vivo;
2020-04-27 14:17:34;51  991200777;33.0;Para Celulares Vivo;
2020-04-27 14:06:18;51  991200777;91.0;Para Celulares Vivo;
2020-04-27 13:56:46;51  996922316;79.0;Para Celulares Vivo;
2020-04-27 08:29:31;51  996922316;31.0;Para Celulares Vivo;
2020-04-24 17:57:57;51  991200777;34.0;Para Celulares Vivo;
2020-04-24 16:43:36;51  991223844;44.0;Para Celulares Vivo;
2020-04-24 15:50:52;51  991200777;37.0;Para Celulares Vivo;
2020-04-24 13:40:46;51  996922316;14.0;Para Celulares Vivo;
2020-04-24 13:34:05;51  996922316;57.0;Para Celulares Vivo;
2020-04-24 13:15:44;51  991813564;89.0;Para Celulares Vivo;
2020-04-24 12:33:22;51  996922316;24.0;Para Celulares Vivo;
2020-04-24 10:00:11;51  996922316;61.0;Para Celulares Vivo;
2020-04-24 09:04:48;51  994037351;7.0;Para Celulares Vivo;
2020-04-24 08:58:12;51  994037351;26.0;Para Celulares Vivo;
2020-04-24 08:53:43;51  996922316;41.0;Para Celulares Vivo;
2020-04-23 17:36:10;51  992592845;13.0;Para Celulares Vivo;
2020-04-23 16:33:50;51  994037351;5.0;Para Celulares Vivo;
2020-04-23 14:52:57;51  994037351;619.0;Para Celulares Vivo;
2020-04-23 14:21:53;51  993319514;106.0;Para Celulares Vivo;
2020-04-23 14:18:29;51  996922316;13.0;Para Celulares Vivo;
2020-04-23 13:51:35;51  991200777;248.0;Para Celulares Vivo;
2020-04-23 13:33:44;51  991200777;176.0;Para Celulares Vivo;
2020-04-23 10:12:45;51  996922316;5.0;Para Celulares Vivo;
2020-04-23 10:08:59;51  996922316;6.0;Para Celulares Vivo;
2020-04-23 10:00:12;51  991200777;6.0;Para Celulares Vivo;
2020-04-23 09:40:29;51  996922316;5.0;Para Celulares Vivo;
2020-04-23 09:20:02;51  991200777;5.0;Para Celulares Vivo;
2020-04-22 16:18:18;51  991813564;24.0;Para Celulares Vivo;
2020-04-22 14:58:04;51  991813564;12.0;Para Celulares Vivo;
2020-04-22 08:59:33;51  991200777;135.0;Para Celulares Vivo;
2020-04-21 17:48:16;51  999583712;12.0;Para Celulares Vivo;
2020-04-21 12:47:30;51  999439860;5.0;Para Celulares Vivo;
2020-04-20 12:12:22;51  999439860;6.0;Para Celulares Vivo;
2020-04-20 12:11:40;51  999439860;5.0;Para Celulares Vivo;
2020-04-20 11:13:20;51  994037351;45.0;Para Celulares Vivo;
2020-04-19 17:55:08;51  999439860;36.0;Para Celulares Vivo;
2020-04-17 17:35:51;51  991813564;163.0;Para Celulares Vivo;
2020-04-17 11:12:31;51  991813564;13.0;Para Celulares Vivo;
2020-04-17 11:02:50;51  991813564;5.0;Para Celulares Vivo;
2020-04-17 10:06:20;51  991034807;106.0;Para Celulares Vivo;
2020-04-17 10:04:35;51  991200777;13.0;Para Celulares Vivo;
2020-04-17 09:48:05;51  991813564;34.0;Para Celulares Vivo;
2020-04-16 16:36:25;51  991813564;51.0;Para Celulares Vivo;
2020-04-16 15:45:35;51  991200777;31.0;Para Celulares Vivo;
2020-04-16 14:11:38;51  996922316;50.0;Para Celulares Vivo;
2020-04-16 14:03:15;51  996922316;5.0;Para Celulares Vivo;
2020-04-16 13:43:38;51  996922316;5.0;Para Celulares Vivo;
2020-04-16 11:05:06;51  991223844;35.0;Para Celulares Vivo;
2020-04-16 11:00:31;51  992592873;16.0;Para Celulares Vivo;
2020-04-16 08:49:57;51  992592845;5.0;Para Celulares Vivo;
2020-04-15 17:50:40;51  996922316;45.0;Para Celulares Vivo;
2020-04-15 17:36:30;51  991813564;13.0;Para Celulares Vivo;
2020-04-15 09:43:20;51  992592873;9.0;Para Celulares Vivo;
2020-04-14 14:42:16;51  992592845;55.0;Para Celulares Vivo;
2020-04-14 14:39:11;51  994037351;28.0;Para Celulares Vivo;
2020-04-14 13:58:54;51  991200777;49.0;Para Celulares Vivo;
2020-04-14 10:10:34;51  993320327;74.0;Para Celulares Vivo;
2020-04-14 08:49:53;51  994037351;161.0;Para Celulares Vivo;
2020-04-13 17:26:22;51  992592729;40.0;Para Celulares Vivo;
2020-04-13 17:24:51;51  992592729;5.0;Para Celulares Vivo;
2020-04-13 15:56:13;51  991225756;123.0;Para Celulares Vivo;
2020-04-13 12:12:26;51  992592845;9.0;Para Celulares Vivo;
2020-04-13 11:04:41;51  991813564;5.0;Para Celulares Vivo;
2020-04-13 09:44:46;51  992592845;46.0;Para Celulares Vivo;
2020-04-13 09:27:55;51  996922316;161.0;Para Celulares Vivo;
2020-04-13 08:38:30;51  991813564;448.0;Para Celulares Vivo;
2020-04-09 10:38:48;51  991200777;257.0;Para Celulares Vivo;
2020-04-07 13:45:30;51  991200777;105.0;Para Celulares Vivo;
2020-04-07 10:09:12;51  999220458;14.0;Para Celulares Vivo;
2020-04-07 09:04:32;51  994037351;9.0;Para Celulares Vivo;
2020-04-07 08:50:43;51  996922316;126.0;Para Celulares Vivo;
2020-04-07 08:18:32;51  999220458;15.0;Para Celulares Vivo;
2020-04-06 15:10:52;51  992592869;7.0;Para Celulares Vivo;
2020-04-06 15:03:33;51  991813564;67.0;Para Celulares Vivo;
2020-04-06 14:52:22;51  992067522;45.0;Para Celulares Vivo;
2020-04-06 13:38:27;51  996922316;28.0;Para Celulares Vivo;
2020-04-06 11:01:38;51  998447472;20.0;Para Celulares Vivo;
2020-04-06 09:34:49;51  991813564;215.0;Para Celulares Vivo;
2020-04-03 18:10:41;51  992592845;47.0;Para Celulares Vivo;
2020-04-03 18:02:15;51  996922316;82.0;Para Celulares Vivo;
2020-04-03 17:18:03;51  991200777;22.0;Para Celulares Vivo;
2020-04-03 16:01:12;51  991034807;7.0;Para Celulares Vivo;
2020-04-03 10:12:36;51  996922316;79.0;Para Celulares Vivo;
2020-04-02 10:26:21;51  996922316;62.0;Para Celulares Vivo;
2020-04-02 08:53:13;51  996922316;88.0;Para Celulares Vivo;
2020-04-02 08:48:58;51  991034807;5.0;Para Celulares Vivo;
2020-03-31;"";121.0;INTERNET MOVEL 2;0.00
2020-04-01;"";555.0;INTERNET MOVEL 2;0.00
2020-04-02;"";850.0;INTERNET MOVEL 2;0.00
2020-04-03;"";454.0;INTERNET MOVEL 2;0.00
2020-04-04;"";65438.3;INTERNET MOVEL 2;0.00
2020-04-05;"";777.0;INTERNET MOVEL 2;0.00
2020-04-06;"";658.0;INTERNET MOVEL 2;0.00
2020-04-07;"";703.0;INTERNET MOVEL 2;0.00
2020-04-08;"";835.0;INTERNET MOVEL 2;0.00
2020-04-09;"";876.0;INTERNET MOVEL 2;0.00
2020-04-10;"";942.0;INTERNET MOVEL 2;0.00
2020-04-11;"";64228.3;INTERNET MOVEL 2;0.00
2020-04-12;"";602.0;INTERNET MOVEL 2;0.00
2020-04-13;"";765.0;INTERNET MOVEL 2;0.00
2020-04-14;"";700.0;INTERNET MOVEL 2;0.00
2020-04-15;"";98963.4;INTERNET MOVEL 2;0.00
2020-04-16;"";44491.9;INTERNET MOVEL 2;0.00
2020-04-17;"";1202.0;INTERNET MOVEL 2;0.00
2020-04-18;"";785.0;INTERNET MOVEL 2;0.00
2020-04-19;"";24609.1;INTERNET MOVEL 2;0.00
2020-04-20;"";1992.0;INTERNET MOVEL 2;0.00
2020-04-21;"";44979.0;INTERNET MOVEL 2;0.00
2020-04-22;"";760.0;INTERNET MOVEL 2;0.00
2020-04-23;"";647.0;INTERNET MOVEL 2;0.00
2020-04-24;"";542.0;INTERNET MOVEL 2;0.00
2020-04-25;"";611.0;INTERNET MOVEL 2;0.00
2020-04-26;"";2380.0;INTERNET MOVEL 2;0.00
2020-04-27;"";36951.4;INTERNET MOVEL 2;0.00
2020-04-28;"";793.0;INTERNET MOVEL 2;0.00
2020-04-29;"";1037.0;INTERNET MOVEL 2;0.00
2020-04-30;"";13344.2;INTERNET MOVEL 2;0.00
