data_hora_inicio;nro_telefone_chamado;duracao_ligacao;desc_categoria;valor_ligacao
2020-04-30 11:11:24;51  34623500;20.0;Para Fixo de Outras Operadoras;
2020-04-29 08:32:20;51  34623500;49.0;Para Fixo de Outras Operadoras;
2020-04-29 13:59:42;51  999245912;38.0;Para Celulares de Outras Operadoras;
2020-04-29 10:13:47;51  999245912;18.0;Para Celulares de Outras Operadoras;
2020-04-29 09:33:54;51  999245912;10.0;Para Celulares de Outras Operadoras;
2020-04-29 08:03:24;51  999245912;44.0;Para Celulares de Outras Operadoras;
2020-04-28 11:16:19;51  984109419;13.0;Para Celulares de Outras Operadoras;
2020-04-28 16:51:37;51  995739572;93.0;Para Celulares Vivo;
2020-04-27;"";168.0;INTERNET MOVEL 2;0.00
