data_hora_inicio;nro_telefone_chamado;duracao_ligacao;desc_categoria;valor_ligacao
2020-04-19 14:29:51;11989626543;1.0;GRATIS-SMS;0.00
2020-04-01 18:00:54;51  982185268;5.0;Para Celulares de Outras Operadoras;
2020-04-23 09:05:03;51  981211690;17.0;Para Celulares de Outras Operadoras;
2020-04-22 18:07:33;51  981247107;5.0;Para Celulares de Outras Operadoras;
2020-04-22 16:14:48;51  993535111;31.0;Para Celulares de Outras Operadoras;
2020-04-22 15:59:43;51  984154265;21.0;Para Celulares de Outras Operadoras;
2020-04-21 18:40:01;51  982185268;5.0;Para Celulares de Outras Operadoras;
2020-04-20 15:17:21;51  984462360;14.0;Para Celulares de Outras Operadoras;
2020-04-18 05:59:49;51  991948262;6.0;Para Celulares de Outras Operadoras;
2020-04-17 15:00:54;51  991309343;6.0;Para Celulares de Outras Operadoras;
2020-04-17 14:04:19;51  984652480;5.0;Para Celulares de Outras Operadoras;
2020-04-17 10:06:52;51  991309343;5.0;Para Celulares de Outras Operadoras;
2020-04-17 08:57:26;51  985666828;5.0;Para Celulares de Outras Operadoras;
2020-04-16 13:55:16;51  991309343;5.0;Para Celulares de Outras Operadoras;
2020-04-16 11:09:45;51  981692729;6.0;Para Celulares de Outras Operadoras;
2020-04-16 11:06:47;51  981692729;27.0;Para Celulares de Outras Operadoras;
2020-04-16 10:59:43;51  985499486;34.0;Para Celulares de Outras Operadoras;
2020-04-15 11:06:53;51  991309343;14.0;Para Celulares de Outras Operadoras;
2020-04-15 09:01:12;51  991309343;14.0;Para Celulares de Outras Operadoras;
2020-04-14 16:57:44;51  984462360;5.0;Para Celulares de Outras Operadoras;
2020-04-14 16:54:20;51  984462360;22.0;Para Celulares de Outras Operadoras;
2020-04-14 13:02:54;51  991309343;8.0;Para Celulares de Outras Operadoras;
2020-04-14 12:12:46;51  984652480;5.0;Para Celulares de Outras Operadoras;
2020-04-13 16:22:27;51  991309343;10.0;Para Celulares de Outras Operadoras;
2020-04-13 11:33:43;51  981211690;9.0;Para Celulares de Outras Operadoras;
2020-04-09 18:00:24;51  982185268;5.0;Para Celulares de Outras Operadoras;
2020-04-09 11:26:22;51  984929259;5.0;Para Celulares de Outras Operadoras;
2020-04-09 10:08:00;51  997300279;15.0;Para Celulares de Outras Operadoras;
2020-04-09 07:50:23;51  991309343;5.0;Para Celulares de Outras Operadoras;
2020-04-08 15:17:47;51  981247107;5.0;Para Celulares de Outras Operadoras;
2020-04-08 14:15:04;51  991309343;8.0;Para Celulares de Outras Operadoras;
2020-04-08 14:06:56;51  981211690;5.0;Para Celulares de Outras Operadoras;
2020-04-08 14:05:09;51  981211690;14.0;Para Celulares de Outras Operadoras;
2020-04-08 09:32:26;51  985666828;5.0;Para Celulares de Outras Operadoras;
2020-04-08 08:05:36;51  985666828;5.0;Para Celulares de Outras Operadoras;
2020-04-07 15:25:14;51  991821279;29.0;Para Celulares de Outras Operadoras;
2020-04-06 08:50:46;51  996314131;5.0;Para Celulares de Outras Operadoras;
2020-04-01 17:39:02;51  982185268;13.0;Para Celulares de Outras Operadoras;
2020-04-01 14:27:08;51  985666828;8.0;Para Celulares de Outras Operadoras;
2020-04-01 14:16:12;51  981247107;5.0;Para Celulares de Outras Operadoras;
2020-04-01 09:33:42;51  981247107;5.0;Para Celulares de Outras Operadoras;
2020-04-01 08:58:48;51  981211690;5.0;Para Celulares de Outras Operadoras;
2020-04-01 07:10:35;51  984652480;5.0;Para Celulares de Outras Operadoras;
2020-04-24 10:20:45;54  991657869;11.0;Para Celulares de Outras Operadoras;
2020-04-23 17:02:45;54  991657869;17.0;Para Celulares de Outras Operadoras;
2020-04-08 19:06:46;*5  55;5.0;"";
2020-04-24 10:32:04;51  33285050;10.0;Para Fixo de Outras Operadoras;
2020-04-18 17:39:57;51  34260803;14.0;Para Fixo de Outras Operadoras;
2020-04-18 12:11:41;51  33642030;25.0;Para Fixo de Outras Operadoras;
2020-04-04 11:24:44;51  33407853;5.0;Para Fixo de Outras Operadoras;
2020-04-04 11:22:35;51  39079300;15.0;Para Fixo de Outras Operadoras;
2020-04-30 17:13:43;51  991568417;7.0;Para Celulares de Outras Operadoras;
2020-04-30 15:15:34;51  996314131;36.0;Para Celulares de Outras Operadoras;
2020-04-30 13:05:20;51  984652480;5.0;Para Celulares de Outras Operadoras;
2020-04-30 13:04:15;51  994610494;7.0;Para Celulares de Outras Operadoras;
2020-04-29 14:22:00;51  992925708;5.0;Para Celulares de Outras Operadoras;
2020-04-28 16:08:39;51  993438384;22.0;Para Celulares de Outras Operadoras;
2020-04-28 15:42:13;51  993438384;27.0;Para Celulares de Outras Operadoras;
2020-04-28 15:21:22;51  984547713;13.0;Para Celulares de Outras Operadoras;
2020-04-28 14:08:08;51  985631775;11.0;Para Celulares de Outras Operadoras;
2020-04-28 14:05:44;51  993438384;16.0;Para Celulares de Outras Operadoras;
2020-04-28 12:10:51;51  984462360;67.0;Para Celulares de Outras Operadoras;
2020-04-28 06:50:52;51  993438384;5.0;Para Celulares de Outras Operadoras;
2020-04-27 09:19:05;51  992111739;16.0;Para Celulares de Outras Operadoras;
2020-04-25 17:25:31;51  992111739;50.0;Para Celulares de Outras Operadoras;
2020-04-25 12:12:11;51  992111739;17.0;Para Celulares de Outras Operadoras;
2020-04-25 11:39:42;51  982185268;25.0;Para Celulares de Outras Operadoras;
2020-04-24 14:42:52;51  994610494;11.0;Para Celulares de Outras Operadoras;
2020-04-24 14:25:12;51  993438384;16.0;Para Celulares de Outras Operadoras;
2020-04-24 13:24:52;51  994691629;22.0;Para Celulares de Outras Operadoras;
2020-04-24 08:20:36;51  993438384;5.0;Para Celulares de Outras Operadoras;
2020-04-24 08:16:14;51  993438384;5.0;Para Celulares de Outras Operadoras;
2020-04-24 05:44:41;51  991948262;5.0;Para Celulares de Outras Operadoras;
2020-04-23 14:44:50;51  994610494;31.0;Para Celulares de Outras Operadoras;
2020-04-23 10:41:50;51  994610494;14.0;Para Celulares de Outras Operadoras;
2020-04-23 10:32:30;51  994610494;5.0;Para Celulares de Outras Operadoras;
2020-04-23 09:56:11;51  993535111;8.0;Para Celulares de Outras Operadoras;
2020-04-04 11:47:26;51  981247107;5.0;Para Celulares de Outras Operadoras;
2020-04-04 08:17:14;51  984652480;5.0;Para Celulares de Outras Operadoras;
2020-04-03 12:05:38;51  993438384;59.0;Para Celulares de Outras Operadoras;
2020-04-03 09:33:06;51  984652480;11.0;Para Celulares de Outras Operadoras;
2020-04-02 15:09:04;51  984619982;66.0;Para Celulares de Outras Operadoras;
2020-04-02 08:06:52;51  993438384;65.0;Para Celulares de Outras Operadoras;
2020-04-02 08:03:56;51  984462360;15.0;Para Celulares de Outras Operadoras;
2020-04-10 22:57:28;51  21313333;10.0;Para Fixo Vivo;
2020-04-07 10:49:41;51  21313333;9.0;Para Fixo Vivo;
2020-04-30 14:45:37;51  999907437;5.0;Para Celulares Vivo;
2020-04-30 13:59:10;51  991919823;7.0;Para Celulares Vivo;
2020-04-29 15:07:22;51  993360720;5.0;Para Celulares Vivo;
2020-04-28 16:32:57;51  992518679;5.0;Para Celulares Vivo;
2020-04-28 07:28:35;51  992518679;6.0;Para Celulares Vivo;
2020-04-24 14:11:55;51  995112258;5.0;Para Celulares Vivo;
2020-04-24 14:09:14;51  995112258;5.0;Para Celulares Vivo;
2020-04-24 09:21:14;51  995112258;5.0;Para Celulares Vivo;
2020-04-23 13:56:52;51  995112258;6.0;Para Celulares Vivo;
2020-04-17 10:03:00;51  995112258;7.0;Para Celulares Vivo;
2020-04-17 09:55:09;51  993360720;6.0;Para Celulares Vivo;
2020-04-16 11:11:45;51  993978431;18.0;Para Celulares Vivo;
2020-04-15 16:49:21;51  998398916;19.0;Para Celulares Vivo;
2020-04-15 14:34:15;51  999892787;15.0;Para Celulares Vivo;
2020-04-14 15:41:06;51  996168535;5.0;Para Celulares Vivo;
2020-04-13 16:37:13;51  999838046;72.0;Para Celulares Vivo;
2020-04-09 10:11:43;51  995112258;5.0;Para Celulares Vivo;
2020-04-08 14:02:09;51  993360720;5.0;Para Celulares Vivo;
2020-04-07 09:32:00;51  995112258;5.0;Para Celulares Vivo;
2020-04-06 16:54:32;51  991916429;7.0;Para Celulares Vivo;
2020-04-06 16:52:25;51  991916429;5.0;Para Celulares Vivo;
2020-04-03 07:20:50;51  993360720;5.0;Para Celulares Vivo;
2020-03-31;"";106.0;INTERNET MOVEL 2;0.00
2020-04-01;"";126777.8;INTERNET MOVEL 2;0.00
2020-04-02;"";88404.8;INTERNET MOVEL 2;0.00
2020-04-03;"";226351.7;INTERNET MOVEL 2;0.00
2020-04-04;"";31425.9;INTERNET MOVEL 2;0.00
2020-04-05;"";349.0;INTERNET MOVEL 2;0.00
2020-04-06;"";149889.0;INTERNET MOVEL 2;0.00
2020-04-07;"";171257.8;INTERNET MOVEL 2;0.00
2020-04-08;"";248690.2;INTERNET MOVEL 2;0.00
2020-04-09;"";121710.5;INTERNET MOVEL 2;0.00
2020-04-10;"";105381.1;INTERNET MOVEL 2;0.00
2020-04-11;"";92239.5;INTERNET MOVEL 2;0.00
2020-04-12;"";12124.4;INTERNET MOVEL 2;0.00
2020-04-13;"";70920.7;INTERNET MOVEL 2;0.00
2020-04-14;"";107457.0;INTERNET MOVEL 2;0.00
2020-04-15;"";97682.5;INTERNET MOVEL 2;0.00
2020-04-16;"";186729.3;INTERNET MOVEL 2;0.00
2020-04-17;"";110261.6;INTERNET MOVEL 2;0.00
2020-04-18;"";89493.9;INTERNET MOVEL 2;0.00
2020-04-19;"";728.0;INTERNET MOVEL 2;0.00
2020-04-20;"";132256.5;INTERNET MOVEL 2;0.00
2020-04-21;"";4303.0;INTERNET MOVEL 2;0.00
2020-04-22;"";105117.2;INTERNET MOVEL 2;0.00
2020-04-23;"";97801.6;INTERNET MOVEL 2;0.00
2020-04-24;"";68202.6;INTERNET MOVEL 2;0.00
2020-04-25;"";6318.9;INTERNET MOVEL 2;0.00
2020-04-26;"";905.0;INTERNET MOVEL 2;0.00
2020-04-27;"";127994.2;INTERNET MOVEL 2;0.00
2020-04-28;"";120267.8;INTERNET MOVEL 2;0.00
2020-04-29;"";101412.5;INTERNET MOVEL 2;0.00
2020-04-30;"";134969.4;INTERNET MOVEL 2;0.00
2020-05-01;"";27.0;INTERNET MOVEL 2;0.00
