data_hora_inicio;nro_telefone_chamado;duracao_ligacao;desc_categoria;valor_ligacao
2020-04-30 10:20:53;51998137123;1.0;GRATIS-SMS;0.00
2020-04-17 15:36:43;51  981211690;26.0;Para Celulares de Outras Operadoras;
2020-04-13 14:28:25;51  981111669;7.0;Para Celulares de Outras Operadoras;
2020-04-30 08:32:22;51  984468666;39.0;Para Fixo Vivo;
2020-04-29 14:50:14;51  985371028;29.0;Para Fixo Vivo;
2020-04-07 18:01:15;51  40043535;10.0;Para Fixo Vivo;
2020-04-07 17:55:54;51  40043535;25.0;Para Fixo Vivo;
2020-04-07 12:53:14;51  40043535;28.0;Para Fixo Vivo;
2020-04-07 12:51:57;51  40043535;9.0;Para Fixo Vivo;
2020-04-04 12:55:58;51  40043535;60.0;Para Fixo Vivo;
2020-04-30 13:25:54;51  998137123;56.0;Para Celulares Vivo;
2020-04-30 07:49:16;51  998137123;6.0;Para Celulares Vivo;
2020-04-29 14:35:18;51  995112258;34.0;Para Celulares Vivo;
2020-04-29 13:52:53;51  992592971;8.0;Para Celulares Vivo;
2020-04-28 15:11:05;51  992592971;135.0;Para Celulares Vivo;
2020-04-28 12:13:37;51  992592971;11.0;Para Celulares Vivo;
2020-04-27 14:06:14;51  991580245;79.0;Para Celulares Vivo;
2020-04-27 08:41:41;51  992592971;20.0;Para Celulares Vivo;
2020-04-27 08:39:54;51  992592971;15.0;Para Celulares Vivo;
2020-04-23 10:13:57;51  992592971;32.0;Para Celulares Vivo;
2020-04-23 08:04:51;51  992592971;7.0;Para Celulares Vivo;
2020-04-22 10:56:04;51  992592971;70.0;Para Celulares Vivo;
2020-04-22 10:55:26;51  992592971;5.0;Para Celulares Vivo;
2020-04-17 16:02:25;51  992592971;62.0;Para Celulares Vivo;
2020-04-17 13:43:40;51  986548692;6.0;Para Celulares Vivo;
2020-04-16 09:17:24;51  995112258;24.0;Para Celulares Vivo;
2020-04-15 15:36:44;51  995112258;11.0;Para Celulares Vivo;
2020-04-14 14:09:18;51  995112258;8.0;Para Celulares Vivo;
2020-04-13 13:50:25;51  995112258;9.0;Para Celulares Vivo;
2020-04-13 09:10:39;51  995112258;5.0;Para Celulares Vivo;
2020-04-09 09:00:14;51  992592971;28.0;Para Celulares Vivo;
2020-04-03 09:40:46;51  992592971;102.0;Para Celulares Vivo;
2020-04-02 10:09:46;51  981119588;9.0;Para Celulares Vivo;
2020-04-01;"";3781.1;INTERNET MOVEL 2;0.00
2020-04-02;"";21002.8;INTERNET MOVEL 2;0.00
2020-04-03;"";26525.2;INTERNET MOVEL 2;0.00
2020-04-04;"";97950.8;INTERNET MOVEL 2;0.00
2020-04-05;"";27280.7;INTERNET MOVEL 2;0.00
2020-04-06;"";6407.5;INTERNET MOVEL 2;0.00
2020-04-07;"";14848.1;INTERNET MOVEL 2;0.00
2020-04-08;"";11360.6;INTERNET MOVEL 2;0.00
2020-04-09;"";23136.3;INTERNET MOVEL 2;0.00
2020-04-10;"";44.0;INTERNET MOVEL 2;0.00
2020-04-11;"";24.0;INTERNET MOVEL 2;0.00
2020-04-12;"";17.0;INTERNET MOVEL 2;0.00
2020-04-13;"";2598.7;INTERNET MOVEL 2;0.00
2020-04-14;"";3411.1;INTERNET MOVEL 2;0.00
2020-04-15;"";3359.5;INTERNET MOVEL 2;0.00
2020-04-16;"";1940.0;INTERNET MOVEL 2;0.00
2020-04-17;"";3115.0;INTERNET MOVEL 2;0.00
2020-04-18;"";2691.9;INTERNET MOVEL 2;0.00
2020-04-19;"";45.0;INTERNET MOVEL 2;0.00
2020-04-20;"";65.0;INTERNET MOVEL 2;0.00
2020-04-21;"";73.0;INTERNET MOVEL 2;0.00
2020-04-22;"";1920.4;INTERNET MOVEL 2;0.00
2020-04-23;"";4725.8;INTERNET MOVEL 2;0.00
2020-04-24;"";8984.1;INTERNET MOVEL 2;0.00
2020-04-25;"";38.0;INTERNET MOVEL 2;0.00
2020-04-26;"";8413.0;INTERNET MOVEL 2;0.00
2020-04-27;"";2061.0;INTERNET MOVEL 2;0.00
2020-04-28;"";2819.0;INTERNET MOVEL 2;0.00
2020-04-29;"";4344.3;INTERNET MOVEL 2;0.00
2020-04-30;"";13759.1;INTERNET MOVEL 2;0.00
2020-05-01;"";15.0;INTERNET MOVEL 2;0.00
