data_hora_inicio;nro_telefone_chamado;duracao_ligacao;desc_categoria;valor_ligacao
2020-03-31;"";74536.9;INTERNET MOVEL 2;0.00
2020-04-01;"";45396.4;INTERNET MOVEL 2;0.00
2020-04-02;"";86392.9;INTERNET MOVEL 2;0.00
2020-04-03;"";205501.3;INTERNET MOVEL 2;0.00
2020-04-04;"";83640.3;INTERNET MOVEL 2;0.00
2020-04-05;"";121349.0;INTERNET MOVEL 2;0.00
2020-04-06;"";44846.0;INTERNET MOVEL 2;0.00
2020-04-07;"";86119.1;INTERNET MOVEL 2;0.00
2020-04-08;"";127655.7;INTERNET MOVEL 2;0.00
2020-04-09;"";67557.2;INTERNET MOVEL 2;0.00
2020-04-10;"";191926.1;INTERNET MOVEL 2;0.00
2020-04-11;"";59779.0;INTERNET MOVEL 2;0.00
2020-04-12;"";48881.4;INTERNET MOVEL 2;0.00
2020-04-13;"";46046.3;INTERNET MOVEL 2;0.00
2020-04-14;"";54761.2;INTERNET MOVEL 2;0.00
2020-04-15;"";49299.0;INTERNET MOVEL 2;0.00
2020-04-16;"";16854.9;INTERNET MOVEL 2;0.00
2020-04-17;"";42619.3;INTERNET MOVEL 2;0.00
2020-04-18;"";19902.6;INTERNET MOVEL 2;0.00
2020-04-20;"";24719.2;INTERNET MOVEL 2;0.00
2020-04-21;"";18554.8;INTERNET MOVEL 2;0.00
2020-04-22;"";10861.2;INTERNET MOVEL 2;0.00
2020-04-23;"";109942.8;INTERNET MOVEL 2;0.00
2020-04-24;"";24308.1;INTERNET MOVEL 2;0.00
2020-04-27;"";18421.6;INTERNET MOVEL 2;0.00
2020-04-28;"";108318.6;INTERNET MOVEL 2;0.00
2020-04-29;"";21112.1;INTERNET MOVEL 2;0.00
2020-04-30;"";27272.0;INTERNET MOVEL 2;0.00
