data_hora_inicio;nro_telefone_chamado;duracao_ligacao;desc_categoria;valor_ligacao
2020-04-06 09:51:13;51  33400100;6.0;Para Fixo de Outras Operadoras;
2020-04-05 16:54:39;51  32189000;56.0;Para Fixo de Outras Operadoras;
2020-04-03 17:20:20;51  33400100;6.0;Para Fixo de Outras Operadoras;
2020-04-16 17:02:41;51  991761740;5.0;Para Celulares de Outras Operadoras;
2020-04-22 08:03:32;51  33481644;5.0;Para Fixo Vivo;
2020-04-16 15:24:24;51  30157777;46.0;Para Fixo Vivo;
2020-04-03 16:00:12;51  30157777;200.0;Para Fixo Vivo;
2020-04-16 15:41:16;51  999013516;40.0;Para Celulares Vivo;
2020-04-15 14:12:46;51  999013516;54.0;Para Celulares Vivo;
2020-04-08 12:55:35;51  998470403;7.0;Para Celulares Vivo;
2020-04-06 15:19:16;51  999013516;13.0;Para Celulares Vivo;
2020-04-06 14:49:48;51  999013516;55.0;Para Celulares Vivo;
2020-04-04 11:16:14;51  998470403;6.0;Para Celulares Vivo;
2020-04-04 11:14:48;51  999013516;5.0;Para Celulares Vivo;
2020-04-03 16:44:03;51  999013516;34.0;Para Celulares Vivo;
2020-04-03 16:26:17;51  999013516;88.0;Para Celulares Vivo;
2020-04-03 15:58:10;51  999013516;17.0;Para Celulares Vivo;
2020-04-03 15:54:12;51  999013516;10.0;Para Celulares Vivo;
2020-04-03 13:59:34;51  998470403;31.0;Para Celulares Vivo;
2020-04-03 11:26:17;51  998470403;19.0;Para Celulares Vivo;
2020-04-17;"";190.0;INTERNET MOVEL 2;0.00
2020-04-18;"";311.0;INTERNET MOVEL 2;0.00
2020-04-19;"";13799.5;INTERNET MOVEL 2;0.00
2020-04-20;"";13363.5;INTERNET MOVEL 2;0.00
2020-04-21;"";368.0;INTERNET MOVEL 2;0.00
2020-04-22;"";50242.6;INTERNET MOVEL 2;0.00
2020-04-23;"";40415.8;INTERNET MOVEL 2;0.00
2020-04-24;"";2068.4;INTERNET MOVEL 2;0.00
2020-04-25;"";495.0;INTERNET MOVEL 2;0.00
2020-04-26;"";497.0;INTERNET MOVEL 2;0.00
2020-04-27;"";18922.3;INTERNET MOVEL 2;0.00
2020-04-28;"";311.0;INTERNET MOVEL 2;0.00
2020-04-29;"";1554.1;INTERNET MOVEL 2;0.00
2020-04-30;"";18832.0;INTERNET MOVEL 2;0.00
