data_hora_inicio;nro_telefone_chamado;duracao_ligacao;desc_categoria;valor_ligacao
2020-04-01 21:25:44;51  994172535;37.0;Para Celulares de Outras Operadoras;
2020-04-01 14:30:38;51  991120751;5.0;Para Celulares de Outras Operadoras;
2020-04-01 14:18:03;51  991120751;6.0;Para Celulares de Outras Operadoras;
2020-04-01 10:01:02;51  994172535;38.0;Para Celulares de Outras Operadoras;
2020-04-15 09:35:44;*5  55;6.0;"";
2020-04-14 20:04:03;*5  55;5.0;"";
2020-04-11 16:28:08;*5  55;7.0;"";
2020-04-14 16:39:37;51  33901400;10.0;Para Fixo de Outras Operadoras;
2020-04-29 20:38:50;51  994172535;46.0;Para Celulares de Outras Operadoras;
2020-04-29 19:37:44;51  989316913;21.0;Para Celulares de Outras Operadoras;
2020-04-28 21:52:23;51  992477479;5.0;Para Celulares de Outras Operadoras;
2020-04-25 21:43:06;51  984862097;20.0;Para Celulares de Outras Operadoras;
2020-04-24 13:50:35;51  991120751;15.0;Para Celulares de Outras Operadoras;
2020-04-24 13:08:03;51  994172535;32.0;Para Celulares de Outras Operadoras;
2020-04-22 14:47:14;51  991120751;34.0;Para Celulares de Outras Operadoras;
2020-04-19 19:43:08;51  989316913;71.0;Para Celulares de Outras Operadoras;
2020-04-18 16:50:57;51  989316913;10.0;Para Celulares de Outras Operadoras;
2020-04-16 19:58:31;51  994172535;68.0;Para Celulares de Outras Operadoras;
2020-04-15 15:53:18;51  991625959;176.0;Para Celulares de Outras Operadoras;
2020-04-14 19:03:13;51  994172535;5.0;Para Celulares de Outras Operadoras;
2020-04-12 11:51:14;51  991120751;16.0;Para Celulares de Outras Operadoras;
2020-04-12 10:52:45;51  994172535;17.0;Para Celulares de Outras Operadoras;
2020-04-09 17:09:17;51  991120751;20.0;Para Celulares de Outras Operadoras;
2020-04-08 20:31:43;51  989316913;16.0;Para Celulares de Outras Operadoras;
2020-04-08 09:48:23;51  994172535;5.0;Para Celulares de Outras Operadoras;
2020-04-07 19:22:58;51  994172535;23.0;Para Celulares de Outras Operadoras;
2020-04-06 21:00:54;51  994172535;35.0;Para Celulares de Outras Operadoras;
2020-04-02 20:18:38;51  994172535;11.0;Para Celulares de Outras Operadoras;
2020-04-02 20:12:14;51  991120751;16.0;Para Celulares de Outras Operadoras;
2020-04-30 10:00:40;51  998851856;16.0;Para Celulares Vivo;
2020-04-29 13:11:09;51  998851856;55.0;Para Celulares Vivo;
2020-04-22 08:28:22;51  991026438;5.0;Para Celulares Vivo;
2020-04-01;"";3607.0;INTERNET MOVEL 2;0.00
2020-04-02;"";1832.0;INTERNET MOVEL 2;0.00
2020-04-03;"";59719.2;INTERNET MOVEL 2;0.00
2020-04-04;"";52235.0;INTERNET MOVEL 2;0.00
2020-04-05;"";3222.0;INTERNET MOVEL 2;0.00
2020-04-06;"";4848.6;INTERNET MOVEL 2;0.00
2020-04-07;"";661.0;INTERNET MOVEL 2;0.00
2020-04-08;"";42874.3;INTERNET MOVEL 2;0.00
2020-04-09;"";681.0;INTERNET MOVEL 2;0.00
2020-04-10;"";127951.3;INTERNET MOVEL 2;0.00
2020-04-11;"";692.0;INTERNET MOVEL 2;0.00
2020-04-12;"";1388.0;INTERNET MOVEL 2;0.00
2020-04-13;"";691.0;INTERNET MOVEL 2;0.00
2020-04-14;"";607.0;INTERNET MOVEL 2;0.00
2020-04-15;"";965.0;INTERNET MOVEL 2;0.00
2020-04-16;"";567.0;INTERNET MOVEL 2;0.00
2020-04-17;"";1920.0;INTERNET MOVEL 2;0.00
2020-04-18;"";1990.0;INTERNET MOVEL 2;0.00
2020-04-19;"";1499.0;INTERNET MOVEL 2;0.00
2020-04-20;"";22146.3;INTERNET MOVEL 2;0.00
2020-04-21;"";57911.8;INTERNET MOVEL 2;0.00
2020-04-22;"";68763.9;INTERNET MOVEL 2;0.00
2020-04-23;"";66254.4;INTERNET MOVEL 2;0.00
2020-04-24;"";115550.7;INTERNET MOVEL 2;0.00
2020-04-25;"";6655.0;INTERNET MOVEL 2;0.00
2020-04-26;"";75778.4;INTERNET MOVEL 2;0.00
2020-04-27;"";98918.5;INTERNET MOVEL 2;0.00
2020-04-28;"";242087.0;INTERNET MOVEL 2;0.00
2020-04-29;"";47674.2;INTERNET MOVEL 2;0.00
2020-04-30;"";159135.0;INTERNET MOVEL 2;0.00
