data_hora_inicio;nro_telefone_chamado;duracao_ligacao;desc_categoria;valor_ligacao
2020-04-28 09:37:46;11985555121;1.0;GRATIS-SMS;0.00
2020-04-01 09:56:13;51  991034807;36.0;Para Celulares Vivo;
2020-04-01 09:40:24;51  997051053;25.0;Para Celulares Vivo;
2020-04-29 11:00:43;31  30452933;46.0;Para Fixo de Outras Operadoras;
2020-04-28 11:29:16;31  30452933;34.0;Para Fixo de Outras Operadoras;
2020-04-27 11:23:01;47  33376677;6.0;Para Fixo de Outras Operadoras;
2020-04-27 11:20:57;47  33376677;17.0;Para Fixo de Outras Operadoras;
2020-04-27 10:44:01;47  33376677;9.0;Para Fixo de Outras Operadoras;
2020-04-27 10:27:36;19  37097200;30.0;Para Fixo de Outras Operadoras;
2020-04-27 10:18:43;11  21686533;5.0;Para Fixo de Outras Operadoras;
2020-04-27 10:06:57;11  21686542;5.0;Para Fixo de Outras Operadoras;
2020-04-24 11:15:17;11  48987676;41.0;Para Fixo de Outras Operadoras;
2020-04-24 09:26:03;11  48987676;13.0;Para Fixo de Outras Operadoras;
2020-04-23 16:57:11;11  48987676;8.0;Para Fixo de Outras Operadoras;
2020-04-23 11:39:33;11  48987676;5.0;Para Fixo de Outras Operadoras;
2020-04-20 09:31:27;48  34680022;20.0;Para Fixo de Outras Operadoras;
2020-04-15 11:13:56;11  48987676;71.0;Para Fixo de Outras Operadoras;
2020-04-15 11:13:16;11  48987676;5.0;Para Fixo de Outras Operadoras;
2020-04-14 11:06:01;15  33351430;20.0;Para Fixo de Outras Operadoras;
2020-04-13 16:41:08;11  48987676;16.0;Para Fixo de Outras Operadoras;
2020-04-13 15:36:22;11  32694814;35.0;Para Fixo de Outras Operadoras;
2020-04-13 15:35:39;11  32694814;5.0;Para Fixo de Outras Operadoras;
2020-04-13 14:26:57;11  48987676;47.0;Para Fixo de Outras Operadoras;
2020-04-13 14:12:30;11  48987676;31.0;Para Fixo de Outras Operadoras;
2020-04-09 16:54:38;31  33282817;5.0;Para Fixo de Outras Operadoras;
2020-04-09 08:19:07;11  48987676;9.0;Para Fixo de Outras Operadoras;
2020-04-07 08:55:08;11  41980505;57.0;Para Fixo de Outras Operadoras;
2020-04-06 13:26:12;11  48987676;29.0;Para Fixo de Outras Operadoras;
2020-04-06 09:57:10;19  37097211;8.0;Para Fixo de Outras Operadoras;
2020-04-03 11:55:00;11  21489100;60.0;Para Fixo de Outras Operadoras;
2020-04-02 14:21:53;16  32093423;12.0;Para Fixo de Outras Operadoras;
2020-04-01 15:45:45;19  21030968;12.0;Para Fixo de Outras Operadoras;
2020-04-01 15:20:23;11  32694814;8.0;Para Fixo de Outras Operadoras;
2020-04-01 14:33:59;11  21720405;13.0;Para Fixo de Outras Operadoras;
2020-04-01 10:53:57;11  41980505;92.0;Para Fixo de Outras Operadoras;
2020-04-29 16:38:47;31  992032638;88.0;Para Celulares de Outras Operadoras;
2020-04-27 10:14:12;11  994539560;33.0;Para Celulares de Outras Operadoras;
2020-04-27 10:07:39;11  993582738;29.0;Para Celulares de Outras Operadoras;
2020-04-17 17:08:43;48  996170224;17.0;Para Celulares de Outras Operadoras;
2020-04-15 16:39:13;11  940282589;33.0;Para Celulares de Outras Operadoras;
2020-04-15 14:35:30;11  940282589;41.0;Para Celulares de Outras Operadoras;
2020-04-14 11:14:48;31  992032638;87.0;Para Celulares de Outras Operadoras;
2020-04-06 17:36:19;11  976787210;33.0;Para Celulares de Outras Operadoras;
2020-04-06 09:58:38;41  996639314;66.0;Para Celulares de Outras Operadoras;
2020-04-03 16:29:10;11  993324335;16.0;Para Celulares de Outras Operadoras;
2020-04-02 16:30:54;31  984721338;48.0;Para Celulares de Outras Operadoras;
2020-04-17 15:01:07;11  40566644;15.0;Para Fixo Vivo;
2020-04-16 11:48:00;19  34967220;27.0;Para Fixo Vivo;
2020-04-08 11:19:18;11  42081773;30.0;Para Fixo Vivo;
2020-04-08 11:13:51;11  42081773;35.0;Para Fixo Vivo;
2020-04-07 11:31:49;11  55259777;30.0;Para Fixo Vivo;
2020-04-07 10:31:34;11  48947328;7.0;Para Fixo Vivo;
2020-04-07 10:26:36;11  48947328;7.0;Para Fixo Vivo;
2020-04-06 11:52:27;11  40558428;17.0;Para Fixo Vivo;
2020-04-06 09:52:00;11  40566644;42.0;Para Fixo Vivo;
2020-04-03 10:26:03;19  38818000;18.0;Para Fixo Vivo;
2020-04-03 10:24:43;19  38818000;12.0;Para Fixo Vivo;
2020-04-30 11:21:05;11  968631971;27.0;Para Celulares Vivo;
2020-04-29 14:38:48;11  968631971;11.0;Para Celulares Vivo;
2020-04-29 11:26:15;11  985555121;23.0;Para Celulares Vivo;
2020-04-29 08:59:36;19  971120805;27.0;Para Celulares Vivo;
2020-04-27 17:31:06;11  968631971;42.0;Para Celulares Vivo;
2020-04-22 15:22:12;48  988426925;18.0;Para Celulares Vivo;
2020-04-15 12:10:50;11  984157996;25.0;Para Celulares Vivo;
2020-04-14 17:55:31;11  983540387;28.0;Para Celulares Vivo;
2020-04-06 11:33:35;11  966638263;23.0;Para Celulares Vivo;
2020-04-06 11:33:08;11  966638263;5.0;Para Celulares Vivo;
2020-04-29 17:15:47;55  991510806;9.0;Para Celulares de Outras Operadoras;
2020-04-08 11:29:55;54  999691030;118.0;Para Celulares de Outras Operadoras;
2020-04-27 11:10:19;54  999233732;42.0;Para Celulares Vivo;
2020-04-17 10:36:54;55  996469757;14.0;Para Celulares Vivo;
2020-04-14 15:51:06;53  997045696;28.0;Para Celulares Vivo;
2020-04-14 15:01:32;53  997045696;16.0;Para Celulares Vivo;
2020-04-12 12:12:25;55  999457273;209.0;Para Celulares Vivo;
2020-04-05 19:51:14;53  997045696;230.0;Para Celulares Vivo;
2020-04-15 19:23:05;*5  55;10.0;"";
2020-04-28 10:45:14;51  30924033;151.0;Para Fixo de Outras Operadoras;
2020-04-24 16:45:29;51  40427541;10.0;Para Fixo de Outras Operadoras;
2020-04-23 15:19:54;51  30924033;21.0;Para Fixo de Outras Operadoras;
2020-04-22 11:29:03;51  33379033;8.0;Para Fixo de Outras Operadoras;
2020-04-18 12:14:27;51  34711122;9.0;Para Fixo de Outras Operadoras;
2020-04-17 16:57:44;51  33581168;18.0;Para Fixo de Outras Operadoras;
2020-04-15 16:12:31;51  33428233;14.0;Para Fixo de Outras Operadoras;
2020-04-15 12:33:28;51  33428233;8.0;Para Fixo de Outras Operadoras;
2020-04-13 08:48:29;51  30033339;97.0;Para Fixo de Outras Operadoras;
2020-04-09 17:24:00;51  35881159;15.0;Para Fixo de Outras Operadoras;
2020-04-09 16:40:11;51  34847929;40.0;Para Fixo de Outras Operadoras;
2020-04-09 14:51:46;51  34703600;9.0;Para Fixo de Outras Operadoras;
2020-04-09 14:46:07;51  34414160;53.0;Para Fixo de Outras Operadoras;
2020-04-09 14:33:24;51  34703600;32.0;Para Fixo de Outras Operadoras;
2020-04-09 14:19:15;51  34703600;29.0;Para Fixo de Outras Operadoras;
2020-04-09 11:03:45;51  36671840;11.0;Para Fixo de Outras Operadoras;
2020-04-09 09:32:22;51  36671660;24.0;Para Fixo de Outras Operadoras;
2020-04-08 17:48:47;51  36671660;20.0;Para Fixo de Outras Operadoras;
2020-04-08 13:04:43;51  31025050;61.0;Para Fixo de Outras Operadoras;
2020-04-06 08:52:59;51  34419971;26.0;Para Fixo de Outras Operadoras;
2020-04-02 16:09:04;51  30251828;75.0;Para Fixo de Outras Operadoras;
2020-04-02 11:46:51;51  30747700;16.0;Para Fixo de Outras Operadoras;
2020-04-02 10:07:22;51  35881159;9.0;Para Fixo de Outras Operadoras;
2020-04-27 18:23:18;51  993634341;53.0;Para Celulares de Outras Operadoras;
2020-04-27 09:11:27;51  995664279;5.0;Para Celulares de Outras Operadoras;
2020-04-22 09:21:09;51  993385115;22.0;Para Celulares de Outras Operadoras;
2020-04-17 18:32:15;51  993385115;20.0;Para Celulares de Outras Operadoras;
2020-04-17 16:59:48;51  993113815;10.0;Para Celulares de Outras Operadoras;
2020-04-15 16:44:30;51  981695611;35.0;Para Celulares de Outras Operadoras;
2020-04-15 16:14:32;51  984545196;7.0;Para Celulares de Outras Operadoras;
2020-04-15 15:52:25;51  995748129;8.0;Para Celulares de Outras Operadoras;
2020-04-15 15:21:04;51  993674976;15.0;Para Celulares de Outras Operadoras;
2020-04-15 14:21:07;51  995748129;70.0;Para Celulares de Outras Operadoras;
2020-04-14 14:29:08;51  995394450;12.0;Para Celulares de Outras Operadoras;
2020-04-14 14:24:54;51  993385115;39.0;Para Celulares de Outras Operadoras;
2020-04-14 13:46:53;51  995394450;6.0;Para Celulares de Outras Operadoras;
2020-04-14 11:54:07;51  981075210;28.0;Para Celulares de Outras Operadoras;
2020-04-14 10:49:58;51  995394450;23.0;Para Celulares de Outras Operadoras;
2020-04-14 10:28:38;51  995394450;17.0;Para Celulares de Outras Operadoras;
2020-04-14 09:38:32;51  995394450;15.0;Para Celulares de Outras Operadoras;
2020-04-13 09:18:42;51  993113815;10.0;Para Celulares de Outras Operadoras;
2020-04-08 18:32:32;51  993385115;69.0;Para Celulares de Outras Operadoras;
2020-04-07 18:14:03;51  993385115;48.0;Para Celulares de Outras Operadoras;
2020-04-07 13:32:34;51  993385115;11.0;Para Celulares de Outras Operadoras;
2020-04-06 16:05:20;51  993399889;5.0;Para Celulares de Outras Operadoras;
2020-04-03 18:16:01;51  997300279;55.0;Para Celulares de Outras Operadoras;
2020-04-03 17:29:59;51  984605967;48.0;Para Celulares de Outras Operadoras;
2020-04-03 17:01:33;51  993634341;23.0;Para Celulares de Outras Operadoras;
2020-04-03 16:57:16;51  997300279;27.0;Para Celulares de Outras Operadoras;
2020-04-03 16:04:48;51  993399889;7.0;Para Celulares de Outras Operadoras;
2020-04-02 16:37:00;51  993634341;93.0;Para Celulares de Outras Operadoras;
2020-04-02 16:23:42;51  984886700;53.0;Para Celulares de Outras Operadoras;
2020-04-02 16:16:58;51  997300279;62.0;Para Celulares de Outras Operadoras;
2020-04-02 15:24:01;51  984267732;42.0;Para Celulares de Outras Operadoras;
2020-04-02 15:04:48;51  981372828;11.0;Para Celulares de Outras Operadoras;
2020-04-02 15:01:20;51  993385115;17.0;Para Celulares de Outras Operadoras;
2020-04-02 10:50:44;51  981826007;109.0;Para Celulares de Outras Operadoras;
2020-04-25 20:33:48;51  34706600;29.0;Para Fixo Vivo;
2020-04-25 20:22:27;51  34706600;12.0;Para Fixo Vivo;
2020-04-15 12:30:54;51  33420222;11.0;Para Fixo Vivo;
2020-04-14 08:41:36;51  34703118;5.0;Para Fixo Vivo;
2020-04-13 16:11:37;51  21219972;15.0;Para Fixo Vivo;
2020-04-13 14:54:37;51  981368267;18.0;Para Fixo Vivo;
2020-04-09 14:04:43;51  34515100;19.0;Para Fixo Vivo;
2020-04-09 11:37:17;51  34642800;22.0;Para Fixo Vivo;
2020-04-08 16:39:41;51  34642814;18.0;Para Fixo Vivo;
2020-04-08 14:33:33;51  34642814;5.0;Para Fixo Vivo;
2020-04-07 17:15:42;51  34515100;19.0;Para Fixo Vivo;
2020-04-07 15:34:26;51  34515100;20.0;Para Fixo Vivo;
2020-04-07 10:21:08;51  34515100;23.0;Para Fixo Vivo;
2020-04-07 09:35:54;51  21313333;26.0;Para Fixo Vivo;
2020-04-03 16:18:49;51  34515100;8.0;Para Fixo Vivo;
2020-04-03 15:24:03;51  34515100;56.0;Para Fixo Vivo;
2020-04-27 09:12:18;51  993535739;47.0;Para Celulares Vivo;
2020-04-22 08:53:00;51  981255966;85.0;Para Celulares Vivo;
2020-04-20 14:12:14;51  989028545;5.0;Para Celulares Vivo;
2020-04-20 11:19:23;51  991034807;46.0;Para Celulares Vivo;
2020-04-01 15:32:08;51  32872400;41.0;Para Fixo de Outras Operadoras;
2020-04-01 15:30:16;51  32872400;16.0;Para Fixo de Outras Operadoras;
2020-04-01 14:20:46;51  21016829;24.0;Para Fixo de Outras Operadoras;
2020-04-01 08:43:06;51  35953584;69.0;Para Fixo de Outras Operadoras;
2020-04-01 10:45:10;51  991871228;19.0;Para Celulares de Outras Operadoras;
2020-04-01 10:17:52;51  985666828;29.0;Para Celulares de Outras Operadoras;
2020-04-01 09:23:14;51  985666828;23.0;Para Celulares de Outras Operadoras;
2020-04-01 08:51:59;51  985666828;20.0;Para Celulares de Outras Operadoras;
2020-04-01 13:55:35;51  34515100;15.0;Para Fixo Vivo;
2020-04-01 10:22:32;51  34757717;40.0;Para Fixo Vivo;
2020-04-01 17:43:41;51  991026438;22.0;Para Celulares Vivo;
2020-04-01 15:52:31;51  995342436;13.0;Para Celulares Vivo;
2020-04-01 15:06:48;51  991034807;6.0;Para Celulares Vivo;
2020-04-01 14:53:47;51  991034807;69.0;Para Celulares Vivo;
2020-04-20 10:50:55;51  998034733;15.0;Para Celulares Vivo;
2020-04-20 10:46:19;51  996474664;5.0;Para Celulares Vivo;
2020-04-20 10:43:42;51  996474664;16.0;Para Celulares Vivo;
2020-04-17 17:12:47;51  995739572;30.0;Para Celulares Vivo;
2020-04-17 17:04:03;51  999112519;9.0;Para Celulares Vivo;
2020-04-17 14:05:04;51  995739572;10.0;Para Celulares Vivo;
2020-04-17 11:15:08;51  995739572;7.0;Para Celulares Vivo;
2020-04-16 15:06:06;51  997051053;18.0;Para Celulares Vivo;
2020-04-15 14:28:24;51  992592887;58.0;Para Celulares Vivo;
2020-04-14 15:54:11;51  991034807;56.0;Para Celulares Vivo;
2020-04-14 14:06:56;51  999503410;78.0;Para Celulares Vivo;
2020-04-14 11:23:49;51  991034807;13.0;Para Celulares Vivo;
2020-04-14 09:18:22;51  999112519;8.0;Para Celulares Vivo;
2020-04-13 12:38:07;51  995739572;25.0;Para Celulares Vivo;
2020-04-09 17:17:54;51  991034807;34.0;Para Celulares Vivo;
2020-04-09 09:52:26;51  993535739;17.0;Para Celulares Vivo;
2020-04-08 16:17:56;51  995739572;5.0;Para Celulares Vivo;
2020-04-08 16:04:54;51  993535739;22.0;Para Celulares Vivo;
2020-04-08 15:53:03;51  995739572;22.0;Para Celulares Vivo;
2020-04-08 14:26:46;51  995739572;9.0;Para Celulares Vivo;
2020-04-07 14:10:31;51  991034807;9.0;Para Celulares Vivo;
2020-04-06 13:33:25;51  999625085;5.0;Para Celulares Vivo;
2020-04-06 12:19:08;51  991034807;54.0;Para Celulares Vivo;
2020-04-06 10:09:50;51  998034733;20.0;Para Celulares Vivo;
2020-04-06 09:29:53;51  991034807;74.0;Para Celulares Vivo;
2020-04-03 15:46:57;51  991034807;69.0;Para Celulares Vivo;
2020-04-02 18:52:25;51  991034807;5.0;Para Celulares Vivo;
2020-04-02 15:28:37;51  998664267;12.0;Para Celulares Vivo;
2020-04-02 14:43:34;51  999266110;11.0;Para Celulares Vivo;
2020-04-02 11:02:10;51  999266110;39.0;Para Celulares Vivo;
2020-04-02 10:49:08;51  999266110;6.0;Para Celulares Vivo;
2020-04-01;"";7148.4;INTERNET MOVEL 2;0.00
2020-04-02;"";2316.0;INTERNET MOVEL 2;0.00
2020-04-03;"";66.0;INTERNET MOVEL 2;0.00
2020-04-04;"";14744.8;INTERNET MOVEL 2;0.00
2020-04-05;"";36.0;INTERNET MOVEL 2;0.00
2020-04-06;"";46401.3;INTERNET MOVEL 2;0.00
2020-04-07;"";1312.0;INTERNET MOVEL 2;0.00
2020-04-08;"";19444.0;INTERNET MOVEL 2;0.00
2020-04-09;"";5833.4;INTERNET MOVEL 2;0.00
2020-04-10;"";22152.4;INTERNET MOVEL 2;0.00
2020-04-11;"";4417.2;INTERNET MOVEL 2;0.00
2020-04-12;"";2530.0;INTERNET MOVEL 2;0.00
2020-04-13;"";89.0;INTERNET MOVEL 2;0.00
2020-04-14;"";11255.9;INTERNET MOVEL 2;0.00
2020-04-15;"";87.0;INTERNET MOVEL 2;0.00
2020-04-16;"";6848.4;INTERNET MOVEL 2;0.00
2020-04-17;"";102.0;INTERNET MOVEL 2;0.00
2020-04-18;"";27204.5;INTERNET MOVEL 2;0.00
2020-04-19;"";2298.0;INTERNET MOVEL 2;0.00
2020-04-20;"";532.0;INTERNET MOVEL 2;0.00
2020-04-21;"";8963.3;INTERNET MOVEL 2;0.00
2020-04-22;"";19876.1;INTERNET MOVEL 2;0.00
2020-04-23;"";9561.0;INTERNET MOVEL 2;0.00
2020-04-24;"";67.0;INTERNET MOVEL 2;0.00
2020-04-25;"";26423.8;INTERNET MOVEL 2;0.00
2020-04-26;"";21.0;INTERNET MOVEL 2;0.00
2020-04-27;"";91.0;INTERNET MOVEL 2;0.00
2020-04-28;"";5420.1;INTERNET MOVEL 2;0.00
2020-04-29;"";2106.0;INTERNET MOVEL 2;0.00
2020-04-30;"";12376.5;INTERNET MOVEL 2;0.00
2020-05-01;"";13.0;INTERNET MOVEL 2;0.00
