data_hora_inicio;nro_telefone_chamado;duracao_ligacao;desc_categoria;valor_ligacao
2020-04-29 13:57:49;11  23917485;107.0;Para Fixo de Outras Operadoras;
2020-04-29 13:42:51;11  35228009;84.0;Para Fixo de Outras Operadoras;
2020-04-29 13:41:44;11  35228009;10.0;Para Fixo de Outras Operadoras;
2020-04-24 10:22:08;51  31025641;58.0;Para Fixo de Outras Operadoras;
2020-04-23 18:39:07;51  31025641;99.0;Para Fixo de Outras Operadoras;
2020-04-22 22:16:47;51  31025641;78.0;Para Fixo de Outras Operadoras;
2020-04-21 13:26:49;51  31025641;6.0;Para Fixo de Outras Operadoras;
2020-04-20 20:36:04;51  31025641;99.0;Para Fixo de Outras Operadoras;
2020-04-17 10:43:56;51  31025641;12.0;Para Fixo de Outras Operadoras;
2020-04-17 11:14:08;51  981335848;50.0;Para Celulares de Outras Operadoras;
2020-04-14 15:55:42;51  985758648;20.0;Para Celulares de Outras Operadoras;
2020-04-17 15:09:20;51  992592817;13.0;Para Celulares Vivo;
2020-04-17 10:12:46;51  992592817;6.0;Para Celulares Vivo;
2020-04-16 11:19:15;51  992592817;5.0;Para Celulares Vivo;
2020-04-15 14:18:16;51  992592817;8.0;Para Celulares Vivo;
2020-04-13 09:04:24;51  992592817;6.0;Para Celulares Vivo;
2020-04-03 18:23:05;51  995112038;13.0;Para Celulares Vivo;
2020-03-31;"";235.0;INTERNET MOVEL 2;0.00
2020-04-01;"";320.0;INTERNET MOVEL 2;0.00
2020-04-02;"";327.0;INTERNET MOVEL 2;0.00
2020-04-03;"";4807.4;INTERNET MOVEL 2;0.00
2020-04-04;"";289.0;INTERNET MOVEL 2;0.00
2020-04-05;"";334.0;INTERNET MOVEL 2;0.00
2020-04-06;"";72604.3;INTERNET MOVEL 2;0.00
2020-04-07;"";632.0;INTERNET MOVEL 2;0.00
2020-04-08;"";273.0;INTERNET MOVEL 2;0.00
2020-04-09;"";625.0;INTERNET MOVEL 2;0.00
2020-04-10;"";244.0;INTERNET MOVEL 2;0.00
2020-04-11;"";159.0;INTERNET MOVEL 2;0.00
2020-04-12;"";597.0;INTERNET MOVEL 2;0.00
2020-04-13;"";532.0;INTERNET MOVEL 2;0.00
2020-04-14;"";732.0;INTERNET MOVEL 2;0.00
2020-04-15;"";637.0;INTERNET MOVEL 2;0.00
2020-04-16;"";622.0;INTERNET MOVEL 2;0.00
2020-04-17;"";1649.0;INTERNET MOVEL 2;0.00
2020-04-18;"";131.0;INTERNET MOVEL 2;0.00
2020-04-19;"";267.0;INTERNET MOVEL 2;0.00
2020-04-20;"";401.0;INTERNET MOVEL 2;0.00
2020-04-21;"";13413.4;INTERNET MOVEL 2;0.00
2020-04-22;"";930.0;INTERNET MOVEL 2;0.00
2020-04-23;"";34.0;INTERNET MOVEL 2;0.00
2020-04-24;"";1719.0;INTERNET MOVEL 2;0.00
2020-04-25;"";404.0;INTERNET MOVEL 2;0.00
2020-04-26;"";40715.4;INTERNET MOVEL 2;0.00
2020-04-27;"";736.0;INTERNET MOVEL 2;0.00
2020-04-28;"";384.0;INTERNET MOVEL 2;0.00
2020-04-29;"";684.0;INTERNET MOVEL 2;0.00
2020-04-30;"";580.0;INTERNET MOVEL 2;0.00
