data_hora_inicio;nro_telefone_chamado;duracao_ligacao;desc_categoria;valor_ligacao
2020-04-01 17:27:38;51  992592887;65.0;Para Celulares Vivo;
2020-04-19 12:51:34;53  999903926;20.0;Para Celulares Vivo;
2020-04-29 16:23:13;51  993631313;193.0;Para Celulares de Outras Operadoras;
2020-04-22 16:09:02;51  999165994;7.0;Para Celulares de Outras Operadoras;
2020-04-22 14:23:17;51  999165994;29.0;Para Celulares de Outras Operadoras;
2020-04-17 11:15:00;51  991931287;31.0;Para Celulares de Outras Operadoras;
2020-04-29 15:42:42;51  997001951;5.0;Para Celulares Vivo;
2020-04-13 10:21:45;51  997001951;5.0;Para Celulares Vivo;
2020-03-31;"";65.0;INTERNET MOVEL 2;0.00
2020-04-01;"";258.0;INTERNET MOVEL 2;0.00
2020-04-02;"";385.0;INTERNET MOVEL 2;0.00
2020-04-03;"";365.0;INTERNET MOVEL 2;0.00
2020-04-04;"";285.0;INTERNET MOVEL 2;0.00
2020-04-05;"";286.0;INTERNET MOVEL 2;0.00
2020-04-06;"";236.0;INTERNET MOVEL 2;0.00
2020-04-07;"";333.0;INTERNET MOVEL 2;0.00
2020-04-08;"";297.0;INTERNET MOVEL 2;0.00
2020-04-09;"";409.0;INTERNET MOVEL 2;0.00
2020-04-10;"";298.0;INTERNET MOVEL 2;0.00
2020-04-11;"";283.0;INTERNET MOVEL 2;0.00
2020-04-12;"";297.0;INTERNET MOVEL 2;0.00
2020-04-13;"";21591.8;INTERNET MOVEL 2;0.00
2020-04-14;"";368.0;INTERNET MOVEL 2;0.00
2020-04-15;"";132.0;INTERNET MOVEL 2;0.00
2020-04-17;"";215.0;INTERNET MOVEL 2;0.00
2020-04-18;"";273.0;INTERNET MOVEL 2;0.00
2020-04-19;"";470.0;INTERNET MOVEL 2;0.00
2020-04-20;"";518.0;INTERNET MOVEL 2;0.00
2020-04-21;"";426.0;INTERNET MOVEL 2;0.00
2020-04-22;"";464.0;INTERNET MOVEL 2;0.00
2020-04-23;"";373.0;INTERNET MOVEL 2;0.00
2020-04-24;"";346.0;INTERNET MOVEL 2;0.00
2020-04-25;"";280.0;INTERNET MOVEL 2;0.00
2020-04-26;"";448.0;INTERNET MOVEL 2;0.00
2020-04-27;"";427.0;INTERNET MOVEL 2;0.00
2020-04-28;"";308.0;INTERNET MOVEL 2;0.00
2020-04-29;"";553.0;INTERNET MOVEL 2;0.00
2020-04-30;"";746.0;INTERNET MOVEL 2;0.00
