data_hora_inicio;nro_telefone_chamado;duracao_ligacao;desc_categoria;valor_ligacao
2020-04-01 10:13:44;51  992452458;33.0;Para Celulares de Outras Operadoras;
2020-04-01 10:17:41;51  991919823;44.0;Para Celulares Vivo;
2020-04-30 11:40:50;51  994386184;15.0;Para Celulares de Outras Operadoras;
2020-04-29 13:00:08;51  994386184;18.0;Para Celulares de Outras Operadoras;
2020-04-29 08:44:58;51  994386184;30.0;Para Celulares de Outras Operadoras;
2020-04-28 17:16:29;51  986033371;18.0;Para Celulares de Outras Operadoras;
2020-04-27 10:21:38;51  994386184;21.0;Para Celulares de Outras Operadoras;
2020-04-27 08:45:43;51  994386184;25.0;Para Celulares de Outras Operadoras;
2020-04-24 12:43:45;51  994386184;11.0;Para Celulares de Outras Operadoras;
2020-04-23 16:05:34;51  994386184;50.0;Para Celulares de Outras Operadoras;
2020-04-23 10:21:28;51  986033371;40.0;Para Celulares de Outras Operadoras;
2020-04-23 09:35:42;51  994386184;26.0;Para Celulares de Outras Operadoras;
2020-04-22 14:53:48;51  994386184;29.0;Para Celulares de Outras Operadoras;
2020-04-22 08:58:09;51  994386184;25.0;Para Celulares de Outras Operadoras;
2020-04-19 16:47:45;51  994386184;14.0;Para Celulares de Outras Operadoras;
2020-04-18 14:27:05;51  986033371;42.0;Para Celulares de Outras Operadoras;
2020-04-15 12:37:24;51  985962785;54.0;Para Celulares de Outras Operadoras;
2020-04-12 11:40:20;51  986033371;20.0;Para Celulares de Outras Operadoras;
2020-04-08 13:10:19;51  985962785;68.0;Para Celulares de Outras Operadoras;
2020-04-06 11:28:28;51  993453372;14.0;Para Celulares de Outras Operadoras;
2020-04-05 11:29:05;51  986033371;83.0;Para Celulares de Outras Operadoras;
2020-04-04 10:57:09;51  985962785;35.0;Para Celulares de Outras Operadoras;
2020-04-02 18:26:35;51  985962785;63.0;Para Celulares de Outras Operadoras;
2020-04-30 15:50:20;51  991919823;5.0;Para Celulares Vivo;
2020-04-28 17:11:50;51  999566266;41.0;Para Celulares Vivo;
2020-04-26 12:45:02;51  999566266;65.0;Para Celulares Vivo;
2020-04-23 09:13:39;51  999566266;47.0;Para Celulares Vivo;
2020-04-21 13:00:41;51  991919823;36.0;Para Celulares Vivo;
2020-04-20 18:15:16;51  999566266;80.0;Para Celulares Vivo;
2020-04-19 10:05:27;51  999566266;5.0;Para Celulares Vivo;
2020-04-18 14:18:51;51  999566266;59.0;Para Celulares Vivo;
2020-04-17 08:31:25;51  998398916;14.0;Para Celulares Vivo;
2020-04-17 08:24:49;51  998398916;21.0;Para Celulares Vivo;
2020-04-16 10:49:29;51  999566266;89.0;Para Celulares Vivo;
2020-04-14 17:45:53;51  999566266;93.0;Para Celulares Vivo;
2020-04-13 15:27:00;51  993568917;37.0;Para Celulares Vivo;
2020-04-13 15:01:54;51  999566266;22.0;Para Celulares Vivo;
2020-04-11 09:17:25;51  999566266;45.0;Para Celulares Vivo;
2020-04-11 09:16:57;51  999566266;5.0;Para Celulares Vivo;
2020-04-09 17:02:20;51  999566266;28.0;Para Celulares Vivo;
2020-04-09 15:48:44;51  999910591;10.0;Para Celulares Vivo;
2020-04-09 13:17:02;51  993568917;19.0;Para Celulares Vivo;
2020-04-08 13:02:00;51  999566266;60.0;Para Celulares Vivo;
2020-04-06 10:30:37;51  995105815;20.0;Para Celulares Vivo;
2020-04-06 10:03:55;51  992518679;21.0;Para Celulares Vivo;
2020-04-05 10:01:49;51  999566266;6.0;Para Celulares Vivo;
2020-04-05 09:58:04;51  999566266;35.0;Para Celulares Vivo;
2020-04-04 10:44:12;51  999566266;62.0;Para Celulares Vivo;
2020-04-03 14:32:13;51  995139424;19.0;Para Celulares Vivo;
2020-04-03 09:31:42;51  993568917;76.0;Para Celulares Vivo;
2020-04-02 18:18:35;51  999566266;74.0;Para Celulares Vivo;
2020-04-08;"";6.0;INTERNET MOVEL 2;0.00
2020-04-09;"";8.0;INTERNET MOVEL 2;0.00
2020-04-14;"";1.0;INTERNET MOVEL 2;0.00
2020-04-17;"";17.0;INTERNET MOVEL 2;0.00
2020-04-22;"";1.0;INTERNET MOVEL 2;0.00
2020-04-24;"";14.0;INTERNET MOVEL 2;0.00
2020-04-25;"";1.0;INTERNET MOVEL 2;0.00
2020-04-27;"";1.0;INTERNET MOVEL 2;0.00
