data_hora_inicio;nro_telefone_chamado;duracao_ligacao;desc_categoria;valor_ligacao
2020-04-04;"";17890.5;INTERNET MOVEL 2;0.00
2020-04-06;"";5485.0;INTERNET MOVEL 2;0.00
2020-04-07;"";15034.5;INTERNET MOVEL 2;0.00
2020-04-11;"";18008.1;INTERNET MOVEL 2;0.00
2020-04-14;"";19509.2;INTERNET MOVEL 2;0.00
2020-04-15;"";5005.7;INTERNET MOVEL 2;0.00
2020-04-16;"";97281.5;INTERNET MOVEL 2;0.00
2020-04-17;"";16074.8;INTERNET MOVEL 2;0.00
2020-04-19;"";18131.9;INTERNET MOVEL 2;0.00
2020-04-22;"";36029.4;INTERNET MOVEL 2;0.00
2020-04-23;"";14896.4;INTERNET MOVEL 2;0.00
2020-04-27;"";11354.0;INTERNET MOVEL 2;0.00
2020-04-28;"";40081.6;INTERNET MOVEL 2;0.00
2020-04-30;"";42881.0;INTERNET MOVEL 2;0.00
