data_hora_inicio;nro_telefone_chamado;duracao_ligacao;desc_categoria;valor_ligacao
2020-04-24 19:38:32;51994626209;1.0;GRATIS-SMS;0.00
2020-04-01 12:25:02;51  994626209;99.0;Para Celulares de Outras Operadoras;
2020-04-14 11:14:14;43  996336496;222.0;Para Celulares de Outras Operadoras;
2020-04-08 11:16:53;47  999214700;148.0;Para Celulares de Outras Operadoras;
2020-04-28 11:03:45;21  999657783;50.0;Para Celulares Vivo;
2020-04-08 09:51:52;47  997139995;149.0;Para Celulares Vivo;
2020-04-06 16:36:14;66  999848575;279.0;Para Celulares Vivo;
2020-04-03 11:55:07;65  996953267;101.0;Para Celulares Vivo;
2020-04-30 12:00:15;55  992352285;19.0;Para Celulares de Outras Operadoras;
2020-04-30 11:34:33;55  992352285;138.0;Para Celulares de Outras Operadoras;
2020-04-20 16:10:03;55  996823843;166.0;Para Celulares de Outras Operadoras;
2020-04-08 10:18:24;55  996056535;5.0;Para Celulares de Outras Operadoras;
2020-04-30 14:46:03;55  999722438;161.0;Para Celulares Vivo;
2020-04-09 10:22:12;55  999399457;34.0;Para Celulares Vivo;
2020-04-08 10:32:33;53  999833062;58.0;Para Celulares Vivo;
2020-04-15 21:45:13;*5  55;5.0;"";
2020-04-15 21:44:19;*5  55;5.0;"";
2020-04-15 21:43:37;*5  55;5.0;"";
2020-04-15 21:29:26;*5  55;5.0;"";
2020-04-23 16:15:52;51  34213716;14.0;Para Fixo de Outras Operadoras;
2020-04-22 15:28:05;51  34381503;5.0;Para Fixo de Outras Operadoras;
2020-04-22 15:03:09;51  34694856;10.0;Para Fixo de Outras Operadoras;
2020-04-22 14:51:14;51  34213716;7.0;Para Fixo de Outras Operadoras;
2020-04-20 14:26:10;51  32100122;70.0;Para Fixo de Outras Operadoras;
2020-04-17 15:19:10;51  30411046;9.0;Para Fixo de Outras Operadoras;
2020-04-17 10:37:56;51  32100122;78.0;Para Fixo de Outras Operadoras;
2020-04-17 10:30:58;51  32100122;67.0;Para Fixo de Outras Operadoras;
2020-04-30 11:54:39;51  981515084;53.0;Para Celulares de Outras Operadoras;
2020-04-30 10:40:12;51  981515084;118.0;Para Celulares de Outras Operadoras;
2020-04-29 19:42:58;51  994626209;51.0;Para Celulares de Outras Operadoras;
2020-04-29 10:59:39;51  992039644;10.0;Para Celulares de Outras Operadoras;
2020-04-28 12:23:32;51  981073442;7.0;Para Celulares de Outras Operadoras;
2020-04-28 08:13:02;51  981073442;5.0;Para Celulares de Outras Operadoras;
2020-04-28 01:05:24;51  985073370;10.0;Para Celulares de Outras Operadoras;
2020-04-28 00:53:05;51  985073370;10.0;Para Celulares de Outras Operadoras;
2020-04-26 18:39:26;51  981937498;100.0;Para Celulares de Outras Operadoras;
2020-04-25 09:28:01;51  994626209;10.0;Para Celulares de Outras Operadoras;
2020-04-23 20:16:13;51  981937498;81.0;Para Celulares de Outras Operadoras;
2020-04-23 18:29:57;51  994626209;34.0;Para Celulares de Outras Operadoras;
2020-04-19 19:49:58;51  994626209;41.0;Para Celulares de Outras Operadoras;
2020-04-19 17:27:27;51  981937498;291.0;Para Celulares de Outras Operadoras;
2020-04-18 22:00:20;51  994626209;8.0;Para Celulares de Outras Operadoras;
2020-04-13 14:53:13;51  993581912;760.0;Para Celulares de Outras Operadoras;
2020-04-10 13:08:05;51  985089600;10.0;Para Celulares de Outras Operadoras;
2020-04-10 11:50:35;51  994626209;13.0;Para Celulares de Outras Operadoras;
2020-04-09 11:36:48;51  981515084;79.0;Para Celulares de Outras Operadoras;
2020-04-07 19:26:45;51  981937498;16.0;Para Celulares de Outras Operadoras;
2020-04-07 10:36:27;51  985073370;35.0;Para Celulares de Outras Operadoras;
2020-04-07 10:01:47;51  981937498;182.0;Para Celulares de Outras Operadoras;
2020-04-06 21:51:27;51  983042373;50.0;Para Celulares de Outras Operadoras;
2020-04-06 14:17:30;51  983042373;77.0;Para Celulares de Outras Operadoras;
2020-04-06 09:27:03;51  994626209;31.0;Para Celulares de Outras Operadoras;
2020-04-05 11:11:57;51  981937498;5.0;Para Celulares de Outras Operadoras;
2020-04-04 17:55:14;51  985073370;6.0;Para Celulares de Outras Operadoras;
2020-04-03 12:15:39;51  991153364;105.0;Para Celulares de Outras Operadoras;
2020-04-13 14:47:04;51  981210637;42.0;Para Fixo Vivo;
2020-04-27 17:34:05;51  992592887;43.0;Para Celulares Vivo;
2020-04-23 18:21:32;51  992592887;75.0;Para Celulares Vivo;
2020-04-18 02:45:21;51  980324483;5.0;Para Celulares Vivo;
2020-04-03 19:05:36;51  998664267;19.0;Para Celulares Vivo;
2020-04-03 12:06:08;51  992592887;26.0;Para Celulares Vivo;
2020-04-03 11:28:41;51  992592887;113.0;Para Celulares Vivo;
2020-03-31;"";105.0;INTERNET MOVEL 2;0.00
2020-04-01;"";224.0;INTERNET MOVEL 2;0.00
2020-04-02;"";14210.1;INTERNET MOVEL 2;0.00
2020-04-03;"";11960.5;INTERNET MOVEL 2;0.00
2020-04-04;"";41350.3;INTERNET MOVEL 2;0.00
2020-04-05;"";49096.5;INTERNET MOVEL 2;0.00
2020-04-06;"";10018.1;INTERNET MOVEL 2;0.00
2020-04-07;"";90665.4;INTERNET MOVEL 2;0.00
2020-04-08;"";338.0;INTERNET MOVEL 2;0.00
2020-04-09;"";391.0;INTERNET MOVEL 2;0.00
2020-04-10;"";316.0;INTERNET MOVEL 2;0.00
2020-04-11;"";48860.4;INTERNET MOVEL 2;0.00
2020-04-12;"";20517.2;INTERNET MOVEL 2;0.00
2020-04-13;"";425.0;INTERNET MOVEL 2;0.00
2020-04-14;"";448.0;INTERNET MOVEL 2;0.00
2020-04-15;"";146.0;INTERNET MOVEL 2;0.00
2020-04-16;"";239.0;INTERNET MOVEL 2;0.00
2020-04-17;"";673.0;INTERNET MOVEL 2;0.00
2020-04-18;"";9426.6;INTERNET MOVEL 2;0.00
2020-04-19;"";131393.8;INTERNET MOVEL 2;0.00
2020-04-20;"";385.0;INTERNET MOVEL 2;0.00
2020-04-21;"";345.0;INTERNET MOVEL 2;0.00
2020-04-22;"";4005.5;INTERNET MOVEL 2;0.00
2020-04-23;"";296.0;INTERNET MOVEL 2;0.00
2020-04-24;"";4124.5;INTERNET MOVEL 2;0.00
2020-04-25;"";280.0;INTERNET MOVEL 2;0.00
2020-04-26;"";327.0;INTERNET MOVEL 2;0.00
2020-04-27;"";772.0;INTERNET MOVEL 2;0.00
2020-04-28;"";19561.3;INTERNET MOVEL 2;0.00
2020-04-29;"";405.0;INTERNET MOVEL 2;0.00
2020-04-30;"";428.0;INTERNET MOVEL 2;0.00
