data_hora_inicio;nro_telefone_chamado;duracao_ligacao;desc_categoria;valor_ligacao
2020-04-30 12:38:49;51  991655829;6.0;Para Celulares de Outras Operadoras;
2020-04-08 10:23:54;51  991655829;5.0;Para Celulares de Outras Operadoras;
2020-04-07 15:26:01;51  991655829;6.0;Para Celulares de Outras Operadoras;
2020-04-06 14:58:07;51  986444452;5.0;Para Celulares de Outras Operadoras;
2020-04-03 18:19:05;51  991142759;5.0;Para Celulares de Outras Operadoras;
2020-04-03 17:59:06;51  991142759;7.0;Para Celulares de Outras Operadoras;
2020-04-03 16:47:51;51  984078991;6.0;Para Celulares de Outras Operadoras;
2020-04-02 17:19:17;51  991655829;15.0;Para Celulares de Outras Operadoras;
2020-04-30 23:19:55;51  998735294;88.0;Para Celulares Vivo;
2020-04-30 23:06:36;51  998735294;5.0;Para Celulares Vivo;
2020-04-29 23:08:29;51  998735294;133.0;Para Celulares Vivo;
2020-04-28 22:43:03;51  998735294;68.0;Para Celulares Vivo;
2020-04-27 23:01:05;51  998735294;20.0;Para Celulares Vivo;
2020-04-24 18:32:51;51  998735294;17.0;Para Celulares Vivo;
2020-04-23 23:36:35;51  998735294;66.0;Para Celulares Vivo;
2020-04-22 23:40:45;51  998735294;48.0;Para Celulares Vivo;
2020-04-22 01:20:44;51  998735294;94.0;Para Celulares Vivo;
2020-04-20 23:19:38;51  998735294;80.0;Para Celulares Vivo;
2020-04-19 10:53:14;51  995877291;9.0;Para Celulares Vivo;
2020-04-15 23:29:19;51  998735294;171.0;Para Celulares Vivo;
2020-04-14 23:24:29;51  998735294;59.0;Para Celulares Vivo;
2020-04-14 18:57:45;51  998735294;13.0;Para Celulares Vivo;
2020-04-13 22:31:31;51  998735294;50.0;Para Celulares Vivo;
2020-04-12 22:54:53;51  998735294;5.0;Para Celulares Vivo;
2020-04-10 11:17:46;51  998735294;6.0;Para Celulares Vivo;
2020-04-05 23:16:30;51  998735294;30.0;Para Celulares Vivo;
2020-04-05 18:58:56;51  992592819;18.0;Para Celulares Vivo;
2020-04-02 23:21:54;51  998735294;49.0;Para Celulares Vivo;
2020-03-31;"";53089.0;INTERNET MOVEL 2;0.00
2020-04-01;"";217028.4;INTERNET MOVEL 2;0.00
2020-04-02;"";84374.0;INTERNET MOVEL 2;0.00
2020-04-03;"";344611.5;INTERNET MOVEL 2;0.00
2020-04-04;"";73300.4;INTERNET MOVEL 2;0.00
2020-04-05;"";29159.7;INTERNET MOVEL 2;0.00
2020-04-06;"";160790.3;INTERNET MOVEL 2;0.00
2020-04-07;"";233090.6;INTERNET MOVEL 2;0.00
2020-04-08;"";108483.4;INTERNET MOVEL 2;0.00
2020-04-09;"";77711.5;INTERNET MOVEL 2;0.00
2020-04-10;"";143568.7;INTERNET MOVEL 2;0.00
2020-04-11;"";74368.0;INTERNET MOVEL 2;0.00
2020-04-12;"";78386.3;INTERNET MOVEL 2;0.00
2020-04-13;"";294756.2;INTERNET MOVEL 2;0.00
2020-04-14;"";184329.7;INTERNET MOVEL 2;0.00
2020-04-15;"";172888.5;INTERNET MOVEL 2;0.00
2020-04-16;"";301884.4;INTERNET MOVEL 2;0.00
2020-04-17;"";79277.8;INTERNET MOVEL 2;0.00
2020-04-18;"";76168.5;INTERNET MOVEL 2;0.00
2020-04-19;"";15297.9;INTERNET MOVEL 2;0.00
2020-04-20;"";197599.1;INTERNET MOVEL 2;0.00
2020-04-21;"";167464.2;INTERNET MOVEL 2;0.00
2020-04-22;"";119175.5;INTERNET MOVEL 2;0.00
2020-04-23;"";217422.3;INTERNET MOVEL 2;0.00
2020-04-24;"";76736.3;INTERNET MOVEL 2;0.00
2020-04-25;"";126776.4;INTERNET MOVEL 2;0.00
2020-04-26;"";38384.5;INTERNET MOVEL 2;0.00
2020-04-27;"";284496.9;INTERNET MOVEL 2;0.00
2020-04-28;"";155668.4;INTERNET MOVEL 2;0.00
2020-04-29;"";298979.3;INTERNET MOVEL 2;0.00
2020-04-30;"";195628.1;INTERNET MOVEL 2;0.00
2020-05-01;"";62605.5;INTERNET MOVEL 2;0.00
