data_hora_inicio;nro_telefone_chamado;duracao_ligacao;desc_categoria;valor_ligacao
2020-04-29 14:12:10;"";1.0;ADICIONAL;0.00
2020-04-27 10:48:18;"";1.0;ADICIONAL;0.00
2020-04-27 10:19:44;"";1.0;ADICIONAL;0.00
2020-04-27 08:52:43;"";1.0;ADICIONAL;0.00
2020-04-22 10:06:05;"";1.0;ADICIONAL;0.00
2020-04-21 17:48:40;"";1.0;ADICIONAL;0.00
2020-04-16 13:52:42;"";1.0;ADICIONAL;0.00
2020-04-15 17:38:20;"";1.0;ADICIONAL;0.00
2020-04-15 09:30:23;"";1.0;ADICIONAL;0.00
2020-04-14 16:14:17;11996029481;1.0;ADICIONAL;0.00
2020-04-14 15:38:53;"";1.0;ADICIONAL;0.00
2020-04-14 13:21:57;"";1.0;ADICIONAL;0.00
2020-04-14 11:51:35;"";1.0;ADICIONAL;0.00
2020-04-13 17:31:28;"";1.0;ADICIONAL;0.00
2020-04-13 17:18:09;"";1.0;ADICIONAL;0.00
2020-04-09 11:58:15;"";1.0;ADICIONAL;0.00
2020-04-01 09:45:01;11  40544300;0.0;Adicional por Ligacoes Realizadas;
2020-04-01 09:34:35;11  40544300;0.0;Adicional por Ligacoes Realizadas;
2020-04-27 16:22:27;11  36090241;36.0;Para Fixo Vivo;
2020-04-27 09:12:34;11  36090241;51.0;Para Fixo Vivo;
2020-04-22 10:58:03;11  36090241;160.0;Para Fixo Vivo;
2020-04-16 08:21:07;11  36090241;177.0;Para Fixo Vivo;
2020-04-13 16:29:55;11  30396856;66.0;Para Fixo Vivo;
2020-04-01 09:45:01;11  40544300;20.0;Para Fixo Vivo;
2020-04-01 09:34:35;11  40544300;27.0;Para Fixo Vivo;
2020-04-28 09:55:21;51  995878281;129.0;Para Celulares Vivo;
2020-04-28 07:41:11;51  992592870;60.0;Para Celulares Vivo;
2020-04-24 15:08:29;51  992592870;33.0;Para Celulares Vivo;
2020-04-24 08:29:35;51  995878281;297.0;Para Celulares Vivo;
2020-04-20 18:25:54;51  995838788;17.0;Para Celulares Vivo;
2020-04-16 13:40:39;51  995838788;105.0;Para Celulares Vivo;
2020-04-16 10:18:45;51  995838788;65.0;Para Celulares Vivo;
2020-04-02 17:02:14;51  998331892;5.0;Para Celulares Vivo;
2020-04-30 10:56:12;13  32785045;0.0;Adicional por Ligacoes Realizadas;
2020-04-28 09:55:21;51  995878281;0.0;Adicional por Ligacoes Realizadas;
2020-04-28 07:41:11;51  992592870;0.0;Adicional por Ligacoes Realizadas;
2020-04-27 16:22:27;11  36090241;0.0;Adicional por Ligacoes Realizadas;
2020-04-27 09:12:34;11  36090241;0.0;Adicional por Ligacoes Realizadas;
2020-04-24 15:08:29;51  992592870;0.0;Adicional por Ligacoes Realizadas;
2020-04-24 08:29:35;51  995878281;0.0;Adicional por Ligacoes Realizadas;
2020-04-22 10:58:03;11  36090241;0.0;Adicional por Ligacoes Realizadas;
2020-04-22 08:27:02;13  32275716;0.0;Adicional por Ligacoes Realizadas;
2020-04-21 07:32:33;13  991297067;0.0;Adicional por Ligacoes Realizadas;
2020-04-20 18:25:54;51  995838788;0.0;Adicional por Ligacoes Realizadas;
2020-04-16 13:40:39;51  995838788;0.0;Adicional por Ligacoes Realizadas;
2020-04-16 10:18:45;51  995838788;0.0;Adicional por Ligacoes Realizadas;
2020-04-16 08:21:07;11  36090241;0.0;Adicional por Ligacoes Realizadas;
2020-04-13 16:38:43;13  988610695;0.0;Adicional por Ligacoes Realizadas;
2020-04-13 16:29:55;11  30396856;0.0;Adicional por Ligacoes Realizadas;
2020-04-02 17:02:14;51  998331892;0.0;Adicional por Ligacoes Realizadas;
2020-04-29 14:12:10;    ;11.0;Chamadas de Longa Distancia para Outros Estados;
2020-04-27 10:48:18;    ;18.0;Chamadas de Longa Distancia para Outros Estados;
2020-04-27 10:19:44;    ;5.0;Chamadas de Longa Distancia para Outros Estados;
2020-04-27 08:52:43;    ;49.0;Chamadas de Longa Distancia para Outros Estados;
2020-04-22 10:06:05;    ;77.0;Chamadas de Longa Distancia para Outros Estados;
2020-04-21 17:48:40;    ;5.0;Chamadas de Longa Distancia para Outros Estados;
2020-04-16 13:52:42;    ;20.0;Chamadas de Longa Distancia para Outros Estados;
2020-04-15 17:38:20;    ;24.0;Chamadas de Longa Distancia para Outros Estados;
2020-04-15 09:30:23;    ;5.0;Chamadas de Longa Distancia para Outros Estados;
2020-04-14 16:14:17;11  996029481;5.0;Chamadas de Longa Distancia para Outros Estados;
2020-04-14 15:38:53;    ;12.0;Chamadas de Longa Distancia para Outros Estados;
2020-04-14 13:21:57;    ;14.0;Chamadas de Longa Distancia para Outros Estados;
2020-04-14 11:51:35;    ;9.0;Chamadas de Longa Distancia para Outros Estados;
2020-04-13 17:31:28;    ;23.0;Chamadas de Longa Distancia para Outros Estados;
2020-04-13 17:18:09;    ;62.0;Chamadas de Longa Distancia para Outros Estados;
2020-04-09 11:58:15;    ;84.0;Chamadas de Longa Distancia para Outros Estados;
2020-04-21 07:32:33;13  991297067;12.0;Para Celulares de Outras Operadoras;
2020-04-13 16:38:43;13  988610695;23.0;Para Celulares de Outras Operadoras;
2020-04-30 10:56:12;13  32785045;5.0;Para Fixo Vivo;
2020-04-22 08:27:02;13  32275716;49.0;Para Fixo Vivo;
2020-03-31;"";196.0;INTERNET MOVEL 2;0.00
2020-04-01;"";272.0;INTERNET MOVEL 2;0.00
2020-04-02;"";382.0;INTERNET MOVEL 2;0.00
2020-04-03;"";302.0;INTERNET MOVEL 2;0.00
2020-04-04;"";389.0;INTERNET MOVEL 2;0.00
2020-04-05;"";618.0;INTERNET MOVEL 2;0.00
2020-04-06;"";216.0;INTERNET MOVEL 2;0.00
2020-04-07;"";398.0;INTERNET MOVEL 2;0.00
2020-04-08;"";319.0;INTERNET MOVEL 2;0.00
2020-04-09;"";390.0;INTERNET MOVEL 2;0.00
2020-04-10;"";301.0;INTERNET MOVEL 2;0.00
2020-04-11;"";327.0;INTERNET MOVEL 2;0.00
2020-04-12;"";327.0;INTERNET MOVEL 2;0.00
2020-04-13;"";400.0;INTERNET MOVEL 2;0.00
2020-04-14;"";348.0;INTERNET MOVEL 2;0.00
2020-04-15;"";460.0;INTERNET MOVEL 2;0.00
2020-04-16;"";368.0;INTERNET MOVEL 2;0.00
2020-04-17;"";269.0;INTERNET MOVEL 2;0.00
2020-04-18;"";273.0;INTERNET MOVEL 2;0.00
2020-04-19;"";674.0;INTERNET MOVEL 2;0.00
2020-04-20;"";458.0;INTERNET MOVEL 2;0.00
2020-04-21;"";470.0;INTERNET MOVEL 2;0.00
2020-04-22;"";429.0;INTERNET MOVEL 2;0.00
2020-04-23;"";415.0;INTERNET MOVEL 2;0.00
2020-04-24;"";287.0;INTERNET MOVEL 2;0.00
2020-04-25;"";281.0;INTERNET MOVEL 2;0.00
2020-04-26;"";384.0;INTERNET MOVEL 2;0.00
2020-04-27;"";422.0;INTERNET MOVEL 2;0.00
2020-04-28;"";511.0;INTERNET MOVEL 2;0.00
2020-04-29;"";414.0;INTERNET MOVEL 2;0.00
2020-04-30;"";404.0;INTERNET MOVEL 2;0.00
