data_hora_inicio;nro_telefone_chamado;duracao_ligacao;desc_categoria;valor_ligacao
2020-04-01 19:22:15;51  981868680;134.0;Para Celulares Vivo;
2020-04-01 07:51:07;51  998164594;5.0;Para Celulares Vivo;
2020-04-13 12:36:35;49  999801188;37.0;Para Celulares de Outras Operadoras;
2020-04-22 11:03:25;51  37375954;19.0;Para Fixo de Outras Operadoras;
2020-04-08 10:15:46;51  37375954;10.0;Para Fixo de Outras Operadoras;
2020-04-08 10:11:22;51  30046145;21.0;Para Fixo de Outras Operadoras;
2020-04-06 11:32:55;51  37375954;51.0;Para Fixo de Outras Operadoras;
2020-04-06 11:31:34;51  37375954;11.0;Para Fixo de Outras Operadoras;
2020-04-29 20:01:22;51  985286504;44.0;Para Celulares de Outras Operadoras;
2020-04-28 15:45:52;51  992871313;48.0;Para Celulares de Outras Operadoras;
2020-04-21 19:31:04;51  985286504;56.0;Para Celulares de Outras Operadoras;
2020-04-19 10:33:07;51  985286504;6.0;Para Celulares de Outras Operadoras;
2020-04-17 12:59:51;51  985286504;21.0;Para Celulares de Outras Operadoras;
2020-04-15 09:12:19;51  991274568;32.0;Para Celulares de Outras Operadoras;
2020-04-12 18:33:40;51  992871313;25.0;Para Celulares de Outras Operadoras;
2020-04-07 11:56:47;51  985286504;15.0;Para Celulares de Outras Operadoras;
2020-04-04 17:26:38;51  985286504;11.0;Para Celulares de Outras Operadoras;
2020-04-03 10:09:15;51  985286504;52.0;Para Celulares de Outras Operadoras;
2020-04-02 18:53:56;51  985286504;28.0;Para Celulares de Outras Operadoras;
2020-04-30 18:14:08;51  981281251;108.0;Para Celulares Vivo;
2020-04-30 14:29:07;51  998164594;6.0;Para Celulares Vivo;
2020-04-30 11:04:03;51  998164594;5.0;Para Celulares Vivo;
2020-04-29 20:53:34;51  998164594;14.0;Para Celulares Vivo;
2020-04-29 20:34:05;51  981868680;137.0;Para Celulares Vivo;
2020-04-28 11:46:38;51  998164594;5.0;Para Celulares Vivo;
2020-04-27 11:55:10;51  998164594;7.0;Para Celulares Vivo;
2020-04-26 18:28:20;51  981868680;31.0;Para Celulares Vivo;
2020-04-26 10:59:58;51  998164594;5.0;Para Celulares Vivo;
2020-04-26 09:27:51;51  998164594;6.0;Para Celulares Vivo;
2020-04-24 11:43:10;51  998164594;5.0;Para Celulares Vivo;
2020-04-23 11:30:59;51  998164594;6.0;Para Celulares Vivo;
2020-04-22 14:37:15;51  998130406;5.0;Para Celulares Vivo;
2020-04-22 11:52:19;51  984274504;5.0;Para Celulares Vivo;
2020-04-22 11:11:46;51  998164594;5.0;Para Celulares Vivo;
2020-04-22 10:37:42;51  998130406;11.0;Para Celulares Vivo;
2020-04-21 19:41:44;51  981868680;79.0;Para Celulares Vivo;
2020-04-20 09:35:16;51  998164594;5.0;Para Celulares Vivo;
2020-04-19 10:32:21;51  998164594;5.0;Para Celulares Vivo;
2020-04-18 11:59:17;51  998164594;5.0;Para Celulares Vivo;
2020-04-17 11:22:05;51  998164594;6.0;Para Celulares Vivo;
2020-04-16 11:07:55;51  998164594;5.0;Para Celulares Vivo;
2020-04-15 11:16:24;51  998164594;5.0;Para Celulares Vivo;
2020-04-15 08:26:10;51  984274504;6.0;Para Celulares Vivo;
2020-04-15 07:56:28;51  984274504;79.0;Para Celulares Vivo;
2020-04-14 11:06:18;51  998164594;15.0;Para Celulares Vivo;
2020-04-12 13:53:42;51  981868680;43.0;Para Celulares Vivo;
2020-04-12 09:26:42;51  998164594;5.0;Para Celulares Vivo;
2020-04-12 09:05:47;51  998164594;5.0;Para Celulares Vivo;
2020-04-11 11:20:43;51  998164594;5.0;Para Celulares Vivo;
2020-04-10 11:14:52;51  998164594;5.0;Para Celulares Vivo;
2020-04-10 11:13:02;51  998164594;5.0;Para Celulares Vivo;
2020-04-10 07:50:02;51  981868680;115.0;Para Celulares Vivo;
2020-04-07 16:53:27;51  981868680;15.0;Para Celulares Vivo;
2020-04-07 14:25:33;51  981868680;74.0;Para Celulares Vivo;
2020-04-06 07:52:57;51  998164594;5.0;Para Celulares Vivo;
2020-04-04 17:23:28;51  981868680;27.0;Para Celulares Vivo;
2020-04-03 11:12:04;51  998164594;6.0;Para Celulares Vivo;
2020-04-03 09:21:42;51  981868680;128.0;Para Celulares Vivo;
2020-03-31;"";41219.2;INTERNET MOVEL 2;0.00
2020-04-01;"";53992.5;INTERNET MOVEL 2;0.00
2020-04-02;"";78060.4;INTERNET MOVEL 2;0.00
2020-04-03;"";84761.2;INTERNET MOVEL 2;0.00
2020-04-04;"";4650.0;INTERNET MOVEL 2;0.00
2020-04-05;"";32673.8;INTERNET MOVEL 2;0.00
2020-04-06;"";98418.2;INTERNET MOVEL 2;0.00
2020-04-07;"";133226.0;INTERNET MOVEL 2;0.00
2020-04-08;"";22552.1;INTERNET MOVEL 2;0.00
2020-04-09;"";42127.6;INTERNET MOVEL 2;0.00
2020-04-10;"";121351.8;INTERNET MOVEL 2;0.00
2020-04-11;"";2347.0;INTERNET MOVEL 2;0.00
2020-04-12;"";78262.3;INTERNET MOVEL 2;0.00
2020-04-13;"";13674.8;INTERNET MOVEL 2;0.00
2020-04-14;"";4728.2;INTERNET MOVEL 2;0.00
2020-04-15;"";1987.3;INTERNET MOVEL 2;0.00
2020-04-16;"";61749.3;INTERNET MOVEL 2;0.00
2020-04-17;"";33873.0;INTERNET MOVEL 2;0.00
2020-04-18;"";86793.3;INTERNET MOVEL 2;0.00
2020-04-19;"";69878.1;INTERNET MOVEL 2;0.00
2020-04-20;"";89529.8;INTERNET MOVEL 2;0.00
2020-04-21;"";161060.3;INTERNET MOVEL 2;0.00
2020-04-22;"";111470.3;INTERNET MOVEL 2;0.00
2020-04-23;"";1849.0;INTERNET MOVEL 2;0.00
2020-04-24;"";523.0;INTERNET MOVEL 2;0.00
2020-04-25;"";31250.8;INTERNET MOVEL 2;0.00
2020-04-26;"";65121.2;INTERNET MOVEL 2;0.00
2020-04-27;"";95463.3;INTERNET MOVEL 2;0.00
2020-04-28;"";170009.6;INTERNET MOVEL 2;0.00
2020-04-29;"";4521.5;INTERNET MOVEL 2;0.00
2020-04-30;"";153495.9;INTERNET MOVEL 2;0.00
