data_hora_inicio;nro_telefone_chamado;duracao_ligacao;desc_categoria;valor_ligacao
2020-04-30 11:04:33;"";1.0;ADICIONAL;0.00
2020-04-29 11:12:03;"";1.0;ADICIONAL;0.00
2020-04-17 09:47:43;"";1.0;ADICIONAL;0.00
2020-04-17 08:29:05;"";1.0;ADICIONAL;0.00
2020-04-16 15:19:59;"";1.0;ADICIONAL;0.00
2020-04-14 14:22:28;"";1.0;ADICIONAL;0.00
2020-04-14 09:46:55;"";1.0;ADICIONAL;0.00
2020-04-13 08:26:12;"";1.0;ADICIONAL;0.00
2020-04-09 11:27:24;"";1.0;ADICIONAL;0.00
2020-04-08 19:03:30;"";1.0;ADICIONAL;0.00
2020-04-08 16:19:14;"";1.0;ADICIONAL;0.00
2020-04-04 19:29:02;"";1.0;ADICIONAL;0.00
2020-04-02 18:47:16;"";1.0;ADICIONAL;0.00
2020-04-14 20:58:59;54  33301800;37.0;Para Fixo de Outras Operadoras;
2020-04-30 12:49:20;16  991120203;15.0;Para Celulares de Outras Operadoras;
2020-04-30 12:45:04;44  998785170;14.0;Para Celulares de Outras Operadoras;
2020-04-28 08:13:01;63  981301282;6.0;Para Celulares de Outras Operadoras;
2020-04-16 07:35:35;45  999031892;11.0;Para Celulares de Outras Operadoras;
2020-04-16 07:34:37;45  999031892;6.0;Para Celulares de Outras Operadoras;
2020-04-14 18:54:56;63  981301282;544.0;Para Celulares de Outras Operadoras;
2020-04-11 14:42:25;45  999031892;6.0;Para Celulares de Outras Operadoras;
2020-04-09 10:35:09;16  991120203;5.0;Para Celulares de Outras Operadoras;
2020-04-08 15:36:25;16  991120203;5.0;Para Celulares de Outras Operadoras;
2020-04-07 16:42:07;45  999031892;84.0;Para Celulares de Outras Operadoras;
2020-04-07 16:11:56;16  991120203;21.0;Para Celulares de Outras Operadoras;
2020-04-28 21:35:28;47  992548048;292.0;Para Celulares Vivo;
2020-04-27 21:00:40;64  999848111;37.0;Para Celulares Vivo;
2020-04-17 10:15:33;66  999823021;37.0;Para Celulares Vivo;
2020-04-16 14:42:41;51  995863683;74.0;Para Celulares Vivo;
2020-04-14 20:47:11;15  996095122;6.0;Para Celulares Vivo;
2020-04-14 15:41:31;64  999848111;16.0;Para Celulares Vivo;
2020-04-14 11:12:20;51  992592970;178.0;Para Celulares Vivo;
2020-04-11 10:19:08;51  995863683;22.0;Para Celulares Vivo;
2020-04-09 19:44:04;64  999848111;446.0;Para Celulares Vivo;
2020-04-08 09:13:03;51  995863683;118.0;Para Celulares Vivo;
2020-04-06 19:27:29;64  999848111;238.0;Para Celulares Vivo;
2020-04-30 12:49:20;16  991120203;0.0;Adicional por Ligacoes Realizadas;
2020-04-30 12:45:04;44  998785170;0.0;Adicional por Ligacoes Realizadas;
2020-04-28 21:35:28;47  992548048;0.0;Adicional por Ligacoes Realizadas;
2020-04-28 08:13:01;63  981301282;0.0;Adicional por Ligacoes Realizadas;
2020-04-27 21:00:40;64  999848111;0.0;Adicional por Ligacoes Realizadas;
2020-04-21 14:28:12;45  999039201;0.0;Adicional por Ligacoes Realizadas;
2020-04-20 13:11:41;45  999031892;0.0;Adicional por Ligacoes Realizadas;
2020-04-20 13:08:46;45  999031892;0.0;Adicional por Ligacoes Realizadas;
2020-04-17 16:51:20;44  998785170;0.0;Adicional por Ligacoes Realizadas;
2020-04-17 15:43:49;44  998785170;0.0;Adicional por Ligacoes Realizadas;
2020-04-17 10:15:33;66  999823021;0.0;Adicional por Ligacoes Realizadas;
2020-04-16 14:42:41;51  995863683;0.0;Adicional por Ligacoes Realizadas;
2020-04-16 07:35:35;45  999031892;0.0;Adicional por Ligacoes Realizadas;
2020-04-16 07:34:37;45  999031892;0.0;Adicional por Ligacoes Realizadas;
2020-04-14 20:58:59;54  33301800;0.0;Adicional por Ligacoes Realizadas;
2020-04-14 20:47:11;15  996095122;0.0;Adicional por Ligacoes Realizadas;
2020-04-14 18:54:56;63  981301282;0.0;Adicional por Ligacoes Realizadas;
2020-04-14 15:41:31;64  999848111;0.0;Adicional por Ligacoes Realizadas;
2020-04-14 11:12:20;51  992592970;0.0;Adicional por Ligacoes Realizadas;
2020-04-12 08:39:25;45  999031892;0.0;Adicional por Ligacoes Realizadas;
2020-04-11 14:42:25;45  999031892;0.0;Adicional por Ligacoes Realizadas;
2020-04-11 10:19:08;51  995863683;0.0;Adicional por Ligacoes Realizadas;
2020-04-10 18:59:08;17  991234807;0.0;Adicional por Ligacoes Realizadas;
2020-04-09 19:44:04;64  999848111;0.0;Adicional por Ligacoes Realizadas;
2020-04-09 18:43:39;17  991234807;0.0;Adicional por Ligacoes Realizadas;
2020-04-09 10:35:09;16  991120203;0.0;Adicional por Ligacoes Realizadas;
2020-04-08 19:09:39;17  991234807;0.0;Adicional por Ligacoes Realizadas;
2020-04-08 15:36:25;16  991120203;0.0;Adicional por Ligacoes Realizadas;
2020-04-08 09:13:03;51  995863683;0.0;Adicional por Ligacoes Realizadas;
2020-04-07 16:42:07;45  999031892;0.0;Adicional por Ligacoes Realizadas;
2020-04-07 16:11:56;16  991120203;0.0;Adicional por Ligacoes Realizadas;
2020-04-06 19:27:29;64  999848111;0.0;Adicional por Ligacoes Realizadas;
2020-04-30 11:04:33;    ;36.0;Chamadas de Longa Distancia para Outros Estados;
2020-04-29 11:12:03;    ;42.0;Chamadas de Longa Distancia para Outros Estados;
2020-04-17 09:47:43;    ;5.0;Chamadas de Longa Distancia para Outros Estados;
2020-04-17 08:29:05;    ;8.0;Chamadas de Longa Distancia para Outros Estados;
2020-04-16 15:19:59;    ;201.0;Chamadas de Longa Distancia para Outros Estados;
2020-04-14 14:22:28;    ;37.0;Chamadas de Longa Distancia para Outros Estados;
2020-04-14 09:46:55;    ;107.0;Chamadas de Longa Distancia para Outros Estados;
2020-04-13 08:26:12;    ;6.0;Chamadas de Longa Distancia para Outros Estados;
2020-04-09 11:27:24;    ;126.0;Chamadas de Longa Distancia para Outros Estados;
2020-04-08 19:03:30;    ;48.0;Chamadas de Longa Distancia para Outros Estados;
2020-04-08 16:19:14;    ;5.0;Chamadas de Longa Distancia para Outros Estados;
2020-04-04 19:29:02;    ;5.0;Chamadas de Longa Distancia para Outros Estados;
2020-04-02 18:47:16;    ;123.0;Chamadas de Longa Distancia para Outros Estados;
2020-04-21 14:28:12;45  999039201;5.0;Para Celulares de Outras Operadoras;
2020-04-20 13:11:41;45  999031892;6.0;Para Celulares de Outras Operadoras;
2020-04-20 13:08:46;45  999031892;7.0;Para Celulares de Outras Operadoras;
2020-04-17 16:51:20;44  998785170;9.0;Para Celulares de Outras Operadoras;
2020-04-17 15:43:49;44  998785170;18.0;Para Celulares de Outras Operadoras;
2020-04-12 08:39:25;45  999031892;5.0;Para Celulares de Outras Operadoras;
2020-04-10 18:59:08;17  991234807;9.0;Para Celulares de Outras Operadoras;
2020-04-09 18:43:39;17  991234807;18.0;Para Celulares de Outras Operadoras;
2020-04-08 19:09:39;17  991234807;17.0;Para Celulares de Outras Operadoras;
2020-03-31;"";278.0;INTERNET MOVEL 2;0.00
2020-04-01;"";1532.0;INTERNET MOVEL 2;0.00
2020-04-02;"";3075.0;INTERNET MOVEL 2;0.00
2020-04-03;"";10867.6;INTERNET MOVEL 2;0.00
2020-04-04;"";41344.0;INTERNET MOVEL 2;0.00
2020-04-05;"";722.0;INTERNET MOVEL 2;0.00
2020-04-06;"";24642.8;INTERNET MOVEL 2;0.00
2020-04-07;"";4918.0;INTERNET MOVEL 2;0.00
2020-04-08;"";1281.0;INTERNET MOVEL 2;0.00
2020-04-09;"";70844.1;INTERNET MOVEL 2;0.00
2020-04-10;"";6886.8;INTERNET MOVEL 2;0.00
2020-04-11;"";43569.6;INTERNET MOVEL 2;0.00
2020-04-12;"";49527.5;INTERNET MOVEL 2;0.00
2020-04-13;"";47875.1;INTERNET MOVEL 2;0.00
2020-04-14;"";18150.3;INTERNET MOVEL 2;0.00
2020-04-15;"";21517.8;INTERNET MOVEL 2;0.00
2020-04-16;"";90384.4;INTERNET MOVEL 2;0.00
2020-04-17;"";18681.0;INTERNET MOVEL 2;0.00
2020-04-18;"";90658.1;INTERNET MOVEL 2;0.00
2020-04-19;"";455.0;INTERNET MOVEL 2;0.00
2020-04-20;"";44808.2;INTERNET MOVEL 2;0.00
2020-04-21;"";1114.0;INTERNET MOVEL 2;0.00
2020-04-22;"";29878.4;INTERNET MOVEL 2;0.00
2020-04-23;"";70958.7;INTERNET MOVEL 2;0.00
2020-04-24;"";41352.0;INTERNET MOVEL 2;0.00
2020-04-25;"";2099.0;INTERNET MOVEL 2;0.00
2020-04-26;"";173678.7;INTERNET MOVEL 2;0.00
2020-04-27;"";29364.3;INTERNET MOVEL 2;0.00
2020-04-28;"";1798.6;INTERNET MOVEL 2;0.00
2020-04-29;"";6192.0;INTERNET MOVEL 2;0.00
2020-04-30;"";4030.2;INTERNET MOVEL 2;0.00
