data_hora_inicio;nro_telefone_chamado;duracao_ligacao;desc_categoria;valor_ligacao
2020-04-22 16:35:04;51993319007;1.0;GRATIS-SMS;0.00
2020-04-27 13:39:11;47  32512000;19.0;Para Fixo de Outras Operadoras;
2020-04-24 10:43:37;47  32512000;8.0;Para Fixo de Outras Operadoras;
2020-04-01 13:51:04;49  36648000;42.0;Para Fixo de Outras Operadoras;
2020-04-01 16:08:37;16  39453887;6.0;Para Fixo Vivo;
2020-04-20 15:03:35;49  999872132;135.0;Para Celulares Vivo;
2020-04-29 11:18:31;54  35192451;15.0;Para Fixo de Outras Operadoras;
2020-04-15 16:06:36;54  35192451;19.0;Para Fixo de Outras Operadoras;
2020-04-09 15:02:46;54  35192451;26.0;Para Fixo de Outras Operadoras;
2020-04-03 16:57:59;54  35192451;9.0;Para Fixo de Outras Operadoras;
2020-04-03 16:43:07;51  34725744;12.0;Para Fixo de Outras Operadoras;
2020-04-02 17:03:34;51  30237111;22.0;Para Fixo de Outras Operadoras;
2020-04-24 15:09:28;51  984995333;26.0;Para Celulares de Outras Operadoras;
2020-04-16 17:55:24;51  982028257;217.0;Para Celulares de Outras Operadoras;
2020-04-16 11:54:42;51  984016465;287.0;Para Celulares de Outras Operadoras;
2020-04-13 11:09:25;51  984016465;268.0;Para Celulares de Outras Operadoras;
2020-04-14 14:34:39;51  32355600;20.0;Para Fixo Vivo;
2020-04-14 14:12:35;51  32052555;22.0;Para Fixo Vivo;
2020-04-09 11:16:54;51  32355600;23.0;Para Fixo Vivo;
2020-04-07 13:30:49;51  30245536;15.0;Para Fixo Vivo;
2020-04-03 16:54:46;51  33452969;28.0;Para Fixo Vivo;
2020-04-03 16:47:33;51  33025959;22.0;Para Fixo Vivo;
2020-04-03 16:34:17;51  30597922;35.0;Para Fixo Vivo;
2020-04-28 10:15:05;51  997822729;246.0;Para Celulares Vivo;
2020-04-26 17:04:34;51  992592716;32.0;Para Celulares Vivo;
2020-04-20 20:55:51;51  992592818;26.0;Para Celulares Vivo;
2020-04-15 10:47:15;51  993119416;99.0;Para Celulares Vivo;
2020-04-10 15:37:43;51  992592716;99.0;Para Celulares Vivo;
2020-04-07 13:32:47;51  999288734;14.0;Para Celulares Vivo;
2020-04-04 13:29:00;51  992592843;5.0;Para Celulares Vivo;
2020-03-31;"";82310.0;INTERNET MOVEL 2;0.00
2020-04-01;"";125442.5;INTERNET MOVEL 2;0.00
2020-04-02;"";193725.7;INTERNET MOVEL 2;0.00
2020-04-03;"";165835.7;INTERNET MOVEL 2;0.00
2020-04-04;"";153957.8;INTERNET MOVEL 2;0.00
2020-04-05;"";182334.5;INTERNET MOVEL 2;0.00
2020-04-06;"";133156.1;INTERNET MOVEL 2;0.00
2020-04-07;"";80354.4;INTERNET MOVEL 2;0.00
2020-04-08;"";94022.4;INTERNET MOVEL 2;0.00
2020-04-09;"";47167.0;INTERNET MOVEL 2;0.00
2020-04-10;"";125729.5;INTERNET MOVEL 2;0.00
2020-04-11;"";122895.6;INTERNET MOVEL 2;0.00
2020-04-12;"";95583.9;INTERNET MOVEL 2;0.00
2020-04-13;"";193999.0;INTERNET MOVEL 2;0.00
2020-04-14;"";96025.9;INTERNET MOVEL 2;0.00
2020-04-15;"";166692.8;INTERNET MOVEL 2;0.00
2020-04-16;"";72714.9;INTERNET MOVEL 2;0.00
2020-04-17;"";79557.9;INTERNET MOVEL 2;0.00
2020-04-18;"";89044.3;INTERNET MOVEL 2;0.00
2020-04-19;"";146263.1;INTERNET MOVEL 2;0.00
2020-04-20;"";116505.0;INTERNET MOVEL 2;0.00
2020-04-21;"";126437.4;INTERNET MOVEL 2;0.00
2020-04-22;"";58739.3;INTERNET MOVEL 2;0.00
2020-04-23;"";79894.9;INTERNET MOVEL 2;0.00
2020-04-24;"";185137.6;INTERNET MOVEL 2;0.00
2020-04-25;"";222278.4;INTERNET MOVEL 2;0.00
2020-04-26;"";148772.3;INTERNET MOVEL 2;0.00
2020-04-27;"";122491.6;INTERNET MOVEL 2;0.00
2020-04-28;"";258980.0;INTERNET MOVEL 2;0.00
2020-04-29;"";123645.9;INTERNET MOVEL 2;0.00
2020-04-30;"";232482.1;INTERNET MOVEL 2;0.00
