data_hora_inicio;nro_telefone_chamado;duracao_ligacao;desc_categoria;valor_ligacao
2020-04-14 14:34:45;51  30043841;18.0;Para Fixo de Outras Operadoras;
2020-04-30 09:47:57;51  999587536;38.0;Para Celulares Vivo;
2020-04-28 13:41:20;51  999587536;19.0;Para Celulares Vivo;
2020-04-13 10:21:01;51  995991698;109.0;Para Celulares Vivo;
2020-04-09 09:05:28;51  991717895;5.0;Para Celulares Vivo;
2020-04-01;"";16578.0;INTERNET MOVEL 2;0.00
2020-04-02;"";7573.4;INTERNET MOVEL 2;0.00
2020-04-03;"";729.0;INTERNET MOVEL 2;0.00
2020-04-04;"";34290.0;INTERNET MOVEL 2;0.00
2020-04-05;"";4240.0;INTERNET MOVEL 2;0.00
2020-04-06;"";400.0;INTERNET MOVEL 2;0.00
2020-04-07;"";172.0;INTERNET MOVEL 2;0.00
2020-04-08;"";4520.0;INTERNET MOVEL 2;0.00
2020-04-09;"";13846.0;INTERNET MOVEL 2;0.00
2020-04-10;"";9128.0;INTERNET MOVEL 2;0.00
2020-04-11;"";30814.0;INTERNET MOVEL 2;0.00
2020-04-12;"";960.0;INTERNET MOVEL 2;0.00
2020-04-13;"";437.0;INTERNET MOVEL 2;0.00
2020-04-14;"";816.0;INTERNET MOVEL 2;0.00
2020-04-15;"";15547.0;INTERNET MOVEL 2;0.00
2020-04-16;"";1126.0;INTERNET MOVEL 2;0.00
2020-04-17;"";41299.2;INTERNET MOVEL 2;0.00
2020-04-18;"";24312.0;INTERNET MOVEL 2;0.00
2020-04-19;"";27909.0;INTERNET MOVEL 2;0.00
2020-04-20;"";1133.0;INTERNET MOVEL 2;0.00
2020-04-21;"";11758.0;INTERNET MOVEL 2;0.00
2020-04-22;"";4362.7;INTERNET MOVEL 2;0.00
2020-04-23;"";14784.0;INTERNET MOVEL 2;0.00
2020-04-24;"";793.0;INTERNET MOVEL 2;0.00
2020-04-25;"";9752.0;INTERNET MOVEL 2;0.00
2020-04-26;"";27328.1;INTERNET MOVEL 2;0.00
2020-04-27;"";19149.0;INTERNET MOVEL 2;0.00
2020-04-28;"";8142.2;INTERNET MOVEL 2;0.00
2020-04-29;"";4081.0;INTERNET MOVEL 2;0.00
2020-04-30;"";1084.0;INTERNET MOVEL 2;0.00
