data_hora_inicio;nro_telefone_chamado;duracao_ligacao;desc_categoria;valor_ligacao
2020-04-05 12:12:06;51  33143434;18.0;Para Fixo de Outras Operadoras;
2020-04-29 15:09:13;51  982688177;5.0;Para Celulares de Outras Operadoras;
2020-04-17 22:50:40;51  985948318;8.0;Para Celulares de Outras Operadoras;
2020-04-17 20:49:09;51  981518544;26.0;Para Celulares de Outras Operadoras;
2020-04-13 13:41:26;51  991830649;20.0;Para Celulares de Outras Operadoras;
2020-04-12 16:59:21;51  993110100;16.0;Para Celulares de Outras Operadoras;
2020-04-07 19:56:50;51  981436776;100.0;Para Celulares de Outras Operadoras;
2020-04-07 19:51:07;51  981085056;13.0;Para Celulares de Outras Operadoras;
2020-04-23 17:53:11;51  993976076;118.0;Para Fixo Vivo;
2020-04-16 10:22:49;51  993976076;267.0;Para Fixo Vivo;
2020-04-30 11:36:19;51  996422142;159.0;Para Celulares Vivo;
2020-04-29 18:34:45;51  992592819;10.0;Para Celulares Vivo;
2020-04-29 18:15:16;51  992592819;5.0;Para Celulares Vivo;
2020-04-29 15:04:42;51  992592819;8.0;Para Celulares Vivo;
2020-04-28 16:13:50;51  992592819;76.0;Para Celulares Vivo;
2020-04-24 11:50:18;51  992592889;9.0;Para Celulares Vivo;
2020-04-17 11:13:43;51  992592819;24.0;Para Celulares Vivo;
2020-04-17 09:23:56;51  992592819;27.0;Para Celulares Vivo;
2020-04-15 16:32:01;51  995127893;32.0;Para Celulares Vivo;
2020-04-15 14:59:37;51  992592819;33.0;Para Celulares Vivo;
2020-04-15 12:11:13;51  998600847;5.0;Para Celulares Vivo;
2020-04-15 12:08:47;51  998600847;5.0;Para Celulares Vivo;
2020-04-12 18:07:24;51  998640378;5.0;Para Celulares Vivo;
2020-04-12 17:26:11;51  999025902;5.0;Para Celulares Vivo;
2020-04-09 14:57:57;51  998086046;103.0;Para Celulares Vivo;
2020-04-09 08:35:06;51  996422142;40.0;Para Celulares Vivo;
2020-04-07 19:12:15;51  999025902;344.0;Para Celulares Vivo;
2020-04-03 21:10:18;51  996422142;5.0;Para Celulares Vivo;
2020-04-03 17:22:23;51  996422142;47.0;Para Celulares Vivo;
2020-04-02 10:39:52;51  991034807;154.0;Para Celulares Vivo;
2020-03-31;"";811.0;INTERNET MOVEL 2;0.00
2020-04-01;"";31317.1;INTERNET MOVEL 2;0.00
2020-04-02;"";47917.6;INTERNET MOVEL 2;0.00
2020-04-03;"";9930.4;INTERNET MOVEL 2;0.00
2020-04-04;"";1257.0;INTERNET MOVEL 2;0.00
2020-04-05;"";1833.0;INTERNET MOVEL 2;0.00
2020-04-06;"";87413.1;INTERNET MOVEL 2;0.00
2020-04-07;"";43119.7;INTERNET MOVEL 2;0.00
2020-04-08;"";81257.4;INTERNET MOVEL 2;0.00
2020-04-09;"";54283.8;INTERNET MOVEL 2;0.00
2020-04-10;"";3165.1;INTERNET MOVEL 2;0.00
2020-04-11;"";1456.0;INTERNET MOVEL 2;0.00
2020-04-12;"";20802.8;INTERNET MOVEL 2;0.00
2020-04-13;"";72225.3;INTERNET MOVEL 2;0.00
2020-04-14;"";34195.7;INTERNET MOVEL 2;0.00
2020-04-15;"";79057.0;INTERNET MOVEL 2;0.00
2020-04-16;"";11843.6;INTERNET MOVEL 2;0.00
2020-04-17;"";19700.7;INTERNET MOVEL 2;0.00
2020-04-18;"";53670.6;INTERNET MOVEL 2;0.00
2020-04-19;"";70512.0;INTERNET MOVEL 2;0.00
2020-04-20;"";20637.2;INTERNET MOVEL 2;0.00
2020-04-21;"";8166.0;INTERNET MOVEL 2;0.00
2020-04-22;"";1885.4;INTERNET MOVEL 2;0.00
2020-04-23;"";3632.6;INTERNET MOVEL 2;0.00
2020-04-24;"";1480.0;INTERNET MOVEL 2;0.00
2020-04-25;"";20075.2;INTERNET MOVEL 2;0.00
2020-04-26;"";22864.0;INTERNET MOVEL 2;0.00
2020-04-27;"";2144.5;INTERNET MOVEL 2;0.00
2020-04-28;"";6754.2;INTERNET MOVEL 2;0.00
2020-04-29;"";2331.0;INTERNET MOVEL 2;0.00
2020-04-30;"";1508.0;INTERNET MOVEL 2;0.00
2020-05-01;"";61.0;INTERNET MOVEL 2;0.00
