data_hora_inicio;nro_telefone_chamado;duracao_ligacao;desc_categoria;valor_ligacao
2020-04-29 10:45:24;41  34223341;5.0;Para Fixo de Outras Operadoras;
2020-04-30 17:24:00;92  981268000;11.0;Para Celulares de Outras Operadoras;
2020-04-30 16:20:32;92  981008000;7.0;Para Celulares de Outras Operadoras;
2020-04-29 17:35:16;92  981008000;51.0;Para Celulares de Outras Operadoras;
2020-04-29 16:21:53;92  981287777;114.0;Para Celulares de Outras Operadoras;
2020-04-29 10:46:31;41  999781341;32.0;Para Celulares de Outras Operadoras;
2020-04-29 17:16:48;92  991419005;91.0;Para Celulares Vivo;
2020-04-29 17:12:12;92  991228553;30.0;Para Celulares Vivo;
2020-04-29 17:06:06;13  981188560;15.0;Para Celulares Vivo;
2020-04-29 16:10:15;13  981188560;91.0;Para Celulares Vivo;
2020-04-14 10:59:42;53  997081817;15.0;Para Celulares Vivo;
2020-04-15 15:34:15;51  34338100;45.0;Para Fixo de Outras Operadoras;
2020-04-15 14:02:42;51  40049009;13.0;Para Fixo de Outras Operadoras;
2020-04-15 14:01:22;51  40049009;11.0;Para Fixo de Outras Operadoras;
2020-04-30 19:46:58;51  992580110;5.0;Para Celulares de Outras Operadoras;
2020-04-30 19:46:17;51  981421463;5.0;Para Celulares de Outras Operadoras;
2020-04-30 11:24:55;51  981421463;6.0;Para Celulares de Outras Operadoras;
2020-04-25 11:28:29;51  992580110;5.0;Para Celulares de Outras Operadoras;
2020-04-25 11:27:47;51  981421463;5.0;Para Celulares de Outras Operadoras;
2020-04-23 16:03:29;51  983143173;10.0;Para Celulares de Outras Operadoras;
2020-04-23 15:40:34;51  993013477;11.0;Para Celulares de Outras Operadoras;
2020-04-20 14:18:06;51  981421463;9.0;Para Celulares de Outras Operadoras;
2020-04-23 16:25:48;51  999256610;12.0;Para Celulares Vivo;
2020-04-23 16:13:20;51  996019894;6.0;Para Celulares Vivo;
2020-04-23 15:43:57;51  998883915;5.0;Para Celulares Vivo;
2020-04-16 16:05:02;51  992592972;11.0;Para Celulares Vivo;
2020-04-16 15:59:52;51  992592972;47.0;Para Celulares Vivo;
2020-04-13 13:23:31;51  989028545;25.0;Para Celulares Vivo;
2020-03-31;"";214.0;INTERNET MOVEL 2;0.00
2020-04-01;"";3775.0;INTERNET MOVEL 2;0.00
2020-04-02;"";51552.2;INTERNET MOVEL 2;0.00
2020-04-03;"";681.0;INTERNET MOVEL 2;0.00
2020-04-04;"";96366.4;INTERNET MOVEL 2;0.00
2020-04-05;"";83012.4;INTERNET MOVEL 2;0.00
2020-04-06;"";37157.4;INTERNET MOVEL 2;0.00
2020-04-07;"";600.0;INTERNET MOVEL 2;0.00
2020-04-08;"";2886.0;INTERNET MOVEL 2;0.00
2020-04-09;"";1892.0;INTERNET MOVEL 2;0.00
2020-04-10;"";6915.8;INTERNET MOVEL 2;0.00
2020-04-11;"";62203.7;INTERNET MOVEL 2;0.00
2020-04-12;"";31588.8;INTERNET MOVEL 2;0.00
2020-04-13;"";931.0;INTERNET MOVEL 2;0.00
2020-04-14;"";2085.0;INTERNET MOVEL 2;0.00
2020-04-15;"";889.0;INTERNET MOVEL 2;0.00
2020-04-16;"";7695.8;INTERNET MOVEL 2;0.00
2020-04-17;"";1257.2;INTERNET MOVEL 2;0.00
2020-04-18;"";935.0;INTERNET MOVEL 2;0.00
2020-04-19;"";926.0;INTERNET MOVEL 2;0.00
2020-04-20;"";1163.0;INTERNET MOVEL 2;0.00
2020-04-21;"";51215.1;INTERNET MOVEL 2;0.00
2020-04-22;"";1005.0;INTERNET MOVEL 2;0.00
2020-04-23;"";105757.7;INTERNET MOVEL 2;0.00
2020-04-24;"";1006.0;INTERNET MOVEL 2;0.00
2020-04-25;"";10760.9;INTERNET MOVEL 2;0.00
2020-04-26;"";710.0;INTERNET MOVEL 2;0.00
