data_hora_inicio;nro_telefone_chamado;duracao_ligacao;desc_categoria;valor_ligacao
2020-04-22 10:32:38;41  30383066;12.0;Para Fixo de Outras Operadoras;
2020-04-22 10:12:43;98  33123152;24.0;Para Fixo de Outras Operadoras;
2020-04-22 08:05:17;41  30383066;14.0;Para Fixo de Outras Operadoras;
2020-04-22 08:01:07;41  30383066;5.0;Para Fixo de Outras Operadoras;
2020-04-22 09:35:12;11  32668685;39.0;Para Fixo Vivo;
2020-04-24 14:32:10;51  32454112;11.0;Para Fixo de Outras Operadoras;
2020-04-22 11:30:36;51  33575123;5.0;Para Fixo de Outras Operadoras;
2020-04-13 15:56:02;51  994153036;27.0;Para Celulares de Outras Operadoras;
2020-04-13 15:47:21;51  994153036;37.0;Para Celulares de Outras Operadoras;
2020-04-09 14:54:42;51  984078580;266.0;Para Celulares de Outras Operadoras;
2020-04-08 14:04:36;51  983105038;76.0;Para Celulares de Outras Operadoras;
2020-04-06 14:20:39;51  981313471;33.0;Para Celulares de Outras Operadoras;
2020-04-06 10:09:58;51  981313471;71.0;Para Celulares de Outras Operadoras;
2020-04-24 15:42:27;51  21313340;7.0;Para Fixo Vivo;
2020-04-24 14:43:08;51  21313315;11.0;Para Fixo Vivo;
2020-04-24 08:53:35;51  21313340;11.0;Para Fixo Vivo;
2020-04-23 16:25:37;51  21313340;33.0;Para Fixo Vivo;
2020-04-23 15:40:18;51  21313340;72.0;Para Fixo Vivo;
2020-04-23 11:25:41;51  21313340;43.0;Para Fixo Vivo;
2020-04-23 09:29:10;51  21313340;6.0;Para Fixo Vivo;
2020-04-22 11:31:07;51  33575723;68.0;Para Fixo Vivo;
2020-04-22 10:38:39;51  21313326;34.0;Para Fixo Vivo;
2020-04-22 09:33:01;51  21313340;17.0;Para Fixo Vivo;
2020-04-22 08:02:01;51  21313340;28.0;Para Fixo Vivo;
2020-04-17 17:01:22;51  21313340;74.0;Para Fixo Vivo;
2020-04-16 16:04:46;51  21313340;15.0;Para Fixo Vivo;
2020-04-16 13:43:10;51  986051621;15.0;Para Fixo Vivo;
2020-04-15 17:01:03;51  21313340;13.0;Para Fixo Vivo;
2020-04-15 15:36:15;51  21313340;8.0;Para Fixo Vivo;
2020-04-15 11:24:29;51  21313340;28.0;Para Fixo Vivo;
2020-04-15 10:21:31;51  21313340;5.0;Para Fixo Vivo;
2020-04-15 08:52:21;51  21313340;23.0;Para Fixo Vivo;
2020-04-13 17:18:41;51  986051621;27.0;Para Fixo Vivo;
2020-04-09 16:23:06;51  21313326;45.0;Para Fixo Vivo;
2020-04-08 16:52:14;51  21313340;25.0;Para Fixo Vivo;
2020-04-08 16:47:16;51  21313340;5.0;Para Fixo Vivo;
2020-04-08 13:56:38;51  21313326;61.0;Para Fixo Vivo;
2020-04-07 11:01:48;51  21313340;10.0;Para Fixo Vivo;
2020-04-17 16:20:50;51  997055972;253.0;Para Celulares Vivo;
2020-04-03 15:24:31;51  992592679;66.0;Para Celulares Vivo;
2020-04-01;"";24729.6;INTERNET MOVEL 2;0.00
2020-04-02;"";6584.3;INTERNET MOVEL 2;0.00
2020-04-03;"";42874.8;INTERNET MOVEL 2;0.00
2020-04-04;"";4741.1;INTERNET MOVEL 2;0.00
2020-04-06;"";93011.3;INTERNET MOVEL 2;0.00
2020-04-07;"";17827.8;INTERNET MOVEL 2;0.00
2020-04-08;"";8652.7;INTERNET MOVEL 2;0.00
2020-04-09;"";8192.0;INTERNET MOVEL 2;0.00
2020-04-13;"";42301.4;INTERNET MOVEL 2;0.00
2020-04-14;"";9369.6;INTERNET MOVEL 2;0.00
2020-04-15;"";10792.9;INTERNET MOVEL 2;0.00
2020-04-16;"";6574.0;INTERNET MOVEL 2;0.00
2020-04-17;"";5423.2;INTERNET MOVEL 2;0.00
2020-04-22;"";24207.3;INTERNET MOVEL 2;0.00
2020-04-23;"";10823.6;INTERNET MOVEL 2;0.00
2020-04-24;"";9584.0;INTERNET MOVEL 2;0.00
2020-04-25;"";48670.7;INTERNET MOVEL 2;0.00
2020-04-26;"";5048.3;INTERNET MOVEL 2;0.00
2020-04-27;"";534.0;INTERNET MOVEL 2;0.00
2020-04-28;"";3604.4;INTERNET MOVEL 2;0.00
2020-04-29;"";3921.9;INTERNET MOVEL 2;0.00
2020-04-30;"";6789.1;INTERNET MOVEL 2;0.00
