data_hora_inicio;nro_telefone_chamado;duracao_ligacao;desc_categoria;valor_ligacao
2020-04-09 10:41:02;11984719726;1.0;GRATIS-SMS;0.00
2020-04-30 09:18:54;94  988060797;5.0;Para Celulares de Outras Operadoras;
2020-04-30 08:43:24;94  988060797;5.0;Para Celulares de Outras Operadoras;
2020-04-29 09:01:01;94  988060797;79.0;Para Celulares de Outras Operadoras;
2020-04-28 12:07:15;94  988060797;20.0;Para Celulares de Outras Operadoras;
2020-04-28 12:05:20;94  988060797;11.0;Para Celulares de Outras Operadoras;
2020-04-28 12:02:01;94  988060797;29.0;Para Celulares de Outras Operadoras;
2020-04-27 09:13:41;94  988060797;101.0;Para Celulares de Outras Operadoras;
2020-04-20 10:47:59;94  988060797;92.0;Para Celulares de Outras Operadoras;
2020-04-15 12:32:10;94  988060797;5.0;Para Celulares de Outras Operadoras;
2020-04-15 09:11:16;94  988060797;5.0;Para Celulares de Outras Operadoras;
2020-04-14 10:31:58;94  988060797;95.0;Para Celulares de Outras Operadoras;
2020-04-14 10:08:02;94  988060797;44.0;Para Celulares de Outras Operadoras;
2020-04-08 16:53:20;94  988060797;20.0;Para Celulares de Outras Operadoras;
2020-04-01 09:40:32;94  988060797;10.0;Para Celulares de Outras Operadoras;
2020-04-28 18:17:15;51  992592873;33.0;Para Celulares Vivo;
2020-04-28 18:07:40;51  992592873;93.0;Para Celulares Vivo;
2020-04-28 13:51:26;94  991703268;8.0;Para Celulares Vivo;
2020-04-27 13:33:15;94  991703268;18.0;Para Celulares Vivo;
2020-04-22 14:51:13;51  995598942;18.0;Para Celulares Vivo;
2020-04-22 09:49:55;51  995598942;71.0;Para Celulares Vivo;
2020-04-22 09:46:41;51  995598942;28.0;Para Celulares Vivo;
2020-04-15 13:01:02;94  992852266;78.0;Para Celulares Vivo;
2020-04-15 09:21:55;11  984719726;18.0;Para Celulares Vivo;
2020-04-08 17:03:41;51  991034807;12.0;Para Celulares Vivo;
2020-04-09 13:24:13;37  999683039;5.0;Para Celulares Vivo;
2020-04-30 09:17:48;*5  55;5.0;"";
2020-04-28 11:38:57;*5  55;5.0;"";
2020-04-15 14:07:18;*5  55;5.0;"";
2020-04-15 10:30:34;*5  55;8.0;"";
2020-04-26 20:38:04;31  35341914;44.0;Para Fixo de Outras Operadoras;
2020-04-28 11:11:41;31  988954288;126.0;Para Celulares de Outras Operadoras;
2020-04-17 14:34:02;31  997618920;5.0;Para Celulares de Outras Operadoras;
2020-04-30 15:39:05;31  984526147;119.0;Para Celulares Vivo;
2020-04-29 16:44:43;31  998019808;84.0;Para Celulares Vivo;
2020-04-29 14:44:16;31  982033512;43.0;Para Celulares Vivo;
2020-04-28 09:27:48;31  971299534;101.0;Para Celulares Vivo;
2020-04-28 09:20:14;31  997649947;71.0;Para Celulares Vivo;
2020-04-27 16:29:44;31  997649947;5.0;Para Celulares Vivo;
2020-04-27 15:18:12;31  997649947;5.0;Para Celulares Vivo;
2020-04-27 11:20:45;31  971299534;72.0;Para Celulares Vivo;
2020-04-24 14:54:21;31  971299534;64.0;Para Celulares Vivo;
2020-04-23 15:50:20;31  982033512;19.0;Para Celulares Vivo;
2020-04-23 09:47:29;31  987759645;5.0;Para Celulares Vivo;
2020-04-23 09:00:22;31  997649947;5.0;Para Celulares Vivo;
2020-04-23 08:45:09;31  997649947;149.0;Para Celulares Vivo;
2020-04-17 12:05:37;31  997649947;117.0;Para Celulares Vivo;
2020-04-17 11:51:56;31  971299534;134.0;Para Celulares Vivo;
2020-04-15 10:21:50;31  971297617;80.0;Para Celulares Vivo;
2020-04-13 17:00:33;31  971554796;19.0;Para Celulares Vivo;
2020-04-08 18:59:08;31  971299534;87.0;Para Celulares Vivo;
2020-04-08 12:52:19;31  982033512;152.0;Para Celulares Vivo;
2020-04-07 18:40:31;31  987759645;11.0;Para Celulares Vivo;
2020-04-06 09:51:47;31  971299534;21.0;Para Celulares Vivo;
