data_hora_inicio;nro_telefone_chamado;duracao_ligacao;desc_categoria;valor_ligacao
2020-04-01 11:15:18;98991652702;1.0;GRATIS-SMS;0.00
2020-04-22 14:34:39;51996820018;1.0;GRATIS-SMS;0.00
2020-04-06 11:57:20;11  987623079;168.0;Para Celulares de Outras Operadoras;
2020-04-30 16:08:25;98  992183423;20.0;Para Celulares Vivo;
2020-04-29 15:42:51;98  992183423;88.0;Para Celulares Vivo;
2020-04-29 08:37:24;98  992183423;455.0;Para Celulares Vivo;
2020-04-16 15:04:31;98  992183423;60.0;Para Celulares Vivo;
2020-04-13 11:52:01;98  991001745;26.0;Para Celulares Vivo;
2020-04-02 16:16:46;98  992183423;127.0;Para Celulares Vivo;
2020-04-08 18:02:00;54  996530409;536.0;Para Celulares Vivo;
2020-04-08 17:56:03;54  996530409;5.0;Para Celulares Vivo;
2020-04-08 16:37:57;54  996530409;320.0;Para Celulares Vivo;
2020-04-23 17:12:34;51  985388235;362.0;Para Celulares de Outras Operadoras;
2020-04-29 11:34:43;51  999862525;124.0;Para Celulares Vivo;
2020-04-27 14:06:11;51  999862525;313.0;Para Celulares Vivo;
2020-04-24 10:28:53;51  996820018;216.0;Para Celulares Vivo;
2020-04-23 18:58:03;51  996692083;32.0;Para Celulares Vivo;
2020-04-23 18:45:01;51  992592845;7.0;Para Celulares Vivo;
2020-04-23 18:11:53;51  996692083;17.0;Para Celulares Vivo;
2020-04-23 09:42:23;51  992592752;8.0;Para Celulares Vivo;
2020-04-22 15:10:27;51  992592752;16.0;Para Celulares Vivo;
2020-04-22 14:05:22;51  999862525;234.0;Para Celulares Vivo;
2020-04-22 12:38:54;51  999862525;16.0;Para Celulares Vivo;
2020-04-16 14:14:59;51  996692083;17.0;Para Celulares Vivo;
2020-04-15 19:07:46;51  999681341;88.0;Para Celulares Vivo;
2020-04-14 11:38:55;51  991034807;74.0;Para Celulares Vivo;
2020-04-13 16:25:01;51  996922316;157.0;Para Celulares Vivo;
2020-04-08 17:13:16;51  999862525;303.0;Para Celulares Vivo;
2020-04-08 14:26:22;51  996922316;125.0;Para Celulares Vivo;
2020-04-07 16:11:43;51  996922316;260.0;Para Celulares Vivo;
2020-04-01;"";8.0;INTERNET MOVEL 2;0.00
2020-04-02;"";31372.4;INTERNET MOVEL 2;0.00
2020-04-04;"";68.0;INTERNET MOVEL 2;0.00
2020-04-05;"";2952.2;INTERNET MOVEL 2;0.00
2020-04-06;"";162.0;INTERNET MOVEL 2;0.00
2020-04-07;"";77493.0;INTERNET MOVEL 2;0.00
2020-04-09;"";1495.0;INTERNET MOVEL 2;0.00
2020-04-12;"";4860.2;INTERNET MOVEL 2;0.00
2020-04-13;"";414.0;INTERNET MOVEL 2;0.00
2020-04-16;"";1231.0;INTERNET MOVEL 2;0.00
2020-04-18;"";2385.1;INTERNET MOVEL 2;0.00
2020-04-19;"";16.0;INTERNET MOVEL 2;0.00
2020-04-20;"";82.0;INTERNET MOVEL 2;0.00
2020-04-21;"";10.0;INTERNET MOVEL 2;0.00
2020-04-22;"";1175.0;INTERNET MOVEL 2;0.00
2020-04-23;"";4658.6;INTERNET MOVEL 2;0.00
2020-04-24;"";153.0;INTERNET MOVEL 2;0.00
2020-04-25;"";3180.1;INTERNET MOVEL 2;0.00
2020-04-26;"";142.0;INTERNET MOVEL 2;0.00
2020-04-27;"";67.0;INTERNET MOVEL 2;0.00
2020-04-28;"";18975.5;INTERNET MOVEL 2;0.00
2020-04-29;"";3681.7;INTERNET MOVEL 2;0.00
2020-04-30;"";73.0;INTERNET MOVEL 2;0.00
