data_hora_inicio;nro_telefone_chamado;duracao_ligacao;desc_categoria;valor_ligacao
2020-03-31 15:53:19;"";1.0;ADICIONAL;0.00
2020-03-31 15:18:27;"";1.0;ADICIONAL;0.00
2020-03-31 14:54:13;"";1.0;ADICIONAL;0.00
2020-03-31 14:20:13;"";1.0;ADICIONAL;0.00
2020-03-31 09:59:53;"";1.0;ADICIONAL;0.00
2020-03-31 09:28:36;"";1.0;ADICIONAL;0.00
2020-03-31 09:09:16;"";1.0;ADICIONAL;0.00
2020-03-31 07:35:28;"";1.0;ADICIONAL;0.00
2020-03-31 07:31:49;"";1.0;ADICIONAL;0.00
2020-03-31 07:31:16;"";1.0;ADICIONAL;0.00
2020-03-30 15:30:38;"";1.0;ADICIONAL;0.00
2020-03-30 15:20:54;"";1.0;ADICIONAL;0.00
2020-03-28 14:02:28;"";1.0;ADICIONAL;0.00
2020-03-28 11:22:12;"";1.0;ADICIONAL;0.00
2020-03-27 14:39:04;"";1.0;ADICIONAL;0.00
2020-03-27 08:42:26;"";1.0;ADICIONAL;0.00
2020-03-27 08:08:30;"";1.0;ADICIONAL;0.00
2020-03-26 18:49:25;"";1.0;ADICIONAL;0.00
2020-03-26 15:18:28;"";1.0;ADICIONAL;0.00
2020-03-26 08:11:30;"";1.0;ADICIONAL;0.00
2020-03-25 14:34:17;"";1.0;ADICIONAL;0.00
2020-03-25 08:54:10;"";1.0;ADICIONAL;0.00
2020-03-25 08:48:12;"";1.0;ADICIONAL;0.00
2020-03-25 08:21:46;"";1.0;ADICIONAL;0.00
2020-03-24 13:49:32;"";1.0;ADICIONAL;0.00
2020-03-24 09:59:54;"";1.0;ADICIONAL;0.00
2020-03-23 14:44:03;"";1.0;ADICIONAL;0.00
2020-03-23 12:06:12;"";1.0;ADICIONAL;0.00
2020-03-23 11:08:28;"";1.0;ADICIONAL;0.00
2020-03-23 10:44:35;"";1.0;ADICIONAL;0.00
2020-03-23 10:02:03;"";1.0;ADICIONAL;0.00
2020-03-23 09:49:29;"";1.0;ADICIONAL;0.00
2020-03-22 19:13:34;"";1.0;ADICIONAL;0.00
2020-03-21 17:54:47;"";1.0;ADICIONAL;0.00
2020-03-21 17:45:07;"";1.0;ADICIONAL;0.00
2020-03-21 09:54:24;"";1.0;ADICIONAL;0.00
2020-03-21 09:43:05;"";1.0;ADICIONAL;0.00
2020-03-21 09:19:18;"";1.0;ADICIONAL;0.00
2020-03-21 08:37:36;"";1.0;ADICIONAL;0.00
2020-03-20 08:31:39;"";1.0;ADICIONAL;0.00
2020-03-19 10:18:42;"";1.0;ADICIONAL;0.00
2020-03-19 09:06:56;"";1.0;ADICIONAL;0.00
2020-03-19 08:41:20;"";1.0;ADICIONAL;0.00
2020-03-18 10:29:03;"";1.0;ADICIONAL;0.00
2020-03-18 09:45:26;"";1.0;ADICIONAL;0.00
2020-03-18 08:53:24;"";1.0;ADICIONAL;0.00
2020-03-18 08:20:16;"";1.0;ADICIONAL;0.00
2020-03-16 15:17:24;"";1.0;ADICIONAL;0.00
2020-03-16 12:15:09;"";1.0;ADICIONAL;0.00
2020-03-14 12:20:58;"";1.0;ADICIONAL;0.00
2020-03-14 12:06:43;"";1.0;ADICIONAL;0.00
2020-03-14 11:58:54;"";1.0;ADICIONAL;0.00
2020-03-14 07:56:51;"";1.0;ADICIONAL;0.00
2020-03-13 16:14:46;"";1.0;ADICIONAL;0.00
2020-03-13 12:21:11;"";1.0;ADICIONAL;0.00
2020-03-13 12:02:07;"";1.0;ADICIONAL;0.00
2020-03-13 12:00:00;"";1.0;ADICIONAL;0.00
2020-03-13 11:54:58;"";1.0;ADICIONAL;0.00
2020-03-27 13:20:57;41  999720041;0.0;Adicional por Ligacoes Realizadas;
2020-03-27 11:17:33;51  995590187;0.0;Adicional por Ligacoes Realizadas;
2020-03-27 09:32:42;98  988635921;0.0;Adicional por Ligacoes Realizadas;
2020-03-27 08:13:05;51  993394636;0.0;Adicional por Ligacoes Realizadas;
2020-03-27 08:03:45;51  994057331;0.0;Adicional por Ligacoes Realizadas;
2020-03-26 10:32:54;98  988635921;0.0;Adicional por Ligacoes Realizadas;
2020-03-26 09:04:57;41  999720041;0.0;Adicional por Ligacoes Realizadas;
2020-03-26 08:23:12;98  988635921;0.0;Adicional por Ligacoes Realizadas;
2020-03-25 16:28:55;51  991202796;0.0;Adicional por Ligacoes Realizadas;
2020-03-25 06:25:18;51  993394636;0.0;Adicional por Ligacoes Realizadas;
2020-03-24 13:56:30;51  995590187;0.0;Adicional por Ligacoes Realizadas;
2020-03-24 13:43:48;51  994057331;0.0;Adicional por Ligacoes Realizadas;
2020-03-24 11:25:59;51  995590187;0.0;Adicional por Ligacoes Realizadas;
2020-03-24 09:40:11;98  981308654;0.0;Adicional por Ligacoes Realizadas;
2020-03-23 20:50:06;51  993542151;0.0;Adicional por Ligacoes Realizadas;
2020-03-23 18:16:38;51  996781699;0.0;Adicional por Ligacoes Realizadas;
2020-03-23 17:27:45;98  981308654;0.0;Adicional por Ligacoes Realizadas;
2020-03-23 10:23:33;51  991259818;0.0;Adicional por Ligacoes Realizadas;
2020-03-21 17:40:26;51  991813564;0.0;Adicional por Ligacoes Realizadas;
2020-03-21 11:21:33;51  993394636;0.0;Adicional por Ligacoes Realizadas;
2020-03-21 10:23:53;51  994057331;0.0;Adicional por Ligacoes Realizadas;
2020-03-21 10:22:45;51  991059183;0.0;Adicional por Ligacoes Realizadas;
2020-03-20 13:21:51;51  993394636;0.0;Adicional por Ligacoes Realizadas;
2020-03-20 08:55:21;51  994057331;0.0;Adicional por Ligacoes Realizadas;
2020-03-20 08:14:48;51  991259818;0.0;Adicional por Ligacoes Realizadas;
2020-03-19 11:19:13;51  986111794;0.0;Adicional por Ligacoes Realizadas;
2020-03-19 11:04:31;98  991669641;0.0;Adicional por Ligacoes Realizadas;
2020-03-19 10:35:23;98  988635921;0.0;Adicional por Ligacoes Realizadas;
2020-03-19 07:42:29;16  996003857;0.0;Adicional por Ligacoes Realizadas;
2020-03-18 11:49:52;51  21313333;0.0;Adicional por Ligacoes Realizadas;
2020-03-18 09:02:27;51  21313333;0.0;Adicional por Ligacoes Realizadas;
2020-03-18 09:02:04;51  21313333;0.0;Adicional por Ligacoes Realizadas;
2020-03-17 11:58:56;51  993394636;0.0;Adicional por Ligacoes Realizadas;
2020-03-17 10:47:15;98  988635921;0.0;Adicional por Ligacoes Realizadas;
2020-03-17 09:45:09;51  994057331;0.0;Adicional por Ligacoes Realizadas;
2020-03-17 09:16:29;51  993394636;0.0;Adicional por Ligacoes Realizadas;
2020-03-14 12:18:10;51  991813564;0.0;Adicional por Ligacoes Realizadas;
2020-03-14 08:44:00;41  999720041;0.0;Adicional por Ligacoes Realizadas;
2020-03-14 08:09:43;51  995590187;0.0;Adicional por Ligacoes Realizadas;
2020-03-13 16:15:51;41  999720041;0.0;Adicional por Ligacoes Realizadas;
2020-03-13 12:17:36;51  992592714;0.0;Adicional por Ligacoes Realizadas;
2020-03-13 12:03:02;41  999720041;0.0;Adicional por Ligacoes Realizadas;
2020-03-13 08:54:30;51  991059183;0.0;Adicional por Ligacoes Realizadas;
2020-03-13 07:51:45;41  999720041;0.0;Adicional por Ligacoes Realizadas;
2020-03-13 07:10:52;41  999720041;0.0;Adicional por Ligacoes Realizadas;
2020-03-12 11:25:13;13  997307679;0.0;Adicional por Ligacoes Realizadas;
2020-03-12 10:35:10;51  21313333;0.0;Adicional por Ligacoes Realizadas;
2020-03-12 10:26:41;51  991317721;0.0;Adicional por Ligacoes Realizadas;
2020-03-12 10:23:42;98  988635921;0.0;Adicional por Ligacoes Realizadas;
2020-03-11 20:14:37;*5  55;0.0;Adicional por Ligacoes Realizadas;
2020-03-11 20:13:48;*5  55;0.0;Adicional por Ligacoes Realizadas;
2020-03-11 14:04:58;41  999720041;0.0;Adicional por Ligacoes Realizadas;
2020-03-11 13:43:28;51  992592714;0.0;Adicional por Ligacoes Realizadas;
2020-03-11 13:42:52;41  999720041;0.0;Adicional por Ligacoes Realizadas;
2020-03-11 09:49:51;51  21313333;0.0;Adicional por Ligacoes Realizadas;
2020-03-11 09:47:35;51  996781699;0.0;Adicional por Ligacoes Realizadas;
2020-03-11 09:24:29;51  993394636;0.0;Adicional por Ligacoes Realizadas;
2020-03-11 09:11:14;51  991259818;0.0;Adicional por Ligacoes Realizadas;
2020-03-10 10:19:03;51  996781699;0.0;Adicional por Ligacoes Realizadas;
2020-03-10 10:16:34;51  993394636;0.0;Adicional por Ligacoes Realizadas;
2020-03-10 09:49:32;51  996781699;0.0;Adicional por Ligacoes Realizadas;
2020-03-10 09:31:53;51  21313333;0.0;Adicional por Ligacoes Realizadas;
2020-03-10 09:29:23;51  21313333;0.0;Adicional por Ligacoes Realizadas;
2020-03-10 08:31:20;51  996781699;0.0;Adicional por Ligacoes Realizadas;
2020-03-10 07:28:17;51  993542151;0.0;Adicional por Ligacoes Realizadas;
2020-03-09 17:40:39;51  993394636;0.0;Adicional por Ligacoes Realizadas;
2020-03-09 16:25:36;51  996781699;0.0;Adicional por Ligacoes Realizadas;
2020-03-09 16:19:53;51  993394636;0.0;Adicional por Ligacoes Realizadas;
2020-03-09 15:08:54;41  999720041;0.0;Adicional por Ligacoes Realizadas;
2020-03-09 09:17:07;51  995590187;0.0;Adicional por Ligacoes Realizadas;
2020-03-07 19:14:33;16  996003857;0.0;Adicional por Ligacoes Realizadas;
2020-03-07 15:57:41;51  993394636;0.0;Adicional por Ligacoes Realizadas;
2020-03-07 14:25:09;51  993394636;0.0;Adicional por Ligacoes Realizadas;
2020-03-07 11:30:10;51  991059183;0.0;Adicional por Ligacoes Realizadas;
2020-03-07 06:35:24;51  991059183;0.0;Adicional por Ligacoes Realizadas;
2020-03-06 18:47:28;51  993394636;0.0;Adicional por Ligacoes Realizadas;
2020-03-06 14:41:29;51  994054961;0.0;Adicional por Ligacoes Realizadas;
2020-03-06 11:39:33;51  991202796;0.0;Adicional por Ligacoes Realizadas;
2020-03-06 06:28:03;51  991059183;0.0;Adicional por Ligacoes Realizadas;
2020-03-05 18:03:00;51  993394636;0.0;Adicional por Ligacoes Realizadas;
2020-03-04 16:54:18;51  21313333;0.0;Adicional por Ligacoes Realizadas;
2020-03-04 07:09:16;51  993394636;0.0;Adicional por Ligacoes Realizadas;
2020-03-04 06:49:49;51  991259818;0.0;Adicional por Ligacoes Realizadas;
2020-03-04 06:44:14;51  991259818;0.0;Adicional por Ligacoes Realizadas;
2020-03-03 15:51:27;51  21313333;0.0;Adicional por Ligacoes Realizadas;
2020-03-02 12:05:32;16  996003857;0.0;Adicional por Ligacoes Realizadas;
2020-03-18 11:49:52;51  21313333;56.0;Para Fixo Vivo;
2020-03-18 09:02:27;51  21313333;15.0;Para Fixo Vivo;
2020-03-18 09:02:04;51  21313333;5.0;Para Fixo Vivo;
2020-03-12 10:35:10;51  21313333;16.0;Para Fixo Vivo;
2020-03-11 09:49:51;51  21313333;15.0;Para Fixo Vivo;
2020-03-10 09:31:53;51  21313333;5.0;Para Fixo Vivo;
2020-03-10 09:29:23;51  21313333;23.0;Para Fixo Vivo;
2020-03-04 16:54:18;51  21313333;36.0;Para Fixo Vivo;
2020-03-03 15:51:27;51  21313333;23.0;Para Fixo Vivo;
2020-03-31 15:53:19;    ;8.0;Chamadas de Longa Distancia para Outros Estados;
2020-03-31 15:18:27;    ;5.0;Chamadas de Longa Distancia para Outros Estados;
2020-03-31 14:54:13;    ;5.0;Chamadas de Longa Distancia para Outros Estados;
2020-03-31 14:20:13;    ;11.0;Chamadas de Longa Distancia para Outros Estados;
2020-03-31 09:59:53;    ;10.0;Chamadas de Longa Distancia para Outros Estados;
2020-03-31 09:28:36;    ;5.0;Chamadas de Longa Distancia para Outros Estados;
2020-03-31 09:09:16;    ;5.0;Chamadas de Longa Distancia para Outros Estados;
2020-03-31 07:35:28;    ;8.0;Chamadas de Longa Distancia para Outros Estados;
2020-03-31 07:31:49;    ;5.0;Chamadas de Longa Distancia para Outros Estados;
2020-03-31 07:31:16;    ;5.0;Chamadas de Longa Distancia para Outros Estados;
2020-03-30 15:30:38;    ;64.0;Chamadas de Longa Distancia para Outros Estados;
2020-03-30 15:20:54;    ;15.0;Chamadas de Longa Distancia para Outros Estados;
2020-03-28 14:02:28;    ;14.0;Chamadas de Longa Distancia para Outros Estados;
2020-03-28 11:22:12;    ;5.0;Chamadas de Longa Distancia para Outros Estados;
2020-03-27 14:39:04;    ;79.0;Chamadas de Longa Distancia para Outros Estados;
2020-03-27 08:42:26;    ;58.0;Chamadas de Longa Distancia para Outros Estados;
2020-03-27 08:08:30;    ;11.0;Chamadas de Longa Distancia para Outros Estados;
2020-03-26 18:49:25;    ;5.0;Chamadas de Longa Distancia para Outros Estados;
2020-03-26 15:18:28;    ;28.0;Chamadas de Longa Distancia para Outros Estados;
2020-03-26 08:11:30;    ;50.0;Chamadas de Longa Distancia para Outros Estados;
2020-03-25 14:34:17;    ;5.0;Chamadas de Longa Distancia para Outros Estados;
2020-03-25 08:54:10;    ;5.0;Chamadas de Longa Distancia para Outros Estados;
2020-03-25 08:48:12;    ;14.0;Chamadas de Longa Distancia para Outros Estados;
2020-03-25 08:21:46;    ;79.0;Chamadas de Longa Distancia para Outros Estados;
2020-03-24 13:49:32;    ;27.0;Chamadas de Longa Distancia para Outros Estados;
2020-03-24 09:59:54;    ;5.0;Chamadas de Longa Distancia para Outros Estados;
2020-03-23 14:44:03;    ;19.0;Chamadas de Longa Distancia para Outros Estados;
2020-03-23 12:06:12;    ;5.0;Chamadas de Longa Distancia para Outros Estados;
2020-03-23 11:08:28;    ;7.0;Chamadas de Longa Distancia para Outros Estados;
2020-03-23 10:44:35;    ;9.0;Chamadas de Longa Distancia para Outros Estados;
2020-03-23 10:02:03;    ;7.0;Chamadas de Longa Distancia para Outros Estados;
2020-03-23 09:49:29;    ;10.0;Chamadas de Longa Distancia para Outros Estados;
2020-03-22 19:13:34;    ;26.0;Chamadas de Longa Distancia para Outros Estados;
2020-03-21 17:54:47;    ;7.0;Chamadas de Longa Distancia para Outros Estados;
2020-03-21 17:45:07;    ;5.0;Chamadas de Longa Distancia para Outros Estados;
2020-03-21 09:54:24;    ;5.0;Chamadas de Longa Distancia para Outros Estados;
2020-03-21 09:43:05;    ;11.0;Chamadas de Longa Distancia para Outros Estados;
2020-03-21 09:19:18;    ;7.0;Chamadas de Longa Distancia para Outros Estados;
2020-03-21 08:37:36;    ;17.0;Chamadas de Longa Distancia para Outros Estados;
2020-03-20 08:31:39;    ;13.0;Chamadas de Longa Distancia para Outros Estados;
2020-03-19 10:18:42;    ;98.0;Chamadas de Longa Distancia para Outros Estados;
2020-03-19 09:06:56;    ;6.0;Chamadas de Longa Distancia para Outros Estados;
2020-03-19 08:41:20;    ;6.0;Chamadas de Longa Distancia para Outros Estados;
2020-03-18 10:29:03;    ;5.0;Chamadas de Longa Distancia para Outros Estados;
2020-03-18 09:45:26;    ;8.0;Chamadas de Longa Distancia para Outros Estados;
2020-03-18 08:53:24;    ;7.0;Chamadas de Longa Distancia para Outros Estados;
2020-03-18 08:20:16;    ;5.0;Chamadas de Longa Distancia para Outros Estados;
2020-03-16 15:17:24;    ;15.0;Chamadas de Longa Distancia para Outros Estados;
2020-03-16 12:15:09;    ;78.0;Chamadas de Longa Distancia para Outros Estados;
2020-03-14 12:20:58;    ;6.0;Chamadas de Longa Distancia para Outros Estados;
2020-03-14 12:06:43;    ;8.0;Chamadas de Longa Distancia para Outros Estados;
2020-03-14 11:58:54;    ;7.0;Chamadas de Longa Distancia para Outros Estados;
2020-03-14 07:56:51;    ;5.0;Chamadas de Longa Distancia para Outros Estados;
2020-03-13 16:14:46;    ;5.0;Chamadas de Longa Distancia para Outros Estados;
2020-03-13 12:21:11;    ;5.0;Chamadas de Longa Distancia para Outros Estados;
2020-03-13 12:02:07;    ;5.0;Chamadas de Longa Distancia para Outros Estados;
2020-03-13 12:00:00;    ;5.0;Chamadas de Longa Distancia para Outros Estados;
2020-03-13 11:54:58;    ;5.0;Chamadas de Longa Distancia para Outros Estados;
2020-03-13 11:49:37;    ;7.0;Chamadas de Longa Distancia para Outros Estados;
2020-03-13 08:55:09;    ;6.0;Chamadas de Longa Distancia para Outros Estados;
2020-03-13 08:46:41;    ;9.0;Chamadas de Longa Distancia para Outros Estados;
2020-03-12 16:19:43;    ;5.0;Chamadas de Longa Distancia para Outros Estados;
2020-03-12 11:55:37;    ;25.0;Chamadas de Longa Distancia para Outros Estados;
2020-03-12 08:26:59;    ;10.0;Chamadas de Longa Distancia para Outros Estados;
2020-03-11 15:04:05;    ;5.0;Chamadas de Longa Distancia para Outros Estados;
2020-03-11 12:09:52;    ;5.0;Chamadas de Longa Distancia para Outros Estados;
2020-03-11 10:50:22;    ;5.0;Chamadas de Longa Distancia para Outros Estados;
2020-03-11 10:03:41;    ;107.0;Chamadas de Longa Distancia para Outros Estados;
2020-03-11 09:45:01;    ;5.0;Chamadas de Longa Distancia para Outros Estados;
2020-03-11 09:39:41;    ;15.0;Chamadas de Longa Distancia para Outros Estados;
2020-03-10 11:45:44;    ;22.0;Chamadas de Longa Distancia para Outros Estados;
2020-03-10 08:37:43;    ;10.0;Chamadas de Longa Distancia para Outros Estados;
2020-03-10 08:33:16;    ;29.0;Chamadas de Longa Distancia para Outros Estados;
2020-03-10 08:31:43;    ;13.0;Chamadas de Longa Distancia para Outros Estados;
2020-03-10 08:24:19;    ;10.0;Chamadas de Longa Distancia para Outros Estados;
2020-03-10 07:55:40;    ;13.0;Chamadas de Longa Distancia para Outros Estados;
2020-03-13 11:49:37;"";1.0;ADICIONAL;0.00
2020-03-13 08:55:09;"";1.0;ADICIONAL;0.00
2020-03-13 08:46:41;"";1.0;ADICIONAL;0.00
2020-03-12 16:19:43;"";1.0;ADICIONAL;0.00
2020-03-12 11:55:37;"";1.0;ADICIONAL;0.00
2020-03-12 08:26:59;"";1.0;ADICIONAL;0.00
2020-03-11 15:04:05;"";1.0;ADICIONAL;0.00
2020-03-11 12:09:52;"";1.0;ADICIONAL;0.00
2020-03-11 10:50:22;"";1.0;ADICIONAL;0.00
2020-03-11 10:03:41;"";1.0;ADICIONAL;0.00
2020-03-11 09:45:01;"";1.0;ADICIONAL;0.00
2020-03-11 09:39:41;"";1.0;ADICIONAL;0.00
2020-03-10 11:45:44;"";1.0;ADICIONAL;0.00
2020-03-10 08:37:43;"";1.0;ADICIONAL;0.00
2020-03-10 08:33:16;"";1.0;ADICIONAL;0.00
2020-03-10 08:31:43;"";1.0;ADICIONAL;0.00
2020-03-10 08:24:19;"";1.0;ADICIONAL;0.00
2020-03-10 07:55:40;"";1.0;ADICIONAL;0.00
2020-03-09 11:01:13;"";1.0;ADICIONAL;0.00
2020-03-07 06:34:31;"";1.0;ADICIONAL;0.00
2020-03-06 10:29:14;"";1.0;ADICIONAL;0.00
2020-03-06 06:25:40;"";1.0;ADICIONAL;0.00
2020-03-05 17:42:00;"";1.0;ADICIONAL;0.00
2020-03-05 16:49:56;"";1.0;ADICIONAL;0.00
2020-03-05 09:48:31;"";1.0;ADICIONAL;0.00
2020-03-05 09:46:58;"";1.0;ADICIONAL;0.00
2020-03-04 17:00:18;5121313333;1.0;ADICIONAL;0.00
2020-03-04 15:25:45;"";1.0;ADICIONAL;0.00
2020-03-04 15:24:51;"";1.0;ADICIONAL;0.00
2020-03-04 11:08:05;"";1.0;ADICIONAL;0.00
2020-03-03 15:09:17;"";1.0;ADICIONAL;0.00
2020-03-03 09:59:52;"";1.0;ADICIONAL;0.00
2020-03-03 09:52:18;"";1.0;ADICIONAL;0.00
2020-03-02 18:08:17;"";1.0;ADICIONAL;0.00
2020-03-02 14:58:55;"";1.0;ADICIONAL;0.00
2020-03-30 07:40:58;51  993542151;28.0;Para Celulares de Outras Operadoras;
2020-03-27 09:32:42;98  988635921;25.0;Para Celulares de Outras Operadoras;
2020-03-26 10:32:54;98  988635921;38.0;Para Celulares de Outras Operadoras;
2020-03-26 08:23:12;98  988635921;59.0;Para Celulares de Outras Operadoras;
2020-03-24 09:40:11;98  981308654;106.0;Para Celulares de Outras Operadoras;
2020-03-23 20:50:06;51  993542151;60.0;Para Celulares de Outras Operadoras;
2020-03-23 17:27:45;98  981308654;7.0;Para Celulares de Outras Operadoras;
2020-03-19 11:19:13;51  986111794;6.0;Para Celulares de Outras Operadoras;
2020-03-19 10:35:23;98  988635921;137.0;Para Celulares de Outras Operadoras;
2020-03-17 10:47:15;98  988635921;96.0;Para Celulares de Outras Operadoras;
2020-03-12 10:23:42;98  988635921;20.0;Para Celulares de Outras Operadoras;
2020-03-10 07:28:17;51  993542151;26.0;Para Celulares de Outras Operadoras;
2020-03-31 09:38:28;51  993394636;5.0;Para Celulares Vivo;
2020-03-31 09:11:55;51  994057331;10.0;Para Celulares Vivo;
2020-03-31 07:58:07;51  995590187;5.0;Para Celulares Vivo;
2020-03-31 07:30:16;51  991259818;10.0;Para Celulares Vivo;
2020-03-30 18:35:11;51  995590187;13.0;Para Celulares Vivo;
2020-03-30 18:28:23;51  995590187;21.0;Para Celulares Vivo;
2020-03-28 13:56:14;51  996781699;6.0;Para Celulares Vivo;
2020-03-28 13:36:51;51  992592714;35.0;Para Celulares Vivo;
2020-03-28 11:28:39;51  995590187;6.0;Para Celulares Vivo;
2020-03-28 08:30:28;51  991813564;5.0;Para Celulares Vivo;
2020-03-28 08:20:08;51  993394636;5.0;Para Celulares Vivo;
2020-03-28 08:11:08;51  996781699;5.0;Para Celulares Vivo;
2020-03-27 17:04:10;51  996781699;5.0;Para Celulares Vivo;
2020-03-27 11:17:33;51  995590187;5.0;Para Celulares Vivo;
2020-03-27 08:13:05;51  993394636;5.0;Para Celulares Vivo;
2020-03-27 08:03:45;51  994057331;5.0;Para Celulares Vivo;
2020-03-25 16:28:55;51  991202796;58.0;Para Celulares Vivo;
2020-03-25 06:25:18;51  993394636;5.0;Para Celulares Vivo;
2020-03-24 13:56:30;51  995590187;5.0;Para Celulares Vivo;
2020-03-24 13:43:48;51  994057331;5.0;Para Celulares Vivo;
2020-03-24 11:25:59;51  995590187;5.0;Para Celulares Vivo;
2020-03-23 18:16:38;51  996781699;5.0;Para Celulares Vivo;
2020-03-23 10:23:33;51  991259818;10.0;Para Celulares Vivo;
2020-03-21 17:40:26;51  991813564;7.0;Para Celulares Vivo;
2020-03-21 11:21:33;51  993394636;8.0;Para Celulares Vivo;
2020-03-21 10:23:53;51  994057331;5.0;Para Celulares Vivo;
2020-03-21 10:22:45;51  991059183;5.0;Para Celulares Vivo;
2020-03-20 13:21:51;51  993394636;5.0;Para Celulares Vivo;
2020-03-20 08:55:21;51  994057331;5.0;Para Celulares Vivo;
2020-03-20 08:14:48;51  991259818;5.0;Para Celulares Vivo;
2020-03-19 11:04:31;98  991669641;67.0;Para Celulares Vivo;
2020-03-19 07:42:29;16  996003857;51.0;Para Celulares Vivo;
2020-03-17 11:58:56;51  993394636;31.0;Para Celulares Vivo;
2020-03-17 09:45:09;51  994057331;8.0;Para Celulares Vivo;
2020-03-17 09:16:29;51  993394636;13.0;Para Celulares Vivo;
2020-03-14 12:18:10;51  991813564;5.0;Para Celulares Vivo;
2020-03-14 08:09:43;51  995590187;5.0;Para Celulares Vivo;
2020-03-13 12:17:36;51  992592714;25.0;Para Celulares Vivo;
2020-03-13 08:54:30;51  991059183;5.0;Para Celulares Vivo;
2020-03-12 11:25:13;13  997307679;5.0;Para Celulares Vivo;
2020-03-12 10:26:41;51  991317721;44.0;Para Celulares Vivo;
2020-03-11 13:43:28;51  992592714;89.0;Para Celulares Vivo;
2020-03-11 09:47:35;51  996781699;11.0;Para Celulares Vivo;
2020-03-11 09:24:29;51  993394636;5.0;Para Celulares Vivo;
2020-03-11 09:11:14;51  991259818;9.0;Para Celulares Vivo;
2020-03-10 10:19:03;51  996781699;17.0;Para Celulares Vivo;
2020-03-10 10:16:34;51  993394636;8.0;Para Celulares Vivo;
2020-03-10 09:49:32;51  996781699;5.0;Para Celulares Vivo;
2020-03-10 08:31:20;51  996781699;5.0;Para Celulares Vivo;
2020-03-09 17:40:39;51  993394636;5.0;Para Celulares Vivo;
2020-03-09 16:25:36;51  996781699;8.0;Para Celulares Vivo;
2020-03-09 16:19:53;51  993394636;9.0;Para Celulares Vivo;
2020-03-09 09:17:07;51  995590187;5.0;Para Celulares Vivo;
2020-03-07 19:14:33;16  996003857;21.0;Para Celulares Vivo;
2020-03-07 15:57:41;51  993394636;8.0;Para Celulares Vivo;
2020-03-07 14:25:09;51  993394636;13.0;Para Celulares Vivo;
2020-03-07 11:30:10;51  991059183;5.0;Para Celulares Vivo;
2020-03-07 06:35:24;51  991059183;5.0;Para Celulares Vivo;
2020-03-06 18:47:28;51  993394636;5.0;Para Celulares Vivo;
2020-03-06 14:41:29;51  994054961;11.0;Para Celulares Vivo;
2020-03-06 11:39:33;51  991202796;58.0;Para Celulares Vivo;
2020-03-06 06:28:03;51  991059183;5.0;Para Celulares Vivo;
2020-03-05 18:03:00;51  993394636;5.0;Para Celulares Vivo;
2020-03-04 07:09:16;51  993394636;5.0;Para Celulares Vivo;
2020-03-04 06:49:49;51  991259818;5.0;Para Celulares Vivo;
2020-03-04 06:44:14;51  991259818;6.0;Para Celulares Vivo;
2020-03-02 12:05:32;16  996003857;16.0;Para Celulares Vivo;
2020-03-31 09:38:28;51  993394636;0.0;Adicional por Ligacoes Realizadas;
2020-03-31 09:11:55;51  994057331;0.0;Adicional por Ligacoes Realizadas;
2020-03-31 07:58:07;51  995590187;0.0;Adicional por Ligacoes Realizadas;
2020-03-31 07:30:16;51  991259818;0.0;Adicional por Ligacoes Realizadas;
2020-03-30 18:35:11;51  995590187;0.0;Adicional por Ligacoes Realizadas;
2020-03-30 18:28:23;51  995590187;0.0;Adicional por Ligacoes Realizadas;
2020-03-30 07:40:58;51  993542151;0.0;Adicional por Ligacoes Realizadas;
2020-03-28 13:56:14;51  996781699;0.0;Adicional por Ligacoes Realizadas;
2020-03-28 13:36:51;51  992592714;0.0;Adicional por Ligacoes Realizadas;
2020-03-28 11:28:39;51  995590187;0.0;Adicional por Ligacoes Realizadas;
2020-03-28 08:30:28;51  991813564;0.0;Adicional por Ligacoes Realizadas;
2020-03-28 08:20:08;51  993394636;0.0;Adicional por Ligacoes Realizadas;
2020-03-28 08:11:08;51  996781699;0.0;Adicional por Ligacoes Realizadas;
2020-03-27 17:04:10;51  996781699;0.0;Adicional por Ligacoes Realizadas;
2020-03-27 15:45:37;41  999720041;0.0;Adicional por Ligacoes Realizadas;
2020-03-27 13:38:05;41  999720041;0.0;Adicional por Ligacoes Realizadas;
2020-03-09 11:01:13;    ;5.0;Chamadas de Longa Distancia para Outros Estados;
2020-03-07 06:34:31;    ;5.0;Chamadas de Longa Distancia para Outros Estados;
2020-03-06 10:29:14;    ;19.0;Chamadas de Longa Distancia para Outros Estados;
2020-03-06 06:25:40;    ;5.0;Chamadas de Longa Distancia para Outros Estados;
2020-03-05 17:42:00;    ;9.0;Chamadas de Longa Distancia para Outros Estados;
2020-03-05 16:49:56;    ;14.0;Chamadas de Longa Distancia para Outros Estados;
2020-03-05 09:48:31;    ;10.0;Chamadas de Longa Distancia para Outros Estados;
2020-03-05 09:46:58;    ;11.0;Chamadas de Longa Distancia para Outros Estados;
2020-03-04 17:00:18;51  21313333;9.0;Chamadas de Longa Distancia para Outros Estados;
2020-03-04 15:25:45;    ;58.0;Chamadas de Longa Distancia para Outros Estados;
2020-03-04 15:24:51;    ;12.0;Chamadas de Longa Distancia para Outros Estados;
2020-03-04 11:08:05;    ;5.0;Chamadas de Longa Distancia para Outros Estados;
2020-03-03 15:09:17;    ;30.0;Chamadas de Longa Distancia para Outros Estados;
2020-03-03 09:59:52;    ;5.0;Chamadas de Longa Distancia para Outros Estados;
2020-03-03 09:52:18;    ;10.0;Chamadas de Longa Distancia para Outros Estados;
2020-03-02 18:08:17;    ;5.0;Chamadas de Longa Distancia para Outros Estados;
2020-03-02 14:58:55;    ;22.0;Chamadas de Longa Distancia para Outros Estados;
2020-03-11 20:14:37;*5  55;7.0;"";
2020-03-11 20:13:48;*5  55;5.0;"";
2020-03-27 15:45:37;41  999720041;5.0;Para Celulares de Outras Operadoras;
2020-03-27 13:38:05;41  999720041;5.0;Para Celulares de Outras Operadoras;
2020-03-27 13:20:57;41  999720041;5.0;Para Celulares de Outras Operadoras;
2020-03-26 09:04:57;41  999720041;5.0;Para Celulares de Outras Operadoras;
2020-03-14 08:44:00;41  999720041;6.0;Para Celulares de Outras Operadoras;
2020-03-13 16:15:51;41  999720041;5.0;Para Celulares de Outras Operadoras;
2020-03-13 12:03:02;41  999720041;5.0;Para Celulares de Outras Operadoras;
2020-03-13 07:51:45;41  999720041;5.0;Para Celulares de Outras Operadoras;
2020-03-13 07:10:52;41  999720041;5.0;Para Celulares de Outras Operadoras;
2020-03-11 14:04:58;41  999720041;5.0;Para Celulares de Outras Operadoras;
2020-03-11 13:42:52;41  999720041;5.0;Para Celulares de Outras Operadoras;
2020-03-09 15:08:54;41  999720041;5.0;Para Celulares de Outras Operadoras;
2020-03-13;"";21441.3;INTERNET MOVEL 2;0.00
2020-03-14;"";51965.1;INTERNET MOVEL 2;0.00
2020-03-15;"";61757.4;INTERNET MOVEL 2;0.00
2020-03-16;"";26429.7;INTERNET MOVEL 2;0.00
2020-03-17;"";21864.1;INTERNET MOVEL 2;0.00
2020-03-18;"";19892.8;INTERNET MOVEL 2;0.00
2020-03-19;"";47448.7;INTERNET MOVEL 2;0.00
2020-03-20;"";31545.7;INTERNET MOVEL 2;0.00
2020-03-21;"";29431.3;INTERNET MOVEL 2;0.00
2020-03-22;"";6809.9;INTERNET MOVEL 2;0.00
2020-03-23;"";63148.4;INTERNET MOVEL 2;0.00
2020-03-24;"";43353.1;INTERNET MOVEL 2;0.00
2020-03-25;"";34073.8;INTERNET MOVEL 2;0.00
2020-03-26;"";22306.1;INTERNET MOVEL 2;0.00
2020-03-27;"";33595.3;INTERNET MOVEL 2;0.00
2020-03-28;"";83846.0;INTERNET MOVEL 2;0.00
2020-03-29;"";9627.3;INTERNET MOVEL 2;0.00
2020-03-30;"";34154.5;INTERNET MOVEL 2;0.00
2020-03-31;"";18966.2;INTERNET MOVEL 2;0.00
