data_hora_inicio;nro_telefone_chamado;duracao_ligacao;desc_categoria;valor_ligacao
2020-03-31;"";51.0;INTERNET MOVEL 2;0.00
2020-04-01;"";199.0;INTERNET MOVEL 2;0.00
2020-04-02;"";180.0;INTERNET MOVEL 2;0.00
2020-04-03;"";532.0;INTERNET MOVEL 2;0.00
2020-04-04;"";281.0;INTERNET MOVEL 2;0.00
2020-04-05;"";72.0;INTERNET MOVEL 2;0.00
2020-04-06;"";189.0;INTERNET MOVEL 2;0.00
2020-04-07;"";26012.7;INTERNET MOVEL 2;0.00
2020-04-08;"";14811.1;INTERNET MOVEL 2;0.00
2020-04-09;"";7131.8;INTERNET MOVEL 2;0.00
2020-04-10;"";9227.8;INTERNET MOVEL 2;0.00
2020-04-11;"";2048.0;INTERNET MOVEL 2;0.00
2020-04-12;"";197.0;INTERNET MOVEL 2;0.00
2020-04-13;"";216.0;INTERNET MOVEL 2;0.00
2020-04-14;"";6315.5;INTERNET MOVEL 2;0.00
2020-04-15;"";2918.0;INTERNET MOVEL 2;0.00
2020-04-16;"";12239.5;INTERNET MOVEL 2;0.00
2020-04-17;"";19772.8;INTERNET MOVEL 2;0.00
2020-04-18;"";482.0;INTERNET MOVEL 2;0.00
2020-04-19;"";296.0;INTERNET MOVEL 2;0.00
2020-04-20;"";64.0;INTERNET MOVEL 2;0.00
2020-04-21;"";115.0;INTERNET MOVEL 2;0.00
2020-04-22;"";1292.0;INTERNET MOVEL 2;0.00
2020-04-23;"";192.0;INTERNET MOVEL 2;0.00
2020-04-24;"";386.0;INTERNET MOVEL 2;0.00
2020-04-25;"";162.0;INTERNET MOVEL 2;0.00
2020-04-26;"";2487.6;INTERNET MOVEL 2;0.00
2020-04-27;"";258.0;INTERNET MOVEL 2;0.00
2020-04-28;"";302.0;INTERNET MOVEL 2;0.00
2020-04-29;"";492.0;INTERNET MOVEL 2;0.00
2020-04-30;"";341.0;INTERNET MOVEL 2;0.00
