data_hora_inicio;nro_telefone_chamado;duracao_ligacao;desc_categoria;valor_ligacao
2020-04-28 10:54:37;51  997842173;34.0;Para Celulares Vivo;
2020-04-27 18:01:48;51  997842173;17.0;Para Celulares Vivo;
2020-04-26 13:58:43;51  992592729;33.0;Para Celulares Vivo;
2020-04-26 08:27:24;51  997842173;7.0;Para Celulares Vivo;
2020-04-25 12:14:06;51  991924824;5.0;Para Celulares Vivo;
2020-04-25 12:01:44;51  996421125;105.0;Para Celulares Vivo;
2020-04-23 12:24:09;51  997842173;9.0;Para Celulares Vivo;
2020-04-20 11:49:34;51  997842173;24.0;Para Celulares Vivo;
2020-04-19 18:39:43;51  992592729;27.0;Para Celulares Vivo;
2020-04-18 15:06:52;51  995373731;35.0;Para Celulares Vivo;
2020-04-18 12:02:44;51  992592729;5.0;Para Celulares Vivo;
2020-04-18 09:22:38;51  992592729;20.0;Para Celulares Vivo;
2020-04-17 18:13:14;51  992592729;21.0;Para Celulares Vivo;
2020-04-17 18:11:20;51  997842173;15.0;Para Celulares Vivo;
2020-04-17 08:09:18;51  992592729;15.0;Para Celulares Vivo;
2020-04-16 17:22:00;51  995373731;48.0;Para Celulares Vivo;
2020-04-15 11:51:56;51  997842173;23.0;Para Celulares Vivo;
2020-04-14 10:09:59;51  996421125;43.0;Para Celulares Vivo;
2020-04-14 09:33:12;51  997842173;26.0;Para Celulares Vivo;
2020-04-13 13:30:26;51  992592729;12.0;Para Celulares Vivo;
2020-04-11 14:51:30;51  997842173;16.0;Para Celulares Vivo;
2020-04-11 11:45:17;51  996421125;11.0;Para Celulares Vivo;
2020-04-09 12:07:16;51  992592729;27.0;Para Celulares Vivo;
2020-04-09 12:01:05;51  995373731;45.0;Para Celulares Vivo;
2020-04-09 12:00:12;51  995373731;5.0;Para Celulares Vivo;
2020-04-07 14:13:45;51  992592729;28.0;Para Celulares Vivo;
2020-04-07 11:50:09;51  997842173;56.0;Para Celulares Vivo;
2020-04-06 23:08:59;51  997842173;14.0;Para Celulares Vivo;
2020-04-02 19:18:57;51  992592729;23.0;Para Celulares Vivo;
2020-04-02 13:40:49;51  997842173;12.0;Para Celulares Vivo;
2020-04-02 08:39:16;51  997842173;7.0;Para Celulares Vivo;
2020-04-02 08:36:08;51  997842173;8.0;Para Celulares Vivo;
