data_hora_inicio;nro_telefone_chamado;duracao_ligacao;desc_categoria;valor_ligacao
2020-04-01 12:25:29;"";1.0;ADICIONAL;0.00
2020-04-01 08:47:31;"";1.0;ADICIONAL;0.00
2020-04-01 08:39:26;"";1.0;ADICIONAL;0.00
2020-04-28 16:14:16;"";1.0;ADICIONAL;0.00
2020-04-03 06:12:20;"";1.0;ADICIONAL;0.00
2020-04-02 08:07:00;"";1.0;ADICIONAL;0.00
2020-04-22 10:10:37;51  996922316;12.0;Para Celulares Vivo;
2020-04-22 10:08:21;51  996922316;12.0;Para Celulares Vivo;
2020-04-22 10:06:46;51  996922316;11.0;Para Celulares Vivo;
2020-04-22 08:41:10;51  996922316;18.0;Para Celulares Vivo;
2020-04-15 18:33:32;51  992545119;26.0;Para Celulares Vivo;
2020-04-22 10:10:37;51  996922316;0.0;Adicional por Ligacoes Realizadas;
2020-04-22 10:08:21;51  996922316;0.0;Adicional por Ligacoes Realizadas;
2020-04-22 10:06:46;51  996922316;0.0;Adicional por Ligacoes Realizadas;
2020-04-22 08:41:10;51  996922316;0.0;Adicional por Ligacoes Realizadas;
2020-04-22 08:03:57;*5  55;0.0;Adicional por Ligacoes Realizadas;
2020-04-15 18:33:32;51  992545119;0.0;Adicional por Ligacoes Realizadas;
2020-04-28 16:14:16;    ;5.0;Chamadas de Longa Distancia para Outros Estados;
2020-04-03 06:12:20;    ;5.0;Chamadas de Longa Distancia para Outros Estados;
2020-04-02 08:07:00;    ;6.0;Chamadas de Longa Distancia para Outros Estados;
2020-04-01 12:25:29;    ;6.0;Chamadas de Longa Distancia para Outros Estados;
2020-04-01 08:47:31;    ;6.0;Chamadas de Longa Distancia para Outros Estados;
2020-04-01 08:39:26;    ;13.0;Chamadas de Longa Distancia para Outros Estados;
2020-04-22 08:03:57;*5  55;5.0;"";
2020-03-31;"";89684.4;INTERNET MOVEL 2;0.00
2020-04-01;"";104550.3;INTERNET MOVEL 2;0.00
2020-04-02;"";82590.2;INTERNET MOVEL 2;0.00
2020-04-03;"";225102.9;INTERNET MOVEL 2;0.00
2020-04-04;"";81916.3;INTERNET MOVEL 2;0.00
2020-04-05;"";308242.6;INTERNET MOVEL 2;0.00
2020-04-06;"";150164.7;INTERNET MOVEL 2;0.00
2020-04-07;"";235404.9;INTERNET MOVEL 2;0.00
2020-04-08;"";265513.5;INTERNET MOVEL 2;0.00
2020-04-09;"";155337.6;INTERNET MOVEL 2;0.00
2020-04-10;"";110265.9;INTERNET MOVEL 2;0.00
2020-04-11;"";160436.6;INTERNET MOVEL 2;0.00
2020-04-12;"";158341.3;INTERNET MOVEL 2;0.00
2020-04-13;"";240321.5;INTERNET MOVEL 2;0.00
2020-04-14;"";163689.6;INTERNET MOVEL 2;0.00
2020-04-15;"";291294.4;INTERNET MOVEL 2;0.00
2020-04-16;"";126448.8;INTERNET MOVEL 2;0.00
2020-04-17;"";177794.1;INTERNET MOVEL 2;0.00
2020-04-18;"";266031.4;INTERNET MOVEL 2;0.00
2020-04-19;"";217197.8;INTERNET MOVEL 2;0.00
2020-04-20;"";73383.7;INTERNET MOVEL 2;0.00
2020-04-21;"";48028.0;INTERNET MOVEL 2;0.00
2020-04-22;"";252374.2;INTERNET MOVEL 2;0.00
2020-04-23;"";6340.9;INTERNET MOVEL 2;0.00
2020-04-24;"";204181.3;INTERNET MOVEL 2;0.00
2020-04-25;"";128173.8;INTERNET MOVEL 2;0.00
2020-04-26;"";3756.7;INTERNET MOVEL 2;0.00
2020-04-27;"";195623.3;INTERNET MOVEL 2;0.00
2020-04-28;"";51560.6;INTERNET MOVEL 2;0.00
2020-04-29;"";99328.8;INTERNET MOVEL 2;0.00
2020-04-30;"";35444.6;INTERNET MOVEL 2;0.00
2020-05-01;"";3012.0;INTERNET MOVEL 2;0.00
