data_hora_inicio;nro_telefone_chamado;duracao_ligacao;desc_categoria;valor_ligacao
2020-04-28 11:03:32;51981368267;1.0;GRATIS-SMS;0.00
2020-04-01 11:06:52;51  992592846;15.0;Para Celulares Vivo;
2020-04-29 11:26:47;55  991689352;47.0;Para Celulares de Outras Operadoras;
2020-04-29 11:14:52;51  991722020;114.0;Para Celulares de Outras Operadoras;
2020-04-15 12:47:17;51  991722020;182.0;Para Celulares de Outras Operadoras;
2020-04-29 15:58:38;51  981368267;39.0;Para Fixo Vivo;
2020-04-29 16:05:23;51  992592846;43.0;Para Celulares Vivo;
2020-04-29 11:02:27;51  992592846;120.0;Para Celulares Vivo;
2020-04-29 10:04:49;51  984274504;9.0;Para Celulares Vivo;
2020-04-29 09:25:09;51  992592846;176.0;Para Celulares Vivo;
2020-04-28 11:33:07;51  995991698;5.0;Para Celulares Vivo;
2020-04-22 15:36:53;51  995991698;36.0;Para Celulares Vivo;
2020-04-17 15:42:09;51  997751058;9.0;Para Celulares Vivo;
2020-04-17 10:08:04;51  984274504;29.0;Para Celulares Vivo;
2020-04-07 09:28:10;51  995991698;86.0;Para Celulares Vivo;
2020-04-02 08:51:06;51  984274504;5.0;Para Celulares Vivo;
2020-04-01;"";45199.6;INTERNET MOVEL 2;0.00
2020-04-02;"";100100.5;INTERNET MOVEL 2;0.00
2020-04-03;"";103557.5;INTERNET MOVEL 2;0.00
2020-04-04;"";26485.2;INTERNET MOVEL 2;0.00
2020-04-05;"";91136.2;INTERNET MOVEL 2;0.00
2020-04-06;"";40144.2;INTERNET MOVEL 2;0.00
2020-04-07;"";54189.4;INTERNET MOVEL 2;0.00
2020-04-08;"";97217.8;INTERNET MOVEL 2;0.00
2020-04-09;"";26494.3;INTERNET MOVEL 2;0.00
2020-04-10;"";30769.9;INTERNET MOVEL 2;0.00
2020-04-11;"";22681.9;INTERNET MOVEL 2;0.00
2020-04-12;"";62249.5;INTERNET MOVEL 2;0.00
2020-04-13;"";35136.0;INTERNET MOVEL 2;0.00
2020-04-14;"";29020.6;INTERNET MOVEL 2;0.00
2020-04-15;"";45853.6;INTERNET MOVEL 2;0.00
2020-04-16;"";39792.5;INTERNET MOVEL 2;0.00
2020-04-17;"";33226.8;INTERNET MOVEL 2;0.00
2020-04-18;"";73817.5;INTERNET MOVEL 2;0.00
2020-04-19;"";18445.8;INTERNET MOVEL 2;0.00
2020-04-20;"";8692.7;INTERNET MOVEL 2;0.00
2020-04-21;"";20235.2;INTERNET MOVEL 2;0.00
2020-04-22;"";66549.8;INTERNET MOVEL 2;0.00
2020-04-23;"";24534.2;INTERNET MOVEL 2;0.00
2020-04-24;"";33024.7;INTERNET MOVEL 2;0.00
2020-04-25;"";23673.4;INTERNET MOVEL 2;0.00
2020-04-26;"";61656.0;INTERNET MOVEL 2;0.00
2020-04-27;"";56740.7;INTERNET MOVEL 2;0.00
2020-04-28;"";81592.9;INTERNET MOVEL 2;0.00
2020-04-29;"";38418.7;INTERNET MOVEL 2;0.00
2020-04-30;"";45077.2;INTERNET MOVEL 2;0.00
