data_hora_inicio;nro_telefone_chamado;duracao_ligacao;desc_categoria;valor_ligacao
2020-04-06 17:36:32;51  993555430;5.0;Para Celulares de Outras Operadoras;
2020-04-14 12:24:57;51  33347222;14.0;Para Fixo Vivo;
2020-04-29 17:44:23;51  995462663;127.0;Para Celulares Vivo;
2020-04-28 11:06:20;51  992592752;35.0;Para Celulares Vivo;
2020-04-27 17:09:42;51  992592752;47.0;Para Celulares Vivo;
2020-04-27 14:33:46;51  992592752;7.0;Para Celulares Vivo;
2020-04-23 09:21:26;51  992592752;104.0;Para Celulares Vivo;
2020-04-18 12:51:16;51  994588430;24.0;Para Celulares Vivo;
2020-04-16 09:13:34;51  991317721;111.0;Para Celulares Vivo;
2020-04-12 15:23:37;51  996436633;89.0;Para Celulares Vivo;
2020-04-08 08:52:06;51  992592752;294.0;Para Celulares Vivo;
2020-04-03 10:46:49;51  996436633;55.0;Para Celulares Vivo;
2020-03-31;"";234.0;INTERNET MOVEL 2;0.00
2020-04-01;"";228.0;INTERNET MOVEL 2;0.00
2020-04-02;"";359.0;INTERNET MOVEL 2;0.00
2020-04-03;"";348.0;INTERNET MOVEL 2;0.00
2020-04-04;"";368.0;INTERNET MOVEL 2;0.00
2020-04-05;"";24469.4;INTERNET MOVEL 2;0.00
2020-04-06;"";28857.6;INTERNET MOVEL 2;0.00
2020-04-07;"";7401.8;INTERNET MOVEL 2;0.00
2020-04-08;"";356.0;INTERNET MOVEL 2;0.00
2020-04-09;"";326.0;INTERNET MOVEL 2;0.00
2020-04-10;"";75866.9;INTERNET MOVEL 2;0.00
2020-04-11;"";13681.2;INTERNET MOVEL 2;0.00
2020-04-12;"";19899.6;INTERNET MOVEL 2;0.00
2020-04-13;"";366.0;INTERNET MOVEL 2;0.00
2020-04-14;"";378.0;INTERNET MOVEL 2;0.00
2020-04-15;"";308.0;INTERNET MOVEL 2;0.00
2020-04-16;"";366.0;INTERNET MOVEL 2;0.00
2020-04-17;"";526.0;INTERNET MOVEL 2;0.00
2020-04-18;"";203.0;INTERNET MOVEL 2;0.00
2020-04-19;"";246.0;INTERNET MOVEL 2;0.00
2020-04-20;"";458.0;INTERNET MOVEL 2;0.00
2020-04-21;"";404.0;INTERNET MOVEL 2;0.00
2020-04-22;"";380.0;INTERNET MOVEL 2;0.00
2020-04-23;"";482.0;INTERNET MOVEL 2;0.00
2020-04-24;"";409.0;INTERNET MOVEL 2;0.00
2020-04-25;"";316.0;INTERNET MOVEL 2;0.00
2020-04-26;"";280.0;INTERNET MOVEL 2;0.00
2020-04-27;"";408.0;INTERNET MOVEL 2;0.00
2020-04-28;"";358.0;INTERNET MOVEL 2;0.00
2020-04-29;"";412.0;INTERNET MOVEL 2;0.00
2020-04-30;"";815.0;INTERNET MOVEL 2;0.00
