data_hora_inicio;nro_telefone_chamado;duracao_ligacao;desc_categoria;valor_ligacao
2020-04-01 19:03:47;51  985286504;13.0;Para Celulares de Outras Operadoras;
2020-04-11 19:17:10;11  38139311;108.0;Para Fixo Vivo;
2020-04-11 18:43:06;11  38139311;21.0;Para Fixo Vivo;
2020-04-27 18:45:14;51  33288413;20.0;Para Fixo de Outras Operadoras;
2020-04-27 15:52:34;51  37375954;5.0;Para Fixo de Outras Operadoras;
2020-04-25 12:59:09;51  37375954;15.0;Para Fixo de Outras Operadoras;
2020-04-25 10:21:32;51  37375954;20.0;Para Fixo de Outras Operadoras;
2020-04-24 20:18:29;51  37375954;5.0;Para Fixo de Outras Operadoras;
2020-04-13 11:30:41;51  37375954;11.0;Para Fixo de Outras Operadoras;
2020-04-11 18:25:12;51  37375954;173.0;Para Fixo de Outras Operadoras;
2020-04-09 13:55:00;51  37375954;89.0;Para Fixo de Outras Operadoras;
2020-04-05 10:45:35;51  37375954;86.0;Para Fixo de Outras Operadoras;
2020-04-19 10:52:26;51  992871313;5.0;Para Celulares de Outras Operadoras;
2020-04-19 10:39:52;51  992871313;5.0;Para Celulares de Outras Operadoras;
2020-04-12 09:48:15;51  991492021;5.0;Para Celulares de Outras Operadoras;
2020-04-12 09:33:41;51  991492021;5.0;Para Celulares de Outras Operadoras;
2020-04-12 09:32:59;51  992871313;5.0;Para Celulares de Outras Operadoras;
2020-04-11 13:02:04;51  985286504;21.0;Para Celulares de Outras Operadoras;
2020-04-10 14:43:38;51  984369756;201.0;Para Celulares de Outras Operadoras;
2020-04-13 12:24:57;51  33344000;63.0;Para Fixo Vivo;
2020-04-25 14:29:23;51  998164594;5.0;Para Celulares Vivo;
2020-04-24 19:54:41;51  996442520;229.0;Para Celulares Vivo;
2020-04-19 11:03:09;51  998164594;5.0;Para Celulares Vivo;
2020-04-19 11:01:25;51  998164594;5.0;Para Celulares Vivo;
2020-04-09 10:51:57;51  992592724;9.0;Para Celulares Vivo;
2020-03-31;"";26615.8;INTERNET MOVEL 2;0.00
2020-04-01;"";299.0;INTERNET MOVEL 2;0.00
2020-04-02;"";3902.2;INTERNET MOVEL 2;0.00
2020-04-03;"";560.0;INTERNET MOVEL 2;0.00
2020-04-04;"";2959.8;INTERNET MOVEL 2;0.00
2020-04-05;"";15218.7;INTERNET MOVEL 2;0.00
2020-04-06;"";143566.1;INTERNET MOVEL 2;0.00
2020-04-07;"";107716.4;INTERNET MOVEL 2;0.00
2020-04-08;"";70645.7;INTERNET MOVEL 2;0.00
2020-04-09;"";972.0;INTERNET MOVEL 2;0.00
2020-04-10;"";91574.1;INTERNET MOVEL 2;0.00
2020-04-11;"";22380.1;INTERNET MOVEL 2;0.00
2020-04-12;"";99523.7;INTERNET MOVEL 2;0.00
2020-04-13;"";3962.9;INTERNET MOVEL 2;0.00
2020-04-14;"";1010.0;INTERNET MOVEL 2;0.00
2020-04-15;"";525.0;INTERNET MOVEL 2;0.00
2020-04-16;"";257.0;INTERNET MOVEL 2;0.00
2020-04-17;"";2908.6;INTERNET MOVEL 2;0.00
2020-04-18;"";22113.3;INTERNET MOVEL 2;0.00
2020-04-19;"";36817.2;INTERNET MOVEL 2;0.00
2020-04-20;"";49298.7;INTERNET MOVEL 2;0.00
2020-04-21;"";47758.0;INTERNET MOVEL 2;0.00
2020-04-22;"";438.0;INTERNET MOVEL 2;0.00
2020-04-23;"";632.0;INTERNET MOVEL 2;0.00
2020-04-24;"";129.0;INTERNET MOVEL 2;0.00
2020-04-25;"";27616.9;INTERNET MOVEL 2;0.00
2020-04-26;"";12199.1;INTERNET MOVEL 2;0.00
2020-04-27;"";663.0;INTERNET MOVEL 2;0.00
2020-04-28;"";480.0;INTERNET MOVEL 2;0.00
2020-04-29;"";396.0;INTERNET MOVEL 2;0.00
2020-04-30;"";1741.8;INTERNET MOVEL 2;0.00
