data_hora_inicio;nro_telefone_chamado;duracao_ligacao;desc_categoria;valor_ligacao
2020-04-24 17:09:26;51991931287;1.0;GRATIS-SMS;0.00
2020-04-01 22:28:54;*5  55;7.0;"";
2020-04-01 17:14:59;51  992592887;14.0;Para Celulares Vivo;
2020-04-01 09:21:20;51  998851856;48.0;Para Celulares Vivo;
2020-04-13 11:07:35;51  991987887;37.0;Para Celulares de Outras Operadoras;
2020-04-08 09:52:50;51  995450609;14.0;Para Celulares de Outras Operadoras;
2020-04-07 18:01:07;51  989208939;53.0;Para Celulares de Outras Operadoras;
2020-04-06 10:38:21;51  991153364;233.0;Para Celulares de Outras Operadoras;
2020-04-06 07:46:04;51  991987887;100.0;Para Celulares de Outras Operadoras;
2020-04-28 17:48:06;51  992592887;99.0;Para Celulares Vivo;
2020-04-24 16:23:19;51  992592803;5.0;Para Celulares Vivo;
2020-04-14 16:33:14;51  995105815;5.0;Para Celulares Vivo;
2020-04-14 16:25:32;51  998851856;29.0;Para Celulares Vivo;
2020-04-14 15:12:10;51  992592803;64.0;Para Celulares Vivo;
2020-04-09 16:12:32;51  991026438;14.0;Para Celulares Vivo;
2020-04-09 16:07:12;51  995105815;18.0;Para Celulares Vivo;
2020-04-09 14:48:56;51  995112258;27.0;Para Celulares Vivo;
2020-04-09 14:21:46;51  995105815;5.0;Para Celulares Vivo;
2020-04-08 14:11:44;51  995105815;5.0;Para Celulares Vivo;
2020-04-08 09:15:25;51  991026438;22.0;Para Celulares Vivo;
2020-04-07 16:01:16;51  998851856;132.0;Para Celulares Vivo;
2020-04-07 14:20:12;51  992592887;112.0;Para Celulares Vivo;
2020-04-06 15:29:44;51  998630950;46.0;Para Celulares Vivo;
2020-04-06 11:02:18;51  991026438;24.0;Para Celulares Vivo;
2020-04-04 14:39:46;51  992592803;53.0;Para Celulares Vivo;
2020-04-03 15:50:09;51  998447472;36.0;Para Celulares Vivo;
2020-04-03 10:03:18;51  998851856;23.0;Para Celulares Vivo;
2020-04-01;"";153.0;INTERNET MOVEL 2;0.00
2020-04-02;"";184.0;INTERNET MOVEL 2;0.00
2020-04-03;"";199.0;INTERNET MOVEL 2;0.00
2020-04-04;"";52.0;INTERNET MOVEL 2;0.00
2020-04-05;"";1.0;INTERNET MOVEL 2;0.00
2020-04-06;"";207.0;INTERNET MOVEL 2;0.00
2020-04-07;"";144.0;INTERNET MOVEL 2;0.00
2020-04-08;"";373.0;INTERNET MOVEL 2;0.00
2020-04-09;"";283.0;INTERNET MOVEL 2;0.00
2020-04-12;"";7.0;INTERNET MOVEL 2;0.00
2020-04-13;"";317.0;INTERNET MOVEL 2;0.00
2020-04-14;"";215.0;INTERNET MOVEL 2;0.00
2020-04-15;"";169.0;INTERNET MOVEL 2;0.00
2020-04-16;"";214.0;INTERNET MOVEL 2;0.00
2020-04-17;"";333.0;INTERNET MOVEL 2;0.00
2020-04-20;"";4.0;INTERNET MOVEL 2;0.00
2020-04-22;"";284.0;INTERNET MOVEL 2;0.00
2020-04-23;"";228.0;INTERNET MOVEL 2;0.00
2020-04-24;"";207.0;INTERNET MOVEL 2;0.00
2020-04-27;"";210.0;INTERNET MOVEL 2;0.00
2020-04-28;"";290.0;INTERNET MOVEL 2;0.00
2020-04-29;"";213.0;INTERNET MOVEL 2;0.00
2020-04-30;"";343.0;INTERNET MOVEL 2;0.00
