data_hora_inicio;nro_telefone_chamado;duracao_ligacao;desc_categoria;valor_ligacao
2020-04-01 13:58:16;"";1.0;ADICIONAL;0.00
2020-04-30 17:02:12;"";1.0;ADICIONAL;0.00
2020-04-30 15:25:46;"";1.0;ADICIONAL;0.00
2020-04-30 15:09:44;"";1.0;ADICIONAL;0.00
2020-04-30 09:03:48;"";1.0;ADICIONAL;0.00
2020-04-30 08:43:22;"";1.0;ADICIONAL;0.00
2020-04-24 14:48:39;"";1.0;ADICIONAL;0.00
2020-04-24 10:24:36;"";1.0;ADICIONAL;0.00
2020-04-24 08:18:03;"";1.0;ADICIONAL;0.00
2020-04-23 09:39:13;"";1.0;ADICIONAL;0.00
2020-04-22 11:02:37;"";1.0;ADICIONAL;0.00
2020-04-17 14:27:48;"";1.0;ADICIONAL;0.00
2020-04-17 09:15:59;"";1.0;ADICIONAL;0.00
2020-04-16 11:17:00;"";1.0;ADICIONAL;0.00
2020-04-14 16:13:55;"";1.0;ADICIONAL;0.00
2020-04-14 11:32:04;"";1.0;ADICIONAL;0.00
2020-04-14 10:40:39;"";1.0;ADICIONAL;0.00
2020-04-13 14:16:33;"";1.0;ADICIONAL;0.00
2020-04-04 11:27:25;5131785215;1.0;ADICIONAL;0.00
2020-04-30 15:22:44;51  993394636;6.0;Para Celulares Vivo;
2020-04-30 11:11:15;51  993394636;11.0;Para Celulares Vivo;
2020-04-30 08:55:12;51  993394636;7.0;Para Celulares Vivo;
2020-04-29 18:05:35;51  993189322;23.0;Para Celulares Vivo;
2020-04-29 11:21:19;51  993394636;12.0;Para Celulares Vivo;
2020-04-29 10:27:01;51  993394636;16.0;Para Celulares Vivo;
2020-04-27 10:30:28;51  993394636;22.0;Para Celulares Vivo;
2020-04-26 10:49:53;51  993394636;5.0;Para Celulares Vivo;
2020-04-25 08:18:32;51  993394636;5.0;Para Celulares Vivo;
2020-04-24 14:47:11;51  993394636;9.0;Para Celulares Vivo;
2020-04-24 10:26:24;51  993394636;12.0;Para Celulares Vivo;
2020-04-24 08:11:07;51  993394636;10.0;Para Celulares Vivo;
2020-04-24 08:10:14;51  993394636;5.0;Para Celulares Vivo;
2020-04-23 11:03:11;51  993394636;11.0;Para Celulares Vivo;
2020-04-20 16:29:00;51  993394636;14.0;Para Celulares Vivo;
2020-04-17 15:58:59;51  993189322;5.0;Para Celulares Vivo;
2020-04-17 11:31:39;51  993394636;5.0;Para Celulares Vivo;
2020-04-17 07:34:12;51  993394636;5.0;Para Celulares Vivo;
2020-04-16 11:37:07;51  993394636;8.0;Para Celulares Vivo;
2020-04-16 11:28:12;51  993394636;11.0;Para Celulares Vivo;
2020-04-16 08:02:43;51  993394636;12.0;Para Celulares Vivo;
2020-04-14 14:20:19;51  993394636;33.0;Para Celulares Vivo;
2020-04-14 14:03:32;51  993394636;12.0;Para Celulares Vivo;
2020-04-07 15:59:06;51  993394636;14.0;Para Celulares Vivo;
2020-04-06 15:05:34;51  993394636;16.0;Para Celulares Vivo;
2020-04-03 15:59:32;51  993394636;6.0;Para Celulares Vivo;
2020-04-30 15:22:44;51  993394636;0.0;Adicional por Ligacoes Realizadas;
2020-04-30 11:11:15;51  993394636;0.0;Adicional por Ligacoes Realizadas;
2020-04-30 08:55:12;51  993394636;0.0;Adicional por Ligacoes Realizadas;
2020-04-29 18:05:35;51  993189322;0.0;Adicional por Ligacoes Realizadas;
2020-04-29 11:21:19;51  993394636;0.0;Adicional por Ligacoes Realizadas;
2020-04-29 10:27:01;51  993394636;0.0;Adicional por Ligacoes Realizadas;
2020-04-27 10:30:28;51  993394636;0.0;Adicional por Ligacoes Realizadas;
2020-04-26 10:49:53;51  993394636;0.0;Adicional por Ligacoes Realizadas;
2020-04-25 08:18:32;51  993394636;0.0;Adicional por Ligacoes Realizadas;
2020-04-24 14:47:11;51  993394636;0.0;Adicional por Ligacoes Realizadas;
2020-04-24 10:26:24;51  993394636;0.0;Adicional por Ligacoes Realizadas;
2020-04-24 08:11:07;51  993394636;0.0;Adicional por Ligacoes Realizadas;
2020-04-24 08:10:14;51  993394636;0.0;Adicional por Ligacoes Realizadas;
2020-04-23 11:03:11;51  993394636;0.0;Adicional por Ligacoes Realizadas;
2020-04-20 16:29:00;51  993394636;0.0;Adicional por Ligacoes Realizadas;
2020-04-17 15:58:59;51  993189322;0.0;Adicional por Ligacoes Realizadas;
2020-04-17 11:31:39;51  993394636;0.0;Adicional por Ligacoes Realizadas;
2020-04-17 07:34:12;51  993394636;0.0;Adicional por Ligacoes Realizadas;
2020-04-16 11:37:07;51  993394636;0.0;Adicional por Ligacoes Realizadas;
2020-04-16 11:28:12;51  993394636;0.0;Adicional por Ligacoes Realizadas;
2020-04-16 08:02:43;51  993394636;0.0;Adicional por Ligacoes Realizadas;
2020-04-14 14:20:19;51  993394636;0.0;Adicional por Ligacoes Realizadas;
2020-04-14 14:03:32;51  993394636;0.0;Adicional por Ligacoes Realizadas;
2020-04-07 15:59:06;51  993394636;0.0;Adicional por Ligacoes Realizadas;
2020-04-06 15:05:34;51  993394636;0.0;Adicional por Ligacoes Realizadas;
2020-04-03 15:59:32;51  993394636;0.0;Adicional por Ligacoes Realizadas;
2020-04-30 17:02:12;    ;5.0;Chamadas de Longa Distancia para Outros Estados;
2020-04-30 15:25:46;    ;7.0;Chamadas de Longa Distancia para Outros Estados;
2020-04-30 15:09:44;    ;7.0;Chamadas de Longa Distancia para Outros Estados;
2020-04-30 09:03:48;    ;24.0;Chamadas de Longa Distancia para Outros Estados;
2020-04-30 08:43:22;    ;19.0;Chamadas de Longa Distancia para Outros Estados;
2020-04-24 14:48:39;    ;5.0;Chamadas de Longa Distancia para Outros Estados;
2020-04-24 10:24:36;    ;10.0;Chamadas de Longa Distancia para Outros Estados;
2020-04-24 08:18:03;    ;20.0;Chamadas de Longa Distancia para Outros Estados;
2020-04-23 09:39:13;    ;60.0;Chamadas de Longa Distancia para Outros Estados;
2020-04-22 11:02:37;    ;8.0;Chamadas de Longa Distancia para Outros Estados;
2020-04-17 14:27:48;    ;10.0;Chamadas de Longa Distancia para Outros Estados;
2020-04-17 09:15:59;    ;5.0;Chamadas de Longa Distancia para Outros Estados;
2020-04-16 11:17:00;    ;6.0;Chamadas de Longa Distancia para Outros Estados;
2020-04-14 16:13:55;    ;10.0;Chamadas de Longa Distancia para Outros Estados;
2020-04-14 11:32:04;    ;7.0;Chamadas de Longa Distancia para Outros Estados;
2020-04-14 10:40:39;    ;7.0;Chamadas de Longa Distancia para Outros Estados;
2020-04-13 14:16:33;    ;17.0;Chamadas de Longa Distancia para Outros Estados;
2020-04-04 11:27:25;51  31785215;5.0;Chamadas de Longa Distancia para Outros Estados;
2020-04-01 13:58:16;    ;5.0;Chamadas de Longa Distancia para Outros Estados;
2020-04-02;"";90028.0;INTERNET MOVEL 2;0.00
2020-04-03;"";22627.5;INTERNET MOVEL 2;0.00
2020-04-04;"";117648.6;INTERNET MOVEL 2;0.00
2020-04-05;"";196006.5;INTERNET MOVEL 2;0.00
2020-04-06;"";299023.8;INTERNET MOVEL 2;0.00
2020-04-07;"";209469.7;INTERNET MOVEL 2;0.00
2020-04-08;"";119835.2;INTERNET MOVEL 2;0.00
2020-04-09;"";190434.3;INTERNET MOVEL 2;0.00
2020-04-10;"";73696.1;INTERNET MOVEL 2;0.00
2020-04-11;"";37502.5;INTERNET MOVEL 2;0.00
2020-04-12;"";174111.3;INTERNET MOVEL 2;0.00
2020-04-13;"";172444.8;INTERNET MOVEL 2;0.00
2020-04-14;"";82020.0;INTERNET MOVEL 2;0.00
2020-04-15;"";149022.0;INTERNET MOVEL 2;0.00
2020-04-16;"";65067.4;INTERNET MOVEL 2;0.00
2020-04-17;"";169793.7;INTERNET MOVEL 2;0.00
2020-04-18;"";164705.9;INTERNET MOVEL 2;0.00
2020-04-19;"";161444.8;INTERNET MOVEL 2;0.00
2020-04-20;"";152915.2;INTERNET MOVEL 2;0.00
2020-04-21;"";121020.6;INTERNET MOVEL 2;0.00
2020-04-22;"";230249.7;INTERNET MOVEL 2;0.00
2020-04-23;"";151707.7;INTERNET MOVEL 2;0.00
2020-04-24;"";142857.9;INTERNET MOVEL 2;0.00
2020-04-25;"";154198.1;INTERNET MOVEL 2;0.00
2020-04-26;"";96403.7;INTERNET MOVEL 2;0.00
2020-04-27;"";50099.2;INTERNET MOVEL 2;0.00
2020-04-28;"";97045.2;INTERNET MOVEL 2;0.00
2020-04-29;"";161640.9;INTERNET MOVEL 2;0.00
2020-04-30;"";17697.0;INTERNET MOVEL 2;0.00
