data_hora_inicio;nro_telefone_chamado;duracao_ligacao;desc_categoria;valor_ligacao
2020-04-01 09:52:26;"";1.0;ADICIONAL;0.00
2020-04-30 10:02:26;"";1.0;ADICIONAL;0.00
2020-04-29 11:27:56;"";1.0;ADICIONAL;0.00
2020-04-29 08:57:35;"";1.0;ADICIONAL;0.00
2020-04-29 08:37:02;"";1.0;ADICIONAL;0.00
2020-04-28 16:39:43;"";1.0;ADICIONAL;0.00
2020-04-28 11:37:31;"";1.0;ADICIONAL;0.00
2020-04-27 17:22:06;"";1.0;ADICIONAL;0.00
2020-04-27 16:37:47;"";1.0;ADICIONAL;0.00
2020-04-27 16:11:37;"";1.0;ADICIONAL;0.00
2020-04-24 08:46:26;"";1.0;ADICIONAL;0.00
2020-04-22 11:50:11;"";1.0;ADICIONAL;0.00
2020-04-22 11:49:14;"";1.0;ADICIONAL;0.00
2020-04-18 12:12:00;"";1.0;ADICIONAL;0.00
2020-04-16 11:33:06;"";1.0;ADICIONAL;0.00
2020-04-15 12:44:52;4930279950;1.0;ADICIONAL;0.00
2020-04-14 08:20:37;"";1.0;ADICIONAL;0.00
2020-04-14 08:15:34;"";1.0;ADICIONAL;0.00
2020-04-13 15:59:03;"";1.0;ADICIONAL;0.00
2020-04-09 08:50:31;"";1.0;ADICIONAL;0.00
2020-04-08 09:51:41;"";1.0;ADICIONAL;0.00
2020-04-07 11:09:25;"";1.0;ADICIONAL;0.00
2020-04-07 09:33:35;"";1.0;ADICIONAL;0.00
2020-04-01 10:05:11;98  992335008;0.0;Adicional por Ligacoes Realizadas;
2020-04-01 09:58:53;51  992592959;0.0;Adicional por Ligacoes Realizadas;
2020-04-01 10:05:11;98  992335008;16.0;Para Celulares Vivo;
2020-04-02 11:25:10;91  998338840;5.0;Para Celulares de Outras Operadoras;
2020-04-04 11:14:04;51  30789231;5.0;Para Fixo Vivo;
2020-04-28 11:24:59;51  998115641;10.0;Para Celulares Vivo;
2020-04-24 15:15:06;51  992592959;6.0;Para Celulares Vivo;
2020-04-24 14:01:13;51  992592959;5.0;Para Celulares Vivo;
2020-04-15 09:24:18;51  998115641;9.0;Para Celulares Vivo;
2020-04-13 13:17:20;51  996922316;22.0;Para Celulares Vivo;
2020-04-12 17:14:34;92  991924816;84.0;Para Celulares Vivo;
2020-04-03 09:03:10;51  996922316;8.0;Para Celulares Vivo;
2020-04-02 16:48:12;51  992592959;16.0;Para Celulares Vivo;
2020-04-02 16:43:51;51  998115641;26.0;Para Celulares Vivo;
2020-04-01 09:58:53;51  992592959;5.0;Para Celulares Vivo;
2020-04-29 16:54:16;98  989066215;0.0;Adicional por Ligacoes Realizadas;
2020-04-29 12:38:03;98  40047733;0.0;Adicional por Ligacoes Realizadas;
2020-04-29 06:15:42;98  40047733;0.0;Adicional por Ligacoes Realizadas;
2020-04-28 11:24:59;51  998115641;0.0;Adicional por Ligacoes Realizadas;
2020-04-24 15:15:06;51  992592959;0.0;Adicional por Ligacoes Realizadas;
2020-04-24 14:01:13;51  992592959;0.0;Adicional por Ligacoes Realizadas;
2020-04-24 06:51:08;98  988679754;0.0;Adicional por Ligacoes Realizadas;
2020-04-22 08:53:54;98  999723047;0.0;Adicional por Ligacoes Realizadas;
2020-04-20 13:09:08;98  999723047;0.0;Adicional por Ligacoes Realizadas;
2020-04-18 11:56:02;98  988787759;0.0;Adicional por Ligacoes Realizadas;
2020-04-17 18:24:53;98  999723047;0.0;Adicional por Ligacoes Realizadas;
2020-04-16 15:04:34;98  989066215;0.0;Adicional por Ligacoes Realizadas;
2020-04-16 15:03:37;98  996029477;0.0;Adicional por Ligacoes Realizadas;
2020-04-16 08:54:14;98  996029477;0.0;Adicional por Ligacoes Realizadas;
2020-04-15 09:24:18;51  998115641;0.0;Adicional por Ligacoes Realizadas;
2020-04-13 13:17:20;51  996922316;0.0;Adicional por Ligacoes Realizadas;
2020-04-12 17:14:34;92  991924816;0.0;Adicional por Ligacoes Realizadas;
2020-04-09 16:43:07;98  984198591;0.0;Adicional por Ligacoes Realizadas;
2020-04-09 16:03:48;98  989066215;0.0;Adicional por Ligacoes Realizadas;
2020-04-09 15:57:16;98  989066215;0.0;Adicional por Ligacoes Realizadas;
2020-04-09 09:10:11;98  989066215;0.0;Adicional por Ligacoes Realizadas;
2020-04-06 08:32:14;98  988679754;0.0;Adicional por Ligacoes Realizadas;
2020-04-04 21:47:52;98  999696066;0.0;Adicional por Ligacoes Realizadas;
2020-04-04 11:14:04;51  30789231;0.0;Adicional por Ligacoes Realizadas;
2020-04-03 09:03:10;51  996922316;0.0;Adicional por Ligacoes Realizadas;
2020-04-02 16:48:12;51  992592959;0.0;Adicional por Ligacoes Realizadas;
2020-04-02 16:43:51;51  998115641;0.0;Adicional por Ligacoes Realizadas;
2020-04-02 11:25:10;91  998338840;0.0;Adicional por Ligacoes Realizadas;
2020-04-02 09:30:12;98  981498166;0.0;Adicional por Ligacoes Realizadas;
2020-04-30 10:02:26;    ;6.0;Chamadas de Longa Distancia para Outros Estados;
2020-04-29 11:27:56;    ;5.0;Chamadas de Longa Distancia para Outros Estados;
2020-04-29 08:57:35;    ;12.0;Chamadas de Longa Distancia para Outros Estados;
2020-04-29 08:37:02;    ;11.0;Chamadas de Longa Distancia para Outros Estados;
2020-04-28 16:39:43;    ;64.0;Chamadas de Longa Distancia para Outros Estados;
2020-04-28 11:37:31;    ;5.0;Chamadas de Longa Distancia para Outros Estados;
2020-04-27 17:22:06;    ;21.0;Chamadas de Longa Distancia para Outros Estados;
2020-04-27 16:37:47;    ;12.0;Chamadas de Longa Distancia para Outros Estados;
2020-04-27 16:11:37;    ;27.0;Chamadas de Longa Distancia para Outros Estados;
2020-04-24 08:46:26;    ;5.0;Chamadas de Longa Distancia para Outros Estados;
2020-04-22 11:50:11;    ;11.0;Chamadas de Longa Distancia para Outros Estados;
2020-04-22 11:49:14;    ;6.0;Chamadas de Longa Distancia para Outros Estados;
2020-04-18 12:12:00;    ;6.0;Chamadas de Longa Distancia para Outros Estados;
2020-04-16 11:33:06;    ;6.0;Chamadas de Longa Distancia para Outros Estados;
2020-04-15 12:44:52;49  30279950;5.0;Chamadas de Longa Distancia para Outros Estados;
2020-04-14 08:20:37;    ;9.0;Chamadas de Longa Distancia para Outros Estados;
2020-04-14 08:15:34;    ;14.0;Chamadas de Longa Distancia para Outros Estados;
2020-04-13 15:59:03;    ;11.0;Chamadas de Longa Distancia para Outros Estados;
2020-04-09 08:50:31;    ;11.0;Chamadas de Longa Distancia para Outros Estados;
2020-04-08 09:51:41;    ;12.0;Chamadas de Longa Distancia para Outros Estados;
2020-04-07 11:09:25;    ;5.0;Chamadas de Longa Distancia para Outros Estados;
2020-04-07 09:33:35;    ;5.0;Chamadas de Longa Distancia para Outros Estados;
2020-04-01 09:52:26;    ;6.0;Chamadas de Longa Distancia para Outros Estados;
2020-04-29 12:38:03;98  40047733;20.0;Para Fixo de Outras Operadoras;
2020-04-29 06:15:42;98  40047733;27.0;Para Fixo de Outras Operadoras;
2020-04-29 16:54:16;98  989066215;6.0;Para Celulares de Outras Operadoras;
2020-04-24 06:51:08;98  988679754;5.0;Para Celulares de Outras Operadoras;
2020-04-22 08:53:54;98  999723047;7.0;Para Celulares de Outras Operadoras;
2020-04-20 13:09:08;98  999723047;12.0;Para Celulares de Outras Operadoras;
2020-04-18 11:56:02;98  988787759;10.0;Para Celulares de Outras Operadoras;
2020-04-17 18:24:53;98  999723047;8.0;Para Celulares de Outras Operadoras;
2020-04-16 15:04:34;98  989066215;5.0;Para Celulares de Outras Operadoras;
2020-04-16 15:03:37;98  996029477;5.0;Para Celulares de Outras Operadoras;
2020-04-16 08:54:14;98  996029477;5.0;Para Celulares de Outras Operadoras;
2020-04-09 16:43:07;98  984198591;11.0;Para Celulares de Outras Operadoras;
2020-04-09 16:03:48;98  989066215;5.0;Para Celulares de Outras Operadoras;
2020-04-09 15:57:16;98  989066215;8.0;Para Celulares de Outras Operadoras;
2020-04-09 09:10:11;98  989066215;7.0;Para Celulares de Outras Operadoras;
2020-04-06 08:32:14;98  988679754;5.0;Para Celulares de Outras Operadoras;
2020-04-04 21:47:52;98  999696066;5.0;Para Celulares de Outras Operadoras;
2020-04-02 09:30:12;98  981498166;15.0;Para Celulares de Outras Operadoras;
