data_hora_inicio;nro_telefone_chamado;duracao_ligacao;desc_categoria;valor_ligacao
2020-04-01 16:36:20;51  992592845;80.0;Para Celulares Vivo;
2020-04-01 16:19:35;51  991813564;165.0;Para Celulares Vivo;
2020-04-01 16:02:45;51  992592956;57.0;Para Celulares Vivo;
2020-04-01 15:58:43;51  992592819;5.0;Para Celulares Vivo;
2020-04-29 10:49:58;13  981188560;162.0;Para Celulares Vivo;
2020-04-23 14:42:36;51  30043003;6.0;Para Fixo de Outras Operadoras;
2020-04-28 19:50:33;51  992819595;73.0;Para Celulares de Outras Operadoras;
2020-04-26 20:29:38;51  992819595;28.0;Para Celulares de Outras Operadoras;
2020-04-24 08:17:25;51  991992219;15.0;Para Celulares de Outras Operadoras;
2020-04-20 09:55:13;51  996022198;28.0;Para Celulares de Outras Operadoras;
2020-04-16 19:11:52;51  992819595;77.0;Para Celulares de Outras Operadoras;
2020-04-16 11:27:40;51  993579773;31.0;Para Celulares de Outras Operadoras;
2020-04-11 16:20:34;51  991313131;34.0;Para Celulares de Outras Operadoras;
2020-04-08 11:53:51;51  989208939;10.0;Para Celulares de Outras Operadoras;
2020-04-08 11:32:30;51  989208939;126.0;Para Celulares de Outras Operadoras;
2020-04-03 15:47:19;51  996022198;67.0;Para Celulares de Outras Operadoras;
2020-04-03 12:37:19;51  999995090;9.0;Para Celulares de Outras Operadoras;
2020-04-29 17:10:07;51  984274504;12.0;Para Celulares Vivo;
2020-04-27 17:10:21;51  992592819;147.0;Para Celulares Vivo;
2020-04-26 10:58:42;51  992592818;16.0;Para Celulares Vivo;
2020-04-26 10:58:11;51  992592818;5.0;Para Celulares Vivo;
2020-04-24 07:55:40;51  992592873;38.0;Para Celulares Vivo;
2020-04-22 12:25:31;51  992592803;52.0;Para Celulares Vivo;
2020-04-22 09:31:56;51  991813564;5.0;Para Celulares Vivo;
2020-04-22 08:16:28;51  991813564;196.0;Para Celulares Vivo;
2020-04-22 07:59:59;51  991813564;162.0;Para Celulares Vivo;
2020-04-17 10:46:13;51  993319514;16.0;Para Celulares Vivo;
2020-04-16 14:05:08;51  992592956;274.0;Para Celulares Vivo;
2020-04-16 14:03:15;51  992592757;10.0;Para Celulares Vivo;
2020-04-13 17:25:07;51  991813564;163.0;Para Celulares Vivo;
2020-04-13 16:06:09;51  991813564;66.0;Para Celulares Vivo;
2020-04-13 11:28:23;51  993319514;182.0;Para Celulares Vivo;
2020-04-13 09:37:02;51  992592757;96.0;Para Celulares Vivo;
2020-04-06 21:49:54;51  991131415;76.0;Para Celulares Vivo;
2020-04-06 08:42:56;51  991034807;30.0;Para Celulares Vivo;
2020-04-03 15:34:48;51  991813564;110.0;Para Celulares Vivo;
2020-04-03 15:28:54;51  992592818;50.0;Para Celulares Vivo;
2020-04-03 15:18:43;51  991035458;84.0;Para Celulares Vivo;
2020-04-03 11:37:05;51  992592819;293.0;Para Celulares Vivo;
2020-03-31;"";21687.1;INTERNET MOVEL 2;0.00
2020-04-01;"";117524.7;INTERNET MOVEL 2;0.00
2020-04-02;"";115361.4;INTERNET MOVEL 2;0.00
2020-04-03;"";172743.0;INTERNET MOVEL 2;0.00
2020-04-04;"";42122.7;INTERNET MOVEL 2;0.00
2020-04-05;"";108489.5;INTERNET MOVEL 2;0.00
2020-04-06;"";68636.0;INTERNET MOVEL 2;0.00
2020-04-07;"";37184.0;INTERNET MOVEL 2;0.00
2020-04-08;"";37861.3;INTERNET MOVEL 2;0.00
2020-04-09;"";46175.4;INTERNET MOVEL 2;0.00
2020-04-10;"";86090.5;INTERNET MOVEL 2;0.00
2020-04-11;"";108498.9;INTERNET MOVEL 2;0.00
2020-04-12;"";84275.0;INTERNET MOVEL 2;0.00
2020-04-13;"";19960.7;INTERNET MOVEL 2;0.00
2020-04-14;"";165265.2;INTERNET MOVEL 2;0.00
2020-04-15;"";31309.0;INTERNET MOVEL 2;0.00
2020-04-16;"";44695.7;INTERNET MOVEL 2;0.00
2020-04-17;"";95376.1;INTERNET MOVEL 2;0.00
2020-04-18;"";22060.4;INTERNET MOVEL 2;0.00
2020-04-19;"";132364.8;INTERNET MOVEL 2;0.00
2020-04-20;"";128526.0;INTERNET MOVEL 2;0.00
2020-04-21;"";84262.7;INTERNET MOVEL 2;0.00
2020-04-22;"";72435.2;INTERNET MOVEL 2;0.00
2020-04-23;"";22754.5;INTERNET MOVEL 2;0.00
2020-04-24;"";61689.6;INTERNET MOVEL 2;0.00
2020-04-25;"";22954.2;INTERNET MOVEL 2;0.00
2020-04-26;"";84931.4;INTERNET MOVEL 2;0.00
2020-04-27;"";68650.8;INTERNET MOVEL 2;0.00
2020-04-28;"";61223.9;INTERNET MOVEL 2;0.00
2020-04-29;"";27589.0;INTERNET MOVEL 2;0.00
2020-04-30;"";57672.5;INTERNET MOVEL 2;0.00
