data_hora_inicio;nro_telefone_chamado;duracao_ligacao;desc_categoria;valor_ligacao
2020-04-30 15:06:49;"";1.0;ADICIONAL;0.00
2020-04-29 11:14:40;"";1.0;ADICIONAL;0.00
2020-04-29 09:54:55;"";1.0;ADICIONAL;0.00
2020-04-29 09:44:43;"";1.0;ADICIONAL;0.00
2020-04-28 20:21:13;"";1.0;ADICIONAL;0.00
2020-04-28 09:25:10;5134550711;1.0;ADICIONAL;0.00
2020-04-28 08:59:28;"";1.0;ADICIONAL;0.00
2020-04-27 20:29:23;"";1.0;ADICIONAL;0.00
2020-04-27 15:31:12;"";1.0;ADICIONAL;0.00
2020-04-27 13:35:18;"";1.0;ADICIONAL;0.00
2020-04-26 20:03:37;"";1.0;ADICIONAL;0.00
2020-04-25 21:39:59;"";1.0;ADICIONAL;0.00
2020-04-25 14:57:50;"";1.0;ADICIONAL;0.00
2020-04-24 10:52:01;"";1.0;ADICIONAL;0.00
2020-04-23 20:04:43;"";1.0;ADICIONAL;0.00
2020-04-22 12:06:24;"";1.0;ADICIONAL;0.00
2020-04-01 07:54:29;51  993319478;105.0;Para Celulares Vivo;
2020-04-25 19:30:40;51  31912001;37.0;Para Fixo de Outras Operadoras;
2020-04-27 15:36:44;51  991153364;54.0;Para Celulares de Outras Operadoras;
2020-04-27 15:35:59;51  991153364;5.0;Para Celulares de Outras Operadoras;
2020-04-23 13:24:30;65  993605945;5.0;Para Celulares de Outras Operadoras;
2020-04-30 13:30:50;14  997292829;23.0;Para Celulares Vivo;
2020-04-30 10:04:33;51  991561376;36.0;Para Celulares Vivo;
2020-04-30 10:00:18;51  993319478;12.0;Para Celulares Vivo;
2020-04-29 21:04:13;14  997292829;71.0;Para Celulares Vivo;
2020-04-29 11:36:39;51  992592887;41.0;Para Celulares Vivo;
2020-04-29 10:21:19;51  993319478;77.0;Para Celulares Vivo;
2020-04-29 10:12:04;51  991561376;42.0;Para Celulares Vivo;
2020-04-29 09:48:38;51  991842754;63.0;Para Celulares Vivo;
2020-04-29 09:35:58;51  992592842;54.0;Para Celulares Vivo;
2020-04-28 10:31:57;51  998545903;110.0;Para Celulares Vivo;
2020-04-27 21:59:06;14  997292829;318.0;Para Celulares Vivo;
2020-04-27 14:27:17;65  996504226;97.0;Para Celulares Vivo;
2020-04-27 09:08:42;51  992592842;17.0;Para Celulares Vivo;
2020-04-27 08:08:19;43  991507893;19.0;Para Celulares Vivo;
2020-04-25 21:46:25;14  997292829;9.0;Para Celulares Vivo;
2020-04-25 21:37:30;14  997292829;18.0;Para Celulares Vivo;
2020-04-25 20:19:23;14  997292829;209.0;Para Celulares Vivo;
2020-04-25 20:13:51;14  997292829;22.0;Para Celulares Vivo;
2020-04-24 16:13:15;51  993319478;8.0;Para Celulares Vivo;
2020-04-24 16:06:49;51  993319478;60.0;Para Celulares Vivo;
2020-04-22 19:48:18;14  997292829;119.0;Para Celulares Vivo;
2020-04-22 16:49:21;14  997292829;5.0;Para Celulares Vivo;
2020-04-22 08:33:02;65  999661744;16.0;Para Celulares Vivo;
2020-04-30 13:30:50;14  997292829;0.0;Adicional por Ligacoes Realizadas;
2020-04-30 10:04:33;51  991561376;0.0;Adicional por Ligacoes Realizadas;
2020-04-30 10:00:18;51  993319478;0.0;Adicional por Ligacoes Realizadas;
2020-04-29 21:04:13;14  997292829;0.0;Adicional por Ligacoes Realizadas;
2020-04-29 11:36:39;51  992592887;0.0;Adicional por Ligacoes Realizadas;
2020-04-29 10:21:19;51  993319478;0.0;Adicional por Ligacoes Realizadas;
2020-04-29 10:12:04;51  991561376;0.0;Adicional por Ligacoes Realizadas;
2020-04-29 09:48:38;51  991842754;0.0;Adicional por Ligacoes Realizadas;
2020-04-29 09:35:58;51  992592842;0.0;Adicional por Ligacoes Realizadas;
2020-04-28 10:31:57;51  998545903;0.0;Adicional por Ligacoes Realizadas;
2020-04-27 21:59:06;14  997292829;0.0;Adicional por Ligacoes Realizadas;
2020-04-27 17:25:45;08  007260101;0.0;Adicional por Ligacoes Realizadas;
2020-04-27 15:36:44;51  991153364;0.0;Adicional por Ligacoes Realizadas;
2020-04-27 15:35:59;51  991153364;0.0;Adicional por Ligacoes Realizadas;
2020-04-27 14:27:17;65  996504226;0.0;Adicional por Ligacoes Realizadas;
2020-04-27 13:43:18;66  40044828;0.0;Adicional por Ligacoes Realizadas;
2020-04-27 13:33:32;66  40044828;0.0;Adicional por Ligacoes Realizadas;
2020-04-27 13:28:13;66  40044828;0.0;Adicional por Ligacoes Realizadas;
2020-04-27 13:17:23;66  40044828;0.0;Adicional por Ligacoes Realizadas;
2020-04-27 09:08:42;51  992592842;0.0;Adicional por Ligacoes Realizadas;
2020-04-27 08:08:19;43  991507893;0.0;Adicional por Ligacoes Realizadas;
2020-04-25 21:46:25;14  997292829;0.0;Adicional por Ligacoes Realizadas;
2020-04-25 21:37:30;14  997292829;0.0;Adicional por Ligacoes Realizadas;
2020-04-25 20:19:23;14  997292829;0.0;Adicional por Ligacoes Realizadas;
2020-04-25 20:13:51;14  997292829;0.0;Adicional por Ligacoes Realizadas;
2020-04-25 19:30:40;51  31912001;0.0;Adicional por Ligacoes Realizadas;
2020-04-25 10:22:00;66  40044828;0.0;Adicional por Ligacoes Realizadas;
2020-04-24 16:13:15;51  993319478;0.0;Adicional por Ligacoes Realizadas;
2020-04-24 16:06:49;51  993319478;0.0;Adicional por Ligacoes Realizadas;
2020-04-24 11:53:38;08  006466444;0.0;Adicional por Ligacoes Realizadas;
2020-04-23 13:24:30;65  993605945;0.0;Adicional por Ligacoes Realizadas;
2020-04-22 19:48:18;14  997292829;0.0;Adicional por Ligacoes Realizadas;
2020-04-22 16:49:21;14  997292829;0.0;Adicional por Ligacoes Realizadas;
2020-04-22 08:33:02;65  999661744;0.0;Adicional por Ligacoes Realizadas;
2020-04-15 11:28:24;11  40040030;17.0;Para Fixo de Outras Operadoras;
2020-04-02 15:01:15;61  21061035;47.0;Para Fixo de Outras Operadoras;
2020-04-16 11:45:10;63  992239925;77.0;Para Celulares de Outras Operadoras;
2020-04-16 10:28:02;66  984379654;43.0;Para Celulares de Outras Operadoras;
2020-04-14 09:09:17;65  992183573;12.0;Para Celulares de Outras Operadoras;
2020-04-17 15:15:43;45  991547888;15.0;Para Celulares Vivo;
2020-04-17 09:50:12;66  999352148;115.0;Para Celulares Vivo;
2020-04-16 14:55:07;77  999719724;16.0;Para Celulares Vivo;
2020-04-16 10:55:04;43  991507893;22.0;Para Celulares Vivo;
2020-04-14 12:32:27;89  999219062;6.0;Para Celulares Vivo;
2020-04-13 16:09:54;14  996802267;64.0;Para Celulares Vivo;
2020-04-11 15:45:35;14  997292829;5.0;Para Celulares Vivo;
2020-04-09 15:16:37;77  999719724;32.0;Para Celulares Vivo;
2020-04-09 15:08:35;77  991355330;17.0;Para Celulares Vivo;
2020-04-07 09:49:48;66  996722010;28.0;Para Celulares Vivo;
2020-04-06 09:32:51;89  999219062;33.0;Para Celulares Vivo;
2020-04-02 10:17:12;66  996389387;31.0;Para Celulares Vivo;
2020-04-02 10:04:34;66  996389387;40.0;Para Celulares Vivo;
2020-04-01 17:21:36;66  996854589;25.0;Para Celulares Vivo;
2020-04-17 15:24:40;54  999649754;30.0;Para Celulares Vivo;
2020-04-27 17:25:45;08  007260101;30.0;"";
2020-04-24 11:53:38;08  006466444;16.0;"";
2020-04-30 15:06:49;    ;244.0;Chamadas de Longa Distancia para Outros Estados;
2020-04-29 11:14:40;    ;78.0;Chamadas de Longa Distancia para Outros Estados;
2020-04-29 09:54:55;    ;33.0;Chamadas de Longa Distancia para Outros Estados;
2020-04-29 09:44:43;    ;14.0;Chamadas de Longa Distancia para Outros Estados;
2020-04-28 20:21:13;    ;44.0;Chamadas de Longa Distancia para Outros Estados;
2020-04-28 09:25:10;51  34550711;50.0;Chamadas de Longa Distancia para Outros Estados;
2020-04-28 08:59:28;    ;21.0;Chamadas de Longa Distancia para Outros Estados;
2020-04-27 20:29:23;    ;5.0;Chamadas de Longa Distancia para Outros Estados;
2020-04-27 15:31:12;    ;40.0;Chamadas de Longa Distancia para Outros Estados;
2020-04-27 13:35:18;    ;31.0;Chamadas de Longa Distancia para Outros Estados;
2020-04-26 20:03:37;    ;212.0;Chamadas de Longa Distancia para Outros Estados;
2020-04-25 21:39:59;    ;5.0;Chamadas de Longa Distancia para Outros Estados;
2020-04-25 14:57:50;    ;30.0;Chamadas de Longa Distancia para Outros Estados;
2020-04-24 10:52:01;    ;32.0;Chamadas de Longa Distancia para Outros Estados;
2020-04-23 20:04:43;    ;138.0;Chamadas de Longa Distancia para Outros Estados;
2020-04-22 12:06:24;    ;9.0;Chamadas de Longa Distancia para Outros Estados;
2020-04-27 13:43:18;66  40044828;289.0;Para Fixo Vivo;
2020-04-27 13:33:32;66  40044828;18.0;Para Fixo Vivo;
2020-04-27 13:28:13;66  40044828;24.0;Para Fixo Vivo;
2020-04-27 13:17:23;66  40044828;21.0;Para Fixo Vivo;
2020-04-25 10:22:00;66  40044828;176.0;Para Fixo Vivo;
2020-04-22 05:30:18;*5  55;10.0;"";
2020-04-22 05:29:36;*5  55;5.0;"";
2020-04-12 19:08:18;*5  55;5.0;"";
2020-04-15 14:09:53;51  34721184;67.0;Para Fixo de Outras Operadoras;
2020-04-06 09:50:16;51  33719000;16.0;Para Fixo de Outras Operadoras;
2020-04-16 17:33:15;51  991153364;214.0;Para Celulares de Outras Operadoras;
2020-04-14 18:03:25;51  981008325;8.0;Para Celulares de Outras Operadoras;
2020-04-13 10:12:24;51  991153364;36.0;Para Celulares de Outras Operadoras;
2020-04-08 10:44:29;51  981008325;13.0;Para Celulares de Outras Operadoras;
2020-04-07 17:42:38;51  991153364;79.0;Para Celulares de Outras Operadoras;
2020-04-07 17:04:51;51  981242372;51.0;Para Celulares de Outras Operadoras;
2020-04-20 16:39:46;51  30724151;5.0;Para Fixo Vivo;
2020-04-13 16:42:26;51  21313323;20.0;Para Fixo Vivo;
2020-04-02 09:38:27;51  21313379;17.0;Para Fixo Vivo;
2020-04-20 16:45:59;51  993044151;7.0;Para Celulares Vivo;
2020-04-15 19:41:34;51  991561376;5.0;Para Celulares Vivo;
2020-04-14 19:34:07;51  993319478;43.0;Para Celulares Vivo;
2020-04-14 14:22:28;51  991561376;37.0;Para Celulares Vivo;
2020-04-14 10:06:51;51  998545903;44.0;Para Celulares Vivo;
2020-04-14 09:46:55;51  991561376;107.0;Para Celulares Vivo;
2020-04-13 09:20:13;51  998525944;27.0;Para Celulares Vivo;
2020-04-13 08:26:12;51  991561376;6.0;Para Celulares Vivo;
2020-04-09 15:35:56;51  993319478;89.0;Para Celulares Vivo;
2020-04-09 11:27:24;51  991561376;126.0;Para Celulares Vivo;
2020-04-08 16:12:45;51  982501166;101.0;Para Celulares Vivo;
2020-04-08 07:01:09;51  993319478;100.0;Para Celulares Vivo;
2020-04-07 17:34:58;51  993319478;62.0;Para Celulares Vivo;
2020-04-06 10:35:29;51  993119416;79.0;Para Celulares Vivo;
2020-04-06 10:29:35;51  998525944;54.0;Para Celulares Vivo;
2020-04-06 09:36:34;51  993319478;27.0;Para Celulares Vivo;
2020-04-06 09:07:30;51  993319478;155.0;Para Celulares Vivo;
2020-04-03 11:21:46;51  992592842;5.0;Para Celulares Vivo;
2020-04-03 08:19:15;51  993319478;5.0;Para Celulares Vivo;
2020-04-03 08:15:14;51  993319478;27.0;Para Celulares Vivo;
2020-04-02 20:53:35;51  993319478;87.0;Para Celulares Vivo;
2020-04-02 19:47:16;51  991561376;123.0;Para Celulares Vivo;
2020-04-02 16:12:14;51  992592835;19.0;Para Celulares Vivo;
2020-03-31;"";3184.6;INTERNET MOVEL 2;0.00
2020-04-01;"";210.0;INTERNET MOVEL 2;0.00
2020-04-02;"";438.0;INTERNET MOVEL 2;0.00
2020-04-03;"";440.0;INTERNET MOVEL 2;0.00
2020-04-04;"";26488.8;INTERNET MOVEL 2;0.00
2020-04-05;"";1899.0;INTERNET MOVEL 2;0.00
2020-04-06;"";35146.0;INTERNET MOVEL 2;0.00
2020-04-07;"";30909.3;INTERNET MOVEL 2;0.00
2020-04-08;"";496.0;INTERNET MOVEL 2;0.00
2020-04-09;"";377.0;INTERNET MOVEL 2;0.00
2020-04-10;"";32704.4;INTERNET MOVEL 2;0.00
2020-04-11;"";124705.1;INTERNET MOVEL 2;0.00
2020-04-12;"";14254.3;INTERNET MOVEL 2;0.00
2020-04-13;"";4952.0;INTERNET MOVEL 2;0.00
2020-04-14;"";426.0;INTERNET MOVEL 2;0.00
2020-04-15;"";9674.5;INTERNET MOVEL 2;0.00
2020-04-16;"";1208.0;INTERNET MOVEL 2;0.00
2020-04-17;"";15758.2;INTERNET MOVEL 2;0.00
2020-04-18;"";1938.0;INTERNET MOVEL 2;0.00
2020-04-19;"";5935.0;INTERNET MOVEL 2;0.00
2020-04-20;"";1536.0;INTERNET MOVEL 2;0.00
2020-04-21;"";449.0;INTERNET MOVEL 2;0.00
2020-04-22;"";32763.0;INTERNET MOVEL 2;0.00
2020-04-23;"";131243.7;INTERNET MOVEL 2;0.00
2020-04-24;"";57170.4;INTERNET MOVEL 2;0.00
2020-04-25;"";158601.0;INTERNET MOVEL 2;0.00
2020-04-26;"";1919.9;INTERNET MOVEL 2;0.00
2020-04-27;"";37213.7;INTERNET MOVEL 2;0.00
2020-04-28;"";3609.3;INTERNET MOVEL 2;0.00
2020-04-29;"";20181.9;INTERNET MOVEL 2;0.00
2020-04-30;"";9093.4;INTERNET MOVEL 2;0.00
2020-05-01;"";114.0;INTERNET MOVEL 2;0.00
