data_hora_inicio;nro_telefone_chamado;duracao_ligacao;desc_categoria;valor_ligacao
2020-04-24 08:13:33;51992592716;1.0;GRATIS-SMS;0.00
2020-04-01 10:43:49;51  21313333;13.0;Para Fixo Vivo;
2020-04-01 18:59:02;51  991857215;5.0;Para Celulares Vivo;
2020-04-01 09:41:58;51  992592716;10.0;Para Celulares Vivo;
2020-04-01 09:35:46;51  992592716;5.0;Para Celulares Vivo;
2020-04-15 12:24:11;11  40044938;14.0;Para Fixo de Outras Operadoras;
2020-04-15 12:17:03;11  40044938;6.0;Para Fixo de Outras Operadoras;
2020-04-30 09:19:22;51  40049009;24.0;Para Fixo de Outras Operadoras;
2020-04-29 14:27:52;51  32156400;5.0;Para Fixo de Outras Operadoras;
2020-04-29 14:23:37;51  40049009;20.0;Para Fixo de Outras Operadoras;
2020-04-28 11:47:41;51  40049009;95.0;Para Fixo de Outras Operadoras;
2020-04-27 19:53:16;51  32695000;9.0;Para Fixo de Outras Operadoras;
2020-04-16 19:50:58;51  40041112;5.0;Para Fixo de Outras Operadoras;
2020-04-16 16:44:02;51  30858032;19.0;Para Fixo de Outras Operadoras;
2020-04-14 15:32:31;51  32235788;5.0;Para Fixo de Outras Operadoras;
2020-04-13 14:55:34;51  32235788;6.0;Para Fixo de Outras Operadoras;
2020-04-07 13:46:26;51  30728177;6.0;Para Fixo de Outras Operadoras;
2020-04-07 13:45:03;51  32236455;6.0;Para Fixo de Outras Operadoras;
2020-04-27 19:59:13;51  991979828;16.0;Para Celulares de Outras Operadoras;
2020-04-23 09:50:36;51  985436649;5.0;Para Celulares de Outras Operadoras;
2020-04-10 08:10:17;51  985436649;5.0;Para Celulares de Outras Operadoras;
2020-04-07 09:27:40;51  981402405;50.0;Para Celulares de Outras Operadoras;
2020-04-06 19:16:29;51  981110769;38.0;Para Celulares de Outras Operadoras;
2020-04-02 11:25:55;51  991987887;86.0;Para Celulares de Outras Operadoras;
2020-04-02 09:06:25;51  993173269;5.0;Para Celulares de Outras Operadoras;
2020-04-22 17:33:14;51  21313333;28.0;Para Fixo Vivo;
2020-04-22 17:27:12;51  21313333;13.0;Para Fixo Vivo;
2020-04-30 16:54:40;51  991857215;5.0;Para Celulares Vivo;
2020-04-30 14:56:45;51  991857215;16.0;Para Celulares Vivo;
2020-04-29 10:19:45;51  991857215;5.0;Para Celulares Vivo;
2020-04-28 08:43:59;51  992592716;63.0;Para Celulares Vivo;
2020-04-27 20:16:02;51  992592716;5.0;Para Celulares Vivo;
2020-04-27 17:55:54;51  980314647;5.0;Para Celulares Vivo;
2020-04-27 16:37:36;51  996072559;5.0;Para Celulares Vivo;
2020-04-27 15:59:35;51  992592716;5.0;Para Celulares Vivo;
2020-04-27 10:29:57;51  991857215;5.0;Para Celulares Vivo;
2020-04-27 10:08:17;51  992592716;5.0;Para Celulares Vivo;
2020-04-27 09:28:29;51  999399392;25.0;Para Celulares Vivo;
2020-04-26 19:48:26;51  992592716;30.0;Para Celulares Vivo;
2020-04-25 19:01:40;51  991857215;5.0;Para Celulares Vivo;
2020-04-25 09:25:48;51  980314647;5.0;Para Celulares Vivo;
2020-04-23 18:04:39;51  980314647;5.0;Para Celulares Vivo;
2020-04-23 16:41:08;51  996072559;5.0;Para Celulares Vivo;
2020-04-23 10:50:25;51  980314647;5.0;Para Celulares Vivo;
2020-04-23 09:19:11;51  992592716;5.0;Para Celulares Vivo;
2020-04-22 22:38:54;51  992592803;5.0;Para Celulares Vivo;
2020-04-22 09:10:26;51  992592716;5.0;Para Celulares Vivo;
2020-04-21 19:05:04;51  996072559;6.0;Para Celulares Vivo;
2020-04-21 08:30:49;51  996072559;6.0;Para Celulares Vivo;
2020-04-20 11:08:34;51  980314647;6.0;Para Celulares Vivo;
2020-04-19 10:07:00;51  980314647;5.0;Para Celulares Vivo;
2020-04-19 09:30:37;51  980314647;5.0;Para Celulares Vivo;
2020-04-18 15:49:52;51  980314647;5.0;Para Celulares Vivo;
2020-04-17 16:40:46;51  991857215;5.0;Para Celulares Vivo;
2020-04-17 10:26:16;51  980314647;5.0;Para Celulares Vivo;
2020-04-17 08:04:26;51  996072559;15.0;Para Celulares Vivo;
2020-04-16 15:27:45;51  992592716;5.0;Para Celulares Vivo;
2020-04-16 12:53:01;51  997953368;19.0;Para Celulares Vivo;
2020-04-16 12:50:55;51  992592716;17.0;Para Celulares Vivo;
2020-04-16 12:48:54;51  997953368;11.0;Para Celulares Vivo;
2020-04-15 17:17:02;51  996732270;19.0;Para Celulares Vivo;
2020-04-15 11:25:55;51  980314647;5.0;Para Celulares Vivo;
2020-04-15 10:00:10;51  992592716;24.0;Para Celulares Vivo;
2020-04-15 09:54:13;51  992592716;5.0;Para Celulares Vivo;
2020-04-14 18:26:41;51  980314647;5.0;Para Celulares Vivo;
2020-04-14 11:12:51;51  991857215;5.0;Para Celulares Vivo;
2020-04-13 18:12:01;51  991857215;5.0;Para Celulares Vivo;
2020-04-13 11:04:52;51  991857215;5.0;Para Celulares Vivo;
2020-04-13 10:53:57;51  992592716;9.0;Para Celulares Vivo;
2020-04-13 10:22:28;51  992592716;18.0;Para Celulares Vivo;
2020-04-13 10:03:00;51  992592716;16.0;Para Celulares Vivo;
2020-04-13 08:15:38;51  992592716;17.0;Para Celulares Vivo;
2020-04-11 10:50:04;51  980314647;5.0;Para Celulares Vivo;
2020-04-11 10:26:01;51  980314647;5.0;Para Celulares Vivo;
2020-04-09 15:20:33;51  996072559;5.0;Para Celulares Vivo;
2020-04-09 10:24:36;51  980314647;5.0;Para Celulares Vivo;
2020-04-08 15:35:26;51  996732270;15.0;Para Celulares Vivo;
2020-04-08 15:29:02;51  992592818;53.0;Para Celulares Vivo;
2020-04-08 15:16:00;51  992592716;21.0;Para Celulares Vivo;
2020-04-07 13:47:17;51  992592716;7.0;Para Celulares Vivo;
2020-04-07 13:41:37;51  996072559;13.0;Para Celulares Vivo;
2020-04-07 11:22:45;51  992592716;18.0;Para Celulares Vivo;
2020-04-07 10:47:02;51  992592716;17.0;Para Celulares Vivo;
2020-04-06 16:42:51;51  992592716;12.0;Para Celulares Vivo;
2020-04-06 15:05:23;51  996072559;5.0;Para Celulares Vivo;
2020-04-06 12:19:39;51  980314647;5.0;Para Celulares Vivo;
2020-04-06 10:59:09;51  980314647;7.0;Para Celulares Vivo;
2020-04-06 09:49:58;51  992592716;9.0;Para Celulares Vivo;
2020-04-06 09:40:29;51  992592716;5.0;Para Celulares Vivo;
2020-04-04 18:11:48;51  980314647;5.0;Para Celulares Vivo;
2020-04-04 12:24:54;51  992592803;28.0;Para Celulares Vivo;
2020-04-03 18:07:57;51  991857215;5.0;Para Celulares Vivo;
2020-04-03 17:37:54;51  991857215;30.0;Para Celulares Vivo;
2020-04-03 11:39:13;51  980314647;5.0;Para Celulares Vivo;
2020-04-02 10:18:11;51  980314647;5.0;Para Celulares Vivo;
2020-04-02 09:57:36;51  992592716;19.0;Para Celulares Vivo;
2020-04-02 09:37:19;51  992592716;22.0;Para Celulares Vivo;
2020-04-02 09:15:16;51  996072559;8.0;Para Celulares Vivo;
2020-04-02 09:07:38;51  992592716;14.0;Para Celulares Vivo;
2020-03-31;"";142.0;INTERNET MOVEL 2;0.00
2020-04-01;"";73743.9;INTERNET MOVEL 2;0.00
2020-04-02;"";11515.2;INTERNET MOVEL 2;0.00
2020-04-03;"";55691.2;INTERNET MOVEL 2;0.00
2020-04-04;"";77716.7;INTERNET MOVEL 2;0.00
2020-04-05;"";103450.0;INTERNET MOVEL 2;0.00
2020-04-06;"";40300.3;INTERNET MOVEL 2;0.00
2020-04-07;"";23453.8;INTERNET MOVEL 2;0.00
2020-04-08;"";25564.9;INTERNET MOVEL 2;0.00
2020-04-09;"";40267.4;INTERNET MOVEL 2;0.00
2020-04-10;"";23978.7;INTERNET MOVEL 2;0.00
2020-04-11;"";33491.1;INTERNET MOVEL 2;0.00
2020-04-12;"";5030.2;INTERNET MOVEL 2;0.00
2020-04-13;"";37385.2;INTERNET MOVEL 2;0.00
2020-04-14;"";24396.1;INTERNET MOVEL 2;0.00
2020-04-15;"";157180.8;INTERNET MOVEL 2;0.00
2020-04-16;"";167667.0;INTERNET MOVEL 2;0.00
2020-04-17;"";81732.5;INTERNET MOVEL 2;0.00
2020-04-18;"";9782.4;INTERNET MOVEL 2;0.00
2020-04-19;"";4258.5;INTERNET MOVEL 2;0.00
2020-04-20;"";194487.1;INTERNET MOVEL 2;0.00
2020-04-21;"";11078.0;INTERNET MOVEL 2;0.00
2020-04-22;"";70736.5;INTERNET MOVEL 2;0.00
2020-04-23;"";30195.4;INTERNET MOVEL 2;0.00
2020-04-24;"";69004.5;INTERNET MOVEL 2;0.00
2020-04-25;"";12387.4;INTERNET MOVEL 2;0.00
2020-04-26;"";34591.2;INTERNET MOVEL 2;0.00
2020-04-27;"";67967.8;INTERNET MOVEL 2;0.00
2020-04-28;"";47866.2;INTERNET MOVEL 2;0.00
2020-04-29;"";110158.1;INTERNET MOVEL 2;0.00
2020-04-30;"";37478.2;INTERNET MOVEL 2;0.00
2020-05-01;"";92.0;INTERNET MOVEL 2;0.00
