data_hora_inicio;nro_telefone_chamado;duracao_ligacao;desc_categoria;valor_ligacao
2020-04-01 16:28:52;31  993970052;5.0;Para Celulares Vivo;
2020-04-01 11:25:23;31  993970052;9.0;Para Celulares Vivo;
2020-04-01 10:55:34;31  993970052;5.0;Para Celulares Vivo;
2020-04-27 14:03:35;51  30697191;24.0;Para Fixo Vivo;
2020-04-22 14:23:13;51  37371100;115.0;Para Fixo de Outras Operadoras;
2020-04-27 15:15:56;27  992294668;116.0;Para Celulares de Outras Operadoras;
2020-04-30 17:32:45;51  981679716;73.0;Para Celulares Vivo;
2020-04-30 10:52:21;51  999684751;7.0;Para Celulares Vivo;
2020-04-30 09:20:36;51  981679716;24.0;Para Celulares Vivo;
2020-04-30 09:03:43;11  985555121;25.0;Para Celulares Vivo;
2020-04-30 08:37:31;51  999684751;17.0;Para Celulares Vivo;
2020-04-28 11:45:33;51  981679716;55.0;Para Celulares Vivo;
2020-04-23 14:20:42;51  999684751;64.0;Para Celulares Vivo;
2020-04-23 13:38:32;27  992621409;5.0;Para Celulares Vivo;
2020-04-23 13:36:59;27  992621409;11.0;Para Celulares Vivo;
2020-04-22 14:22:10;51  981679716;5.0;Para Celulares Vivo;
2020-04-16 12:04:49;67  996417488;96.0;Para Celulares Vivo;
2020-04-14 13:23:35;27  992554622;31.0;Para Celulares Vivo;
2020-04-14 11:27:48;27  999529145;164.0;Para Celulares Vivo;
2020-04-14 11:17:39;27  992554622;61.0;Para Celulares Vivo;
2020-04-02 09:21:29;51  999684751;24.0;Para Celulares Vivo;
2020-04-23 13:27:20;31  29420401;5.0;Para Fixo de Outras Operadoras;
2020-04-20 11:00:06;31  34420513;16.0;Para Fixo de Outras Operadoras;
2020-04-15 19:55:11;31  34888200;44.0;Para Fixo de Outras Operadoras;
2020-04-10 22:21:51;31  34864926;12.0;Para Fixo de Outras Operadoras;
2020-04-09 12:40:57;31  35049180;10.0;Para Fixo de Outras Operadoras;
2020-04-08 13:55:31;31  32825340;26.0;Para Fixo de Outras Operadoras;
2020-04-06 12:02:58;31  32825340;63.0;Para Fixo de Outras Operadoras;
2020-04-06 11:22:52;31  32825340;11.0;Para Fixo de Outras Operadoras;
2020-04-02 14:19:17;31  32825340;5.0;Para Fixo de Outras Operadoras;
2020-04-02 10:50:50;31  32825340;21.0;Para Fixo de Outras Operadoras;
2020-04-30 17:54:31;31  992641208;133.0;Para Celulares de Outras Operadoras;
2020-04-28 18:18:09;31  988862644;35.0;Para Celulares de Outras Operadoras;
2020-04-28 17:49:12;31  992641208;176.0;Para Celulares de Outras Operadoras;
2020-04-28 14:56:48;31  984721338;5.0;Para Celulares de Outras Operadoras;
2020-04-28 14:48:49;31  991572952;17.0;Para Celulares de Outras Operadoras;
2020-04-28 12:48:17;31  992641208;42.0;Para Celulares de Outras Operadoras;
2020-04-28 11:10:31;31  992641208;67.0;Para Celulares de Outras Operadoras;
2020-04-27 14:29:16;31  993040427;5.0;Para Celulares de Outras Operadoras;
2020-04-27 14:08:04;31  992641208;46.0;Para Celulares de Outras Operadoras;
2020-04-24 09:43:32;31  993040427;5.0;Para Celulares de Outras Operadoras;
2020-04-24 09:38:33;31  993040427;17.0;Para Celulares de Outras Operadoras;
2020-04-24 08:15:33;31  993040427;423.0;Para Celulares de Outras Operadoras;
2020-04-24 07:52:31;31  984525210;5.0;Para Celulares de Outras Operadoras;
2020-04-23 17:50:28;31  992641208;177.0;Para Celulares de Outras Operadoras;
2020-04-22 16:35:02;31  992641208;69.0;Para Celulares de Outras Operadoras;
2020-04-20 11:08:51;31  920016007;11.0;Para Celulares de Outras Operadoras;
2020-04-20 10:09:45;31  920016007;24.0;Para Celulares de Outras Operadoras;
2020-04-17 14:40:58;31  992641208;351.0;Para Celulares de Outras Operadoras;
2020-04-09 11:23:03;31  993079325;76.0;Para Celulares de Outras Operadoras;
2020-04-08 15:41:24;31  993079325;28.0;Para Celulares de Outras Operadoras;
2020-04-06 15:19:16;31  993079325;61.0;Para Celulares de Outras Operadoras;
2020-04-06 11:06:45;31  992641208;38.0;Para Celulares de Outras Operadoras;
2020-04-06 11:02:12;31  984721338;43.0;Para Celulares de Outras Operadoras;
2020-04-06 10:47:20;31  992641208;33.0;Para Celulares de Outras Operadoras;
2020-04-06 10:34:22;31  988862644;11.0;Para Celulares de Outras Operadoras;
2020-04-06 10:21:01;31  988862644;13.0;Para Celulares de Outras Operadoras;
2020-04-06 09:52:35;31  992641208;58.0;Para Celulares de Outras Operadoras;
2020-04-06 09:34:49;31  992641208;25.0;Para Celulares de Outras Operadoras;
2020-04-06 09:30:23;31  992641208;42.0;Para Celulares de Outras Operadoras;
2020-04-06 09:12:27;31  992641208;48.0;Para Celulares de Outras Operadoras;
2020-04-02 14:55:17;31  993079325;22.0;Para Celulares de Outras Operadoras;
2020-04-20 10:50:49;31  34291000;22.0;Para Fixo Vivo;
2020-04-30 19:08:08;31  971299534;9.0;Para Celulares Vivo;
2020-04-30 18:51:51;31  971299534;105.0;Para Celulares Vivo;
2020-04-30 18:20:01;31  971299534;101.0;Para Celulares Vivo;
2020-04-30 18:11:03;31  971299534;76.0;Para Celulares Vivo;
2020-04-30 18:08:08;31  993970052;17.0;Para Celulares Vivo;
2020-04-30 16:16:58;31  991093394;25.0;Para Celulares Vivo;
2020-04-30 12:13:57;31  991093394;59.0;Para Celulares Vivo;
2020-04-30 08:25:51;31  999204077;31.0;Para Celulares Vivo;
2020-04-29 11:10:59;31  997686304;101.0;Para Celulares Vivo;
2020-04-29 11:08:14;31  997686304;20.0;Para Celulares Vivo;
2020-04-29 09:18:12;31  971299534;118.0;Para Celulares Vivo;
2020-04-28 17:47:11;31  993970052;13.0;Para Celulares Vivo;
2020-04-28 13:38:47;31  996705686;30.0;Para Celulares Vivo;
2020-04-28 09:46:25;31  993970052;5.0;Para Celulares Vivo;
2020-04-27 18:01:58;31  999204077;30.0;Para Celulares Vivo;
2020-04-27 17:45:48;31  993970052;8.0;Para Celulares Vivo;
2020-04-27 17:18:18;31  993970052;5.0;Para Celulares Vivo;
2020-04-27 14:51:31;31  971299534;45.0;Para Celulares Vivo;
2020-04-27 13:45:43;31  991093394;107.0;Para Celulares Vivo;
2020-04-27 09:39:38;31  993970052;40.0;Para Celulares Vivo;
2020-04-24 15:12:47;31  971299534;62.0;Para Celulares Vivo;
2020-04-24 14:19:45;31  971299534;62.0;Para Celulares Vivo;
2020-04-24 13:50:14;31  971299534;103.0;Para Celulares Vivo;
2020-04-24 10:43:16;31  983934517;62.0;Para Celulares Vivo;
2020-04-23 17:41:02;31  993970052;10.0;Para Celulares Vivo;
2020-04-23 16:41:34;31  991093394;17.0;Para Celulares Vivo;
2020-04-23 15:34:09;31  993970052;22.0;Para Celulares Vivo;
2020-04-23 14:50:33;31  993970052;52.0;Para Celulares Vivo;
2020-04-23 11:37:50;31  991093394;121.0;Para Celulares Vivo;
2020-04-22 16:54:21;31  993970052;28.0;Para Celulares Vivo;
2020-04-22 09:40:06;31  993970052;10.0;Para Celulares Vivo;
2020-04-21 12:48:12;31  993970052;5.0;Para Celulares Vivo;
2020-04-21 12:02:07;31  993970052;18.0;Para Celulares Vivo;
2020-04-19 14:45:33;31  999204077;114.0;Para Celulares Vivo;
2020-04-17 13:55:54;31  993970052;39.0;Para Celulares Vivo;
2020-04-16 17:14:12;31  993970052;22.0;Para Celulares Vivo;
2020-04-16 15:32:47;31  997649947;15.0;Para Celulares Vivo;
2020-04-16 14:28:08;31  998265646;5.0;Para Celulares Vivo;
2020-04-16 14:01:44;31  993970052;22.0;Para Celulares Vivo;
2020-04-16 11:47:32;31  983934517;157.0;Para Celulares Vivo;
2020-04-16 11:42:39;31  983934517;41.0;Para Celulares Vivo;
2020-04-16 11:05:37;31  998265646;29.0;Para Celulares Vivo;
2020-04-16 10:53:34;31  993970052;10.0;Para Celulares Vivo;
2020-04-15 17:10:06;31  993970052;5.0;Para Celulares Vivo;
2020-04-15 16:42:45;31  993970052;5.0;Para Celulares Vivo;
2020-04-14 18:07:51;31  993970052;5.0;Para Celulares Vivo;
2020-04-14 16:50:13;31  993970052;6.0;Para Celulares Vivo;
2020-04-14 16:39:52;31  993970052;50.0;Para Celulares Vivo;
2020-04-14 12:52:59;31  993970052;19.0;Para Celulares Vivo;
2020-04-13 11:53:29;31  999088059;115.0;Para Celulares Vivo;
2020-04-13 11:52:06;31  999088059;10.0;Para Celulares Vivo;
2020-04-11 16:35:28;31  993970052;5.0;Para Celulares Vivo;
2020-04-09 16:32:21;31  993970052;5.0;Para Celulares Vivo;
2020-04-09 11:31:00;31  997649947;5.0;Para Celulares Vivo;
2020-04-07 19:01:54;31  971299534;429.0;Para Celulares Vivo;
2020-04-07 11:45:14;31  993970052;51.0;Para Celulares Vivo;
2020-04-06 15:08:05;31  993970052;8.0;Para Celulares Vivo;
2020-04-06 15:01:03;31  993970052;5.0;Para Celulares Vivo;
2020-04-06 09:29:44;31  993970052;5.0;Para Celulares Vivo;
2020-04-06 09:18:33;31  993970052;28.0;Para Celulares Vivo;
2020-04-02 10:49:56;31  993970052;5.0;Para Celulares Vivo;
2020-04-02 09:27:35;31  971299534;5.0;Para Celulares Vivo;
2020-04-01;"";35094.7;INTERNET MOVEL 2;0.00
2020-04-02;"";73502.4;INTERNET MOVEL 2;0.00
2020-04-03;"";36923.3;INTERNET MOVEL 2;0.00
2020-04-04;"";34727.2;INTERNET MOVEL 2;0.00
2020-04-05;"";30930.3;INTERNET MOVEL 2;0.00
2020-04-06;"";19873.1;INTERNET MOVEL 2;0.00
2020-04-07;"";70686.5;INTERNET MOVEL 2;0.00
2020-04-08;"";43207.4;INTERNET MOVEL 2;0.00
2020-04-09;"";43486.4;INTERNET MOVEL 2;0.00
2020-04-10;"";37085.4;INTERNET MOVEL 2;0.00
2020-04-11;"";127527.3;INTERNET MOVEL 2;0.00
2020-04-12;"";36993.9;INTERNET MOVEL 2;0.00
2020-04-13;"";99667.8;INTERNET MOVEL 2;0.00
2020-04-14;"";82804.1;INTERNET MOVEL 2;0.00
2020-04-15;"";140372.0;INTERNET MOVEL 2;0.00
2020-04-16;"";24159.7;INTERNET MOVEL 2;0.00
2020-04-17;"";49211.4;INTERNET MOVEL 2;0.00
2020-04-18;"";113614.9;INTERNET MOVEL 2;0.00
2020-04-19;"";5952.9;INTERNET MOVEL 2;0.00
2020-04-20;"";190095.0;INTERNET MOVEL 2;0.00
2020-04-21;"";30158.2;INTERNET MOVEL 2;0.00
2020-04-22;"";97197.1;INTERNET MOVEL 2;0.00
2020-04-23;"";5072.8;INTERNET MOVEL 2;0.00
2020-04-24;"";95384.3;INTERNET MOVEL 2;0.00
2020-04-25;"";3969.4;INTERNET MOVEL 2;0.00
2020-04-26;"";51628.3;INTERNET MOVEL 2;0.00
2020-04-27;"";88142.0;INTERNET MOVEL 2;0.00
2020-04-28;"";27542.3;INTERNET MOVEL 2;0.00
2020-04-29;"";30546.4;INTERNET MOVEL 2;0.00
2020-04-30;"";64616.2;INTERNET MOVEL 2;0.00
