data_hora_inicio;nro_telefone_chamado;duracao_ligacao;desc_categoria;valor_ligacao
2020-04-29 12:41:08;51  33285322;5.0;Para Fixo de Outras Operadoras;
2020-04-27 15:05:34;51  33285322;8.0;Para Fixo de Outras Operadoras;
2020-04-06 15:24:01;51  33143838;102.0;Para Fixo de Outras Operadoras;
2020-04-06 15:12:05;51  33143838;39.0;Para Fixo de Outras Operadoras;
2020-04-06 15:08:25;51  33143838;11.0;Para Fixo de Outras Operadoras;
2020-04-06 14:58:17;51  33143838;46.0;Para Fixo de Outras Operadoras;
2020-04-06 13:04:57;51  33143838;38.0;Para Fixo de Outras Operadoras;
2020-04-06 12:44:15;51  33143838;54.0;Para Fixo de Outras Operadoras;
2020-04-24 11:26:06;51  30950505;10.0;Para Fixo Vivo;
2020-04-14 09:27:42;51  30619999;76.0;Para Fixo Vivo;
2020-04-14 09:27:11;51  30619999;5.0;Para Fixo Vivo;
2020-04-06 15:06:25;51  21364100;8.0;Para Fixo Vivo;
2020-04-06 15:04:19;51  21364100;8.0;Para Fixo Vivo;
2020-04-27 16:20:12;51  999854882;5.0;Para Celulares Vivo;
2020-04-13 18:09:33;51  994633376;5.0;Para Celulares Vivo;
2020-04-01;"";32.0;INTERNET MOVEL 2;0.00
2020-04-02;"";52.0;INTERNET MOVEL 2;0.00
2020-04-03;"";43.0;INTERNET MOVEL 2;0.00
2020-04-04;"";43.0;INTERNET MOVEL 2;0.00
2020-04-05;"";1466.0;INTERNET MOVEL 2;0.00
2020-04-06;"";47.0;INTERNET MOVEL 2;0.00
2020-04-07;"";49.0;INTERNET MOVEL 2;0.00
2020-04-08;"";305.0;INTERNET MOVEL 2;0.00
2020-04-09;"";61.0;INTERNET MOVEL 2;0.00
2020-04-10;"";39.0;INTERNET MOVEL 2;0.00
2020-04-11;"";42.0;INTERNET MOVEL 2;0.00
2020-04-12;"";28.0;INTERNET MOVEL 2;0.00
2020-04-13;"";2592.3;INTERNET MOVEL 2;0.00
2020-04-14;"";1220.0;INTERNET MOVEL 2;0.00
2020-04-15;"";267050.2;INTERNET MOVEL 2;0.00
2020-04-16;"";64822.6;INTERNET MOVEL 2;0.00
2020-04-17;"";68.0;INTERNET MOVEL 2;0.00
2020-04-18;"";50.0;INTERNET MOVEL 2;0.00
2020-04-19;"";33095.8;INTERNET MOVEL 2;0.00
2020-04-20;"";8909.7;INTERNET MOVEL 2;0.00
2020-04-21;"";65.0;INTERNET MOVEL 2;0.00
2020-04-22;"";1141.0;INTERNET MOVEL 2;0.00
2020-04-23;"";111.0;INTERNET MOVEL 2;0.00
2020-04-24;"";60.0;INTERNET MOVEL 2;0.00
2020-04-25;"";15056.1;INTERNET MOVEL 2;0.00
2020-04-26;"";41.0;INTERNET MOVEL 2;0.00
2020-04-27;"";58.0;INTERNET MOVEL 2;0.00
2020-04-28;"";30.0;INTERNET MOVEL 2;0.00
2020-04-29;"";13560.9;INTERNET MOVEL 2;0.00
2020-04-30;"";432.0;INTERNET MOVEL 2;0.00
