data_hora_inicio;nro_telefone_chamado;duracao_ligacao;desc_categoria;valor_ligacao
2020-04-30 12:57:24;51  993310055;29.0;Para Celulares de Outras Operadoras;
2020-04-24 15:00:20;51  991854580;7.0;Para Celulares de Outras Operadoras;
2020-04-22 16:59:22;51  993310055;20.0;Para Celulares de Outras Operadoras;
2020-04-08 13:35:32;51  991854580;15.0;Para Celulares de Outras Operadoras;
2020-04-07 18:34:01;51  989208939;43.0;Para Celulares de Outras Operadoras;
2020-04-23 09:25:32;51  998447472;30.0;Para Celulares Vivo;
2020-04-23 08:55:28;51  991943334;13.0;Para Celulares Vivo;
2020-04-13 15:26:09;51  991943334;5.0;Para Celulares Vivo;
