data_hora_inicio;nro_telefone_chamado;duracao_ligacao;desc_categoria;valor_ligacao
2020-04-01 21:29:15;51  982223067;5.0;Para Celulares de Outras Operadoras;
2020-04-27 15:51:59;11  972440552;49.0;Para Celulares de Outras Operadoras;
2020-04-27 12:37:08;11  994539546;166.0;Para Celulares de Outras Operadoras;
2020-04-24 15:24:15;13  997090881;98.0;Para Celulares de Outras Operadoras;
2020-04-24 09:24:03;11  994539546;26.0;Para Celulares de Outras Operadoras;
2020-04-23 14:48:57;11  994539546;15.0;Para Celulares de Outras Operadoras;
2020-04-27 16:24:44;51  40038201;43.0;Para Fixo de Outras Operadoras;
2020-04-13 10:50:46;51  34393116;10.0;Para Fixo de Outras Operadoras;
2020-04-12 14:05:35;51  33477609;5.0;Para Fixo de Outras Operadoras;
2020-04-06 14:24:59;51  32106500;10.0;Para Fixo de Outras Operadoras;
2020-04-02 11:01:34;51  40038201;39.0;Para Fixo de Outras Operadoras;
2020-04-29 21:01:44;51  992132604;38.0;Para Celulares de Outras Operadoras;
2020-04-29 18:01:41;51  984649058;390.0;Para Celulares de Outras Operadoras;
2020-04-27 18:17:47;51  984649058;7.0;Para Celulares de Outras Operadoras;
2020-04-27 16:41:47;51  984649058;37.0;Para Celulares de Outras Operadoras;
2020-04-25 09:13:15;51  982223067;10.0;Para Celulares de Outras Operadoras;
2020-04-24 16:00:56;51  984649058;115.0;Para Celulares de Outras Operadoras;
2020-04-23 20:44:47;51  982223067;5.0;Para Celulares de Outras Operadoras;
2020-04-23 17:17:01;51  982223067;6.0;Para Celulares de Outras Operadoras;
2020-04-23 17:08:20;51  984649058;12.0;Para Celulares de Outras Operadoras;
2020-04-22 17:25:22;51  984649058;42.0;Para Celulares de Outras Operadoras;
2020-04-22 09:52:19;51  984649058;122.0;Para Celulares de Outras Operadoras;
2020-04-20 17:49:18;51  984649058;73.0;Para Celulares de Outras Operadoras;
2020-04-19 16:59:49;51  984649058;51.0;Para Celulares de Outras Operadoras;
2020-04-17 13:46:34;51  984649058;5.0;Para Celulares de Outras Operadoras;
2020-04-16 12:08:26;51  991980620;46.0;Para Celulares de Outras Operadoras;
2020-04-16 11:23:49;51  984649058;164.0;Para Celulares de Outras Operadoras;
2020-04-15 14:57:24;51  981244827;5.0;Para Celulares de Outras Operadoras;
2020-04-15 14:01:06;51  984649058;37.0;Para Celulares de Outras Operadoras;
2020-04-14 12:56:56;51  984649058;5.0;Para Celulares de Outras Operadoras;
2020-04-13 17:42:27;51  985709551;65.0;Para Celulares de Outras Operadoras;
2020-04-12 14:08:48;51  984649058;5.0;Para Celulares de Outras Operadoras;
2020-04-10 10:35:21;51  982223067;5.0;Para Celulares de Outras Operadoras;
2020-04-10 10:04:11;51  984649058;24.0;Para Celulares de Outras Operadoras;
2020-04-08 15:57:17;51  984649058;38.0;Para Celulares de Outras Operadoras;
2020-04-05 11:28:57;51  984649058;5.0;Para Celulares de Outras Operadoras;
2020-04-04 20:56:43;51  984649058;18.0;Para Celulares de Outras Operadoras;
2020-04-04 15:27:54;51  982223067;7.0;Para Celulares de Outras Operadoras;
2020-04-03 11:48:23;51  982223067;11.0;Para Celulares de Outras Operadoras;
2020-04-03 11:40:40;51  984649058;35.0;Para Celulares de Outras Operadoras;
2020-04-03 09:03:44;51  984649058;62.0;Para Celulares de Outras Operadoras;
2020-04-02 17:17:15;51  985709551;60.0;Para Celulares de Outras Operadoras;
2020-04-16 20:05:37;51  33475300;8.0;Para Fixo Vivo;
2020-04-13 13:14:38;51  986195118;9.0;Para Fixo Vivo;
2020-04-13 10:56:52;51  34697174;13.0;Para Fixo Vivo;
2020-04-09 16:41:46;51  992466342;27.0;Para Celulares Vivo;
2020-04-03 21:54:49;51  995708024;10.0;Para Celulares Vivo;
2020-03-31;"";312.0;INTERNET MOVEL 2;0.00
2020-04-01;"";110906.3;INTERNET MOVEL 2;0.00
2020-04-02;"";130107.4;INTERNET MOVEL 2;0.00
2020-04-03;"";16544.1;INTERNET MOVEL 2;0.00
2020-04-04;"";115584.3;INTERNET MOVEL 2;0.00
2020-04-05;"";58305.8;INTERNET MOVEL 2;0.00
2020-04-06;"";91837.2;INTERNET MOVEL 2;0.00
2020-04-07;"";5044.5;INTERNET MOVEL 2;0.00
2020-04-08;"";130576.8;INTERNET MOVEL 2;0.00
2020-04-09;"";893.0;INTERNET MOVEL 2;0.00
2020-04-10;"";82796.7;INTERNET MOVEL 2;0.00
2020-04-11;"";61542.9;INTERNET MOVEL 2;0.00
2020-04-12;"";84743.0;INTERNET MOVEL 2;0.00
2020-04-13;"";147472.7;INTERNET MOVEL 2;0.00
2020-04-14;"";60221.7;INTERNET MOVEL 2;0.00
2020-04-15;"";173701.3;INTERNET MOVEL 2;0.00
2020-04-16;"";321092.0;INTERNET MOVEL 2;0.00
2020-04-17;"";83809.8;INTERNET MOVEL 2;0.00
2020-04-18;"";95461.8;INTERNET MOVEL 2;0.00
2020-04-19;"";18417.2;INTERNET MOVEL 2;0.00
2020-04-20;"";385.0;INTERNET MOVEL 2;0.00
2020-04-21;"";75694.6;INTERNET MOVEL 2;0.00
2020-04-22;"";16658.6;INTERNET MOVEL 2;0.00
2020-04-23;"";128828.9;INTERNET MOVEL 2;0.00
2020-04-24;"";53117.9;INTERNET MOVEL 2;0.00
2020-04-25;"";75379.3;INTERNET MOVEL 2;0.00
2020-04-26;"";18915.8;INTERNET MOVEL 2;0.00
2020-04-27;"";69414.7;INTERNET MOVEL 2;0.00
2020-04-28;"";61459.7;INTERNET MOVEL 2;0.00
2020-04-29;"";47666.9;INTERNET MOVEL 2;0.00
2020-04-30;"";187013.9;INTERNET MOVEL 2;0.00
2020-05-01;"";28.0;INTERNET MOVEL 2;0.00
