data_hora_inicio;nro_telefone_chamado;duracao_ligacao;desc_categoria;valor_ligacao
2020-05-01 05:13:59;6120;1.0;INTERATIVIDADE SMS;5.99
2020-04-23 21:43:08;6120;1.0;INTERATIVIDADE SMS;5.99
2020-04-16 05:27:03;6120;1.0;INTERATIVIDADE SMS;5.99
2020-04-08 22:32:55;6120;1.0;INTERATIVIDADE SMS;5.99
2020-04-01 22:18:45;6120;1.0;INTERATIVIDADE SMS;5.99
2020-04-01 16:40:08;*5  55;5.0;"";
2020-04-01 18:49:02;51  997596283;16.0;Para Celulares Vivo;
2020-04-01 12:43:47;51  999545971;13.0;Para Celulares Vivo;
2020-04-01 12:11:43;51  999545971;40.0;Para Celulares Vivo;
2020-04-01 12:04:32;51  999545971;5.0;Para Celulares Vivo;
2020-04-01 11:57:11;51  999545971;19.0;Para Celulares Vivo;
2020-04-01 11:26:33;51  999545971;38.0;Para Celulares Vivo;
2020-04-01 11:13:02;51  999545971;7.0;Para Celulares Vivo;
2020-04-29 23:14:40;51  984619982;16.0;Para Celulares de Outras Operadoras;
2020-04-07 18:27:00;51  985939037;9.0;Para Celulares de Outras Operadoras;
2020-04-07 18:08:11;51  989439561;7.0;Para Celulares de Outras Operadoras;
2020-04-07 16:14:30;51  985732262;22.0;Para Celulares de Outras Operadoras;
2020-04-07 14:59:33;51  994610494;19.0;Para Celulares de Outras Operadoras;
2020-04-06 16:25:53;51  982958118;6.0;Para Celulares de Outras Operadoras;
2020-04-06 14:06:01;51  986935275;64.0;Para Celulares de Outras Operadoras;
2020-04-05 19:46:47;51  986935275;36.0;Para Celulares de Outras Operadoras;
2020-04-05 19:39:24;51  986935275;63.0;Para Celulares de Outras Operadoras;
2020-04-04 11:15:44;51  996618412;115.0;Para Celulares de Outras Operadoras;
2020-04-30 21:21:51;51  33674749;10.0;Para Fixo Vivo;
2020-04-06 12:33:26;51  30214990;9.0;Para Fixo Vivo;
2020-04-06 12:07:23;51  30214990;11.0;Para Fixo Vivo;
2020-04-06 11:44:44;51  30214990;75.0;Para Fixo Vivo;
2020-04-30 15:54:43;51  997596283;34.0;Para Celulares Vivo;
2020-04-29 12:04:50;51  997596283;12.0;Para Celulares Vivo;
2020-04-25 14:37:44;51  999545971;5.0;Para Celulares Vivo;
2020-04-25 14:18:15;51  999545971;6.0;Para Celulares Vivo;
2020-04-24 18:32:03;51  995185729;28.0;Para Celulares Vivo;
2020-04-24 18:16:00;51  997596283;33.0;Para Celulares Vivo;
2020-04-24 17:56:17;51  995185729;67.0;Para Celulares Vivo;
2020-04-20 19:05:30;51  997596283;103.0;Para Celulares Vivo;
2020-04-20 09:58:37;51  999545971;7.0;Para Celulares Vivo;
2020-04-18 15:26:41;51  999545971;13.0;Para Celulares Vivo;
2020-04-17 11:56:32;51  999545971;19.0;Para Celulares Vivo;
2020-04-16 18:34:33;51  997596283;42.0;Para Celulares Vivo;
2020-04-15 23:52:50;51  999545971;48.0;Para Celulares Vivo;
2020-04-15 12:47:05;51  999545971;5.0;Para Celulares Vivo;
2020-04-15 08:54:26;51  995105815;7.0;Para Celulares Vivo;
2020-04-14 21:13:32;51  999545971;24.0;Para Celulares Vivo;
2020-04-14 00:07:57;51  999545971;20.0;Para Celulares Vivo;
2020-04-13 11:34:22;51  999545971;5.0;Para Celulares Vivo;
2020-04-13 11:31:44;51  999545971;6.0;Para Celulares Vivo;
2020-04-11 11:42:44;51  999545971;5.0;Para Celulares Vivo;
2020-04-09 16:51:03;51  999545971;6.0;Para Celulares Vivo;
2020-04-08 16:20:27;51  999545971;10.0;Para Celulares Vivo;
2020-04-08 12:26:33;51  991919823;12.0;Para Celulares Vivo;
2020-04-07 18:17:07;51  999195156;19.0;Para Celulares Vivo;
2020-04-07 17:58:22;51  996094401;8.0;Para Celulares Vivo;
2020-04-07 17:48:25;51  995000464;9.0;Para Celulares Vivo;
2020-04-07 16:27:08;51  996418477;5.0;Para Celulares Vivo;
2020-04-07 16:25:50;51  996418477;10.0;Para Celulares Vivo;
2020-04-07 16:17:33;51  980332420;61.0;Para Celulares Vivo;
2020-04-07 12:54:24;51  999545971;14.0;Para Celulares Vivo;
2020-04-06 17:07:17;51  999545971;5.0;Para Celulares Vivo;
2020-04-06 13:44:17;51  997596283;78.0;Para Celulares Vivo;
2020-04-06 11:22:21;51  997596283;21.0;Para Celulares Vivo;
2020-04-04 11:13:31;51  997596283;11.0;Para Celulares Vivo;
2020-04-02 11:28:41;51  997596283;42.0;Para Celulares Vivo;
2020-04-01;"";28375.9;INTERNET MOVEL 2;0.00
2020-04-02;"";373.0;INTERNET MOVEL 2;0.00
2020-04-04;"";31938.3;INTERNET MOVEL 2;0.00
2020-04-05;"";404.0;INTERNET MOVEL 2;0.00
2020-04-06;"";87779.1;INTERNET MOVEL 2;0.00
2020-04-07;"";17827.8;INTERNET MOVEL 2;0.00
2020-04-08;"";23254.9;INTERNET MOVEL 2;0.00
2020-04-09;"";34903.4;INTERNET MOVEL 2;0.00
2020-04-13;"";67274.2;INTERNET MOVEL 2;0.00
2020-04-14;"";350.0;INTERNET MOVEL 2;0.00
2020-04-15;"";23787.5;INTERNET MOVEL 2;0.00
2020-04-16;"";13247.4;INTERNET MOVEL 2;0.00
2020-04-17;"";18200.3;INTERNET MOVEL 2;0.00
2020-04-20;"";51963.4;INTERNET MOVEL 2;0.00
2020-04-28;"";1.0;INTERNET MOVEL 2;0.00
2020-04-30;"";11.0;INTERNET MOVEL 2;0.00
