data_hora_inicio;nro_telefone_chamado;duracao_ligacao;desc_categoria;valor_ligacao
2020-04-07 14:32:36;51993119416;1.0;Tons e Imagens;0.66
2020-04-07 14:35:52;888;36.0;VIVO WAP;0.00
2020-04-15 18:42:09;92991876467;1.0;GRATIS-SMS;0.00
2020-04-01 17:48:38;51  999820247;56.0;Para Celulares Vivo;
2020-04-01 17:12:50;51  991014112;5.0;Para Celulares Vivo;
2020-04-01 11:00:27;51  980507855;5.0;Para Celulares Vivo;
2020-04-01 10:47:52;51  980507855;122.0;Para Celulares Vivo;
2020-04-01 09:07:35;51  991014112;8.0;Para Celulares Vivo;
2020-04-01 08:57:49;51  991014112;34.0;Para Celulares Vivo;
2020-04-30 11:29:16;54  9235557594;10.0;"";
2020-04-30 11:22:09;54  9235557594;13.0;"";
2020-04-29 16:50:15;54  9235557594;19.0;"";
2020-04-29 10:10:39;54  9344258687;42.0;"";
2020-04-27 17:53:15;54  9235557594;13.0;"";
2020-04-20 11:26:34;54  9235557594;20.0;"";
2020-04-30 09:44:31;44  32213477;13.0;Para Fixo de Outras Operadoras;
2020-04-29 10:27:27;44  32213477;15.0;Para Fixo de Outras Operadoras;
2020-04-28 16:40:54;44  32213477;5.0;Para Fixo de Outras Operadoras;
2020-04-28 09:10:24;17  33303000;10.0;Para Fixo de Outras Operadoras;
2020-04-24 15:49:32;65  36458000;67.0;Para Fixo de Outras Operadoras;
2020-04-24 15:48:37;65  36458000;6.0;Para Fixo de Outras Operadoras;
2020-04-24 10:32:15;44  32213477;22.0;Para Fixo de Outras Operadoras;
2020-04-23 08:43:29;44  32213477;92.0;Para Fixo de Outras Operadoras;
2020-04-17 16:59:17;44  32213477;19.0;Para Fixo de Outras Operadoras;
2020-04-14 11:15:01;43  33795200;11.0;Para Fixo de Outras Operadoras;
2020-04-13 16:57:03;44  32213477;7.0;Para Fixo de Outras Operadoras;
2020-04-13 16:38:36;44  32213477;11.0;Para Fixo de Outras Operadoras;
2020-04-13 16:16:00;44  32213477;5.0;Para Fixo de Outras Operadoras;
2020-04-13 16:12:46;44  32213477;5.0;Para Fixo de Outras Operadoras;
2020-04-13 16:10:33;44  32213477;12.0;Para Fixo de Outras Operadoras;
2020-04-09 10:51:23;44  32213477;125.0;Para Fixo de Outras Operadoras;
2020-04-07 09:33:45;16  38205000;32.0;Para Fixo de Outras Operadoras;
2020-04-03 14:50:31;17  33303500;28.0;Para Fixo de Outras Operadoras;
2020-04-03 08:35:00;17  33303377;9.0;Para Fixo de Outras Operadoras;
2020-04-03 08:34:03;17  33303500;5.0;Para Fixo de Outras Operadoras;
2020-04-29 17:50:29;11  983521853;5.0;Para Celulares de Outras Operadoras;
2020-04-29 13:45:06;43  996336496;45.0;Para Celulares de Outras Operadoras;
2020-04-27 18:13:17;43  996336496;32.0;Para Celulares de Outras Operadoras;
2020-04-27 11:34:24;43  996336496;30.0;Para Celulares de Outras Operadoras;
2020-04-27 10:16:24;48  999866234;147.0;Para Celulares de Outras Operadoras;
2020-04-23 09:40:18;63  992617438;5.0;Para Celulares de Outras Operadoras;
2020-04-23 08:53:32;43  996336496;29.0;Para Celulares de Outras Operadoras;
2020-04-20 10:00:36;43  996336496;73.0;Para Celulares de Outras Operadoras;
2020-04-17 16:42:01;43  996336496;23.0;Para Celulares de Outras Operadoras;
2020-04-16 17:40:47;43  996336496;82.0;Para Celulares de Outras Operadoras;
2020-04-14 16:54:10;43  996336496;10.0;Para Celulares de Outras Operadoras;
2020-04-14 15:47:09;43  996336496;114.0;Para Celulares de Outras Operadoras;
2020-04-14 15:21:22;43  996336496;76.0;Para Celulares de Outras Operadoras;
2020-04-14 11:56:42;43  999569308;5.0;Para Celulares de Outras Operadoras;
2020-04-14 11:11:48;43  999569308;5.0;Para Celulares de Outras Operadoras;
2020-04-14 11:00:33;43  996336496;56.0;Para Celulares de Outras Operadoras;
2020-04-14 10:24:56;43  996336496;105.0;Para Celulares de Outras Operadoras;
2020-04-13 15:55:48;43  996336496;105.0;Para Celulares de Outras Operadoras;
2020-04-13 11:31:06;43  996336496;30.0;Para Celulares de Outras Operadoras;
2020-04-09 15:56:56;64  992949242;222.0;Para Celulares de Outras Operadoras;
2020-04-09 11:51:59;43  996336496;152.0;Para Celulares de Outras Operadoras;
2020-04-08 10:45:18;43  996336496;267.0;Para Celulares de Outras Operadoras;
2020-04-08 09:53:52;43  996336496;6.0;Para Celulares de Outras Operadoras;
2020-04-06 10:26:54;43  996336496;28.0;Para Celulares de Outras Operadoras;
2020-04-03 10:03:05;43  996336496;33.0;Para Celulares de Outras Operadoras;
2020-04-03 10:01:21;17  999791828;15.0;Para Celulares de Outras Operadoras;
2020-04-03 08:33:02;17  999791828;5.0;Para Celulares de Outras Operadoras;
2020-04-30 10:56:50;11  39140072;241.0;Para Fixo Vivo;
2020-04-23 11:23:21;11  30396755;6.0;Para Fixo Vivo;
2020-04-29 18:34:14;66  999848575;9.0;Para Celulares Vivo;
2020-04-29 18:25:22;66  999848575;78.0;Para Celulares Vivo;
2020-04-29 18:18:07;66  999858709;64.0;Para Celulares Vivo;
2020-04-29 17:51:25;11  983531853;11.0;Para Celulares Vivo;
2020-04-28 18:03:49;66  999858709;14.0;Para Celulares Vivo;
2020-04-28 16:16:52;66  999858709;118.0;Para Celulares Vivo;
2020-04-27 17:47:41;66  999858709;5.0;Para Celulares Vivo;
2020-04-27 17:19:38;66  999858709;5.0;Para Celulares Vivo;
2020-04-24 20:06:07;48  999814130;242.0;Para Celulares Vivo;
2020-04-24 16:35:43;66  999858709;14.0;Para Celulares Vivo;
2020-04-18 10:09:05;65  996364250;21.0;Para Celulares Vivo;
2020-04-16 10:19:53;45  999734252;9.0;Para Celulares Vivo;
2020-04-15 13:50:38;45  999734252;8.0;Para Celulares Vivo;
2020-04-15 10:25:16;43  991165067;316.0;Para Celulares Vivo;
2020-04-15 09:00:05;45  999734252;796.0;Para Celulares Vivo;
2020-04-14 11:19:33;66  999848575;88.0;Para Celulares Vivo;
2020-04-14 10:35:53;45  999734252;242.0;Para Celulares Vivo;
2020-04-09 19:21:16;65  996504226;5.0;Para Celulares Vivo;
2020-04-09 18:45:57;65  996364250;35.0;Para Celulares Vivo;
2020-04-08 09:42:32;65  996364250;32.0;Para Celulares Vivo;
2020-04-03 18:16:24;66  999848575;34.0;Para Celulares Vivo;
2020-04-01 17:04:30;65  996364250;32.0;Para Celulares Vivo;
2020-04-01 12:25:07;65  996364250;56.0;Para Celulares Vivo;
2020-04-30 13:37:59;53  981215118;63.0;Para Fixo Vivo;
2020-04-30 09:38:19;53  981215118;30.0;Para Fixo Vivo;
2020-04-30 09:10:56;53  981215118;72.0;Para Fixo Vivo;
2020-04-29 17:16:38;53  981215118;51.0;Para Fixo Vivo;
2020-04-29 17:08:06;53  981215118;5.0;Para Fixo Vivo;
2020-04-28 15:23:10;55  991448730;8.0;Para Fixo Vivo;
2020-04-27 13:36:19;53  981215118;8.0;Para Fixo Vivo;
2020-04-27 11:16:36;53  981215118;17.0;Para Fixo Vivo;
2020-04-24 15:23:57;53  981215118;73.0;Para Fixo Vivo;
2020-04-24 09:35:00;53  981215118;22.0;Para Fixo Vivo;
2020-04-22 14:44:33;53  981215118;5.0;Para Fixo Vivo;
2020-04-22 11:43:18;53  981215118;222.0;Para Fixo Vivo;
2020-04-17 17:15:05;53  981215118;52.0;Para Fixo Vivo;
2020-04-17 14:19:36;53  981215118;48.0;Para Fixo Vivo;
2020-04-17 11:37:01;53  981215118;43.0;Para Fixo Vivo;
2020-04-16 17:51:45;53  981215118;38.0;Para Fixo Vivo;
2020-04-15 17:33:12;53  981215118;73.0;Para Fixo Vivo;
2020-04-09 14:38:25;53  981215118;67.0;Para Fixo Vivo;
2020-04-09 13:50:09;53  981215118;20.0;Para Fixo Vivo;
2020-04-08 10:43:27;53  981215118;13.0;Para Fixo Vivo;
2020-04-06 09:40:00;53  981215118;34.0;Para Fixo Vivo;
2020-04-03 16:28:40;53  981215118;89.0;Para Fixo Vivo;
2020-04-03 11:57:03;53  981215118;9.0;Para Fixo Vivo;
2020-04-03 11:51:32;53  981215118;10.0;Para Fixo Vivo;
2020-04-03 11:13:57;53  981215118;41.0;Para Fixo Vivo;
2020-04-03 10:08:19;53  981215118;8.0;Para Fixo Vivo;
2020-04-02 17:51:48;53  981215118;78.0;Para Fixo Vivo;
2020-04-02 16:37:27;53  981215118;70.0;Para Fixo Vivo;
2020-04-02 16:27:51;53  981215118;66.0;Para Fixo Vivo;
2020-04-01 11:53:31;53  981215118;5.0;Para Fixo Vivo;
2020-04-01 10:13:29;53  981215118;37.0;Para Fixo Vivo;
2020-04-20 09:22:09;54  991660919;19.0;Para Celulares Vivo;
2020-04-01 09:01:51;54  991660919;22.0;Para Celulares Vivo;
2020-04-28 18:40:57;*5  55;6.0;"";
2020-04-16 12:08:10;51  32238562;17.0;Para Fixo de Outras Operadoras;
2020-04-02 12:26:04;51  33351309;5.0;Para Fixo de Outras Operadoras;
2020-04-02 11:54:47;51  33351309;33.0;Para Fixo de Outras Operadoras;
2020-04-27 16:48:19;51  983300915;205.0;Para Celulares de Outras Operadoras;
2020-04-24 09:25:25;51  992168000;38.0;Para Celulares de Outras Operadoras;
2020-04-09 12:48:17;51  991253936;23.0;Para Celulares de Outras Operadoras;
2020-04-08 15:40:58;51  991153364;76.0;Para Celulares de Outras Operadoras;
2020-04-08 10:14:10;51  991153364;40.0;Para Celulares de Outras Operadoras;
2020-04-04 11:58:04;51  999165994;27.0;Para Celulares de Outras Operadoras;
2020-04-14 14:37:59;51  21313333;48.0;Para Fixo Vivo;
2020-04-09 14:51:50;51  21313333;298.0;Para Fixo Vivo;
2020-04-06 15:51:24;51  33319988;38.0;Para Fixo Vivo;
2020-04-30 18:22:31;51  999530030;5.0;Para Celulares Vivo;
2020-04-30 17:33:11;51  995112038;31.0;Para Celulares Vivo;
2020-04-30 13:32:11;51  992592835;14.0;Para Celulares Vivo;
2020-04-30 11:53:37;51  992592835;6.0;Para Celulares Vivo;
2020-04-29 17:42:00;51  980507855;64.0;Para Celulares Vivo;
2020-04-29 10:46:29;51  980507855;11.0;Para Celulares Vivo;
2020-04-28 17:58:27;51  992592818;38.0;Para Celulares Vivo;
2020-04-28 17:14:24;51  991014112;14.0;Para Celulares Vivo;
2020-04-28 16:05:10;51  991014112;7.0;Para Celulares Vivo;
2020-04-28 14:20:22;51  993320477;54.0;Para Celulares Vivo;
2020-04-28 13:49:04;51  995112038;26.0;Para Celulares Vivo;
2020-04-28 13:31:28;51  998001277;5.0;Para Celulares Vivo;
2020-04-27 20:04:02;51  980507855;18.0;Para Celulares Vivo;
2020-04-27 18:30:27;51  980507855;9.0;Para Celulares Vivo;
2020-04-27 18:09:12;51  998420649;5.0;Para Celulares Vivo;
2020-04-27 17:58:54;51  980507855;47.0;Para Celulares Vivo;
2020-04-27 17:27:21;51  995112038;5.0;Para Celulares Vivo;
2020-04-27 13:55:44;51  993119416;46.0;Para Celulares Vivo;
2020-04-24 13:32:45;51  980507855;14.0;Para Celulares Vivo;
2020-04-24 12:20:17;51  980507855;57.0;Para Celulares Vivo;
2020-04-24 11:05:13;51  980507855;21.0;Para Celulares Vivo;
2020-04-24 10:36:03;51  980507855;54.0;Para Celulares Vivo;
2020-04-23 16:42:14;51  980507855;29.0;Para Celulares Vivo;
2020-04-22 12:16:27;51  980507855;11.0;Para Celulares Vivo;
2020-04-22 12:11:56;51  980507855;10.0;Para Celulares Vivo;
2020-04-17 20:31:20;51  980507855;5.0;Para Celulares Vivo;
2020-04-17 17:23:13;51  992592817;9.0;Para Celulares Vivo;
2020-04-17 16:30:22;51  995863683;5.0;Para Celulares Vivo;
2020-04-17 12:14:28;51  991014112;12.0;Para Celulares Vivo;
2020-04-17 12:13:18;51  992592817;6.0;Para Celulares Vivo;
2020-04-17 11:41:38;51  992592817;43.0;Para Celulares Vivo;
2020-04-17 11:24:36;51  980507855;12.0;Para Celulares Vivo;
2020-04-17 11:20:41;51  980507855;14.0;Para Celulares Vivo;
2020-04-16 15:01:58;51  991014112;23.0;Para Celulares Vivo;
2020-04-16 11:48:57;51  999975155;15.0;Para Celulares Vivo;
2020-04-15 17:18:06;51  995112038;5.0;Para Celulares Vivo;
2020-04-15 17:10:47;51  995112038;5.0;Para Celulares Vivo;
2020-04-15 16:07:08;51  980507855;75.0;Para Celulares Vivo;
2020-04-15 14:21:53;51  993096683;5.0;Para Celulares Vivo;
2020-04-15 12:41:30;51  980507855;58.0;Para Celulares Vivo;
2020-04-14 21:01:08;51  980507855;11.0;Para Celulares Vivo;
2020-04-14 19:33:27;51  980507855;300.0;Para Celulares Vivo;
2020-04-14 16:41:23;51  991014112;125.0;Para Celulares Vivo;
2020-04-14 09:57:03;51  995112038;249.0;Para Celulares Vivo;
2020-04-14 09:02:35;51  991014112;100.0;Para Celulares Vivo;
2020-04-13 16:20:02;51  999975155;9.0;Para Celulares Vivo;
2020-04-08 14:33:50;51  980507855;110.0;Para Celulares Vivo;
2020-04-07 10:14:38;51  992592701;46.0;Para Celulares Vivo;
2020-04-06 14:07:46;51  993320477;15.0;Para Celulares Vivo;
2020-04-06 14:02:53;51  993320477;8.0;Para Celulares Vivo;
2020-04-06 11:18:03;51  980507855;33.0;Para Celulares Vivo;
2020-04-03 14:21:26;51  995387029;9.0;Para Celulares Vivo;
2020-04-03 08:37:36;51  991014112;51.0;Para Celulares Vivo;
2020-04-02 18:22:39;51  999530030;5.0;Para Celulares Vivo;
2020-04-02 18:19:13;51  999530030;5.0;Para Celulares Vivo;
2020-04-02 12:15:52;51  991034807;15.0;Para Celulares Vivo;
2020-04-02 12:13:46;51  993096683;12.0;Para Celulares Vivo;
2020-03-31;"";5272.9;INTERNET MOVEL 2;0.00
2020-04-01;"";12734.3;INTERNET MOVEL 2;0.00
2020-04-02;"";14546.0;INTERNET MOVEL 2;0.00
2020-04-03;"";46694.8;INTERNET MOVEL 2;0.00
2020-04-04;"";3790.6;INTERNET MOVEL 2;0.00
2020-04-05;"";2833.9;INTERNET MOVEL 2;0.00
2020-04-06;"";939.0;INTERNET MOVEL 2;0.00
2020-04-07;"";1099.0;INTERNET MOVEL 2;0.00
2020-04-08;"";4294.4;INTERNET MOVEL 2;0.00
2020-04-09;"";1136.0;INTERNET MOVEL 2;0.00
2020-04-10;"";2155.4;INTERNET MOVEL 2;0.00
2020-04-11;"";6565.0;INTERNET MOVEL 2;0.00
2020-04-12;"";101154.8;INTERNET MOVEL 2;0.00
2020-04-13;"";1521.0;INTERNET MOVEL 2;0.00
2020-04-14;"";2217.0;INTERNET MOVEL 2;0.00
2020-04-15;"";2856.0;INTERNET MOVEL 2;0.00
2020-04-16;"";88820.6;INTERNET MOVEL 2;0.00
2020-04-17;"";5682.5;INTERNET MOVEL 2;0.00
2020-04-18;"";1908.3;INTERNET MOVEL 2;0.00
2020-04-19;"";1610.6;INTERNET MOVEL 2;0.00
2020-04-20;"";4883.3;INTERNET MOVEL 2;0.00
2020-04-21;"";5309.2;INTERNET MOVEL 2;0.00
2020-04-22;"";1537.0;INTERNET MOVEL 2;0.00
2020-04-23;"";39632.4;INTERNET MOVEL 2;0.00
2020-04-24;"";1583.0;INTERNET MOVEL 2;0.00
2020-04-25;"";7933.9;INTERNET MOVEL 2;0.00
2020-04-26;"";2640.5;INTERNET MOVEL 2;0.00
2020-04-27;"";1365.0;INTERNET MOVEL 2;0.00
2020-04-28;"";1737.0;INTERNET MOVEL 2;0.00
2020-04-29;"";8980.6;INTERNET MOVEL 2;0.00
2020-04-30;"";6523.8;INTERNET MOVEL 2;0.00
