data_hora_inicio;nro_telefone_chamado;duracao_ligacao;desc_categoria;valor_ligacao
2020-04-23 10:32:58;51  992592953;99.0;Para Celulares Vivo;
2020-04-23 10:31:37;51  992592818;10.0;Para Celulares Vivo;
2020-03-31;"";126.0;INTERNET MOVEL 2;0.00
2020-04-01;"";303.0;INTERNET MOVEL 2;0.00
2020-04-02;"";536.0;INTERNET MOVEL 2;0.00
2020-04-03;"";31858.8;INTERNET MOVEL 2;0.00
2020-04-04;"";12411.8;INTERNET MOVEL 2;0.00
2020-04-05;"";388.0;INTERNET MOVEL 2;0.00
2020-04-06;"";276.0;INTERNET MOVEL 2;0.00
2020-04-07;"";427.0;INTERNET MOVEL 2;0.00
2020-04-08;"";366.0;INTERNET MOVEL 2;0.00
2020-04-09;"";856.0;INTERNET MOVEL 2;0.00
2020-04-10;"";657.0;INTERNET MOVEL 2;0.00
2020-04-11;"";326.0;INTERNET MOVEL 2;0.00
2020-04-12;"";366.0;INTERNET MOVEL 2;0.00
2020-04-13;"";397.0;INTERNET MOVEL 2;0.00
2020-04-14;"";318.0;INTERNET MOVEL 2;0.00
2020-04-15;"";470.0;INTERNET MOVEL 2;0.00
2020-04-16;"";450.0;INTERNET MOVEL 2;0.00
2020-04-17;"";3359.2;INTERNET MOVEL 2;0.00
2020-04-18;"";1960.0;INTERNET MOVEL 2;0.00
2020-04-19;"";965.0;INTERNET MOVEL 2;0.00
2020-04-20;"";287.0;INTERNET MOVEL 2;0.00
2020-04-21;"";550.0;INTERNET MOVEL 2;0.00
2020-04-22;"";447.0;INTERNET MOVEL 2;0.00
2020-04-23;"";569.0;INTERNET MOVEL 2;0.00
2020-04-24;"";745.0;INTERNET MOVEL 2;0.00
2020-04-25;"";1598.0;INTERNET MOVEL 2;0.00
2020-04-26;"";172.0;INTERNET MOVEL 2;0.00
2020-04-27;"";337.0;INTERNET MOVEL 2;0.00
2020-04-28;"";309.0;INTERNET MOVEL 2;0.00
2020-04-29;"";436.0;INTERNET MOVEL 2;0.00
2020-04-30;"";300.0;INTERNET MOVEL 2;0.00
