data_hora_inicio;nro_telefone_chamado;duracao_ligacao;desc_categoria;valor_ligacao
2020-04-24 14:34:23;"";1.0;ADICIONAL;0.00
2020-04-24 08:20:31;11950425576;1.0;ADICIONAL;0.00
2020-04-01 17:32:04;31  32676301;0.0;Adicional por Ligacoes Realizadas;
2020-04-01 15:57:53;51  992592873;0.0;Adicional por Ligacoes Realizadas;
2020-04-01 17:32:04;31  32676301;21.0;Para Fixo de Outras Operadoras;
2020-04-24 14:27:19;51  992592873;26.0;Para Celulares Vivo;
2020-04-24 09:20:54;11  950425576;46.0;Para Celulares Vivo;
2020-04-23 09:19:32;11  974234886;63.0;Para Celulares Vivo;
2020-04-22 17:05:40;11  974234886;21.0;Para Celulares Vivo;
2020-04-22 17:00:54;11  974234886;15.0;Para Celulares Vivo;
2020-04-22 16:29:01;11  950425576;21.0;Para Celulares Vivo;
2020-04-22 09:13:58;11  974234886;96.0;Para Celulares Vivo;
2020-04-08 17:28:19;11  950425576;5.0;Para Celulares Vivo;
2020-04-08 17:25:41;11  950425576;5.0;Para Celulares Vivo;
2020-04-08 17:21:58;11  950425576;16.0;Para Celulares Vivo;
2020-04-08 09:03:02;11  974234886;12.0;Para Celulares Vivo;
2020-04-07 12:25:13;11  950425576;145.0;Para Celulares Vivo;
2020-04-02 14:43:06;16  999927498;17.0;Para Celulares Vivo;
2020-04-02 09:03:07;16  999927498;8.0;Para Celulares Vivo;
2020-04-02 09:01:54;16  999927498;5.0;Para Celulares Vivo;
2020-04-02 09:00:43;16  999927498;5.0;Para Celulares Vivo;
2020-04-01 15:57:53;51  992592873;5.0;Para Celulares Vivo;
2020-04-24 14:27:19;51  992592873;0.0;Adicional por Ligacoes Realizadas;
2020-04-24 09:20:54;11  950425576;0.0;Adicional por Ligacoes Realizadas;
2020-04-23 15:02:27;31  971203898;0.0;Adicional por Ligacoes Realizadas;
2020-04-23 09:19:32;11  974234886;0.0;Adicional por Ligacoes Realizadas;
2020-04-23 08:21:48;31  995851748;0.0;Adicional por Ligacoes Realizadas;
2020-04-22 17:05:40;11  974234886;0.0;Adicional por Ligacoes Realizadas;
2020-04-22 17:00:54;11  974234886;0.0;Adicional por Ligacoes Realizadas;
2020-04-22 16:29:01;11  950425576;0.0;Adicional por Ligacoes Realizadas;
2020-04-22 09:25:38;31  997123678;0.0;Adicional por Ligacoes Realizadas;
2020-04-22 09:13:58;11  974234886;0.0;Adicional por Ligacoes Realizadas;
2020-04-15 14:20:27;31  995851748;0.0;Adicional por Ligacoes Realizadas;
2020-04-13 15:33:47;31  971203898;0.0;Adicional por Ligacoes Realizadas;
2020-04-13 13:26:52;31  32676301;0.0;Adicional por Ligacoes Realizadas;
2020-04-11 09:30:26;31  32676301;0.0;Adicional por Ligacoes Realizadas;
2020-04-08 17:28:19;11  950425576;0.0;Adicional por Ligacoes Realizadas;
2020-04-08 17:25:41;11  950425576;0.0;Adicional por Ligacoes Realizadas;
2020-04-08 17:21:58;11  950425576;0.0;Adicional por Ligacoes Realizadas;
2020-04-08 09:03:02;11  974234886;0.0;Adicional por Ligacoes Realizadas;
2020-04-07 12:25:13;11  950425576;0.0;Adicional por Ligacoes Realizadas;
2020-04-02 16:08:56;16  999927498;0.0;Adicional por Ligacoes Realizadas;
2020-04-02 14:43:06;16  999927498;0.0;Adicional por Ligacoes Realizadas;
2020-04-02 09:03:07;16  999927498;0.0;Adicional por Ligacoes Realizadas;
2020-04-02 09:01:54;16  999927498;0.0;Adicional por Ligacoes Realizadas;
2020-04-02 09:00:43;16  999927498;0.0;Adicional por Ligacoes Realizadas;
2020-04-24 14:34:23;    ;36.0;Chamadas de Longa Distancia para Outros Estados;
2020-04-24 08:20:31;11  950425576;222.0;Chamadas de Longa Distancia para Outros Estados;
2020-04-13 13:26:52;31  32676301;11.0;Para Fixo de Outras Operadoras;
2020-04-11 09:30:26;31  32676301;5.0;Para Fixo de Outras Operadoras;
2020-04-23 15:02:27;31  971203898;19.0;Para Celulares Vivo;
2020-04-23 08:21:48;31  995851748;7.0;Para Celulares Vivo;
2020-04-22 09:25:38;31  997123678;152.0;Para Celulares Vivo;
2020-04-15 14:20:27;31  995851748;16.0;Para Celulares Vivo;
2020-04-13 15:33:47;31  971203898;41.0;Para Celulares Vivo;
2020-04-02 16:08:56;16  999927498;7.0;Para Celulares Vivo;
2020-03-31;"";274.0;INTERNET MOVEL 2;0.00
2020-04-01;"";3998.0;INTERNET MOVEL 2;0.00
2020-04-02;"";7055.3;INTERNET MOVEL 2;0.00
2020-04-03;"";90115.9;INTERNET MOVEL 2;0.00
2020-04-04;"";10595.5;INTERNET MOVEL 2;0.00
2020-04-05;"";14328.3;INTERNET MOVEL 2;0.00
2020-04-06;"";8033.4;INTERNET MOVEL 2;0.00
2020-04-07;"";33483.2;INTERNET MOVEL 2;0.00
2020-04-08;"";4424.0;INTERNET MOVEL 2;0.00
2020-04-09;"";6317.0;INTERNET MOVEL 2;0.00
2020-04-10;"";6119.0;INTERNET MOVEL 2;0.00
2020-04-11;"";2592.0;INTERNET MOVEL 2;0.00
2020-04-12;"";1478.0;INTERNET MOVEL 2;0.00
2020-04-13;"";9126.0;INTERNET MOVEL 2;0.00
2020-04-14;"";81117.3;INTERNET MOVEL 2;0.00
2020-04-15;"";31953.1;INTERNET MOVEL 2;0.00
2020-04-16;"";5168.0;INTERNET MOVEL 2;0.00
2020-04-17;"";8548.0;INTERNET MOVEL 2;0.00
2020-04-18;"";956.0;INTERNET MOVEL 2;0.00
2020-04-19;"";2572.0;INTERNET MOVEL 2;0.00
2020-04-20;"";13372.4;INTERNET MOVEL 2;0.00
2020-04-21;"";3665.0;INTERNET MOVEL 2;0.00
2020-04-22;"";4350.0;INTERNET MOVEL 2;0.00
2020-04-23;"";4246.0;INTERNET MOVEL 2;0.00
2020-04-24;"";74566.6;INTERNET MOVEL 2;0.00
