data_hora_inicio;nro_telefone_chamado;duracao_ligacao;desc_categoria;valor_ligacao
2020-04-06 15:42:58;51  33264712;10.0;Para Fixo de Outras Operadoras;
2020-04-03 15:45:16;51  33264712;28.0;Para Fixo de Outras Operadoras;
2020-04-30 10:00:36;51  989464769;14.0;Para Celulares de Outras Operadoras;
2020-04-28 17:05:30;51  992592716;5.0;Para Celulares Vivo;
2020-04-28 11:18:20;51  992592843;6.0;Para Celulares Vivo;
2020-04-26 13:40:41;51  992592803;5.0;Para Celulares Vivo;
2020-04-22 17:27:02;51  992592716;17.0;Para Celulares Vivo;
2020-04-14 17:19:53;51  992592716;17.0;Para Celulares Vivo;
2020-04-05 19:57:19;51  992592818;30.0;Para Celulares Vivo;
2020-04-04 10:25:02;51  992592818;5.0;Para Celulares Vivo;
2020-04-03 09:52:54;51  992592843;24.0;Para Celulares Vivo;
2020-03-31;"";6946.8;INTERNET MOVEL 2;0.00
2020-04-01;"";158839.9;INTERNET MOVEL 2;0.00
2020-04-02;"";167736.6;INTERNET MOVEL 2;0.00
2020-04-03;"";69407.4;INTERNET MOVEL 2;0.00
2020-04-04;"";1166.0;INTERNET MOVEL 2;0.00
2020-04-05;"";1160.0;INTERNET MOVEL 2;0.00
2020-04-06;"";170763.8;INTERNET MOVEL 2;0.00
2020-04-07;"";99135.5;INTERNET MOVEL 2;0.00
2020-04-08;"";60332.9;INTERNET MOVEL 2;0.00
2020-04-09;"";87513.1;INTERNET MOVEL 2;0.00
2020-04-10;"";2215.0;INTERNET MOVEL 2;0.00
2020-04-11;"";82186.2;INTERNET MOVEL 2;0.00
2020-04-12;"";58898.8;INTERNET MOVEL 2;0.00
2020-04-13;"";62604.0;INTERNET MOVEL 2;0.00
2020-04-14;"";16906.4;INTERNET MOVEL 2;0.00
2020-04-15;"";7252.8;INTERNET MOVEL 2;0.00
2020-04-16;"";48713.2;INTERNET MOVEL 2;0.00
2020-04-17;"";72703.6;INTERNET MOVEL 2;0.00
2020-04-18;"";900.0;INTERNET MOVEL 2;0.00
2020-04-19;"";95320.2;INTERNET MOVEL 2;0.00
2020-04-20;"";83355.3;INTERNET MOVEL 2;0.00
2020-04-21;"";18308.0;INTERNET MOVEL 2;0.00
2020-04-22;"";16777.7;INTERNET MOVEL 2;0.00
2020-04-23;"";1209.0;INTERNET MOVEL 2;0.00
2020-04-24;"";25021.5;INTERNET MOVEL 2;0.00
2020-04-25;"";1220.0;INTERNET MOVEL 2;0.00
2020-04-26;"";16858.4;INTERNET MOVEL 2;0.00
2020-04-27;"";775.0;INTERNET MOVEL 2;0.00
2020-04-28;"";136325.2;INTERNET MOVEL 2;0.00
2020-04-29;"";1326.0;INTERNET MOVEL 2;0.00
2020-04-30;"";43234.7;INTERNET MOVEL 2;0.00
