data_hora_inicio;nro_telefone_chamado;duracao_ligacao;desc_categoria;valor_ligacao
2020-04-24 15:07:11;4130178600;1.0;ADICIONAL;0.00
2020-04-24 15:06:06;"";1.0;ADICIONAL;0.00
2020-04-22 14:58:20;5140901697;1.0;ADICIONAL;0.00
2020-04-16 19:07:03;48  991535384;5.0;Para Celulares Vivo;
2020-04-15 13:51:31;51  992592629;10.0;Para Celulares Vivo;
2020-04-14 10:18:44;51  992592729;29.0;Para Celulares Vivo;
2020-04-13 15:54:10;51  993119416;5.0;Para Celulares Vivo;
2020-04-09 17:19:08;48  991535384;28.0;Para Celulares Vivo;
2020-04-09 17:12:35;51  993119416;60.0;Para Celulares Vivo;
2020-04-07 17:20:00;51  993119416;130.0;Para Celulares Vivo;
2020-04-24 15:07:11;41  30178600;5.0;Chamadas de Longa Distancia para Outros Estados;
2020-04-24 15:06:06;    ;5.0;Chamadas de Longa Distancia para Outros Estados;
2020-04-22 14:58:20;51  40901697;5.0;Chamadas de Longa Distancia para Outros Estados;
2020-04-17 12:11:37;51  984108318;17.0;Para Celulares de Outras Operadoras;
2020-04-17 09:33:14;51  992592873;15.0;Para Celulares Vivo;
2020-04-17 08:45:19;51  992592873;23.0;Para Celulares Vivo;
2020-04-17 08:43:08;51  992592752;16.0;Para Celulares Vivo;
