data_hora_inicio;nro_telefone_chamado;duracao_ligacao;desc_categoria;valor_ligacao
2020-04-30 10:47:33;51992076689;1.0;GRATIS-SMS;0.00
2020-04-23 08:33:12;54981438922;1.0;GRATIS-SMS;0.00
2020-04-01 22:31:03;51  991034978;13.0;Para Celulares Vivo;
2020-04-01 14:01:52;51  991034978;12.0;Para Celulares Vivo;
2020-04-28 08:28:28;48  999583674;113.0;Para Celulares Vivo;
2020-04-24 15:32:45;48  999583674;70.0;Para Celulares Vivo;
2020-04-23 15:41:19;48  999583674;146.0;Para Celulares Vivo;
2020-04-23 08:20:53;54  981183349;54.0;Para Celulares de Outras Operadoras;
2020-04-29 18:14:55;54  981438922;132.0;Para Celulares Vivo;
2020-04-30 15:54:44;*5  55;5.0;"";
2020-04-30 14:11:05;*5  55;5.0;"";
2020-04-18 22:58:36;*5  55;5.0;"";
2020-04-13 15:37:02;*5  55;5.0;"";
2020-04-02 11:43:34;*5  55;5.0;"";
2020-04-27 10:46:35;51  33445454;5.0;Para Fixo de Outras Operadoras;
2020-04-24 19:46:20;51  37790086;5.0;Para Fixo de Outras Operadoras;
2020-04-23 21:50:12;51  32767460;62.0;Para Fixo de Outras Operadoras;
2020-04-23 12:19:01;51  32767460;8.0;Para Fixo de Outras Operadoras;
2020-04-23 12:15:58;51  32767460;17.0;Para Fixo de Outras Operadoras;
2020-04-22 20:08:48;51  37790086;7.0;Para Fixo de Outras Operadoras;
2020-04-18 20:33:41;51  40041828;5.0;Para Fixo de Outras Operadoras;
2020-04-29 17:13:59;51  983027557;88.0;Para Celulares de Outras Operadoras;
2020-04-28 16:42:04;51  993438384;7.0;Para Celulares de Outras Operadoras;
2020-04-28 16:15:21;51  991987887;81.0;Para Celulares de Outras Operadoras;
2020-04-25 09:51:58;51  992255947;5.0;Para Celulares de Outras Operadoras;
2020-04-25 09:41:45;51  992255947;7.0;Para Celulares de Outras Operadoras;
2020-04-24 09:17:22;51  983027557;70.0;Para Celulares de Outras Operadoras;
2020-04-23 11:33:40;51  981211690;20.0;Para Celulares de Outras Operadoras;
2020-04-23 07:53:26;51  983027557;61.0;Para Celulares de Outras Operadoras;
2020-04-23 07:44:33;51  999630310;42.0;Para Celulares de Outras Operadoras;
2020-04-22 09:39:12;51  981211690;133.0;Para Celulares de Outras Operadoras;
2020-04-21 17:13:26;51  992255947;5.0;Para Celulares de Outras Operadoras;
2020-04-16 12:56:30;51  992728347;37.0;Para Celulares de Outras Operadoras;
2020-04-12 10:50:55;51  992255947;5.0;Para Celulares de Outras Operadoras;
2020-04-12 10:41:46;51  992255947;5.0;Para Celulares de Outras Operadoras;
2020-04-11 14:45:22;51  982355496;12.0;Para Celulares de Outras Operadoras;
2020-04-07 10:28:00;51  32232233;23.0;Para Fixo Vivo;
2020-04-30 22:21:59;51  991034978;17.0;Para Celulares Vivo;
2020-04-30 16:39:51;51  995112258;8.0;Para Celulares Vivo;
2020-04-30 16:25:49;51  991943334;5.0;Para Celulares Vivo;
2020-04-30 13:54:15;51  991034807;36.0;Para Celulares Vivo;
2020-04-30 13:51:57;51  991034807;19.0;Para Celulares Vivo;
2020-04-30 13:34:49;51  992580847;7.0;Para Celulares Vivo;
2020-04-30 08:33:25;51  991026438;5.0;Para Celulares Vivo;
2020-04-29 23:04:15;51  991034978;33.0;Para Celulares Vivo;
2020-04-29 17:57:56;51  999628153;67.0;Para Celulares Vivo;
2020-04-29 17:06:50;51  991919823;5.0;Para Celulares Vivo;
2020-04-29 13:44:23;51  992592729;5.0;Para Celulares Vivo;
2020-04-29 10:57:28;51  999628153;145.0;Para Celulares Vivo;
2020-04-29 07:12:16;51  995105815;13.0;Para Celulares Vivo;
2020-04-28 16:39:47;51  995112258;6.0;Para Celulares Vivo;
2020-04-28 16:39:00;51  995112258;6.0;Para Celulares Vivo;
2020-04-28 16:31:41;51  991919823;5.0;Para Celulares Vivo;
2020-04-28 16:30:17;51  991026438;8.0;Para Celulares Vivo;
2020-04-27 19:51:02;51  991034978;17.0;Para Celulares Vivo;
2020-04-27 11:34:17;51  991034978;19.0;Para Celulares Vivo;
2020-04-26 10:13:54;51  991034978;11.0;Para Celulares Vivo;
2020-04-24 18:51:50;51  991034978;11.0;Para Celulares Vivo;
2020-04-24 17:59:00;51  991034978;7.0;Para Celulares Vivo;
2020-04-24 13:03:53;51  991034978;10.0;Para Celulares Vivo;
2020-04-24 10:47:38;51  991034978;23.0;Para Celulares Vivo;
2020-04-24 10:14:54;51  999628153;109.0;Para Celulares Vivo;
2020-04-23 19:54:03;51  991034978;33.0;Para Celulares Vivo;
2020-04-23 13:03:22;51  991034978;9.0;Para Celulares Vivo;
2020-04-22 13:34:08;51  992592757;9.0;Para Celulares Vivo;
2020-04-22 09:52:59;51  992592757;75.0;Para Celulares Vivo;
2020-04-21 10:45:57;51  991034978;11.0;Para Celulares Vivo;
2020-04-20 00:06:04;51  991034978;62.0;Para Celulares Vivo;
2020-04-19 21:30:52;51  991034978;7.0;Para Celulares Vivo;
2020-04-19 12:42:05;51  991034978;12.0;Para Celulares Vivo;
2020-04-18 16:25:19;51  991034978;11.0;Para Celulares Vivo;
2020-04-18 12:26:50;51  991034978;48.0;Para Celulares Vivo;
2020-04-17 22:51:32;51  991034978;36.0;Para Celulares Vivo;
2020-04-17 22:07:03;51  991034978;5.0;Para Celulares Vivo;
2020-04-17 22:00:00;51  991034978;6.0;Para Celulares Vivo;
2020-04-17 18:46:46;51  991034978;5.0;Para Celulares Vivo;
2020-04-17 18:16:55;51  991034978;7.0;Para Celulares Vivo;
2020-04-17 16:37:39;51  991034978;5.0;Para Celulares Vivo;
2020-04-17 11:41:31;51  991034978;6.0;Para Celulares Vivo;
2020-04-17 10:37:00;51  991034978;14.0;Para Celulares Vivo;
2020-04-16 14:42:20;51  991034978;14.0;Para Celulares Vivo;
2020-04-16 12:25:51;51  991034978;23.0;Para Celulares Vivo;
2020-04-15 15:54:10;51  991034978;18.0;Para Celulares Vivo;
2020-04-14 12:55:19;51  991034978;26.0;Para Celulares Vivo;
2020-04-13 16:02:14;51  991034978;6.0;Para Celulares Vivo;
2020-04-11 14:26:39;51  991034978;23.0;Para Celulares Vivo;
2020-04-11 14:24:22;51  991034978;20.0;Para Celulares Vivo;
2020-04-10 22:52:26;51  991034978;5.0;Para Celulares Vivo;
2020-04-10 20:59:30;51  991034978;6.0;Para Celulares Vivo;
2020-04-09 13:53:08;51  991034978;12.0;Para Celulares Vivo;
2020-04-09 13:52:30;51  991034978;5.0;Para Celulares Vivo;
2020-04-09 13:51:35;51  991034978;5.0;Para Celulares Vivo;
2020-04-09 13:50:17;51  991034978;11.0;Para Celulares Vivo;
2020-04-09 13:46:53;51  991034978;8.0;Para Celulares Vivo;
2020-04-08 11:44:01;51  991034978;18.0;Para Celulares Vivo;
2020-04-07 13:08:23;51  991034978;17.0;Para Celulares Vivo;
2020-04-07 11:36:40;51  997876608;6.0;Para Celulares Vivo;
2020-04-06 16:35:00;51  991034978;7.0;Para Celulares Vivo;
2020-04-06 12:44:35;51  991034978;5.0;Para Celulares Vivo;
2020-04-05 18:33:06;51  991034978;12.0;Para Celulares Vivo;
2020-04-04 17:43:27;51  991034978;5.0;Para Celulares Vivo;
2020-04-03 23:13:18;51  991034978;28.0;Para Celulares Vivo;
2020-04-03 22:28:23;51  991034978;5.0;Para Celulares Vivo;
2020-04-03 18:09:50;51  991034978;5.0;Para Celulares Vivo;
2020-04-03 11:43:32;51  991034978;13.0;Para Celulares Vivo;
2020-04-02 22:56:50;51  991034978;5.0;Para Celulares Vivo;
2020-04-01;"";92079.1;INTERNET MOVEL 2;0.00
2020-04-02;"";18891.7;INTERNET MOVEL 2;0.00
2020-04-03;"";46813.5;INTERNET MOVEL 2;0.00
2020-04-04;"";48457.7;INTERNET MOVEL 2;0.00
2020-04-05;"";192768.6;INTERNET MOVEL 2;0.00
2020-04-06;"";48666.9;INTERNET MOVEL 2;0.00
2020-04-07;"";122693.1;INTERNET MOVEL 2;0.00
2020-04-08;"";202855.5;INTERNET MOVEL 2;0.00
2020-04-09;"";17289.8;INTERNET MOVEL 2;0.00
2020-04-10;"";5374.0;INTERNET MOVEL 2;0.00
2020-04-11;"";50135.4;INTERNET MOVEL 2;0.00
2020-04-12;"";2172.0;INTERNET MOVEL 2;0.00
2020-04-13;"";12578.5;INTERNET MOVEL 2;0.00
2020-04-14;"";2153.0;INTERNET MOVEL 2;0.00
2020-04-15;"";21933.4;INTERNET MOVEL 2;0.00
2020-04-16;"";9608.9;INTERNET MOVEL 2;0.00
2020-04-17;"";12124.8;INTERNET MOVEL 2;0.00
2020-04-18;"";82965.6;INTERNET MOVEL 2;0.00
2020-04-19;"";23532.0;INTERNET MOVEL 2;0.00
2020-04-20;"";9007.4;INTERNET MOVEL 2;0.00
2020-04-21;"";77498.1;INTERNET MOVEL 2;0.00
2020-04-22;"";32884.8;INTERNET MOVEL 2;0.00
2020-04-23;"";235286.9;INTERNET MOVEL 2;0.00
2020-04-24;"";193543.2;INTERNET MOVEL 2;0.00
2020-04-25;"";62587.9;INTERNET MOVEL 2;0.00
2020-04-26;"";946.0;INTERNET MOVEL 2;0.00
2020-04-27;"";28916.2;INTERNET MOVEL 2;0.00
2020-04-28;"";32858.2;INTERNET MOVEL 2;0.00
2020-04-29;"";193889.2;INTERNET MOVEL 2;0.00
2020-04-30;"";46136.6;INTERNET MOVEL 2;0.00
