data_hora_inicio;nro_telefone_chamado;duracao_ligacao;desc_categoria;valor_ligacao
2020-03-31;"";158.0;INTERNET MOVEL 2;0.00
2020-04-01;"";265.0;INTERNET MOVEL 2;0.00
2020-04-02;"";178.0;INTERNET MOVEL 2;0.00
2020-04-03;"";85.0;INTERNET MOVEL 2;0.00
2020-04-04;"";533.0;INTERNET MOVEL 2;0.00
2020-04-05;"";96.0;INTERNET MOVEL 2;0.00
2020-04-06;"";90.0;INTERNET MOVEL 2;0.00
2020-04-07;"";87.0;INTERNET MOVEL 2;0.00
2020-04-08;"";240.0;INTERNET MOVEL 2;0.00
2020-04-09;"";48.0;INTERNET MOVEL 2;0.00
2020-04-10;"";2.0;INTERNET MOVEL 2;0.00
2020-04-11;"";54.0;INTERNET MOVEL 2;0.00
2020-04-12;"";36.0;INTERNET MOVEL 2;0.00
2020-04-13;"";152.0;INTERNET MOVEL 2;0.00
2020-04-14;"";197.0;INTERNET MOVEL 2;0.00
2020-04-15;"";118.0;INTERNET MOVEL 2;0.00
2020-04-16;"";590.0;INTERNET MOVEL 2;0.00
2020-04-17;"";343.0;INTERNET MOVEL 2;0.00
2020-04-18;"";315.0;INTERNET MOVEL 2;0.00
2020-04-19;"";253.0;INTERNET MOVEL 2;0.00
2020-04-20;"";350.0;INTERNET MOVEL 2;0.00
2020-04-21;"";312.0;INTERNET MOVEL 2;0.00
2020-04-22;"";579.0;INTERNET MOVEL 2;0.00
2020-04-23;"";619.0;INTERNET MOVEL 2;0.00
2020-04-24;"";556.0;INTERNET MOVEL 2;0.00
2020-04-25;"";398.0;INTERNET MOVEL 2;0.00
2020-04-26;"";698.0;INTERNET MOVEL 2;0.00
2020-04-27;"";272.0;INTERNET MOVEL 2;0.00
2020-04-28;"";54.0;INTERNET MOVEL 2;0.00
2020-04-29;"";442.0;INTERNET MOVEL 2;0.00
2020-04-30;"";788.0;INTERNET MOVEL 2;0.00
