data_hora_inicio;nro_telefone_chamado;duracao_ligacao;desc_categoria;valor_ligacao
2020-04-29 07:13:36;*5  55;5.0;"";
2020-04-29 14:00:29;51  992914417;35.0;Para Celulares de Outras Operadoras;
2020-04-29 13:46:09;51  992024000;41.0;Para Celulares de Outras Operadoras;
2020-04-30 15:01:39;51  31110591;31.0;Para Fixo Vivo;
2020-04-30 14:06:31;51  31110591;37.0;Para Fixo Vivo;
2020-04-28;"";95509.9;INTERNET MOVEL 2;0.00
2020-04-29;"";5788.7;INTERNET MOVEL 2;0.00
2020-04-30;"";29127.6;INTERNET MOVEL 2;0.00
