data_hora_inicio;nro_telefone_chamado;duracao_ligacao;desc_categoria;valor_ligacao
2020-04-27 13:34:31;51995838788;1.0;GRATIS-SMS;0.00
2020-04-01 08:55:32;51  998267392;16.0;Para Celulares Vivo;
2020-04-26 11:03:26;51  991694683;5.0;De Celulares Vivo;
2020-04-30 15:54:08;51  33810462;11.0;Para Fixo de Outras Operadoras;
2020-04-27 12:33:11;51  33624875;5.0;Para Fixo de Outras Operadoras;
2020-04-17 19:46:17;51  33671199;11.0;Para Fixo de Outras Operadoras;
2020-04-17 11:28:47;51  33400100;9.0;Para Fixo de Outras Operadoras;
2020-04-16 16:36:26;51  31032175;9.0;Para Fixo de Outras Operadoras;
2020-04-16 16:24:33;51  40203300;5.0;Para Fixo de Outras Operadoras;
2020-04-16 10:41:28;51  33810462;18.0;Para Fixo de Outras Operadoras;
2020-04-16 08:15:38;51  40203300;16.0;Para Fixo de Outras Operadoras;
2020-04-15 16:26:48;51  40203300;5.0;Para Fixo de Outras Operadoras;
2020-04-15 12:50:50;51  40203300;5.0;Para Fixo de Outras Operadoras;
2020-04-15 12:43:31;51  40203300;5.0;Para Fixo de Outras Operadoras;
2020-04-15 12:42:33;51  40203300;5.0;Para Fixo de Outras Operadoras;
2020-04-15 12:41:46;51  40203300;5.0;Para Fixo de Outras Operadoras;
2020-04-15 12:30:14;51  40203300;7.0;Para Fixo de Outras Operadoras;
2020-04-15 12:29:55;51  40203300;5.0;Para Fixo de Outras Operadoras;
2020-04-15 11:32:10;51  40203300;5.0;Para Fixo de Outras Operadoras;
2020-04-15 11:18:03;51  40203300;5.0;Para Fixo de Outras Operadoras;
2020-04-15 11:16:55;51  40203300;6.0;Para Fixo de Outras Operadoras;
2020-04-15 11:11:56;51  40203300;13.0;Para Fixo de Outras Operadoras;
2020-04-15 11:11:33;51  40203300;5.0;Para Fixo de Outras Operadoras;
2020-04-15 11:10:05;51  40203300;8.0;Para Fixo de Outras Operadoras;
2020-04-30 15:42:45;51  985732598;11.0;Para Celulares de Outras Operadoras;
2020-04-30 14:01:25;51  984939098;12.0;Para Celulares de Outras Operadoras;
2020-04-29 09:03:23;51  994610494;8.0;Para Celulares de Outras Operadoras;
2020-04-28 17:34:51;51  991522236;5.0;Para Celulares de Outras Operadoras;
2020-04-28 12:14:28;51  991522236;34.0;Para Celulares de Outras Operadoras;
2020-04-28 11:06:56;51  993438384;5.0;Para Celulares de Outras Operadoras;
2020-04-27 17:52:59;51  991522236;23.0;Para Celulares de Outras Operadoras;
2020-04-24 14:50:16;51  993438384;5.0;Para Celulares de Outras Operadoras;
2020-04-24 10:57:51;51  984267732;7.0;Para Celulares de Outras Operadoras;
2020-04-24 07:56:59;51  993438384;7.0;Para Celulares de Outras Operadoras;
2020-04-22 09:22:23;51  993438384;6.0;Para Celulares de Outras Operadoras;
2020-04-18 16:06:50;51  991694683;9.0;Para Celulares de Outras Operadoras;
2020-04-18 14:22:21;51  984389079;5.0;Para Celulares de Outras Operadoras;
2020-04-17 18:24:30;51  991694683;33.0;Para Celulares de Outras Operadoras;
2020-04-16 10:38:43;51  984939098;24.0;Para Celulares de Outras Operadoras;
2020-04-16 07:26:10;51  985666828;5.0;Para Celulares de Outras Operadoras;
2020-04-15 07:17:13;51  985666828;5.0;Para Celulares de Outras Operadoras;
2020-04-14 15:17:41;51  984431413;5.0;Para Celulares de Outras Operadoras;
2020-04-11 12:04:12;51  984305658;11.0;Para Celulares de Outras Operadoras;
2020-04-03 10:27:29;51  986271531;10.0;Para Celulares de Outras Operadoras;
2020-04-30 14:42:27;51  30444774;46.0;Para Fixo Vivo;
2020-04-30 13:55:27;51  30444774;7.0;Para Fixo Vivo;
2020-04-30 13:19:27;51  30444545;5.0;Para Fixo Vivo;
2020-04-27 17:34:56;51  30954550;6.0;Para Fixo Vivo;
2020-04-27 17:34:00;51  30954550;7.0;Para Fixo Vivo;
2020-04-27 12:35:29;51  33474181;5.0;Para Fixo Vivo;
2020-04-27 10:05:12;51  34831613;21.0;Para Fixo Vivo;
2020-04-17 09:21:20;51  30584278;5.0;Para Fixo Vivo;
2020-04-30 16:15:42;51  997990571;5.0;Para Celulares Vivo;
2020-04-30 10:08:49;51  997990571;5.0;Para Celulares Vivo;
2020-04-30 09:25:52;51  991919823;5.0;Para Celulares Vivo;
2020-04-30 08:26:24;51  997990571;5.0;Para Celulares Vivo;
2020-04-30 08:04:52;51  997990571;5.0;Para Celulares Vivo;
2020-04-30 07:30:51;51  991026438;7.0;Para Celulares Vivo;
2020-04-29 15:09:08;51  991026438;5.0;Para Celulares Vivo;
2020-04-29 15:07:00;51  998137123;8.0;Para Celulares Vivo;
2020-04-29 15:01:15;51  997990571;5.0;Para Celulares Vivo;
2020-04-29 14:19:25;51  992518679;5.0;Para Celulares Vivo;
2020-04-29 13:44:32;51  997990571;5.0;Para Celulares Vivo;
2020-04-29 11:12:19;51  997990571;5.0;Para Celulares Vivo;
2020-04-29 09:05:44;51  991919823;5.0;Para Celulares Vivo;
2020-04-29 09:04:49;51  991026438;5.0;Para Celulares Vivo;
2020-04-29 07:15:23;51  991026438;7.0;Para Celulares Vivo;
2020-04-28 14:49:45;51  997990571;5.0;Para Celulares Vivo;
2020-04-28 10:03:40;51  991026438;11.0;Para Celulares Vivo;
2020-04-28 09:36:28;51  995105815;5.0;Para Celulares Vivo;
2020-04-28 08:20:36;51  991026438;5.0;Para Celulares Vivo;
2020-04-27 22:58:00;51  997990571;8.0;Para Celulares Vivo;
2020-04-27 22:04:13;51  995105815;5.0;Para Celulares Vivo;
2020-04-27 13:51:40;51  997990571;8.0;Para Celulares Vivo;
2020-04-27 11:52:28;51  997990571;5.0;Para Celulares Vivo;
2020-04-27 09:45:00;51  991026438;5.0;Para Celulares Vivo;
2020-04-27 08:15:49;51  991026438;5.0;Para Celulares Vivo;
2020-04-24 09:26:09;51  991026438;5.0;Para Celulares Vivo;
2020-04-24 09:18:10;51  995105815;5.0;Para Celulares Vivo;
2020-04-24 07:09:24;51  991026438;5.0;Para Celulares Vivo;
2020-04-23 14:16:43;51  995105815;5.0;Para Celulares Vivo;
2020-04-23 12:15:56;51  991916429;5.0;Para Celulares Vivo;
2020-04-23 11:11:04;51  997990571;92.0;Para Celulares Vivo;
2020-04-23 10:22:55;51  991916429;5.0;Para Celulares Vivo;
2020-04-23 09:57:16;51  991916429;15.0;Para Celulares Vivo;
2020-04-22 14:33:47;51  991026438;5.0;Para Celulares Vivo;
2020-04-22 13:37:11;51  991026438;5.0;Para Celulares Vivo;
2020-04-22 10:56:48;51  995105815;7.0;Para Celulares Vivo;
2020-04-22 10:22:40;51  992518679;6.0;Para Celulares Vivo;
2020-04-22 09:09:16;51  991026438;14.0;Para Celulares Vivo;
2020-04-22 08:35:09;51  991026438;7.0;Para Celulares Vivo;
2020-04-22 08:10:16;51  991026438;5.0;Para Celulares Vivo;
2020-04-22 07:05:36;51  995105815;5.0;Para Celulares Vivo;
2020-04-17 15:06:26;51  991916429;5.0;Para Celulares Vivo;
2020-04-17 14:59:34;51  991026438;5.0;Para Celulares Vivo;
2020-04-17 10:47:21;51  991026438;5.0;Para Celulares Vivo;
2020-04-17 10:12:06;51  992592757;18.0;Para Celulares Vivo;
2020-04-17 06:56:12;51  991026438;11.0;Para Celulares Vivo;
2020-04-16 14:38:26;51  997990571;150.0;Para Celulares Vivo;
2020-04-16 08:21:52;51  991026438;5.0;Para Celulares Vivo;
2020-04-16 08:11:35;51  991026438;12.0;Para Celulares Vivo;
2020-04-16 08:00:49;51  991026438;7.0;Para Celulares Vivo;
2020-04-15 15:15:47;51  995105815;6.0;Para Celulares Vivo;
2020-04-15 11:26:00;51  991026438;5.0;Para Celulares Vivo;
2020-04-15 10:43:08;51  992592701;6.0;Para Celulares Vivo;
2020-04-15 10:14:52;51  995105815;5.0;Para Celulares Vivo;
2020-04-15 07:58:53;51  991026438;6.0;Para Celulares Vivo;
2020-04-15 07:06:44;51  995105815;7.0;Para Celulares Vivo;
2020-04-15 07:06:04;51  991026438;5.0;Para Celulares Vivo;
2020-04-15 06:43:25;51  991026438;5.0;Para Celulares Vivo;
2020-04-14 15:20:28;51  995105815;9.0;Para Celulares Vivo;
2020-04-14 14:07:52;51  991026438;5.0;Para Celulares Vivo;
2020-04-14 13:53:58;51  992592701;7.0;Para Celulares Vivo;
2020-04-14 09:14:32;51  995105815;7.0;Para Celulares Vivo;
2020-04-14 07:34:48;51  995105815;5.0;Para Celulares Vivo;
2020-04-13 14:44:42;51  992592701;5.0;Para Celulares Vivo;
2020-04-13 14:01:02;51  992592701;5.0;Para Celulares Vivo;
2020-04-13 11:00:55;51  995105815;6.0;Para Celulares Vivo;
2020-04-13 10:52:40;51  992592701;9.0;Para Celulares Vivo;
2020-04-09 10:28:29;51  995105815;5.0;Para Celulares Vivo;
2020-04-08 11:25:12;51  995105815;5.0;Para Celulares Vivo;
2020-04-08 09:48:35;51  992592701;24.0;Para Celulares Vivo;
2020-04-08 08:28:28;51  991026438;5.0;Para Celulares Vivo;
2020-04-07 19:27:08;51  981269943;9.0;Para Celulares Vivo;
2020-04-07 19:16:50;51  981269943;30.0;Para Celulares Vivo;
2020-04-07 14:31:35;51  991026438;5.0;Para Celulares Vivo;
2020-04-07 14:08:56;51  992592701;22.0;Para Celulares Vivo;
2020-04-07 13:10:14;51  995105815;5.0;Para Celulares Vivo;
2020-04-07 10:57:53;51  995105815;5.0;Para Celulares Vivo;
2020-04-07 08:48:48;51  991026438;11.0;Para Celulares Vivo;
2020-04-07 07:26:14;51  995105815;6.0;Para Celulares Vivo;
2020-04-06 15:31:57;51  997990571;51.0;Para Celulares Vivo;
2020-04-06 14:35:53;51  995105815;5.0;Para Celulares Vivo;
2020-04-06 11:15:15;51  991916429;8.0;Para Celulares Vivo;
2020-04-06 09:39:58;51  991026438;5.0;Para Celulares Vivo;
2020-04-06 09:35:45;51  995105815;7.0;Para Celulares Vivo;
2020-04-06 09:00:43;51  991026438;5.0;Para Celulares Vivo;
2020-04-06 08:41:42;51  995105815;7.0;Para Celulares Vivo;
2020-04-06 08:39:44;51  991026438;7.0;Para Celulares Vivo;
2020-04-06 07:12:02;51  991026438;5.0;Para Celulares Vivo;
2020-04-03 11:33:05;51  995105815;5.0;Para Celulares Vivo;
2020-04-03 11:19:29;51  991026438;5.0;Para Celulares Vivo;
2020-04-03 11:03:29;51  995105815;5.0;Para Celulares Vivo;
2020-04-03 10:40:13;51  991916429;7.0;Para Celulares Vivo;
2020-04-03 10:34:00;51  995105815;5.0;Para Celulares Vivo;
2020-04-03 08:45:42;51  991916429;5.0;Para Celulares Vivo;
2020-04-03 08:43:44;51  991916429;11.0;Para Celulares Vivo;
2020-04-03 08:16:27;51  995105815;7.0;Para Celulares Vivo;
2020-04-02 11:40:17;51  992518679;29.0;Para Celulares Vivo;
2020-04-02 10:30:06;51  992518679;11.0;Para Celulares Vivo;
2020-03-31;"";4250.2;INTERNET MOVEL 2;0.00
2020-04-01;"";118891.8;INTERNET MOVEL 2;0.00
2020-04-02;"";37019.1;INTERNET MOVEL 2;0.00
2020-04-03;"";98581.7;INTERNET MOVEL 2;0.00
2020-04-04;"";21401.5;INTERNET MOVEL 2;0.00
2020-04-05;"";30.0;INTERNET MOVEL 2;0.00
2020-04-06;"";67859.9;INTERNET MOVEL 2;0.00
2020-04-07;"";93020.2;INTERNET MOVEL 2;0.00
2020-04-08;"";150714.7;INTERNET MOVEL 2;0.00
2020-04-09;"";41152.8;INTERNET MOVEL 2;0.00
2020-04-10;"";63101.9;INTERNET MOVEL 2;0.00
2020-04-11;"";26013.4;INTERNET MOVEL 2;0.00
2020-04-12;"";4126.8;INTERNET MOVEL 2;0.00
2020-04-13;"";84191.7;INTERNET MOVEL 2;0.00
2020-04-14;"";35089.2;INTERNET MOVEL 2;0.00
2020-04-15;"";87479.6;INTERNET MOVEL 2;0.00
2020-04-16;"";38592.7;INTERNET MOVEL 2;0.00
2020-04-17;"";128703.7;INTERNET MOVEL 2;0.00
2020-04-18;"";71972.1;INTERNET MOVEL 2;0.00
2020-04-19;"";67935.3;INTERNET MOVEL 2;0.00
2020-04-20;"";3298.4;INTERNET MOVEL 2;0.00
2020-04-21;"";27505.3;INTERNET MOVEL 2;0.00
2020-04-22;"";130181.6;INTERNET MOVEL 2;0.00
2020-04-23;"";31990.1;INTERNET MOVEL 2;0.00
2020-04-24;"";87140.5;INTERNET MOVEL 2;0.00
2020-04-25;"";2014.2;INTERNET MOVEL 2;0.00
2020-04-26;"";1931.0;INTERNET MOVEL 2;0.00
2020-04-27;"";64417.4;INTERNET MOVEL 2;0.00
2020-04-28;"";33062.6;INTERNET MOVEL 2;0.00
2020-04-29;"";117023.6;INTERNET MOVEL 2;0.00
2020-04-30;"";112603.4;INTERNET MOVEL 2;0.00
