data_hora_inicio;nro_telefone_chamado;duracao_ligacao;desc_categoria;valor_ligacao
2020-04-30 16:41:40;51991317721;1.0;GRATIS-SMS;0.00
2020-04-15 16:31:29;51995838788;1.0;GRATIS-SMS;0.00
2020-04-09 10:45:58;51991059183;1.0;GRATIS-SMS;0.00
2020-04-01 15:56:38;51  991871228;60.0;Para Celulares de Outras Operadoras;
2020-04-01 14:40:49;51  991871228;198.0;Para Celulares de Outras Operadoras;
2020-04-01 11:09:40;51  984360651;16.0;Para Celulares de Outras Operadoras;
2020-04-01 11:47:40;51  991317721;97.0;Para Celulares Vivo;
2020-04-01 10:51:57;51  991035458;10.0;Para Celulares Vivo;
2020-04-01 10:32:11;51  991317721;18.0;Para Celulares Vivo;
2020-04-01 09:18:33;51  996872609;83.0;Para Celulares Vivo;
2020-04-01 09:17:59;51  996872609;5.0;Para Celulares Vivo;
2020-04-28 11:34:35;31  35632288;9.0;Para Fixo de Outras Operadoras;
2020-04-28 11:31:46;31  35632288;20.0;Para Fixo de Outras Operadoras;
2020-04-15 15:45:08;31  38396194;146.0;Para Fixo de Outras Operadoras;
2020-04-03 12:07:37;67  35091500;10.0;Para Fixo de Outras Operadoras;
2020-04-17 15:13:57;98  988640062;28.0;Para Celulares de Outras Operadoras;
2020-04-16 10:34:43;31  984721338;77.0;Para Celulares de Outras Operadoras;
2020-04-09 08:19:09;18  34410182;9.0;Para Fixo Vivo;
2020-04-28 16:41:57;13  981056369;85.0;Para Celulares Vivo;
2020-04-28 14:58:54;13  981056369;22.0;Para Celulares Vivo;
2020-04-24 11:35:36;91  993391047;20.0;Para Celulares Vivo;
2020-04-15 16:30:44;53  999542687;107.0;Para Celulares Vivo;
2020-04-15 13:54:57;53  999459696;123.0;Para Celulares Vivo;
2020-04-15 11:08:18;51  33471841;65.0;Para Fixo de Outras Operadoras;
2020-04-22 15:31:57;51  993555430;24.0;Para Celulares de Outras Operadoras;
2020-04-22 15:11:31;51  993889435;8.0;Para Celulares de Outras Operadoras;
2020-04-22 08:47:50;51  993555430;5.0;Para Celulares de Outras Operadoras;
2020-04-17 17:02:40;51  981776476;48.0;Para Celulares de Outras Operadoras;
2020-04-09 08:23:35;51  984360651;19.0;Para Celulares de Outras Operadoras;
2020-04-08 16:15:29;51  982717665;245.0;Para Celulares de Outras Operadoras;
2020-04-30 15:51:11;51  21313333;69.0;Para Fixo Vivo;
2020-04-30 09:33:54;51  21313341;15.0;Para Fixo Vivo;
2020-04-28 13:51:34;51  21313329;27.0;Para Fixo Vivo;
2020-04-28 08:42:17;51  21313333;120.0;Para Fixo Vivo;
2020-04-28 08:32:43;51  21313333;37.0;Para Fixo Vivo;
2020-04-27 17:21:53;51  21313312;10.0;Para Fixo Vivo;
2020-04-27 12:28:08;51  30033030;274.0;Para Fixo Vivo;
2020-04-22 15:12:38;51  21313333;19.0;Para Fixo Vivo;
2020-04-22 08:30:56;51  21313333;15.0;Para Fixo Vivo;
2020-04-22 08:30:02;51  21313333;7.0;Para Fixo Vivo;
2020-04-22 08:24:15;51  21313333;56.0;Para Fixo Vivo;
2020-04-15 11:17:53;51  30291772;41.0;Para Fixo Vivo;
2020-04-15 10:46:54;51  33645123;8.0;Para Fixo Vivo;
2020-04-15 10:28:08;51  30291772;51.0;Para Fixo Vivo;
2020-04-15 09:46:07;51  30291772;22.0;Para Fixo Vivo;
2020-04-15 09:29:50;51  21313333;14.0;Para Fixo Vivo;
2020-04-30 16:46:16;51  991317721;23.0;Para Celulares Vivo;
2020-04-30 16:20:13;51  991317721;95.0;Para Celulares Vivo;
2020-04-30 09:14:21;51  995838788;10.0;Para Celulares Vivo;
2020-04-29 16:42:44;51  991317721;617.0;Para Celulares Vivo;
2020-04-29 12:07:40;51  993394636;5.0;Para Celulares Vivo;
2020-04-29 12:05:05;51  993394636;5.0;Para Celulares Vivo;
2020-04-29 10:54:03;51  993189322;10.0;Para Celulares Vivo;
2020-04-29 09:28:11;51  995838788;87.0;Para Celulares Vivo;
2020-04-29 08:40:41;51  995838788;40.0;Para Celulares Vivo;
2020-04-28 16:31:33;51  992592867;49.0;Para Celulares Vivo;
2020-04-28 12:25:18;51  993394636;36.0;Para Celulares Vivo;
2020-04-28 11:12:28;51  993189322;67.0;Para Celulares Vivo;
2020-04-28 08:38:47;51  997293283;27.0;Para Celulares Vivo;
2020-04-27 18:03:47;51  993189322;10.0;Para Celulares Vivo;
2020-04-27 16:34:47;51  991317721;17.0;Para Celulares Vivo;
2020-04-27 09:40:33;51  998115641;102.0;Para Celulares Vivo;
2020-04-27 09:22:50;51  996922316;105.0;Para Celulares Vivo;
2020-04-24 14:34:24;51  992592867;36.0;Para Celulares Vivo;
2020-04-23 18:07:43;51  992592867;56.0;Para Celulares Vivo;
2020-04-23 16:25:32;51  992592867;63.0;Para Celulares Vivo;
2020-04-23 10:00:04;51  991223844;9.0;Para Celulares Vivo;
2020-04-22 13:57:56;51  993189322;31.0;Para Celulares Vivo;
2020-04-17 15:02:18;51  998115641;105.0;Para Celulares Vivo;
2020-04-17 11:12:32;51  995838788;31.0;Para Celulares Vivo;
2020-04-17 10:57:05;51  996922316;77.0;Para Celulares Vivo;
2020-04-16 17:05:36;51  998115641;43.0;Para Celulares Vivo;
2020-04-16 14:03:51;51  996820018;83.0;Para Celulares Vivo;
2020-04-14 11:14:17;51  991223844;5.0;Para Celulares Vivo;
2020-04-14 10:52:23;51  995838788;82.0;Para Celulares Vivo;
2020-04-14 10:25:53;51  991223844;14.0;Para Celulares Vivo;
2020-04-13 16:37:24;51  993320327;59.0;Para Celulares Vivo;
2020-04-06 17:23:46;51  991035458;22.0;Para Celulares Vivo;
2020-04-02 14:47:34;51  991035458;5.0;Para Celulares Vivo;
2020-04-02 14:46:31;51  991035458;7.0;Para Celulares Vivo;
2020-04-02 14:17:01;51  991317721;62.0;Para Celulares Vivo;
2020-04-02 13:53:07;51  991035458;12.0;Para Celulares Vivo;
2020-04-02 12:19:49;51  995598942;170.0;Para Celulares Vivo;
2020-04-01;"";662.0;INTERNET MOVEL 2;0.00
2020-04-02;"";809.0;INTERNET MOVEL 2;0.00
2020-04-03;"";698.0;INTERNET MOVEL 2;0.00
2020-04-04;"";860.0;INTERNET MOVEL 2;0.00
2020-04-05;"";817.0;INTERNET MOVEL 2;0.00
2020-04-06;"";1381.0;INTERNET MOVEL 2;0.00
2020-04-07;"";587.0;INTERNET MOVEL 2;0.00
2020-04-08;"";891.0;INTERNET MOVEL 2;0.00
2020-04-09;"";842.0;INTERNET MOVEL 2;0.00
2020-04-10;"";637.0;INTERNET MOVEL 2;0.00
2020-04-11;"";753.0;INTERNET MOVEL 2;0.00
2020-04-13;"";717.0;INTERNET MOVEL 2;0.00
2020-04-14;"";868.0;INTERNET MOVEL 2;0.00
2020-04-15;"";1642.0;INTERNET MOVEL 2;0.00
2020-04-16;"";788.0;INTERNET MOVEL 2;0.00
2020-04-17;"";1299.6;INTERNET MOVEL 2;0.00
2020-04-18;"";418.0;INTERNET MOVEL 2;0.00
2020-04-19;"";2612.0;INTERNET MOVEL 2;0.00
2020-04-20;"";859.0;INTERNET MOVEL 2;0.00
2020-04-21;"";232.0;INTERNET MOVEL 2;0.00
2020-04-22;"";4081.4;INTERNET MOVEL 2;0.00
2020-04-23;"";3707.9;INTERNET MOVEL 2;0.00
2020-04-24;"";421.0;INTERNET MOVEL 2;0.00
2020-04-27;"";711.0;INTERNET MOVEL 2;0.00
2020-04-28;"";836.0;INTERNET MOVEL 2;0.00
2020-04-29;"";883.0;INTERNET MOVEL 2;0.00
2020-04-30;"";794.0;INTERNET MOVEL 2;0.00
2020-05-01;"";98.0;INTERNET MOVEL 2;0.00
