data_hora_inicio;nro_telefone_chamado;duracao_ligacao;desc_categoria;valor_ligacao
2020-04-01 07:54:28;"";1.0;ADICIONAL;0.00
2020-04-16 10:50:20;"";1.0;ADICIONAL;0.00
2020-04-15 09:57:33;5135000489;1.0;ADICIONAL;0.00
2020-04-15 08:13:11;"";1.0;ADICIONAL;0.00
2020-04-15 07:08:07;"";1.0;ADICIONAL;0.00
2020-04-14 19:34:06;"";1.0;ADICIONAL;0.00
2020-04-14 11:57:59;5121800400;1.0;ADICIONAL;0.00
2020-04-13 10:10:31;"";1.0;ADICIONAL;0.00
2020-04-11 20:42:37;"";1.0;ADICIONAL;0.00
2020-04-10 10:57:54;"";1.0;ADICIONAL;0.00
2020-04-10 10:50:42;"";1.0;ADICIONAL;0.00
2020-04-10 08:30:42;"";1.0;ADICIONAL;0.00
2020-04-09 17:07:28;"";1.0;ADICIONAL;0.00
2020-04-09 15:35:55;"";1.0;ADICIONAL;0.00
2020-04-09 10:17:15;5135000489;1.0;ADICIONAL;0.00
2020-04-08 07:01:09;"";1.0;ADICIONAL;0.00
2020-04-07 18:06:31;"";1.0;ADICIONAL;0.00
2020-04-07 17:34:57;"";1.0;ADICIONAL;0.00
2020-04-06 09:36:34;"";1.0;ADICIONAL;0.00
2020-04-06 09:07:29;"";1.0;ADICIONAL;0.00
2020-04-03 08:19:15;"";1.0;ADICIONAL;0.00
2020-04-03 08:15:13;"";1.0;ADICIONAL;0.00
2020-04-02 20:53:35;"";1.0;ADICIONAL;0.00
2020-04-11 15:38:52;73991986789;1.0;GRATIS-SMS;0.00
2020-04-15 11:35:01;61  33862005;5.0;Para Fixo de Outras Operadoras;
2020-04-13 11:03:01;61  33862005;23.0;Para Fixo de Outras Operadoras;
2020-04-10 18:03:13;73  991986789;60.0;Para Celulares de Outras Operadoras;
2020-04-10 18:00:56;32  984548481;9.0;Para Celulares de Outras Operadoras;
2020-04-10 17:59:51;32  984548481;5.0;Para Celulares de Outras Operadoras;
2020-04-10 11:04:16;51  984696961;54.0;Para Celulares de Outras Operadoras;
2020-04-10 11:03:07;51  984696961;5.0;Para Celulares de Outras Operadoras;
2020-04-16 19:44:53;51  999823756;6.0;Para Celulares Vivo;
2020-04-16 17:02:24;66  999316264;102.0;Para Celulares Vivo;
2020-04-16 08:00:31;51  995863683;44.0;Para Celulares Vivo;
2020-04-13 14:50:22;14  998886414;63.0;Para Celulares Vivo;
2020-04-13 08:06:14;14  998886414;192.0;Para Celulares Vivo;
2020-04-10 08:47:21;51  995863683;69.0;Para Celulares Vivo;
2020-04-09 13:17:01;51  995863683;86.0;Para Celulares Vivo;
2020-04-08 17:11:35;51  995863683;61.0;Para Celulares Vivo;
2020-04-08 16:23:08;51  995863683;56.0;Para Celulares Vivo;
2020-04-03 07:56:01;51  995863683;154.0;Para Celulares Vivo;
2020-04-16 19:44:53;51  999823756;0.0;Adicional por Ligacoes Realizadas;
2020-04-16 17:02:24;66  999316264;0.0;Adicional por Ligacoes Realizadas;
2020-04-16 08:00:31;51  995863683;0.0;Adicional por Ligacoes Realizadas;
2020-04-15 11:35:01;61  33862005;0.0;Adicional por Ligacoes Realizadas;
2020-04-15 08:35:47;77  999600994;0.0;Adicional por Ligacoes Realizadas;
2020-04-15 07:58:29;77  999825480;0.0;Adicional por Ligacoes Realizadas;
2020-04-14 14:28:01;08  009792020;0.0;Adicional por Ligacoes Realizadas;
2020-04-13 14:50:22;14  998886414;0.0;Adicional por Ligacoes Realizadas;
2020-04-13 11:03:01;61  33862005;0.0;Adicional por Ligacoes Realizadas;
2020-04-13 09:11:04;77  991355330;0.0;Adicional por Ligacoes Realizadas;
2020-04-13 09:00:06;77  991767983;0.0;Adicional por Ligacoes Realizadas;
2020-04-13 08:06:14;14  998886414;0.0;Adicional por Ligacoes Realizadas;
2020-04-10 18:03:13;73  991986789;0.0;Adicional por Ligacoes Realizadas;
2020-04-10 18:00:56;32  984548481;0.0;Adicional por Ligacoes Realizadas;
2020-04-10 17:59:51;32  984548481;0.0;Adicional por Ligacoes Realizadas;
2020-04-10 17:55:06;77  997001506;0.0;Adicional por Ligacoes Realizadas;
2020-04-10 16:31:15;77  36283421;0.0;Adicional por Ligacoes Realizadas;
2020-04-10 11:04:16;51  984696961;0.0;Adicional por Ligacoes Realizadas;
2020-04-10 11:03:07;51  984696961;0.0;Adicional por Ligacoes Realizadas;
2020-04-10 08:47:21;51  995863683;0.0;Adicional por Ligacoes Realizadas;
2020-04-10 08:45:16;77  991355330;0.0;Adicional por Ligacoes Realizadas;
2020-04-09 13:17:01;51  995863683;0.0;Adicional por Ligacoes Realizadas;
2020-04-08 17:11:35;51  995863683;0.0;Adicional por Ligacoes Realizadas;
2020-04-08 16:23:08;51  995863683;0.0;Adicional por Ligacoes Realizadas;
2020-04-03 07:56:01;51  995863683;0.0;Adicional por Ligacoes Realizadas;
2020-04-14 14:28:01;08  009792020;40.0;"";
2020-04-16 10:50:20;    ;143.0;Chamadas de Longa Distancia para Outros Estados;
2020-04-15 09:57:33;51  35000489;21.0;Chamadas de Longa Distancia para Outros Estados;
2020-04-15 08:13:11;    ;5.0;Chamadas de Longa Distancia para Outros Estados;
2020-04-15 07:08:07;    ;13.0;Chamadas de Longa Distancia para Outros Estados;
2020-04-14 19:34:06;    ;43.0;Chamadas de Longa Distancia para Outros Estados;
2020-04-14 11:57:59;51  21800400;5.0;Chamadas de Longa Distancia para Outros Estados;
2020-04-13 10:10:31;    ;5.0;Chamadas de Longa Distancia para Outros Estados;
2020-04-11 20:42:37;    ;19.0;Chamadas de Longa Distancia para Outros Estados;
2020-04-10 10:57:54;    ;29.0;Chamadas de Longa Distancia para Outros Estados;
2020-04-10 10:50:42;    ;68.0;Chamadas de Longa Distancia para Outros Estados;
2020-04-10 08:30:42;    ;18.0;Chamadas de Longa Distancia para Outros Estados;
2020-04-09 17:07:28;    ;12.0;Chamadas de Longa Distancia para Outros Estados;
2020-04-09 15:35:55;    ;89.0;Chamadas de Longa Distancia para Outros Estados;
2020-04-09 10:17:15;51  35000489;5.0;Chamadas de Longa Distancia para Outros Estados;
2020-04-08 07:01:09;    ;100.0;Chamadas de Longa Distancia para Outros Estados;
2020-04-07 18:06:31;    ;20.0;Chamadas de Longa Distancia para Outros Estados;
2020-04-07 17:34:57;    ;62.0;Chamadas de Longa Distancia para Outros Estados;
2020-04-06 09:36:34;    ;27.0;Chamadas de Longa Distancia para Outros Estados;
2020-04-06 09:07:29;    ;155.0;Chamadas de Longa Distancia para Outros Estados;
2020-04-03 08:19:15;    ;5.0;Chamadas de Longa Distancia para Outros Estados;
2020-04-03 08:15:13;    ;27.0;Chamadas de Longa Distancia para Outros Estados;
2020-04-02 20:53:35;    ;87.0;Chamadas de Longa Distancia para Outros Estados;
2020-04-01 07:54:28;    ;49.0;Chamadas de Longa Distancia para Outros Estados;
2020-04-01 07:54:28;    ;56.0;Chamadas de Longa Distancia para Outros Estados;
2020-04-10 16:31:15;77  36283421;5.0;Para Fixo de Outras Operadoras;
2020-04-13 09:00:06;77  991767983;19.0;Para Celulares de Outras Operadoras;
2020-04-15 08:35:47;77  999600994;5.0;Para Celulares Vivo;
2020-04-15 07:58:29;77  999825480;12.0;Para Celulares Vivo;
2020-04-13 09:11:04;77  991355330;29.0;Para Celulares Vivo;
2020-04-10 17:55:06;77  997001506;8.0;Para Celulares Vivo;
2020-04-10 08:45:16;77  991355330;10.0;Para Celulares Vivo;
2020-04-22 18:52:02;51  31810801;5.0;Para Fixo de Outras Operadoras;
2020-04-22 13:21:51;51  30038889;134.0;Para Fixo de Outras Operadoras;
2020-04-27 10:55:48;51  991771271;34.0;Para Celulares de Outras Operadoras;
2020-04-20 11:32:47;51  983301986;36.0;Para Celulares de Outras Operadoras;
2020-04-28 09:21:40;51  30856299;5.0;Para Fixo Vivo;
2020-04-28 09:12:44;51  30856299;5.0;Para Fixo Vivo;
2020-04-28 09:04:21;51  30856299;5.0;Para Fixo Vivo;
2020-04-28 09:00:11;51  30856299;5.0;Para Fixo Vivo;
2020-04-28 08:54:19;51  30856299;5.0;Para Fixo Vivo;
2020-04-28 08:40:37;51  30856299;5.0;Para Fixo Vivo;
2020-04-28 08:35:01;51  30856299;5.0;Para Fixo Vivo;
2020-04-28 08:15:31;51  30856299;5.0;Para Fixo Vivo;
2020-04-28 08:07:54;51  30856299;5.0;Para Fixo Vivo;
2020-04-22 10:48:08;51  34720846;6.0;Para Fixo Vivo;
2020-04-17 08:58:43;51  21313386;168.0;Para Fixo Vivo;
2020-04-22 11:19:28;51  998774978;22.0;Para Celulares Vivo;
2020-04-17 11:29:28;51  991842754;88.0;Para Celulares Vivo;
2020-04-01;"";41047.0;INTERNET MOVEL 2;0.00
2020-04-02;"";30300.2;INTERNET MOVEL 2;0.00
2020-04-03;"";46427.0;INTERNET MOVEL 2;0.00
2020-04-05;"";36756.8;INTERNET MOVEL 2;0.00
2020-04-06;"";69149.2;INTERNET MOVEL 2;0.00
2020-04-07;"";38123.4;INTERNET MOVEL 2;0.00
2020-04-08;"";42777.0;INTERNET MOVEL 2;0.00
2020-04-09;"";75207.3;INTERNET MOVEL 2;0.00
2020-04-10;"";81718.1;INTERNET MOVEL 2;0.00
2020-04-11;"";170584.7;INTERNET MOVEL 2;0.00
2020-04-12;"";178963.4;INTERNET MOVEL 2;0.00
2020-04-13;"";164401.8;INTERNET MOVEL 2;0.00
2020-04-14;"";51754.8;INTERNET MOVEL 2;0.00
2020-04-15;"";218751.6;INTERNET MOVEL 2;0.00
2020-04-16;"";447883.8;INTERNET MOVEL 2;0.00
2020-04-17;"";364.0;INTERNET MOVEL 2;0.00
2020-04-18;"";175.0;INTERNET MOVEL 2;0.00
2020-04-19;"";2496.0;INTERNET MOVEL 2;0.00
2020-04-20;"";853.0;INTERNET MOVEL 2;0.00
2020-04-21;"";23840.8;INTERNET MOVEL 2;0.00
2020-04-22;"";149869.7;INTERNET MOVEL 2;0.00
2020-04-23;"";6385.3;INTERNET MOVEL 2;0.00
2020-04-24;"";10086.2;INTERNET MOVEL 2;0.00
2020-04-25;"";2018.0;INTERNET MOVEL 2;0.00
2020-04-26;"";1454.0;INTERNET MOVEL 2;0.00
2020-04-27;"";172.0;INTERNET MOVEL 2;0.00
2020-04-28;"";30373.6;INTERNET MOVEL 2;0.00
2020-04-29;"";7879.0;INTERNET MOVEL 2;0.00
2020-04-30;"";2372.8;INTERNET MOVEL 2;0.00
2020-05-01;"";20.0;INTERNET MOVEL 2;0.00
