data_hora_inicio;nro_telefone_chamado;duracao_ligacao;desc_categoria;valor_ligacao
2020-04-23 10:27:27;31988954288;1.0;GRATIS-SMS;0.00
2020-04-22 11:36:52;11984719731;1.0;GRATIS-SMS;0.00
2020-04-22 10:48:41;11998447455;1.0;GRATIS-SMS;0.00
2020-04-13 14:04:04;94  33525641;5.0;Para Fixo de Outras Operadoras;
2020-04-28 11:46:18;31  992147032;26.0;Para Celulares de Outras Operadoras;
2020-04-27 17:05:20;31  992147032;33.0;Para Celulares de Outras Operadoras;
2020-04-20 12:12:48;31  988954288;80.0;Para Celulares de Outras Operadoras;
2020-04-13 11:16:32;31  988954288;25.0;Para Celulares de Outras Operadoras;
2020-04-09 10:17:19;31  984721338;138.0;Para Celulares de Outras Operadoras;
2020-04-01 09:43:10;31  988954288;118.0;Para Celulares de Outras Operadoras;
2020-04-28 13:51:17;51  995212663;14.0;Para Celulares Vivo;
2020-04-24 08:20:32;51  992592867;222.0;Para Celulares Vivo;
2020-04-23 12:12:12;31  997123678;31.0;Para Celulares Vivo;
2020-04-23 11:06:24;31  997754509;10.0;Para Celulares Vivo;
2020-04-23 11:06:01;31  997754509;5.0;Para Celulares Vivo;
2020-04-23 08:36:05;31  999571044;91.0;Para Celulares Vivo;
2020-04-22 17:26:08;51  992592867;36.0;Para Celulares Vivo;
2020-04-22 16:50:35;31  997123678;46.0;Para Celulares Vivo;
2020-04-22 10:01:50;51  992592816;18.0;Para Celulares Vivo;
2020-04-14 17:14:59;51  991034807;5.0;Para Celulares Vivo;
2020-04-09 10:03:44;31  998743257;87.0;Para Celulares Vivo;
2020-04-09 08:10:03;51  991034807;38.0;Para Celulares Vivo;
2020-04-08 17:31:37;51  992592867;23.0;Para Celulares Vivo;
2020-04-07 08:13:45;51  995212663;180.0;Para Celulares Vivo;
2020-04-02 14:22:58;31  998265646;159.0;Para Celulares Vivo;
2020-04-01 10:00:08;31  997123678;282.0;Para Celulares Vivo;
2020-04-09 09:48:51;12  992399225;133.0;Para Celulares de Outras Operadoras;
2020-04-24 13:03:29;11  932173779;24.0;Para Celulares de Outras Operadoras;
2020-04-17 10:40:14;11  980751580;52.0;Para Celulares de Outras Operadoras;
2020-04-16 16:49:12;11  980751580;29.0;Para Celulares de Outras Operadoras;
2020-04-14 11:09:23;11  980751580;89.0;Para Celulares de Outras Operadoras;
2020-04-13 15:38:17;11  980751580;73.0;Para Celulares de Outras Operadoras;
2020-04-02 08:17:26;11  980751580;205.0;Para Celulares de Outras Operadoras;
2020-04-23 09:58:08;11  40248100;15.0;Para Fixo Vivo;
2020-04-30 11:27:23;11  974234886;29.0;Para Celulares Vivo;
2020-04-23 09:40:09;11  974234886;38.0;Para Celulares Vivo;
2020-04-17 10:19:10;11  974234886;82.0;Para Celulares Vivo;
2020-04-15 14:15:49;11  971294467;426.0;Para Celulares Vivo;
2020-04-09 08:16:06;11  989737585;247.0;Para Celulares Vivo;
2020-04-06 14:43:29;11  984719726;150.0;Para Celulares Vivo;
2020-04-06 14:24:13;11  984719726;60.0;Para Celulares Vivo;
2020-04-02 11:36:51;11  984719726;118.0;Para Celulares Vivo;
2020-03-31;"";68.0;INTERNET MOVEL 2;0.00
2020-04-01;"";261.0;INTERNET MOVEL 2;0.00
2020-04-02;"";332.0;INTERNET MOVEL 2;0.00
2020-04-03;"";335.0;INTERNET MOVEL 2;0.00
2020-04-04;"";649.0;INTERNET MOVEL 2;0.00
2020-04-05;"";479.0;INTERNET MOVEL 2;0.00
2020-04-06;"";275.0;INTERNET MOVEL 2;0.00
2020-04-07;"";418.0;INTERNET MOVEL 2;0.00
2020-04-08;"";406.0;INTERNET MOVEL 2;0.00
2020-04-09;"";18033.2;INTERNET MOVEL 2;0.00
2020-04-10;"";332.0;INTERNET MOVEL 2;0.00
2020-04-11;"";517.0;INTERNET MOVEL 2;0.00
2020-04-12;"";77.0;INTERNET MOVEL 2;0.00
2020-04-13;"";266.0;INTERNET MOVEL 2;0.00
2020-04-14;"";658.0;INTERNET MOVEL 2;0.00
2020-04-15;"";59854.1;INTERNET MOVEL 2;0.00
2020-04-16;"";372.0;INTERNET MOVEL 2;0.00
2020-04-17;"";368.0;INTERNET MOVEL 2;0.00
2020-04-18;"";2953.0;INTERNET MOVEL 2;0.00
2020-04-19;"";2737.0;INTERNET MOVEL 2;0.00
2020-04-20;"";1557.0;INTERNET MOVEL 2;0.00
2020-04-21;"";509.0;INTERNET MOVEL 2;0.00
2020-04-22;"";550.0;INTERNET MOVEL 2;0.00
2020-04-23;"";1401.0;INTERNET MOVEL 2;0.00
2020-04-24;"";669.0;INTERNET MOVEL 2;0.00
2020-04-25;"";2875.0;INTERNET MOVEL 2;0.00
2020-04-26;"";503.0;INTERNET MOVEL 2;0.00
2020-04-27;"";49409.2;INTERNET MOVEL 2;0.00
2020-04-28;"";655.0;INTERNET MOVEL 2;0.00
2020-04-29;"";1071.9;INTERNET MOVEL 2;0.00
2020-04-30;"";943.0;INTERNET MOVEL 2;0.00
2020-05-01;"";37.0;INTERNET MOVEL 2;0.00
