data_hora_inicio;nro_telefone_chamado;duracao_ligacao;desc_categoria;valor_ligacao
2020-04-01 17:22:48;51  37421151;18.0;Para Fixo de Outras Operadoras;
2020-04-01 11:28:04;51  37421151;59.0;Para Fixo de Outras Operadoras;
2020-04-01 11:23:27;51  37421255;23.0;Para Fixo de Outras Operadoras;
2020-04-01 18:03:31;51  997842173;31.0;Para Celulares Vivo;
2020-04-01 17:53:01;51  995107039;7.0;Para Celulares Vivo;
2020-04-27 17:48:01;51  995878817;25.0;De Celulares Vivo;
2020-04-20 20:19:29;51  995878817;5.0;De Celulares Vivo;
2020-04-17 13:25:07;51  995878817;7.0;De Celulares Vivo;
2020-04-10 14:58:34;51  995878817;5.0;De Celulares Vivo;
2020-04-06 22:04:58;51  995878817;5.0;De Celulares Vivo;
2020-04-29 11:07:32;51  37421255;84.0;Para Fixo de Outras Operadoras;
2020-04-28 15:15:26;51  37421151;90.0;Para Fixo de Outras Operadoras;
2020-04-27 15:26:39;51  37422419;5.0;Para Fixo de Outras Operadoras;
2020-04-27 13:39:56;51  37422605;11.0;Para Fixo de Outras Operadoras;
2020-04-27 13:37:58;51  37422456;16.0;Para Fixo de Outras Operadoras;
2020-04-27 10:20:13;51  37422419;14.0;Para Fixo de Outras Operadoras;
2020-04-25 18:21:17;51  37421212;71.0;Para Fixo de Outras Operadoras;
2020-04-25 08:00:50;51  37421255;15.0;Para Fixo de Outras Operadoras;
2020-04-24 10:08:25;51  33407908;7.0;Para Fixo de Outras Operadoras;
2020-04-24 10:06:02;51  33407908;6.0;Para Fixo de Outras Operadoras;
2020-04-24 10:05:39;51  33407908;5.0;Para Fixo de Outras Operadoras;
2020-04-23 20:12:31;51  37421212;99.0;Para Fixo de Outras Operadoras;
2020-04-23 17:53:22;51  37422456;13.0;Para Fixo de Outras Operadoras;
2020-04-23 15:32:28;51  37421212;59.0;Para Fixo de Outras Operadoras;
2020-04-23 15:26:42;51  37421184;10.0;Para Fixo de Outras Operadoras;
2020-04-23 11:08:39;51  37421184;18.0;Para Fixo de Outras Operadoras;
2020-04-23 10:51:13;51  37422037;9.0;Para Fixo de Outras Operadoras;
2020-04-22 17:27:56;51  37422488;17.0;Para Fixo de Outras Operadoras;
2020-04-22 12:31:10;51  37422444;24.0;Para Fixo de Outras Operadoras;
2020-04-22 10:20:14;51  37422456;34.0;Para Fixo de Outras Operadoras;
2020-04-22 10:16:26;51  37421345;26.0;Para Fixo de Outras Operadoras;
2020-04-20 10:07:28;51  37421798;47.0;Para Fixo de Outras Operadoras;
2020-04-17 10:05:15;51  33477466;18.0;Para Fixo de Outras Operadoras;
2020-04-16 10:51:03;51  37431154;31.0;Para Fixo de Outras Operadoras;
2020-04-15 15:57:18;51  37421345;5.0;Para Fixo de Outras Operadoras;
2020-04-15 15:15:35;51  37422419;18.0;Para Fixo de Outras Operadoras;
2020-04-15 14:26:02;51  37421255;15.0;Para Fixo de Outras Operadoras;
2020-04-15 10:36:08;51  37421255;24.0;Para Fixo de Outras Operadoras;
2020-04-14 14:18:05;51  37422419;5.0;Para Fixo de Outras Operadoras;
2020-04-14 11:43:15;51  37421212;14.0;Para Fixo de Outras Operadoras;
2020-04-14 11:12:38;51  37422419;11.0;Para Fixo de Outras Operadoras;
2020-04-14 10:57:08;51  37421220;33.0;Para Fixo de Outras Operadoras;
2020-04-14 09:55:48;51  37421668;22.0;Para Fixo de Outras Operadoras;
2020-04-14 09:45:40;51  37421255;11.0;Para Fixo de Outras Operadoras;
2020-04-13 17:25:33;51  37421668;6.0;Para Fixo de Outras Operadoras;
2020-04-13 16:01:21;51  37421255;9.0;Para Fixo de Outras Operadoras;
2020-04-13 15:07:04;51  37421255;65.0;Para Fixo de Outras Operadoras;
2020-04-13 14:50:02;51  37421255;6.0;Para Fixo de Outras Operadoras;
2020-04-13 14:46:50;51  37423381;30.0;Para Fixo de Outras Operadoras;
2020-04-13 14:28:12;51  37422151;23.0;Para Fixo de Outras Operadoras;
2020-04-13 11:44:18;51  37421255;18.0;Para Fixo de Outras Operadoras;
2020-04-13 11:12:25;51  37421668;11.0;Para Fixo de Outras Operadoras;
2020-04-13 11:00:45;51  37421255;87.0;Para Fixo de Outras Operadoras;
2020-04-13 10:52:06;51  37421798;62.0;Para Fixo de Outras Operadoras;
2020-04-13 10:17:33;51  37421798;5.0;Para Fixo de Outras Operadoras;
2020-04-13 10:16:53;51  37421798;5.0;Para Fixo de Outras Operadoras;
2020-04-13 09:31:18;51  37421255;77.0;Para Fixo de Outras Operadoras;
2020-04-13 09:07:15;51  37421668;15.0;Para Fixo de Outras Operadoras;
2020-04-13 09:03:43;51  37421367;23.0;Para Fixo de Outras Operadoras;
2020-04-11 19:13:29;51  37421049;32.0;Para Fixo de Outras Operadoras;
2020-04-11 18:30:10;51  37421049;12.0;Para Fixo de Outras Operadoras;
2020-04-11 18:18:10;51  37421969;14.0;Para Fixo de Outras Operadoras;
2020-04-11 18:07:23;51  37421049;5.0;Para Fixo de Outras Operadoras;
2020-04-07 17:23:37;51  37422605;36.0;Para Fixo de Outras Operadoras;
2020-04-07 14:47:54;51  37421255;38.0;Para Fixo de Outras Operadoras;
2020-04-06 16:18:48;51  37421255;18.0;Para Fixo de Outras Operadoras;
2020-04-06 13:43:09;51  37422419;17.0;Para Fixo de Outras Operadoras;
2020-04-06 09:59:17;51  37431154;57.0;Para Fixo de Outras Operadoras;
2020-04-06 08:41:52;51  37422605;38.0;Para Fixo de Outras Operadoras;
2020-04-03 17:05:56;51  37421339;15.0;Para Fixo de Outras Operadoras;
2020-04-03 16:59:30;51  37421339;38.0;Para Fixo de Outras Operadoras;
2020-04-03 09:54:50;51  37421212;59.0;Para Fixo de Outras Operadoras;
2020-04-02 13:56:28;51  37421339;19.0;Para Fixo de Outras Operadoras;
2020-04-02 11:42:50;51  37421744;5.0;Para Fixo de Outras Operadoras;
2020-04-02 10:48:25;51  37421339;12.0;Para Fixo de Outras Operadoras;
2020-04-27 09:54:52;51  992487138;88.0;Para Celulares de Outras Operadoras;
2020-04-16 19:23:51;51  981786915;134.0;Para Celulares de Outras Operadoras;
2020-04-13 11:13:54;51  984532648;139.0;Para Celulares de Outras Operadoras;
2020-04-08 21:56:48;51  981780916;34.0;Para Celulares de Outras Operadoras;
2020-04-24 18:24:53;51  30121393;205.0;Para Fixo Vivo;
2020-04-17 10:30:47;51  40011515;33.0;Para Fixo Vivo;
2020-04-30 17:15:24;51  997979388;21.0;Para Celulares Vivo;
2020-04-29 15:56:18;51  992592729;5.0;Para Celulares Vivo;
2020-04-29 12:08:56;51  996768663;5.0;Para Celulares Vivo;
2020-04-28 11:42:46;51  999840509;19.0;Para Celulares Vivo;
2020-04-27 15:03:56;51  998751353;73.0;Para Celulares Vivo;
2020-04-27 10:07:59;51  986043796;59.0;Para Celulares Vivo;
2020-04-26 09:41:59;51  997979388;86.0;Para Celulares Vivo;
2020-04-25 18:36:11;51  999101159;5.0;Para Celulares Vivo;
2020-04-25 16:47:59;51  999101159;8.0;Para Celulares Vivo;
2020-04-25 12:18:51;51  992592893;11.0;Para Celulares Vivo;
2020-04-25 10:40:13;51  995878817;9.0;Para Celulares Vivo;
2020-04-25 09:42:48;51  999123810;11.0;Para Celulares Vivo;
2020-04-25 09:15:10;51  999625626;5.0;Para Celulares Vivo;
2020-04-24 20:11:10;51  999625626;33.0;Para Celulares Vivo;
2020-04-24 19:27:25;51  995107039;12.0;Para Celulares Vivo;
2020-04-24 10:43:42;51  986043796;53.0;Para Celulares Vivo;
2020-04-24 10:09:52;51  980359546;45.0;Para Celulares Vivo;
2020-04-23 19:48:10;51  997979388;118.0;Para Celulares Vivo;
2020-04-22 18:28:02;51  997842173;14.0;Para Celulares Vivo;
2020-04-22 13:19:36;51  997979388;63.0;Para Celulares Vivo;
2020-04-22 12:48:53;51  997979388;22.0;Para Celulares Vivo;
2020-04-22 11:24:26;51  998751361;19.0;Para Celulares Vivo;
2020-04-22 10:59:46;51  998751361;5.0;Para Celulares Vivo;
2020-04-21 16:27:11;51  997979388;51.0;Para Celulares Vivo;
2020-04-21 16:21:14;51  996888816;44.0;Para Celulares Vivo;
2020-04-21 09:25:38;51  996888816;12.0;Para Celulares Vivo;
2020-04-20 20:08:45;51  996231634;6.0;Para Celulares Vivo;
2020-04-20 15:45:23;51  999101159;10.0;Para Celulares Vivo;
2020-04-20 15:24:34;51  999101159;27.0;Para Celulares Vivo;
2020-04-20 14:20:08;51  986043796;5.0;Para Celulares Vivo;
2020-04-20 14:16:34;51  986043796;27.0;Para Celulares Vivo;
2020-04-20 11:51:37;51  981785745;66.0;Para Celulares Vivo;
2020-04-20 10:16:58;51  992592729;5.0;Para Celulares Vivo;
2020-04-20 10:04:04;51  992592729;26.0;Para Celulares Vivo;
2020-04-18 10:56:26;51  999023443;35.0;Para Celulares Vivo;
2020-04-17 15:41:03;51  999023443;82.0;Para Celulares Vivo;
2020-04-17 14:47:25;51  986043796;66.0;Para Celulares Vivo;
2020-04-17 10:39:45;51  992592729;11.0;Para Celulares Vivo;
2020-04-17 09:41:51;51  999144225;12.0;Para Celulares Vivo;
2020-04-17 09:38:04;51  999144225;21.0;Para Celulares Vivo;
2020-04-17 07:54:10;51  996145392;18.0;Para Celulares Vivo;
2020-04-16 20:47:33;51  999144225;22.0;Para Celulares Vivo;
2020-04-16 15:14:05;51  996897296;60.0;Para Celulares Vivo;
2020-04-16 14:59:33;51  992592729;5.0;Para Celulares Vivo;
2020-04-16 13:30:19;51  999023443;21.0;Para Celulares Vivo;
2020-04-15 20:08:13;51  981785745;5.0;Para Celulares Vivo;
2020-04-15 19:47:03;51  981785745;52.0;Para Celulares Vivo;
2020-04-15 19:18:46;51  995878817;6.0;Para Celulares Vivo;
2020-04-15 17:56:53;51  997842173;8.0;Para Celulares Vivo;
2020-04-15 16:22:01;51  998230566;79.0;Para Celulares Vivo;
2020-04-15 15:52:52;51  996480122;15.0;Para Celulares Vivo;
2020-04-15 15:04:41;51  999144225;84.0;Para Celulares Vivo;
2020-04-14 18:23:29;51  981785745;103.0;Para Celulares Vivo;
2020-04-14 16:37:33;51  997979388;15.0;Para Celulares Vivo;
2020-04-14 11:49:24;51  995423449;29.0;Para Celulares Vivo;
2020-04-14 11:45:04;51  997842173;7.0;Para Celulares Vivo;
2020-04-14 11:41:00;51  999012125;19.0;Para Celulares Vivo;
2020-04-14 11:29:23;51  997842173;11.0;Para Celulares Vivo;
2020-04-13 15:44:23;51  999830677;15.0;Para Celulares Vivo;
2020-04-13 15:44:03;51  999830677;5.0;Para Celulares Vivo;
2020-04-13 11:54:06;51  996022738;10.0;Para Celulares Vivo;
2020-04-12 15:39:05;51  998202501;14.0;Para Celulares Vivo;
2020-04-11 19:53:20;51  996305372;5.0;Para Celulares Vivo;
2020-04-11 19:12:37;51  981785745;5.0;Para Celulares Vivo;
2020-04-11 18:20:19;51  999101159;6.0;Para Celulares Vivo;
2020-04-11 14:36:48;51  996305372;10.0;Para Celulares Vivo;
2020-04-11 13:07:26;51  996022738;104.0;Para Celulares Vivo;
2020-04-11 11:50:10;51  995107039;36.0;Para Celulares Vivo;
2020-04-11 10:43:19;51  995107039;8.0;Para Celulares Vivo;
2020-04-11 09:45:53;51  995107039;7.0;Para Celulares Vivo;
2020-04-09 19:28:53;51  995107039;90.0;Para Celulares Vivo;
2020-04-08 20:31:27;51  981785745;175.0;Para Celulares Vivo;
2020-04-08 19:48:19;51  997842173;26.0;Para Celulares Vivo;
2020-04-08 19:18:47;51  999101159;5.0;Para Celulares Vivo;
2020-04-08 19:07:24;51  999101159;12.0;Para Celulares Vivo;
2020-04-08 16:47:20;51  995107039;51.0;Para Celulares Vivo;
2020-04-08 10:26:34;51  999023443;24.0;Para Celulares Vivo;
2020-04-08 08:15:39;51  997842173;23.0;Para Celulares Vivo;
2020-04-07 19:05:23;51  997842173;16.0;Para Celulares Vivo;
2020-04-07 14:46:05;51  996480122;8.0;Para Celulares Vivo;
2020-04-06 21:25:08;51  992592729;5.0;Para Celulares Vivo;
2020-04-06 10:38:15;51  997979388;7.0;Para Celulares Vivo;
2020-04-06 09:02:59;51  996480122;33.0;Para Celulares Vivo;
2020-04-05 20:01:56;51  995107039;23.0;Para Celulares Vivo;
2020-04-04 18:01:56;51  999101159;6.0;Para Celulares Vivo;
2020-04-04 10:47:04;51  992592729;10.0;Para Celulares Vivo;
2020-04-04 00:17:58;51  996145392;5.0;Para Celulares Vivo;
2020-04-03 20:53:03;51  995878817;14.0;Para Celulares Vivo;
2020-04-03 20:09:10;51  997842173;28.0;Para Celulares Vivo;
2020-04-03 10:22:39;51  996480122;75.0;Para Celulares Vivo;
2020-04-03 09:35:11;51  998751361;11.0;Para Celulares Vivo;
2020-04-02 15:52:38;51  999101159;13.0;Para Celulares Vivo;
2020-04-01;"";1209.0;INTERNET MOVEL 2;0.00
2020-04-02;"";1681.0;INTERNET MOVEL 2;0.00
2020-04-03;"";947.0;INTERNET MOVEL 2;0.00
2020-04-06;"";11366.0;INTERNET MOVEL 2;0.00
2020-04-08;"";15360.8;INTERNET MOVEL 2;0.00
2020-04-12;"";3107.2;INTERNET MOVEL 2;0.00
2020-04-14;"";5885.0;INTERNET MOVEL 2;0.00
2020-04-15;"";2874.0;INTERNET MOVEL 2;0.00
2020-04-16;"";2433.0;INTERNET MOVEL 2;0.00
2020-04-17;"";11350.0;INTERNET MOVEL 2;0.00
2020-04-20;"";20603.1;INTERNET MOVEL 2;0.00
2020-04-22;"";5515.0;INTERNET MOVEL 2;0.00
2020-04-24;"";2121.0;INTERNET MOVEL 2;0.00
2020-04-25;"";3196.0;INTERNET MOVEL 2;0.00
2020-04-27;"";16897.9;INTERNET MOVEL 2;0.00
2020-04-29;"";3276.0;INTERNET MOVEL 2;0.00
2020-04-30;"";9025.1;INTERNET MOVEL 2;0.00
