data_hora_inicio;nro_telefone_chamado;duracao_ligacao;desc_categoria;valor_ligacao
2020-04-28 10:05:34;51992592867;1.0;GRATIS-SMS;0.00
2020-04-02 14:01:18;51991813564;1.0;GRATIS-SMS;0.00
2020-04-01 11:29:44;51  991813564;43.0;Para Celulares Vivo;
2020-04-01 09:02:40;51  993320327;79.0;Para Celulares Vivo;
2020-04-01 08:01:32;51  991813564;5.0;Para Celulares Vivo;
2020-04-18 12:02:33;19  996739251;8.0;Para Celulares Vivo;
2020-04-18 11:58:33;19  996739251;5.0;Para Celulares Vivo;
2020-04-17 14:58:37;31  997649947;133.0;Para Celulares Vivo;
2020-04-06 11:04:44;67  999775155;77.0;Para Celulares Vivo;
2020-04-14 12:09:13;*5  55;5.0;"";
2020-04-02 10:15:21;*5  55;5.0;"";
2020-04-09 19:34:49;51  33367435;48.0;Para Fixo de Outras Operadoras;
2020-04-17 08:48:52;51  993160769;23.0;Para Celulares de Outras Operadoras;
2020-04-16 09:43:14;51  993160769;17.0;Para Celulares de Outras Operadoras;
2020-04-14 20:10:47;51  994316992;28.0;Para Celulares de Outras Operadoras;
2020-04-14 19:33:15;51  994316992;16.0;Para Celulares de Outras Operadoras;
2020-04-14 18:42:29;51  994316992;50.0;Para Celulares de Outras Operadoras;
2020-04-06 19:50:13;51  994316992;37.0;Para Celulares de Outras Operadoras;
2020-04-06 18:57:51;51  994316992;17.0;Para Celulares de Outras Operadoras;
2020-04-06 18:33:31;51  994316992;12.0;Para Celulares de Outras Operadoras;
2020-04-06 18:20:03;51  994316992;12.0;Para Celulares de Outras Operadoras;
2020-04-06 18:17:32;51  994316992;6.0;Para Celulares de Outras Operadoras;
2020-04-03 15:40:16;51  993160769;15.0;Para Celulares de Outras Operadoras;
2020-04-03 10:58:17;51  993160769;52.0;Para Celulares de Outras Operadoras;
2020-04-28 16:38:00;51  33110333;13.0;Para Fixo Vivo;
2020-04-06 12:17:34;51  991869828;12.0;Para Fixo Vivo;
2020-04-30 14:07:03;51  995838788;19.0;Para Celulares Vivo;
2020-04-29 17:00:15;51  992592714;34.0;Para Celulares Vivo;
2020-04-22 18:57:18;51  984274504;151.0;Para Celulares Vivo;
2020-04-22 13:44:39;51  991813564;131.0;Para Celulares Vivo;
2020-04-17 09:43:25;51  993320327;50.0;Para Celulares Vivo;
2020-04-17 09:35:03;51  993320327;46.0;Para Celulares Vivo;
2020-04-09 17:54:56;51  993320327;92.0;Para Celulares Vivo;
2020-04-06 18:35:29;51  992592819;10.0;Para Celulares Vivo;
2020-04-06 08:39:50;51  991813564;160.0;Para Celulares Vivo;
2020-04-02 14:39:50;51  991813564;32.0;Para Celulares Vivo;
2020-04-02 12:45:05;51  984274504;31.0;Para Celulares Vivo;
2020-03-31;"";5212.1;INTERNET MOVEL 2;0.00
2020-04-01;"";73214.1;INTERNET MOVEL 2;0.00
2020-04-02;"";27761.2;INTERNET MOVEL 2;0.00
2020-04-03;"";50489.6;INTERNET MOVEL 2;0.00
2020-04-04;"";14901.6;INTERNET MOVEL 2;0.00
2020-04-05;"";109721.3;INTERNET MOVEL 2;0.00
2020-04-06;"";89586.6;INTERNET MOVEL 2;0.00
2020-04-07;"";75207.9;INTERNET MOVEL 2;0.00
2020-04-08;"";44759.9;INTERNET MOVEL 2;0.00
2020-04-09;"";51128.6;INTERNET MOVEL 2;0.00
2020-04-10;"";1903.0;INTERNET MOVEL 2;0.00
2020-04-11;"";9109.0;INTERNET MOVEL 2;0.00
2020-04-12;"";9471.3;INTERNET MOVEL 2;0.00
2020-04-13;"";3973.5;INTERNET MOVEL 2;0.00
2020-04-14;"";18257.5;INTERNET MOVEL 2;0.00
2020-04-15;"";62412.6;INTERNET MOVEL 2;0.00
2020-04-16;"";85315.6;INTERNET MOVEL 2;0.00
2020-04-17;"";117876.1;INTERNET MOVEL 2;0.00
2020-04-18;"";99609.5;INTERNET MOVEL 2;0.00
2020-04-19;"";78525.8;INTERNET MOVEL 2;0.00
2020-04-20;"";84430.9;INTERNET MOVEL 2;0.00
2020-04-21;"";35117.0;INTERNET MOVEL 2;0.00
2020-04-22;"";1056.0;INTERNET MOVEL 2;0.00
2020-04-23;"";19201.4;INTERNET MOVEL 2;0.00
2020-04-24;"";8990.9;INTERNET MOVEL 2;0.00
2020-04-25;"";1125.0;INTERNET MOVEL 2;0.00
2020-04-26;"";1852.5;INTERNET MOVEL 2;0.00
2020-04-27;"";29169.0;INTERNET MOVEL 2;0.00
2020-04-28;"";13717.1;INTERNET MOVEL 2;0.00
2020-04-29;"";29437.7;INTERNET MOVEL 2;0.00
2020-04-30;"";50378.5;INTERNET MOVEL 2;0.00
2020-05-01;"";59.0;INTERNET MOVEL 2;0.00
