data_hora_inicio;nro_telefone_chamado;duracao_ligacao;desc_categoria;valor_ligacao
2020-04-01 09:53:56;53  984364422;93.0;Para Celulares de Outras Operadoras;
2020-04-16 11:43:10;11  947553186;11.0;Para Celulares de Outras Operadoras;
2020-04-09 09:29:59;11  947553186;21.0;Para Celulares de Outras Operadoras;
2020-04-03 12:24:52;51  999381469;5.0;Para Celulares de Outras Operadoras;
2020-04-03 10:56:42;11  980751580;5.0;Para Celulares de Outras Operadoras;
2020-04-27 14:53:59;51  996820018;176.0;Para Celulares Vivo;
2020-04-24 14:56:32;11  950425576;100.0;Para Celulares Vivo;
2020-04-13 14:15:53;51  992592629;14.0;Para Celulares Vivo;
2020-04-13 14:31:24;53  32328444;5.0;Para Fixo de Outras Operadoras;
2020-04-03 17:00:07;53  32325390;9.0;Para Fixo de Outras Operadoras;
2020-04-02 10:44:19;53  999408666;19.0;Para Celulares Vivo;
2020-03-31;"";695.0;INTERNET MOVEL 2;0.00
2020-04-01;"";2703.5;INTERNET MOVEL 2;0.00
2020-04-02;"";8960.0;INTERNET MOVEL 2;0.00
2020-04-03;"";29378.5;INTERNET MOVEL 2;0.00
2020-04-04;"";4741.1;INTERNET MOVEL 2;0.00
2020-04-05;"";4605.8;INTERNET MOVEL 2;0.00
2020-04-06;"";13156.6;INTERNET MOVEL 2;0.00
2020-04-07;"";5343.9;INTERNET MOVEL 2;0.00
2020-04-08;"";6601.0;INTERNET MOVEL 2;0.00
2020-04-09;"";7738.4;INTERNET MOVEL 2;0.00
2020-04-10;"";4691.5;INTERNET MOVEL 2;0.00
2020-04-11;"";453.0;INTERNET MOVEL 2;0.00
2020-04-13;"";9575.9;INTERNET MOVEL 2;0.00
2020-04-14;"";23942.5;INTERNET MOVEL 2;0.00
2020-04-15;"";4579.8;INTERNET MOVEL 2;0.00
2020-04-16;"";11816.9;INTERNET MOVEL 2;0.00
2020-04-17;"";5980.0;INTERNET MOVEL 2;0.00
2020-04-18;"";4149.3;INTERNET MOVEL 2;0.00
2020-04-19;"";6091.0;INTERNET MOVEL 2;0.00
2020-04-20;"";6866.2;INTERNET MOVEL 2;0.00
2020-04-21;"";4795.8;INTERNET MOVEL 2;0.00
2020-04-22;"";4335.8;INTERNET MOVEL 2;0.00
2020-04-23;"";7076.8;INTERNET MOVEL 2;0.00
2020-04-24;"";11653.0;INTERNET MOVEL 2;0.00
2020-04-25;"";4921.7;INTERNET MOVEL 2;0.00
2020-04-26;"";8098.8;INTERNET MOVEL 2;0.00
2020-04-27;"";5354.2;INTERNET MOVEL 2;0.00
2020-04-29;"";9267.2;INTERNET MOVEL 2;0.00
2020-04-30;"";6648.9;INTERNET MOVEL 2;0.00
