data_hora_inicio;nro_telefone_chamado;duracao_ligacao;desc_categoria;valor_ligacao
2020-04-28 14:51:50;"";1.0;ADICIONAL;0.00
2020-04-28 08:13:00;"";1.0;ADICIONAL;0.00
2020-04-27 17:57:38;"";1.0;ADICIONAL;0.00
2020-04-24 13:45:21;"";1.0;ADICIONAL;0.00
2020-04-24 09:04:48;"";1.0;ADICIONAL;0.00
2020-04-24 08:58:12;"";1.0;ADICIONAL;0.00
2020-04-23 16:33:50;"";1.0;ADICIONAL;0.00
2020-04-23 14:52:57;"";1.0;ADICIONAL;0.00
2020-04-22 09:11:09;"";1.0;ADICIONAL;0.00
2020-04-20 15:25:53;"";1.0;ADICIONAL;0.00
2020-04-20 14:54:23;"";1.0;ADICIONAL;0.00
2020-04-20 13:51:28;"";1.0;ADICIONAL;0.00
2020-04-20 11:24:37;"";1.0;ADICIONAL;0.00
2020-04-20 11:18:02;"";1.0;ADICIONAL;0.00
2020-04-20 11:13:20;"";1.0;ADICIONAL;0.00
2020-04-16 16:26:08;"";1.0;ADICIONAL;0.00
2020-04-16 14:29:25;"";1.0;ADICIONAL;0.00
2020-04-16 10:03:34;"";1.0;ADICIONAL;0.00
2020-04-16 09:33:39;"";1.0;ADICIONAL;0.00
2020-04-15 16:26:21;"";1.0;ADICIONAL;0.00
2020-04-15 16:21:32;"";1.0;ADICIONAL;0.00
2020-04-14 14:39:11;"";1.0;ADICIONAL;0.00
2020-04-14 08:49:53;"";1.0;ADICIONAL;0.00
2020-04-13 16:58:51;"";1.0;ADICIONAL;0.00
2020-04-13 16:26:08;"";1.0;ADICIONAL;0.00
2020-04-13 13:47:25;"";1.0;ADICIONAL;0.00
2020-04-09 08:20:12;"";1.0;ADICIONAL;0.00
2020-04-07 09:04:32;"";1.0;ADICIONAL;0.00
2020-04-03 10:47:00;"";1.0;ADICIONAL;0.00
2020-04-03 10:42:33;"";1.0;ADICIONAL;0.00
2020-04-02 11:30:11;"";1.0;ADICIONAL;0.00
2020-04-19 10:48:31;98988194595;1.0;Tons e Imagens;0.66
2020-04-15 13:38:18;55  991448734;29.0;Para Fixo Vivo;
2020-04-28 13:58:13;51  994054961;25.0;Para Celulares Vivo;
2020-04-28 13:40:16;51  994054961;116.0;Para Celulares Vivo;
2020-04-23 15:55:50;51  996922316;160.0;Para Celulares Vivo;
2020-04-23 14:19:33;51  992592752;166.0;Para Celulares Vivo;
2020-04-23 12:08:53;54  996870308;36.0;Para Celulares Vivo;
2020-04-23 11:50:21;51  992592752;111.0;Para Celulares Vivo;
2020-04-23 11:44:20;51  994054961;31.0;Para Celulares Vivo;
2020-04-22 08:02:24;16  996003857;10.0;Para Celulares Vivo;
2020-04-16 12:53:49;54  999857802;23.0;Para Celulares Vivo;
2020-04-02 15:01:52;54  999857802;92.0;Para Celulares Vivo;
2020-04-02 11:19:52;51  992592752;63.0;Para Celulares Vivo;
2020-04-02 10:56:20;51  992592752;88.0;Para Celulares Vivo;
2020-04-28 13:58:13;51  994054961;0.0;Adicional por Ligacoes Realizadas;
2020-04-28 13:52:14;98  991550560;0.0;Adicional por Ligacoes Realizadas;
2020-04-28 13:40:16;51  994054961;0.0;Adicional por Ligacoes Realizadas;
2020-04-28 09:18:12;98  991550560;0.0;Adicional por Ligacoes Realizadas;
2020-04-23 15:55:50;51  996922316;0.0;Adicional por Ligacoes Realizadas;
2020-04-23 14:19:33;51  992592752;0.0;Adicional por Ligacoes Realizadas;
2020-04-23 12:08:53;54  996870308;0.0;Adicional por Ligacoes Realizadas;
2020-04-23 12:03:46;98  991890265;0.0;Adicional por Ligacoes Realizadas;
2020-04-23 11:50:21;51  992592752;0.0;Adicional por Ligacoes Realizadas;
2020-04-23 11:44:20;51  994054961;0.0;Adicional por Ligacoes Realizadas;
2020-04-22 08:02:24;16  996003857;0.0;Adicional por Ligacoes Realizadas;
2020-04-17 09:27:57;98  996116143;0.0;Adicional por Ligacoes Realizadas;
2020-04-17 08:42:14;98  996116143;0.0;Adicional por Ligacoes Realizadas;
2020-04-16 16:02:53;98  991602203;0.0;Adicional por Ligacoes Realizadas;
2020-04-16 12:53:49;54  999857802;0.0;Adicional por Ligacoes Realizadas;
2020-04-16 09:56:20;98  991602203;0.0;Adicional por Ligacoes Realizadas;
2020-04-16 08:17:14;98  991602203;0.0;Adicional por Ligacoes Realizadas;
2020-04-15 13:38:18;55  991448734;0.0;Adicional por Ligacoes Realizadas;
2020-04-15 10:11:00;98  996116143;0.0;Adicional por Ligacoes Realizadas;
2020-04-15 09:43:22;98  991602203;0.0;Adicional por Ligacoes Realizadas;
2020-04-14 14:54:23;98  996116143;0.0;Adicional por Ligacoes Realizadas;
2020-04-14 14:44:42;98  996116143;0.0;Adicional por Ligacoes Realizadas;
2020-04-14 14:01:44;98  992350401;0.0;Adicional por Ligacoes Realizadas;
2020-04-14 13:54:30;98  991602203;0.0;Adicional por Ligacoes Realizadas;
2020-04-13 16:01:01;98  991602203;0.0;Adicional por Ligacoes Realizadas;
2020-04-09 08:28:19;98  991550560;0.0;Adicional por Ligacoes Realizadas;
2020-04-07 10:34:53;98  991550560;0.0;Adicional por Ligacoes Realizadas;
2020-04-07 09:42:58;98  991890265;0.0;Adicional por Ligacoes Realizadas;
2020-04-07 08:36:42;98  991550560;0.0;Adicional por Ligacoes Realizadas;
2020-04-03 10:31:28;98  991550560;0.0;Adicional por Ligacoes Realizadas;
2020-04-02 15:01:52;54  999857802;0.0;Adicional por Ligacoes Realizadas;
2020-04-02 13:38:26;98  991550560;0.0;Adicional por Ligacoes Realizadas;
2020-04-02 11:19:52;51  992592752;0.0;Adicional por Ligacoes Realizadas;
2020-04-02 10:56:20;51  992592752;0.0;Adicional por Ligacoes Realizadas;
2020-04-28 14:51:50;    ;22.0;Chamadas de Longa Distancia para Outros Estados;
2020-04-28 08:13:00;    ;35.0;Chamadas de Longa Distancia para Outros Estados;
2020-04-27 17:57:38;    ;111.0;Chamadas de Longa Distancia para Outros Estados;
2020-04-24 13:45:21;    ;58.0;Chamadas de Longa Distancia para Outros Estados;
2020-04-24 09:04:48;    ;7.0;Chamadas de Longa Distancia para Outros Estados;
2020-04-24 08:58:12;    ;26.0;Chamadas de Longa Distancia para Outros Estados;
2020-04-23 16:33:50;    ;5.0;Chamadas de Longa Distancia para Outros Estados;
2020-04-23 14:52:57;    ;619.0;Chamadas de Longa Distancia para Outros Estados;
2020-04-22 09:11:09;    ;16.0;Chamadas de Longa Distancia para Outros Estados;
2020-04-20 15:25:53;    ;24.0;Chamadas de Longa Distancia para Outros Estados;
2020-04-20 14:54:23;    ;16.0;Chamadas de Longa Distancia para Outros Estados;
2020-04-20 13:51:28;    ;21.0;Chamadas de Longa Distancia para Outros Estados;
2020-04-20 11:24:37;    ;25.0;Chamadas de Longa Distancia para Outros Estados;
2020-04-20 11:18:02;    ;10.0;Chamadas de Longa Distancia para Outros Estados;
2020-04-20 11:13:20;    ;45.0;Chamadas de Longa Distancia para Outros Estados;
2020-04-16 16:26:08;    ;7.0;Chamadas de Longa Distancia para Outros Estados;
2020-04-16 14:29:25;    ;21.0;Chamadas de Longa Distancia para Outros Estados;
2020-04-16 10:03:34;    ;7.0;Chamadas de Longa Distancia para Outros Estados;
2020-04-16 09:33:39;    ;21.0;Chamadas de Longa Distancia para Outros Estados;
2020-04-15 16:26:21;    ;20.0;Chamadas de Longa Distancia para Outros Estados;
2020-04-15 16:21:32;    ;13.0;Chamadas de Longa Distancia para Outros Estados;
2020-04-14 14:39:11;    ;28.0;Chamadas de Longa Distancia para Outros Estados;
2020-04-14 08:49:53;    ;161.0;Chamadas de Longa Distancia para Outros Estados;
2020-04-13 16:58:51;    ;7.0;Chamadas de Longa Distancia para Outros Estados;
2020-04-13 16:26:08;    ;23.0;Chamadas de Longa Distancia para Outros Estados;
2020-04-13 13:47:25;    ;21.0;Chamadas de Longa Distancia para Outros Estados;
2020-04-09 08:20:12;    ;15.0;Chamadas de Longa Distancia para Outros Estados;
2020-04-07 09:04:32;    ;9.0;Chamadas de Longa Distancia para Outros Estados;
2020-04-03 10:47:00;    ;12.0;Chamadas de Longa Distancia para Outros Estados;
2020-04-03 10:42:33;    ;11.0;Chamadas de Longa Distancia para Outros Estados;
2020-04-02 11:30:11;    ;8.0;Chamadas de Longa Distancia para Outros Estados;
2020-04-17 09:27:57;98  996116143;16.0;Para Celulares de Outras Operadoras;
2020-04-17 08:42:14;98  996116143;14.0;Para Celulares de Outras Operadoras;
2020-04-15 10:11:00;98  996116143;14.0;Para Celulares de Outras Operadoras;
2020-04-14 14:54:23;98  996116143;50.0;Para Celulares de Outras Operadoras;
2020-04-14 14:44:42;98  996116143;5.0;Para Celulares de Outras Operadoras;
2020-04-28 13:52:14;98  991550560;56.0;Para Celulares Vivo;
2020-04-28 09:18:12;98  991550560;14.0;Para Celulares Vivo;
2020-04-23 12:03:46;98  991890265;39.0;Para Celulares Vivo;
2020-04-16 16:02:53;98  991602203;31.0;Para Celulares Vivo;
2020-04-16 09:56:20;98  991602203;5.0;Para Celulares Vivo;
2020-04-16 08:17:14;98  991602203;5.0;Para Celulares Vivo;
2020-04-15 09:43:22;98  991602203;12.0;Para Celulares Vivo;
2020-04-14 14:01:44;98  992350401;44.0;Para Celulares Vivo;
2020-04-14 13:54:30;98  991602203;9.0;Para Celulares Vivo;
2020-04-13 16:01:01;98  991602203;9.0;Para Celulares Vivo;
2020-04-09 08:28:19;98  991550560;13.0;Para Celulares Vivo;
2020-04-07 10:34:53;98  991550560;9.0;Para Celulares Vivo;
2020-04-07 09:42:58;98  991890265;48.0;Para Celulares Vivo;
2020-04-07 08:36:42;98  991550560;7.0;Para Celulares Vivo;
2020-04-03 10:31:28;98  991550560;16.0;Para Celulares Vivo;
2020-04-02 13:38:26;98  991550560;5.0;Para Celulares Vivo;
