data_hora_inicio;nro_telefone_chamado;duracao_ligacao;desc_categoria;valor_ligacao
2020-04-24 14:55:48;51  40049009;106.0;Para Fixo de Outras Operadoras;
2020-04-16 10:46:19;51  34737623;13.0;Para Fixo de Outras Operadoras;
2020-04-26 20:14:55;51  996403589;510.0;Para Celulares de Outras Operadoras;
2020-04-10 18:32:33;51  996403589;7.0;Para Celulares de Outras Operadoras;
2020-04-08 10:01:43;51  34735650;9.0;Para Fixo Vivo;
2020-04-30 20:06:13;51  992592817;5.0;Para Celulares Vivo;
2020-04-30 12:30:03;51  999601808;6.0;Para Celulares Vivo;
2020-04-25 11:30:25;51  999601808;5.0;Para Celulares Vivo;
2020-04-23 10:26:13;51  992592826;51.0;Para Celulares Vivo;
2020-04-21 16:05:34;51  999601808;11.0;Para Celulares Vivo;
2020-04-21 09:41:57;51  995031395;21.0;Para Celulares Vivo;
2020-04-18 10:55:28;51  992592817;5.0;Para Celulares Vivo;
2020-04-17 12:06:49;51  999601808;5.0;Para Celulares Vivo;
2020-04-09 14:12:00;51  992592826;5.0;Para Celulares Vivo;
2020-04-07 14:08:54;51  992592817;5.0;Para Celulares Vivo;
2020-04-06 15:35:55;51  992592826;5.0;Para Celulares Vivo;
2020-04-06 10:52:28;51  999601808;6.0;Para Celulares Vivo;
2020-03-31;"";64.0;INTERNET MOVEL 2;0.00
2020-04-01;"";18201.2;INTERNET MOVEL 2;0.00
2020-04-02;"";34818.1;INTERNET MOVEL 2;0.00
2020-04-03;"";109450.7;INTERNET MOVEL 2;0.00
2020-04-04;"";103370.3;INTERNET MOVEL 2;0.00
2020-04-05;"";88864.3;INTERNET MOVEL 2;0.00
2020-04-06;"";60798.2;INTERNET MOVEL 2;0.00
2020-04-07;"";2871.2;INTERNET MOVEL 2;0.00
2020-04-08;"";3453.9;INTERNET MOVEL 2;0.00
2020-04-09;"";4092.4;INTERNET MOVEL 2;0.00
2020-04-10;"";130809.3;INTERNET MOVEL 2;0.00
2020-04-11;"";120977.7;INTERNET MOVEL 2;0.00
2020-04-12;"";178090.1;INTERNET MOVEL 2;0.00
2020-04-13;"";60173.3;INTERNET MOVEL 2;0.00
2020-04-14;"";50794.2;INTERNET MOVEL 2;0.00
2020-04-15;"";40413.8;INTERNET MOVEL 2;0.00
2020-04-16;"";165385.0;INTERNET MOVEL 2;0.00
2020-04-17;"";57030.6;INTERNET MOVEL 2;0.00
2020-04-18;"";141302.0;INTERNET MOVEL 2;0.00
2020-04-19;"";135086.5;INTERNET MOVEL 2;0.00
2020-04-20;"";46774.7;INTERNET MOVEL 2;0.00
2020-04-21;"";219107.2;INTERNET MOVEL 2;0.00
2020-04-22;"";3393.2;INTERNET MOVEL 2;0.00
2020-04-23;"";11115.4;INTERNET MOVEL 2;0.00
2020-04-24;"";19114.9;INTERNET MOVEL 2;0.00
2020-04-25;"";72844.8;INTERNET MOVEL 2;0.00
2020-04-26;"";77757.5;INTERNET MOVEL 2;0.00
2020-04-27;"";7805.9;INTERNET MOVEL 2;0.00
2020-04-28;"";109093.6;INTERNET MOVEL 2;0.00
2020-04-29;"";95259.6;INTERNET MOVEL 2;0.00
2020-04-30;"";8208.8;INTERNET MOVEL 2;0.00
