data_hora_inicio;nro_telefone_chamado;duracao_ligacao;desc_categoria;valor_ligacao
2020-04-17 11:32:54;51999862525;1.0;GRATIS-SMS;0.00
2020-04-01 16:54:52;51  992592816;130.0;Para Celulares Vivo;
2020-04-01 11:13:31;51  992580847;15.0;Para Celulares Vivo;
2020-04-16 21:41:20;11  941957628;58.0;Para Celulares de Outras Operadoras;
2020-04-16 09:36:46;51  33737600;29.0;Para Fixo de Outras Operadoras;
2020-04-04 11:36:52;51  34727791;6.0;Para Fixo de Outras Operadoras;
2020-04-30 15:10:24;51  985758648;8.0;Para Celulares de Outras Operadoras;
2020-04-29 11:07:34;51  993634341;62.0;Para Celulares de Outras Operadoras;
2020-04-29 10:03:22;51  981692729;30.0;Para Celulares de Outras Operadoras;
2020-04-28 10:47:29;51  985758648;17.0;Para Celulares de Outras Operadoras;
2020-04-27 16:51:40;51  993782015;43.0;Para Celulares de Outras Operadoras;
2020-04-27 16:28:33;51  993634341;71.0;Para Celulares de Outras Operadoras;
2020-04-27 14:07:14;51  985758648;28.0;Para Celulares de Outras Operadoras;
2020-04-26 13:09:30;51  992182234;5.0;Para Celulares de Outras Operadoras;
2020-04-25 12:50:32;51  992182234;5.0;Para Celulares de Outras Operadoras;
2020-04-24 15:35:55;51  985758648;59.0;Para Celulares de Outras Operadoras;
2020-04-24 12:15:46;51  993156497;24.0;Para Celulares de Outras Operadoras;
2020-04-24 10:10:43;51  985758648;17.0;Para Celulares de Outras Operadoras;
2020-04-24 08:44:35;51  993156497;9.0;Para Celulares de Outras Operadoras;
2020-04-24 08:44:05;51  993156497;5.0;Para Celulares de Outras Operadoras;
2020-04-22 17:23:39;51  985758648;8.0;Para Celulares de Outras Operadoras;
2020-04-22 16:24:51;51  993782015;16.0;Para Celulares de Outras Operadoras;
2020-04-22 16:05:20;51  985758648;58.0;Para Celulares de Outras Operadoras;
2020-04-22 14:31:46;51  985758648;87.0;Para Celulares de Outras Operadoras;
2020-04-17 17:21:22;51  985758648;20.0;Para Celulares de Outras Operadoras;
2020-04-16 16:30:15;51  985758648;5.0;Para Celulares de Outras Operadoras;
2020-04-16 14:23:43;51  985758648;11.0;Para Celulares de Outras Operadoras;
2020-04-15 15:45:04;51  991499779;307.0;Para Celulares de Outras Operadoras;
2020-04-15 09:55:58;51  983356682;40.0;Para Celulares de Outras Operadoras;
2020-04-15 09:47:52;51  985758648;19.0;Para Celulares de Outras Operadoras;
2020-04-15 08:31:19;51  993156497;5.0;Para Celulares de Outras Operadoras;
2020-04-14 15:05:35;51  985758648;9.0;Para Celulares de Outras Operadoras;
2020-04-14 12:24:30;51  985758648;8.0;Para Celulares de Outras Operadoras;
2020-04-14 10:09:36;51  985758648;11.0;Para Celulares de Outras Operadoras;
2020-04-14 09:38:19;51  985758648;11.0;Para Celulares de Outras Operadoras;
2020-04-14 09:32:24;51  985758648;45.0;Para Celulares de Outras Operadoras;
2020-04-14 08:46:50;51  993149250;5.0;Para Celulares de Outras Operadoras;
2020-04-13 17:01:26;51  985758648;25.0;Para Celulares de Outras Operadoras;
2020-04-11 10:51:52;51  983356682;17.0;Para Celulares de Outras Operadoras;
2020-04-11 10:49:34;51  983356682;21.0;Para Celulares de Outras Operadoras;
2020-04-09 14:12:00;51  985758648;13.0;Para Celulares de Outras Operadoras;
2020-04-09 11:13:45;51  985758648;13.0;Para Celulares de Outras Operadoras;
2020-04-08 15:06:43;51  993782015;14.0;Para Celulares de Outras Operadoras;
2020-04-08 14:11:25;51  985758648;41.0;Para Celulares de Outras Operadoras;
2020-04-08 11:58:42;51  989208939;65.0;Para Celulares de Outras Operadoras;
2020-04-07 14:48:55;51  985758648;14.0;Para Celulares de Outras Operadoras;
2020-04-07 14:37:00;51  985758648;87.0;Para Celulares de Outras Operadoras;
2020-04-06 17:09:30;51  985758648;5.0;Para Celulares de Outras Operadoras;
2020-04-04 15:23:27;51  992182234;12.0;Para Celulares de Outras Operadoras;
2020-04-04 14:26:40;51  981918910;5.0;Para Celulares de Outras Operadoras;
2020-04-03 16:12:03;51  999659931;162.0;Para Celulares de Outras Operadoras;
2020-04-03 12:06:51;51  993156497;14.0;Para Celulares de Outras Operadoras;
2020-04-02 15:53:35;51  985758648;63.0;Para Celulares de Outras Operadoras;
2020-04-30 11:12:17;51  992580847;78.0;Para Celulares Vivo;
2020-04-29 18:33:55;51  992580847;5.0;Para Celulares Vivo;
2020-04-29 15:06:58;51  993319514;45.0;Para Celulares Vivo;
2020-04-28 08:37:20;51  991034807;5.0;Para Celulares Vivo;
2020-04-27 14:31:37;51  992580847;18.0;Para Celulares Vivo;
2020-04-25 19:20:02;51  999011587;67.0;Para Celulares Vivo;
2020-04-24 17:03:00;51  991014112;6.0;Para Celulares Vivo;
2020-04-24 12:02:41;51  992592889;17.0;Para Celulares Vivo;
2020-04-24 11:51:38;51  992592889;106.0;Para Celulares Vivo;
2020-04-24 11:51:18;51  992580847;131.0;Para Celulares Vivo;
2020-04-24 11:47:52;51  992580847;31.0;Para Celulares Vivo;
2020-04-24 11:32:46;51  992580847;28.0;Para Celulares Vivo;
2020-04-24 11:13:42;51  991034807;5.0;Para Celulares Vivo;
2020-04-24 10:45:55;51  980495967;176.0;Para Celulares Vivo;
2020-04-24 10:13:24;51  991034807;11.0;Para Celulares Vivo;
2020-04-23 17:50:24;51  992592873;121.0;Para Celulares Vivo;
2020-04-23 16:46:34;51  992592873;21.0;Para Celulares Vivo;
2020-04-23 10:58:22;51  992580847;45.0;Para Celulares Vivo;
2020-04-22 17:05:12;51  992518679;6.0;Para Celulares Vivo;
2020-04-22 14:50:29;51  992592873;53.0;Para Celulares Vivo;
2020-04-22 09:40:47;51  991034807;5.0;Para Celulares Vivo;
2020-04-20 10:45:24;51  999946887;9.0;Para Celulares Vivo;
2020-04-18 18:21:17;51  999011587;130.0;Para Celulares Vivo;
2020-04-16 16:05:11;51  999241677;148.0;Para Celulares Vivo;
2020-04-16 15:45:32;51  992580847;5.0;Para Celulares Vivo;
2020-04-16 15:32:32;51  992580847;15.0;Para Celulares Vivo;
2020-04-16 10:47:18;51  992592816;213.0;Para Celulares Vivo;
2020-04-16 10:45:42;51  998447472;11.0;Para Celulares Vivo;
2020-04-14 09:40:04;51  992580847;97.0;Para Celulares Vivo;
2020-04-13 18:51:19;51  999681341;8.0;Para Celulares Vivo;
2020-04-13 16:00:46;51  992580847;12.0;Para Celulares Vivo;
2020-04-13 15:10:44;51  992580847;58.0;Para Celulares Vivo;
2020-04-09 15:58:15;51  992580847;5.0;Para Celulares Vivo;
2020-04-09 15:03:01;51  992592873;5.0;Para Celulares Vivo;
2020-04-09 11:55:36;51  992580847;14.0;Para Celulares Vivo;
2020-04-09 11:47:36;51  991034807;13.0;Para Celulares Vivo;
2020-04-09 10:07:17;51  992580847;49.0;Para Celulares Vivo;
2020-04-08 15:59:17;51  991014112;5.0;Para Celulares Vivo;
2020-04-08 15:24:16;51  992592817;26.0;Para Celulares Vivo;
2020-04-08 09:45:12;51  992580847;26.0;Para Celulares Vivo;
2020-04-07 15:23:59;51  992580847;141.0;Para Celulares Vivo;
2020-04-06 16:34:57;51  999515228;39.0;Para Celulares Vivo;
2020-04-06 16:32:24;51  999515228;13.0;Para Celulares Vivo;
2020-04-06 16:02:58;51  999515228;14.0;Para Celulares Vivo;
2020-04-06 12:27:56;51  999515228;14.0;Para Celulares Vivo;
2020-04-06 11:34:24;51  999011587;18.0;Para Celulares Vivo;
2020-04-05 17:51:16;51  999011587;75.0;Para Celulares Vivo;
2020-04-03 10:43:24;51  999844804;33.0;Para Celulares Vivo;
2020-04-03 08:47:59;51  991014112;10.0;Para Celulares Vivo;
2020-03-31;"";12800.9;INTERNET MOVEL 2;0.00
2020-04-01;"";3817.6;INTERNET MOVEL 2;0.00
2020-04-02;"";13027.0;INTERNET MOVEL 2;0.00
2020-04-03;"";9110.0;INTERNET MOVEL 2;0.00
2020-04-04;"";19777.1;INTERNET MOVEL 2;0.00
2020-04-05;"";81350.3;INTERNET MOVEL 2;0.00
2020-04-06;"";2342.0;INTERNET MOVEL 2;0.00
2020-04-07;"";1872.0;INTERNET MOVEL 2;0.00
2020-04-08;"";2010.0;INTERNET MOVEL 2;0.00
2020-04-09;"";1788.0;INTERNET MOVEL 2;0.00
2020-04-10;"";8496.1;INTERNET MOVEL 2;0.00
2020-04-11;"";2581.0;INTERNET MOVEL 2;0.00
2020-04-12;"";5776.6;INTERNET MOVEL 2;0.00
2020-04-13;"";42801.0;INTERNET MOVEL 2;0.00
2020-04-14;"";99582.9;INTERNET MOVEL 2;0.00
2020-04-15;"";6528.9;INTERNET MOVEL 2;0.00
2020-04-16;"";1491.0;INTERNET MOVEL 2;0.00
2020-04-17;"";72429.8;INTERNET MOVEL 2;0.00
2020-04-18;"";23029.6;INTERNET MOVEL 2;0.00
2020-04-19;"";30738.2;INTERNET MOVEL 2;0.00
2020-04-20;"";136691.8;INTERNET MOVEL 2;0.00
2020-04-21;"";43414.0;INTERNET MOVEL 2;0.00
2020-04-22;"";1786.0;INTERNET MOVEL 2;0.00
2020-04-23;"";95299.2;INTERNET MOVEL 2;0.00
2020-04-24;"";20808.0;INTERNET MOVEL 2;0.00
2020-04-25;"";95168.2;INTERNET MOVEL 2;0.00
2020-04-26;"";39145.9;INTERNET MOVEL 2;0.00
2020-04-27;"";9501.3;INTERNET MOVEL 2;0.00
2020-04-28;"";1688.0;INTERNET MOVEL 2;0.00
2020-04-29;"";8930.2;INTERNET MOVEL 2;0.00
2020-04-30;"";2179.0;INTERNET MOVEL 2;0.00
