data_hora_inicio;nro_telefone_chamado;duracao_ligacao;desc_categoria;valor_ligacao
2020-04-01 14:45:47;51  33432090;15.0;Para Fixo de Outras Operadoras;
2020-04-01 17:58:19;51  993144380;15.0;Para Celulares de Outras Operadoras;
2020-04-01 18:10:52;51  992592818;25.0;Para Celulares Vivo;
2020-04-01 17:38:46;51  992592716;5.0;Para Celulares Vivo;
2020-04-29 19:45:47;11  30033030;62.0;Para Fixo Vivo;
2020-04-15 20:57:49;*5  55;7.0;"";
2020-04-27 18:14:08;51  36654312;11.0;Para Fixo de Outras Operadoras;
2020-04-23 14:57:33;51  32861811;5.0;Para Fixo de Outras Operadoras;
2020-04-28 17:43:30;51  989464769;15.0;Para Celulares de Outras Operadoras;
2020-04-28 17:37:21;51  30033030;57.0;Para Fixo Vivo;
2020-04-27 18:25:21;51  35378000;10.0;Para Fixo Vivo;
2020-04-09 09:33:00;51  30033030;141.0;Para Fixo Vivo;
2020-04-09 09:30:44;51  30033030;20.0;Para Fixo Vivo;
2020-04-28 10:58:41;51  999120307;98.0;Para Celulares Vivo;
2020-04-23 11:35:41;51  995162121;5.0;Para Celulares Vivo;
2020-04-07 21:31:40;51  992592803;5.0;Para Celulares Vivo;
2020-04-05 18:04:35;51  999120307;117.0;Para Celulares Vivo;
2020-04-02 17:33:09;51  992592818;23.0;Para Celulares Vivo;
2020-03-31;"";114009.2;INTERNET MOVEL 2;0.00
2020-04-01;"";149549.6;INTERNET MOVEL 2;0.00
2020-04-02;"";180580.2;INTERNET MOVEL 2;0.00
2020-04-03;"";170701.1;INTERNET MOVEL 2;0.00
2020-04-04;"";2047.0;INTERNET MOVEL 2;0.00
2020-04-05;"";49322.5;INTERNET MOVEL 2;0.00
2020-04-06;"";110894.3;INTERNET MOVEL 2;0.00
2020-04-07;"";68839.4;INTERNET MOVEL 2;0.00
2020-04-08;"";78622.4;INTERNET MOVEL 2;0.00
2020-04-09;"";108211.8;INTERNET MOVEL 2;0.00
2020-04-10;"";227681.0;INTERNET MOVEL 2;0.00
2020-04-11;"";245229.7;INTERNET MOVEL 2;0.00
2020-04-12;"";118909.6;INTERNET MOVEL 2;0.00
2020-04-13;"";7842.6;INTERNET MOVEL 2;0.00
2020-04-14;"";191792.9;INTERNET MOVEL 2;0.00
2020-04-15;"";150353.7;INTERNET MOVEL 2;0.00
2020-04-16;"";100295.7;INTERNET MOVEL 2;0.00
2020-04-17;"";154339.4;INTERNET MOVEL 2;0.00
2020-04-18;"";107425.0;INTERNET MOVEL 2;0.00
2020-04-19;"";152069.0;INTERNET MOVEL 2;0.00
2020-04-20;"";262293.3;INTERNET MOVEL 2;0.00
2020-04-21;"";59592.0;INTERNET MOVEL 2;0.00
2020-04-22;"";21523.4;INTERNET MOVEL 2;0.00
2020-04-23;"";49544.9;INTERNET MOVEL 2;0.00
2020-04-24;"";143246.0;INTERNET MOVEL 2;0.00
2020-04-25;"";119898.7;INTERNET MOVEL 2;0.00
2020-04-26;"";136501.5;INTERNET MOVEL 2;0.00
2020-04-27;"";706.0;INTERNET MOVEL 2;0.00
2020-04-28;"";60640.9;INTERNET MOVEL 2;0.00
2020-04-29;"";70493.6;INTERNET MOVEL 2;0.00
2020-04-30;"";47119.7;INTERNET MOVEL 2;0.00
2020-05-01;"";94.0;INTERNET MOVEL 2;0.00
