data_hora_inicio;nro_telefone_chamado;duracao_ligacao;desc_categoria;valor_ligacao
2020-04-28 17:23:19;"";1.0;ADICIONAL;0.00
2020-04-23 12:11:19;1137031630;1.0;ADICIONAL;0.00
2020-04-22 21:23:43;"";1.0;ADICIONAL;0.00
2020-04-08 11:18:57;11972764786;1.0;ADICIONAL;0.00
2020-04-08 09:43:56;11972764786;1.0;ADICIONAL;0.00
2020-04-03 13:55:39;"";1.0;ADICIONAL;0.00
2020-04-08 11:15:43;11  972764786;5.0;Para Celulares Vivo;
2020-04-08 11:15:43;11  972764786;0.0;Adicional por Ligacoes Realizadas;
2020-04-28 17:23:19;    ;646.0;Chamadas de Longa Distancia para Outros Estados;
2020-04-23 12:11:19;11  37031630;5.0;Chamadas de Longa Distancia para Outros Estados;
2020-04-22 21:23:43;    ;13.0;Chamadas de Longa Distancia para Outros Estados;
2020-04-08 11:18:57;11  972764786;189.0;Chamadas de Longa Distancia para Outros Estados;
2020-04-08 09:43:56;11  972764786;5.0;Chamadas de Longa Distancia para Outros Estados;
2020-04-03 13:55:39;    ;6.0;Chamadas de Longa Distancia para Outros Estados;
2020-04-01;"";3917.0;INTERNET MOVEL 2;0.00
2020-04-02;"";424.0;INTERNET MOVEL 2;0.00
2020-04-03;"";461.0;INTERNET MOVEL 2;0.00
2020-04-04;"";355.0;INTERNET MOVEL 2;0.00
2020-04-05;"";467.0;INTERNET MOVEL 2;0.00
2020-04-06;"";32084.9;INTERNET MOVEL 2;0.00
2020-04-07;"";439.0;INTERNET MOVEL 2;0.00
2020-04-08;"";872.0;INTERNET MOVEL 2;0.00
2020-04-09;"";327.0;INTERNET MOVEL 2;0.00
2020-04-10;"";557.0;INTERNET MOVEL 2;0.00
2020-04-11;"";1727.0;INTERNET MOVEL 2;0.00
2020-04-12;"";817.0;INTERNET MOVEL 2;0.00
2020-04-13;"";323.0;INTERNET MOVEL 2;0.00
2020-04-14;"";407.0;INTERNET MOVEL 2;0.00
2020-04-15;"";73517.9;INTERNET MOVEL 2;0.00
2020-04-16;"";427.0;INTERNET MOVEL 2;0.00
2020-04-17;"";783.0;INTERNET MOVEL 2;0.00
2020-04-18;"";224.0;INTERNET MOVEL 2;0.00
2020-04-19;"";269.0;INTERNET MOVEL 2;0.00
2020-04-20;"";629.0;INTERNET MOVEL 2;0.00
2020-04-21;"";673.0;INTERNET MOVEL 2;0.00
2020-04-22;"";1208.0;INTERNET MOVEL 2;0.00
2020-04-23;"";1869.0;INTERNET MOVEL 2;0.00
2020-04-24;"";351.0;INTERNET MOVEL 2;0.00
2020-04-25;"";612.0;INTERNET MOVEL 2;0.00
2020-04-26;"";33726.6;INTERNET MOVEL 2;0.00
2020-04-27;"";343.0;INTERNET MOVEL 2;0.00
2020-04-28;"";420.0;INTERNET MOVEL 2;0.00
2020-04-29;"";372.0;INTERNET MOVEL 2;0.00
2020-04-30;"";1170.0;INTERNET MOVEL 2;0.00
