data_hora_inicio;nro_telefone_chamado;duracao_ligacao;desc_categoria;valor_ligacao
2020-04-01 17:42:15;"";1.0;ADICIONAL;0.00
2020-04-01 14:57:15;"";1.0;ADICIONAL;0.00
2020-04-01 14:51:21;"";1.0;ADICIONAL;0.00
2020-04-01 10:35:44;"";1.0;ADICIONAL;0.00
2020-04-01 10:05:32;"";1.0;ADICIONAL;0.00
2020-04-01 08:26:32;"";1.0;ADICIONAL;0.00
2020-04-01 07:55:19;"";1.0;ADICIONAL;0.00
2020-04-30 09:39:40;"";1.0;ADICIONAL;0.00
2020-04-29 13:52:45;"";1.0;ADICIONAL;0.00
2020-04-24 14:26:08;"";1.0;ADICIONAL;0.00
2020-04-24 09:58:41;"";1.0;ADICIONAL;0.00
2020-04-24 09:58:08;"";1.0;ADICIONAL;0.00
2020-04-24 08:50:28;"";1.0;ADICIONAL;0.00
2020-04-23 15:50:21;"";1.0;ADICIONAL;0.00
2020-04-23 11:01:55;"";1.0;ADICIONAL;0.00
2020-04-23 10:46:50;"";1.0;ADICIONAL;0.00
2020-04-23 09:26:53;"";1.0;ADICIONAL;0.00
2020-04-23 09:22:15;"";1.0;ADICIONAL;0.00
2020-04-22 16:29:03;"";1.0;ADICIONAL;0.00
2020-04-22 09:01:15;"";1.0;ADICIONAL;0.00
2020-04-17 13:48:18;"";1.0;ADICIONAL;0.00
2020-04-17 13:46:59;"";1.0;ADICIONAL;0.00
2020-04-17 13:23:41;"";1.0;ADICIONAL;0.00
2020-04-17 07:56:46;"";1.0;ADICIONAL;0.00
2020-04-16 09:44:04;"";1.0;ADICIONAL;0.00
2020-04-16 09:21:03;"";1.0;ADICIONAL;0.00
2020-04-15 14:08:42;"";1.0;ADICIONAL;0.00
2020-04-14 09:54:10;"";1.0;ADICIONAL;0.00
2020-04-09 18:06:50;"";1.0;ADICIONAL;0.00
2020-04-09 16:36:47;"";1.0;ADICIONAL;0.00
2020-04-09 10:33:18;"";1.0;ADICIONAL;0.00
2020-04-09 10:02:27;"";1.0;ADICIONAL;0.00
2020-04-08 17:19:22;"";1.0;ADICIONAL;0.00
2020-04-08 17:14:01;"";1.0;ADICIONAL;0.00
2020-04-08 16:34:52;"";1.0;ADICIONAL;0.00
2020-04-08 16:31:58;"";1.0;ADICIONAL;0.00
2020-04-08 14:25:05;"";1.0;ADICIONAL;0.00
2020-04-07 10:06:28;"";1.0;ADICIONAL;0.00
2020-04-06 11:14:33;"";1.0;ADICIONAL;0.00
2020-04-03 15:58:01;"";1.0;ADICIONAL;0.00
2020-04-03 15:43:52;"";1.0;ADICIONAL;0.00
2020-04-03 14:23:19;"";1.0;ADICIONAL;0.00
2020-04-03 08:43:07;"";1.0;ADICIONAL;0.00
2020-04-03 07:51:21;"";1.0;ADICIONAL;0.00
2020-04-03 06:22:16;"";1.0;ADICIONAL;0.00
2020-04-02 15:08:48;"";1.0;ADICIONAL;0.00
2020-04-02 14:10:20;"";1.0;ADICIONAL;0.00
2020-04-02 10:11:22;"";1.0;ADICIONAL;0.00
2020-04-02 08:49:38;"";1.0;ADICIONAL;0.00
2020-04-23 08:57:09;51999244269;1.0;GRATIS-SMS;0.00
2020-04-01 10:08:40;21  983199658;0.0;Adicional por Ligacoes Realizadas;
2020-04-01 10:06:32;51  996781699;0.0;Adicional por Ligacoes Realizadas;
2020-04-01 10:04:38;21  983199658;0.0;Adicional por Ligacoes Realizadas;
2020-04-01 09:48:54;51  993320336;0.0;Adicional por Ligacoes Realizadas;
2020-04-01 07:58:24;51  995838788;0.0;Adicional por Ligacoes Realizadas;
2020-04-27 15:10:57;31  984449008;7.0;Para Celulares de Outras Operadoras;
2020-04-25 13:50:55;31  993310282;111.0;Para Celulares de Outras Operadoras;
2020-04-23 14:52:57;53  981380501;68.0;Para Celulares de Outras Operadoras;
2020-04-23 14:47:34;53  981380501;51.0;Para Celulares de Outras Operadoras;
2020-04-07 16:14:29;21  983199658;5.0;Para Celulares de Outras Operadoras;
2020-04-07 09:54:54;51  989252383;48.0;Para Celulares de Outras Operadoras;
2020-04-01 10:08:40;21  983199658;6.0;Para Celulares de Outras Operadoras;
2020-04-01 10:04:38;21  983199658;6.0;Para Celulares de Outras Operadoras;
2020-04-30 10:47:48;51  998029564;31.0;Para Celulares Vivo;
2020-04-30 09:45:16;51  991813564;16.0;Para Celulares Vivo;
2020-04-29 15:07:35;51  991813564;8.0;Para Celulares Vivo;
2020-04-27 15:12:18;48  996135960;7.0;Para Celulares Vivo;
2020-04-24 16:09:36;13  996606875;5.0;Para Celulares Vivo;
2020-04-24 12:20:48;51  991813564;5.0;Para Celulares Vivo;
2020-04-24 09:41:18;51  993189322;7.0;Para Celulares Vivo;
2020-04-23 17:18:11;51  991813564;5.0;Para Celulares Vivo;
2020-04-23 16:10:09;13  996606875;9.0;Para Celulares Vivo;
2020-04-22 17:45:12;53  999921986;208.0;Para Celulares Vivo;
2020-04-22 15:55:46;51  993394636;6.0;Para Celulares Vivo;
2020-04-22 14:01:29;21  972210110;257.0;Para Celulares Vivo;
2020-04-22 11:49:26;13  996606875;5.0;Para Celulares Vivo;
2020-04-22 11:36:00;51  991813564;13.0;Para Celulares Vivo;
2020-04-22 09:35:23;13  996606875;5.0;Para Celulares Vivo;
2020-04-22 09:30:19;13  996606875;5.0;Para Celulares Vivo;
2020-04-20 17:17:43;51  991813564;8.0;Para Celulares Vivo;
2020-04-04 10:32:09;51  991259818;11.0;Para Celulares Vivo;
2020-04-04 09:26:40;51  991259818;14.0;Para Celulares Vivo;
2020-04-03 14:23:44;51  995838788;9.0;Para Celulares Vivo;
2020-04-03 14:12:30;51  995838788;5.0;Para Celulares Vivo;
2020-04-03 13:54:46;51  995838788;5.0;Para Celulares Vivo;
2020-04-03 08:40:48;51  993394636;5.0;Para Celulares Vivo;
2020-04-02 16:43:38;51  992592629;106.0;Para Celulares Vivo;
2020-04-02 15:18:25;13  997307679;7.0;Para Celulares Vivo;
2020-04-02 14:07:27;51  991259818;10.0;Para Celulares Vivo;
2020-04-02 08:27:04;51  995838788;5.0;Para Celulares Vivo;
2020-04-02 08:10:10;51  993394636;24.0;Para Celulares Vivo;
2020-04-02 07:56:13;51  993320336;65.0;Para Celulares Vivo;
2020-04-01 10:06:32;51  996781699;9.0;Para Celulares Vivo;
2020-04-01 09:48:54;51  993320336;5.0;Para Celulares Vivo;
2020-04-01 07:58:24;51  995838788;6.0;Para Celulares Vivo;
2020-04-30 10:47:48;51  998029564;0.0;Adicional por Ligacoes Realizadas;
2020-04-30 09:45:16;51  991813564;0.0;Adicional por Ligacoes Realizadas;
2020-04-29 15:07:35;51  991813564;0.0;Adicional por Ligacoes Realizadas;
2020-04-27 15:12:18;48  996135960;0.0;Adicional por Ligacoes Realizadas;
2020-04-27 15:10:57;31  984449008;0.0;Adicional por Ligacoes Realizadas;
2020-04-25 13:50:55;31  993310282;0.0;Adicional por Ligacoes Realizadas;
2020-04-24 16:09:36;13  996606875;0.0;Adicional por Ligacoes Realizadas;
2020-04-24 12:20:48;51  991813564;0.0;Adicional por Ligacoes Realizadas;
2020-04-24 09:41:18;51  993189322;0.0;Adicional por Ligacoes Realizadas;
2020-04-23 17:18:11;51  991813564;0.0;Adicional por Ligacoes Realizadas;
2020-04-23 16:10:09;13  996606875;0.0;Adicional por Ligacoes Realizadas;
2020-04-23 14:52:57;53  981380501;0.0;Adicional por Ligacoes Realizadas;
2020-04-23 14:47:34;53  981380501;0.0;Adicional por Ligacoes Realizadas;
2020-04-22 17:45:12;53  999921986;0.0;Adicional por Ligacoes Realizadas;
2020-04-22 15:55:46;51  993394636;0.0;Adicional por Ligacoes Realizadas;
2020-04-22 14:01:29;21  972210110;0.0;Adicional por Ligacoes Realizadas;
2020-04-22 11:49:26;13  996606875;0.0;Adicional por Ligacoes Realizadas;
2020-04-22 11:36:00;51  991813564;0.0;Adicional por Ligacoes Realizadas;
2020-04-22 09:35:23;13  996606875;0.0;Adicional por Ligacoes Realizadas;
2020-04-22 09:30:19;13  996606875;0.0;Adicional por Ligacoes Realizadas;
2020-04-20 17:17:43;51  991813564;0.0;Adicional por Ligacoes Realizadas;
2020-04-20 13:59:30;21  972210110;0.0;Adicional por Ligacoes Realizadas;
2020-04-20 10:04:32;13  996606875;0.0;Adicional por Ligacoes Realizadas;
2020-04-20 09:48:33;13  996606875;0.0;Adicional por Ligacoes Realizadas;
2020-04-20 09:39:24;13  996606875;0.0;Adicional por Ligacoes Realizadas;
2020-04-17 16:16:15;51  991813564;0.0;Adicional por Ligacoes Realizadas;
2020-04-16 14:34:28;51  998345200;0.0;Adicional por Ligacoes Realizadas;
2020-04-16 14:33:13;51  993394636;0.0;Adicional por Ligacoes Realizadas;
2020-04-16 14:30:47;51  998345200;0.0;Adicional por Ligacoes Realizadas;
2020-04-16 13:26:53;51  993394636;0.0;Adicional por Ligacoes Realizadas;
2020-04-16 13:26:32;51  993394636;0.0;Adicional por Ligacoes Realizadas;
2020-04-16 08:43:17;51  991259818;0.0;Adicional por Ligacoes Realizadas;
2020-04-15 14:24:09;51  991813564;0.0;Adicional por Ligacoes Realizadas;
2020-04-14 10:56:45;51  993394636;0.0;Adicional por Ligacoes Realizadas;
2020-04-14 10:54:25;51  991813564;0.0;Adicional por Ligacoes Realizadas;
2020-04-13 18:22:34;13  5;0.0;Adicional por Ligacoes Realizadas;
2020-04-13 18:22:03;13  5;0.0;Adicional por Ligacoes Realizadas;
2020-04-13 14:57:16;51  991259818;0.0;Adicional por Ligacoes Realizadas;
2020-04-13 12:09:44;08  007024000;0.0;Adicional por Ligacoes Realizadas;
2020-04-13 10:47:47;51  991813564;0.0;Adicional por Ligacoes Realizadas;
2020-04-09 19:07:04;13  5;0.0;Adicional por Ligacoes Realizadas;
2020-04-09 16:45:28;51  991259818;0.0;Adicional por Ligacoes Realizadas;
2020-04-09 09:04:56;51  991813564;0.0;Adicional por Ligacoes Realizadas;
2020-04-09 06:32:55;51  993189322;0.0;Adicional por Ligacoes Realizadas;
2020-04-08 13:56:27;41  30195050;0.0;Adicional por Ligacoes Realizadas;
2020-04-08 10:56:56;51  991259818;0.0;Adicional por Ligacoes Realizadas;
2020-04-08 06:41:57;51  995838788;0.0;Adicional por Ligacoes Realizadas;
2020-04-07 16:14:29;21  983199658;0.0;Adicional por Ligacoes Realizadas;
2020-04-07 09:54:54;51  989252383;0.0;Adicional por Ligacoes Realizadas;
2020-04-07 09:39:18;51  991059183;0.0;Adicional por Ligacoes Realizadas;
2020-04-04 10:32:09;51  991259818;0.0;Adicional por Ligacoes Realizadas;
2020-04-04 09:26:40;51  991259818;0.0;Adicional por Ligacoes Realizadas;
2020-04-03 15:08:27;41  40036636;0.0;Adicional por Ligacoes Realizadas;
2020-04-03 14:23:44;51  995838788;0.0;Adicional por Ligacoes Realizadas;
2020-04-03 14:12:30;51  995838788;0.0;Adicional por Ligacoes Realizadas;
2020-04-03 13:54:46;51  995838788;0.0;Adicional por Ligacoes Realizadas;
2020-04-03 08:40:48;51  993394636;0.0;Adicional por Ligacoes Realizadas;
2020-04-02 16:43:38;51  992592629;0.0;Adicional por Ligacoes Realizadas;
2020-04-02 15:18:25;13  997307679;0.0;Adicional por Ligacoes Realizadas;
2020-04-02 14:07:27;51  991259818;0.0;Adicional por Ligacoes Realizadas;
2020-04-02 08:27:04;51  995838788;0.0;Adicional por Ligacoes Realizadas;
2020-04-02 08:10:10;51  993394636;0.0;Adicional por Ligacoes Realizadas;
2020-04-02 07:56:13;51  993320336;0.0;Adicional por Ligacoes Realizadas;
2020-04-13 12:09:44;08  007024000;5.0;"";
2020-04-30 09:39:40;    ;8.0;Chamadas de Longa Distancia para Outros Estados;
2020-04-29 13:52:45;    ;5.0;Chamadas de Longa Distancia para Outros Estados;
2020-04-24 14:26:08;    ;17.0;Chamadas de Longa Distancia para Outros Estados;
2020-04-24 09:58:41;    ;68.0;Chamadas de Longa Distancia para Outros Estados;
2020-04-24 09:58:08;    ;5.0;Chamadas de Longa Distancia para Outros Estados;
2020-04-24 08:50:28;    ;28.0;Chamadas de Longa Distancia para Outros Estados;
2020-04-23 15:50:21;    ;7.0;Chamadas de Longa Distancia para Outros Estados;
2020-04-23 11:01:55;    ;5.0;Chamadas de Longa Distancia para Outros Estados;
2020-04-23 10:46:50;    ;113.0;Chamadas de Longa Distancia para Outros Estados;
2020-04-23 09:26:53;    ;24.0;Chamadas de Longa Distancia para Outros Estados;
2020-04-23 09:22:15;    ;5.0;Chamadas de Longa Distancia para Outros Estados;
2020-04-22 16:29:03;    ;9.0;Chamadas de Longa Distancia para Outros Estados;
2020-04-22 09:01:15;    ;5.0;Chamadas de Longa Distancia para Outros Estados;
2020-04-17 13:48:18;    ;12.0;Chamadas de Longa Distancia para Outros Estados;
2020-04-17 13:46:59;    ;5.0;Chamadas de Longa Distancia para Outros Estados;
2020-04-17 13:23:41;    ;5.0;Chamadas de Longa Distancia para Outros Estados;
2020-04-17 07:56:46;    ;11.0;Chamadas de Longa Distancia para Outros Estados;
2020-04-16 09:44:04;    ;5.0;Chamadas de Longa Distancia para Outros Estados;
2020-04-16 09:21:03;    ;7.0;Chamadas de Longa Distancia para Outros Estados;
2020-04-15 14:08:42;    ;5.0;Chamadas de Longa Distancia para Outros Estados;
2020-04-14 09:54:10;    ;7.0;Chamadas de Longa Distancia para Outros Estados;
2020-04-09 18:06:50;    ;5.0;Chamadas de Longa Distancia para Outros Estados;
2020-04-09 16:36:47;    ;5.0;Chamadas de Longa Distancia para Outros Estados;
2020-04-20 13:59:30;21  972210110;5.0;Para Celulares Vivo;
2020-04-20 10:04:32;13  996606875;11.0;Para Celulares Vivo;
2020-04-20 09:48:33;13  996606875;5.0;Para Celulares Vivo;
2020-04-20 09:39:24;13  996606875;6.0;Para Celulares Vivo;
2020-04-17 16:16:15;51  991813564;10.0;Para Celulares Vivo;
2020-04-16 14:34:28;51  998345200;22.0;Para Celulares Vivo;
2020-04-16 14:33:13;51  993394636;6.0;Para Celulares Vivo;
2020-04-16 14:30:47;51  998345200;16.0;Para Celulares Vivo;
2020-04-16 13:26:53;51  993394636;36.0;Para Celulares Vivo;
2020-04-16 13:26:32;51  993394636;5.0;Para Celulares Vivo;
2020-04-16 08:43:17;51  991259818;6.0;Para Celulares Vivo;
2020-04-15 14:24:09;51  991813564;28.0;Para Celulares Vivo;
2020-04-14 10:56:45;51  993394636;18.0;Para Celulares Vivo;
2020-04-14 10:54:25;51  991813564;7.0;Para Celulares Vivo;
2020-04-13 14:57:16;51  991259818;14.0;Para Celulares Vivo;
2020-04-13 10:47:47;51  991813564;19.0;Para Celulares Vivo;
2020-04-09 16:45:28;51  991259818;6.0;Para Celulares Vivo;
2020-04-09 09:04:56;51  991813564;6.0;Para Celulares Vivo;
2020-04-09 06:32:55;51  993189322;8.0;Para Celulares Vivo;
2020-04-08 10:56:56;51  991259818;5.0;Para Celulares Vivo;
2020-04-08 06:41:57;51  995838788;5.0;Para Celulares Vivo;
2020-04-07 09:39:18;51  991059183;41.0;Para Celulares Vivo;
2020-04-09 10:33:18;    ;5.0;Chamadas de Longa Distancia para Outros Estados;
2020-04-09 10:02:27;    ;6.0;Chamadas de Longa Distancia para Outros Estados;
2020-04-08 17:19:22;    ;5.0;Chamadas de Longa Distancia para Outros Estados;
2020-04-08 17:14:01;    ;11.0;Chamadas de Longa Distancia para Outros Estados;
2020-04-08 16:34:52;    ;7.0;Chamadas de Longa Distancia para Outros Estados;
2020-04-08 16:31:58;    ;6.0;Chamadas de Longa Distancia para Outros Estados;
2020-04-08 14:25:05;    ;13.0;Chamadas de Longa Distancia para Outros Estados;
2020-04-07 10:06:28;    ;9.0;Chamadas de Longa Distancia para Outros Estados;
2020-04-06 11:14:33;    ;9.0;Chamadas de Longa Distancia para Outros Estados;
2020-04-03 15:58:01;    ;36.0;Chamadas de Longa Distancia para Outros Estados;
2020-04-03 15:43:52;    ;6.0;Chamadas de Longa Distancia para Outros Estados;
2020-04-03 14:23:19;    ;5.0;Chamadas de Longa Distancia para Outros Estados;
2020-04-03 08:43:07;    ;5.0;Chamadas de Longa Distancia para Outros Estados;
2020-04-03 07:51:21;    ;8.0;Chamadas de Longa Distancia para Outros Estados;
2020-04-03 06:22:16;    ;5.0;Chamadas de Longa Distancia para Outros Estados;
2020-04-02 15:08:48;    ;5.0;Chamadas de Longa Distancia para Outros Estados;
2020-04-02 14:10:20;    ;9.0;Chamadas de Longa Distancia para Outros Estados;
2020-04-02 10:11:22;    ;5.0;Chamadas de Longa Distancia para Outros Estados;
2020-04-02 08:49:38;    ;46.0;Chamadas de Longa Distancia para Outros Estados;
2020-04-01 17:42:15;    ;8.0;Chamadas de Longa Distancia para Outros Estados;
2020-04-01 14:57:15;    ;8.0;Chamadas de Longa Distancia para Outros Estados;
2020-04-01 14:51:21;    ;13.0;Chamadas de Longa Distancia para Outros Estados;
2020-04-01 10:35:44;    ;6.0;Chamadas de Longa Distancia para Outros Estados;
2020-04-01 10:05:32;    ;6.0;Chamadas de Longa Distancia para Outros Estados;
2020-04-01 08:26:32;    ;9.0;Chamadas de Longa Distancia para Outros Estados;
2020-04-01 07:55:19;    ;12.0;Chamadas de Longa Distancia para Outros Estados;
2020-04-08 13:56:27;41  30195050;23.0;Para Fixo de Outras Operadoras;
2020-04-03 15:08:27;41  40036636;273.0;Para Fixo de Outras Operadoras;
2020-04-13 18:22:34;13  5;394.0;"";
2020-04-13 18:22:03;13  5;5.0;"";
2020-04-09 19:07:04;13  5;343.0;"";
