data_hora_inicio;nro_telefone_chamado;duracao_ligacao;desc_categoria;valor_ligacao
2020-09-02 10:12:02;51  995735627;0.7;Para Celulares Vivo;
2020-09-05 15:27:10;51  991991969;0.5;Para Celulares Vivo;
2020-09-05 15:28:27;51  992461524;0.5;Para Celulares Vivo;
2020-09-07 16:44:45;51  992461524;0.7;Para Celulares Vivo;
2020-09-10 09:02:35;51  993162675;16.4;Para Celulares Vivo;
2020-09-15 13:01:29;51  980162482;1.5;Para Celulares Vivo;
2020-09-16 16:47:29;51  980162482;0.9;Para Celulares Vivo;
2020-09-19 10:26:15;51  999244269;1.1;Para Celulares Vivo;
2020-09-19 20:56:38;51  991991968;0.8;Para Celulares Vivo;
2020-09-20 08:15:26;51  991991967;0.5;Para Celulares Vivo;
2020-09-23 13:52:05;51  999918679;3.1;Para Celulares Vivo;
2020-09-25 14:22:06;51  991991969;0.8;Para Celulares Vivo;
2020-09-25 16:16:39;51  999120789;0.5;Para Celulares Vivo;
2020-09-29 07:35:17;51  995838788;4.1;Para Celulares Vivo;
2020-09-29 07:40:08;51  992592870;4.6;Para Celulares Vivo;
2020-09-30 09:51:47;51  992461524;0.5;Para Celulares Vivo;
2020-09-30 11:51:27;51  981119588;1.1;Para Celulares Vivo;
2020-09-03 11:39:44;51  21364100;4.6;Para Fixo Vivo;
2020-09-03 13:06:00;51  992819513;0.8;Para Fixo Vivo;
2020-09-03 16:25:03;51  992819513;0.7;Para Fixo Vivo;
2020-09-08 17:58:54;51  40204848;1.5;Para Fixo Vivo;
2020-09-08 18:00:35;51  40204848;1.6;Para Fixo Vivo;
2020-09-09 10:24:46;51  21313333;1.1;Para Fixo Vivo;
2020-09-22 08:59:47;51  34902627;1.4;Para Fixo Vivo;
2020-09-25 13:43:49;51  30321651;3.0;Para Fixo Vivo;
2020-09-25 13:47:04;51  30867555;10.2;Para Fixo Vivo;
2020-09-28 10:28:52;51  30867555;2.2;Para Fixo Vivo;
2020-09-28 11:35:49;51  30602120;0.5;Para Fixo Vivo;
2020-09-28 11:40:59;51  40200903;7.3;Para Fixo Vivo;
2020-09-05 15:01:47;51  993698888;8.9;Para Celulares de Outras Operadoras;
2020-09-10 12:02:45;51  993957990;4.5;Para Celulares de Outras Operadoras;
2020-09-17 15:09:06;51  985765080;1.0;Para Celulares de Outras Operadoras;
2020-09-11 13:50:18;51  30033030;18.5;Para Fixo de Outras Operadoras;
2020-09-11 20:21:47;51  34698894;2.9;Para Fixo de Outras Operadoras;
2020-09-14 09:27:28;51  34718214;0.5;Para Fixo de Outras Operadoras;
2020-09-14 09:54:44;51  34512060;3.2;Para Fixo de Outras Operadoras;
2020-09-16 16:50:48;51  34512060;8.0;Para Fixo de Outras Operadoras;
2020-09-16 17:37:17;51  34512060;0.8;Para Fixo de Outras Operadoras;
2020-09-18 16:44:15;51  34512060;0.5;Para Fixo de Outras Operadoras;
2020-09-18 16:44:42;51  34512060;0.6;Para Fixo de Outras Operadoras;
2020-09-18 16:45:55;51  34512060;2.1;Para Fixo de Outras Operadoras;
2020-09-18 17:10:45;51  34512060;0.5;Para Fixo de Outras Operadoras;
2020-09-19 07:22:54;51  34512060;0.5;Para Fixo de Outras Operadoras;
2020-09-19 17:13:54;51  36265625;0.6;Para Fixo de Outras Operadoras;
2020-09-22 09:41:48;51  30046829;0.5;Para Fixo de Outras Operadoras;
2020-09-22 17:04:22;51  34966157;1.3;Para Fixo de Outras Operadoras;
2020-09-22 17:13:14;51  34966157;1.4;Para Fixo de Outras Operadoras;
2020-09-23 13:07:34;51  30046829;2.0;Para Fixo de Outras Operadoras;
2020-09-25 13:40:22;51  33143838;2.6;Para Fixo de Outras Operadoras;
2020-09-28 11:54:24;51  33327507;0.9;Para Fixo de Outras Operadoras;
2020-09-28 12:02:51;51  30422830;0.5;Para Fixo de Outras Operadoras;
2020-09-01 10:44:56;51  23120288;0.5;Para Fixo de Outras Operadoras;
2020-09-01 10:45:56;51  23120288;4.2;Para Fixo de Outras Operadoras;
2020-09-01 16:25:11;51  23120288;3.1;Para Fixo de Outras Operadoras;
2020-09-01 16:28:35;51  23120288;0.9;Para Fixo de Outras Operadoras;
2020-09-27 20:23:53;72424;1.0;INTERATIVIDADE SMS;5.99
2020-09-20 16:05:11;72424;1.0;INTERATIVIDADE SMS;5.99
2020-09-13 04:48:32;72424;1.0;INTERATIVIDADE SMS;5.99
2020-09-05 20:25:21;72424;1.0;INTERATIVIDADE SMS;5.99
2020-09-05 14:49:48;51993698888;1.0;GRATIS-SMS;0.00
2020-09-04 16:26:15;35  1926616370;10.0;"";
2020-09-04 16:25:30;35  1926616370;10.0;"";
2020-08-31;"";63.0;INTERNET MOVEL 2;0.00
2020-09-01;"";2971.0;INTERNET MOVEL 2;0.00
2020-09-02;"";18317.8;INTERNET MOVEL 2;0.00
2020-09-03;"";23255.9;INTERNET MOVEL 2;0.00
2020-09-04;"";14830.9;INTERNET MOVEL 2;0.00
2020-09-05;"";9714.2;INTERNET MOVEL 2;0.00
2020-09-06;"";262.0;INTERNET MOVEL 2;0.00
2020-09-07;"";11528.5;INTERNET MOVEL 2;0.00
2020-09-08;"";9543.0;INTERNET MOVEL 2;0.00
2020-09-09;"";6037.3;INTERNET MOVEL 2;0.00
2020-09-10;"";61938.1;INTERNET MOVEL 2;0.00
2020-09-11;"";8440.3;INTERNET MOVEL 2;0.00
2020-09-12;"";23662.0;INTERNET MOVEL 2;0.00
2020-09-13;"";23640.0;INTERNET MOVEL 2;0.00
2020-09-14;"";18426.4;INTERNET MOVEL 2;0.00
2020-09-15;"";3151.0;INTERNET MOVEL 2;0.00
2020-09-16;"";29245.6;INTERNET MOVEL 2;0.00
2020-09-17;"";20506.0;INTERNET MOVEL 2;0.00
2020-09-18;"";3407.8;INTERNET MOVEL 2;0.00
2020-09-19;"";96472.2;INTERNET MOVEL 2;0.00
2020-09-20;"";21669.5;INTERNET MOVEL 2;0.00
2020-09-21;"";1066.0;INTERNET MOVEL 2;0.00
2020-09-22;"";339.0;INTERNET MOVEL 2;0.00
2020-09-23;"";53007.4;INTERNET MOVEL 2;0.00
2020-09-24;"";1431.0;INTERNET MOVEL 2;0.00
2020-09-25;"";27909.4;INTERNET MOVEL 2;0.00
2020-09-26;"";1525.4;INTERNET MOVEL 2;0.00
2020-09-27;"";773.0;INTERNET MOVEL 2;0.00
2020-09-28;"";406.0;INTERNET MOVEL 2;0.00
2020-09-29;"";32301.0;INTERNET MOVEL 2;0.00
2020-09-30;"";32921.4;INTERNET MOVEL 2;0.00
